node_index,node_id,longitude,latitude,rain_susceptibility,rain_susceptibility_dense,sensitivity_hits,evidence_rows
0,Interpolated_3046462,98.9307861328125,30.577735900878906,0.0,0.25685298442840576,3.0,12
1,Interpolated_3049154,98.93135833740234,30.57795524597168,0.0,0.35618066787719727,3.0,12
2,Interpolated_3051813,98.92692565917969,30.57737922668457,0.0,0.5018665194511414,3.0,12
3,Interpolated_3054486,98.9251480102539,30.577224731445312,0.0,0.36913949251174927,3.0,12
4,Interpolated_3054501,98.9267807006836,30.577484130859375,0.0,0.3543850779533386,3.0,12
5,Interpolated_3054505,98.92713928222656,30.57754135131836,0.02952134795486927,0.5351864099502563,3.0,12
6,Interpolated_3057192,98.92691040039062,30.577632904052734,0.0,0.3655869960784912,3.0,12
7,Interpolated_3057195,98.92719268798828,30.57767677307129,0.0,0.4419736862182617,3.0,12
8,Interpolated_3059860,98.924560546875,30.5773868560791,0.0,0.31551116704940796,3.0,12
9,Interpolated_3059886,98.9273452758789,30.577829360961914,0.07645455002784729,0.5571787357330322,3.0,12
10,Interpolated_3059907,98.9295883178711,30.57818603515625,0.0,0.4731575846672058,3.0,12
11,Interpolated_3062573,98.9271011352539,30.577919006347656,0.0,0.21599529683589935,3.0,12
12,Interpolated_3062598,98.92976379394531,30.57834243774414,0.19783875346183777,0.6140578985214233,3.0,12
13,Interpolated_3065259,98.92672729492188,30.577987670898438,0.0,0.35228073596954346,3.0,12
14,Interpolated_3065262,98.92703247070312,30.578035354614258,0.0,0.33232855796813965,3.0,12
15,Interpolated_3065273,98.92813873291016,30.578210830688477,0.0,0.43928271532058716,3.0,12
16,Interpolated_3065291,98.9301986694336,30.57853889465332,0.0,0.5046664476394653,3.0,12
17,Interpolated_3065306,98.93408203125,30.579153060913086,0.0,0.3587171137332916,3.0,12
18,Interpolated_3067941,98.9259033203125,30.577983856201172,0.0,0.4755867123603821,3.0,12
19,Interpolated_3067949,98.92676544189453,30.578121185302734,0.0,0.3022036552429199,3.0,12
20,Interpolated_3067952,98.92707824707031,30.578170776367188,0.0,0.5178195834159851,3.0,12
21,Interpolated_3067969,98.92877960205078,30.578441619873047,0.2529206871986389,0.6398686170578003,3.0,12
22,Interpolated_3067981,98.93022918701172,30.578672409057617,0.0,0.45535093545913696,3.0,12
23,Interpolated_3067987,98.93109893798828,30.57880973815918,0.49314597249031067,0.7524352669715881,3.0,12
24,Interpolated_3067995,98.93262481689453,30.579051971435547,0.0,0.4330752193927765,3.0,12
25,Interpolated_3067998,98.93441772460938,30.579334259033203,0.0,0.31664320826530457,3.0,12
26,Interpolated_3070629,98.92572021484375,30.578083038330078,0.0,0.44628533720970154,3.0,12
27,Interpolated_3070633,98.92615509033203,30.578153610229492,0.0,0.3097166419029236,3.0,12
28,Interpolated_3070639,98.92679595947266,30.57825469970703,0.0,0.2561127841472626,3.0,12
29,Interpolated_3070642,98.9271240234375,30.578306198120117,0.0,0.4700660705566406,3.0,12
30,Interpolated_3070652,98.92811584472656,30.57846450805664,0.0,0.4358949065208435,3.0,12
31,Interpolated_3070659,98.9288558959961,30.578580856323242,0.0,0.48089438676834106,3.0,12
32,Interpolated_3070672,98.93040466308594,30.578826904296875,0.0,0.3892560601234436,3.0,12
33,Interpolated_3070676,98.93095397949219,30.578914642333984,0.0,0.3883987069129944,3.0,12
34,Interpolated_3070679,98.93138885498047,30.578983306884766,0.0,0.4309380054473877,3.0,12
35,Interpolated_3070689,98.93414306640625,30.57942008972168,0.0,0.279776930809021,3.0,12
36,Interpolated_3073313,98.92512512207031,30.57811737060547,0.0,0.4661664366722107,3.0,12
37,Interpolated_3073319,98.92576599121094,30.578218460083008,0.0,0.48644763231277466,3.0,12
38,Interpolated_3073323,98.92620849609375,30.578289031982422,0.0,0.47585880756378174,3.0,12
39,Interpolated_3073329,98.92683410644531,30.578388214111328,0.0,0.3379502296447754,3.0,12
40,Interpolated_3073332,98.92716217041016,30.578441619873047,0.0,0.4470280408859253,3.0,12
41,Interpolated_3073335,98.9274673461914,30.578489303588867,0.0,0.490090012550354,3.0,12
42,Interpolated_3073350,98.92903137207031,30.578737258911133,0.0,0.2646872103214264,3.0,12
43,Interpolated_3073355,98.92960357666016,30.578828811645508,0.0,0.24418388307094574,3.0,12
44,Interpolated_3073359,98.93006896972656,30.578903198242188,0.0,0.3152024745941162,3.0,12
45,Interpolated_3073363,98.93057250976562,30.578981399536133,0.0,0.43224620819091797,3.0,12
46,Interpolated_3073366,98.93096923828125,30.57904624938965,0.0,0.4439584016799927,3.0,12
47,Interpolated_3073378,98.93293762207031,30.579357147216797,0.0,0.3762553334236145,3.0,12
48,Interpolated_3073381,98.93435668945312,30.579580307006836,0.0,0.25705280900001526,3.0,12
49,Interpolated_3076004,98.92526245117188,30.578266143798828,0.0,0.45813119411468506,3.0,12
50,Interpolated_3076012,98.9261474609375,30.578407287597656,0.0,0.2943718731403351,3.0,12
51,Interpolated_3076019,98.9268798828125,30.578523635864258,0.14167995750904083,0.5877425670623779,3.0,12
52,Interpolated_3076022,98.92718505859375,30.578571319580078,0.0,0.41946589946746826,3.0,12
53,Interpolated_3076029,98.92790985107422,30.57868766784668,0.0,0.2765514850616455,2.0,12
54,Interpolated_3076032,98.92820739746094,30.578733444213867,0.0,0.39657312631607056,3.0,12
55,Interpolated_3076041,98.92918395996094,30.578889846801758,0.0,0.3283103108406067,3.0,12
56,Interpolated_3076044,98.92955017089844,30.578948974609375,0.48828017711639404,0.7501552104949951,3.0,12
57,Interpolated_3076047,98.92989349365234,30.579002380371094,0.0,0.38558876514434814,3.0,12
58,Interpolated_3076053,98.93060302734375,30.57911491394043,0.0,0.41315701603889465,3.0,12
59,Interpolated_3076056,98.93099975585938,30.579177856445312,0.0,0.4380256235599518,3.0,12
60,Interpolated_3076076,98.93525695800781,30.579851150512695,0.0,0.500091016292572,3.0,12
61,Interpolated_3078690,98.92488098144531,30.57833480834961,0.0,0.22108320891857147,3.0,12
62,Interpolated_3078693,98.92517852783203,30.57838249206543,0.0,0.4390754699707031,3.0,12
63,Interpolated_3078697,98.92564392089844,30.578454971313477,0.0,0.3580545485019684,3.0,12
64,Interpolated_3078705,98.9264907836914,30.578590393066406,0.44688668847084045,0.7307587265968323,3.0,12
65,Interpolated_3078708,98.92680358886719,30.57863998413086,0.0,0.4014540910720825,3.0,12
66,Interpolated_3078711,98.9271011352539,30.578685760498047,0.0,0.25721853971481323,3.0,12
67,Interpolated_3078714,98.92740631103516,30.5787353515625,0.0,0.42218124866485596,3.0,12
68,Interpolated_3078718,98.92784118652344,30.57880401611328,0.0,0.38770273327827454,3.0,12
69,Interpolated_3078721,98.92813873291016,30.5788516998291,0.0,0.3948259949684143,3.0,12
70,Interpolated_3078724,98.92848205566406,30.57890510559082,0.0,0.2609862983226776,3.0,12
71,Interpolated_3078727,98.92880249023438,30.578956604003906,0.0,0.35896754264831543,3.0,12
72,Interpolated_3078732,98.92935943603516,30.57904624938965,0.41012927889823914,0.7135346531867981,3.0,12
73,Interpolated_3078742,98.93051147460938,30.5792293548584,0.0,0.482280969619751,3.0,12
74,Interpolated_3078745,98.93090057373047,30.57929039001465,0.0,0.25616079568862915,3.0,12
75,Interpolated_3078751,98.93167114257812,30.57941246032715,0.0,0.356142520904541,3.0,12
76,Interpolated_3078766,98.93502807617188,30.579944610595703,0.0,0.3527762293815613,3.0,12
77,Interpolated_3081377,98.92461395263672,30.578420639038086,0.0475151427090168,0.5436180830001831,3.0,12
78,Interpolated_3081380,98.92491149902344,30.578466415405273,0.0,0.2811938524246216,3.0,12
79,Interpolated_3081383,98.92522430419922,30.57851791381836,0.0,0.3718210458755493,3.0,12
80,Interpolated_3081387,98.92569732666016,30.57859230041504,0.0,0.35785865783691406,3.0,12
81,Interpolated_3081395,98.92654418945312,30.578725814819336,0.0,0.4286985993385315,3.0,12
82,Interpolated_3081398,98.92684936523438,30.578773498535156,0.0,0.44604575634002686,3.0,12
83,Interpolated_3081401,98.9271240234375,30.578819274902344,0.0,0.3856571316719055,3.0,12
84,Interpolated_3081404,98.92742919921875,30.578866958618164,0.0,0.339942991733551,3.0,12
85,Interpolated_3081407,98.92776489257812,30.578920364379883,0.6139141917228699,0.809025764465332,3.0,12
86,Interpolated_3081410,98.92808532714844,30.57897186279297,0.0,0.4673041105270386,3.0,12
87,Interpolated_3081413,98.92841339111328,30.579023361206055,0.0,0.3630010187625885,3.0,12
88,Interpolated_3081416,98.92874908447266,30.579076766967773,0.0,0.24376291036605835,3.0,12
89,Interpolated_3081420,98.9291763305664,30.579143524169922,0.0,0.5155538320541382,3.0,12
90,Interpolated_3081424,98.92965698242188,30.579221725463867,0.0,0.31729796528816223,3.0,12
91,Interpolated_3081432,98.93057250976562,30.57936668395996,0.0,0.1395920068025589,2.0,12
92,Interpolated_3081435,98.93094635009766,30.579425811767578,0.0,0.2159356325864792,3.0,12
93,Interpolated_3081438,98.93131256103516,30.579484939575195,0.0,0.3978196978569031,3.0,12
94,Interpolated_3081441,98.93168640136719,30.579544067382812,0.04417625442147255,0.5420535206794739,3.0,12
95,Interpolated_3081446,98.93238830566406,30.579654693603516,0.0,0.35946154594421387,3.0,12
96,Interpolated_3081457,98.93496704101562,30.580062866210938,0.3211522102355957,0.6718410849571228,3.0,12
97,Interpolated_3084043,98.92208862304688,30.57814598083496,0.0,0.32363972067832947,3.0,12
98,Interpolated_3084052,98.92304229736328,30.578296661376953,0.0,0.24165324866771698,3.0,12
99,Interpolated_3084059,98.9238052368164,30.578418731689453,0.0,0.18062514066696167,2.0,12
100,Interpolated_3084065,98.92444610595703,30.578521728515625,0.0,0.34605324268341064,3.0,12
101,Interpolated_3084068,98.92474365234375,30.578567504882812,0.1038975641131401,0.5700381994247437,3.0,12
102,Interpolated_3084071,98.92505645751953,30.578617095947266,0.0,0.4901507496833801,3.0,12
103,Interpolated_3084074,98.92539978027344,30.578672409057617,0.0,0.33180296421051025,3.0,12
104,Interpolated_3084077,98.92575073242188,30.57872772216797,0.0,0.39193785190582275,3.0,12
105,Interpolated_3084080,98.92607879638672,30.578781127929688,0.0,0.4233304262161255,3.0,12
106,Interpolated_3084084,98.92648315429688,30.57884407043457,0.0,0.32219019532203674,3.0,12
107,Interpolated_3084087,98.92677307128906,30.57889175415039,0.0,0.4749705195426941,3.0,12
108,Interpolated_3084090,98.92706298828125,30.578935623168945,0.0,0.31280025839805603,3.0,12
109,Interpolated_3084093,98.9273681640625,30.5789852142334,0.030425362288951874,0.535610020160675,3.0,12
110,Interpolated_3084096,98.92770385742188,30.579038619995117,0.0,0.49029356241226196,3.0,12
111,Interpolated_3084099,98.92803192138672,30.579090118408203,0.0,0.3490985035896301,3.0,12
112,Interpolated_3084102,98.9283676147461,30.579145431518555,0.0,0.35906901955604553,3.0,12
113,Interpolated_3084105,98.92868041992188,30.579195022583008,0.0,0.3364275097846985,3.0,12
114,Interpolated_3084110,98.92922973632812,30.579280853271484,0.0,0.5061427354812622,3.0,12
115,Interpolated_3084113,98.92959594726562,30.57933807373047,0.0,0.35537147521972656,3.0,12
116,Interpolated_3084118,98.93017578125,30.579431533813477,0.0,0.23110774159431458,2.0,12
117,Interpolated_3084121,98.9305191040039,30.579486846923828,0.0,0.4369218945503235,3.0,12
118,Interpolated_3084124,98.93087768554688,30.57954216003418,0.0,0.43641793727874756,3.0,12
119,Interpolated_3084127,98.93123626708984,30.579599380493164,0.0,0.25695550441741943,3.0,12
120,Interpolated_3084130,98.93158721923828,30.579654693603516,0.0,0.28846725821495056,3.0,12
121,Interpolated_3084133,98.93197631835938,30.579715728759766,0.0,0.41889864206314087,3.0,12
122,Interpolated_3084136,98.93238067626953,30.57978057861328,0.0,0.3893057703971863,3.0,12
123,Interpolated_3084139,98.93278503417969,30.579845428466797,0.0,0.4584859609603882,3.0,12
124,Interpolated_3084146,98.93436431884766,30.580095291137695,0.0,0.3125429153442383,3.0,12
125,Interpolated_3084149,98.9351577758789,30.58022117614746,0.30530011653900146,0.6644129753112793,3.0,12
126,Interpolated_3086733,98.92211151123047,30.578277587890625,0.0,0.37460029125213623,3.0,12
127,Interpolated_3086737,98.92253112792969,30.578344345092773,0.0,0.249643474817276,3.0,12
128,Interpolated_3086740,98.92285919189453,30.57839584350586,0.0,0.31541088223457336,3.0,12
129,Interpolated_3086744,98.92328643798828,30.57846450805664,0.0,0.24129793047904968,3.0,12
130,Interpolated_3086747,98.92362213134766,30.57851791381836,0.0,0.2808939814567566,3.0,12
131,Interpolated_3086750,98.92396545410156,30.57857322692871,0.0,0.19311407208442688,2.0,12
132,Interpolated_3086753,98.92427825927734,30.578622817993164,0.0,0.267769455909729,3.0,12
133,Interpolated_3086756,98.92457580566406,30.57866859436035,0.0,0.33487391471862793,3.0,12
134,Interpolated_3086759,98.92488098144531,30.578718185424805,0.0,0.39987146854400635,3.0,12
135,Interpolated_3086762,98.92521667480469,30.578771591186523,0.0,0.3313964605331421,3.0,12
136,Interpolated_3086765,98.92556762695312,30.578826904296875,0.0,0.3475750684738159,3.0,12
137,Interpolated_3086768,98.9259033203125,30.578880310058594,0.0,0.3726022243499756,3.0,12
138,Interpolated_3086771,98.92621612548828,30.578929901123047,0.0,0.3304665684700012,3.0,12
139,Interpolated_3086774,98.92652893066406,30.5789794921875,0.0,0.4218805432319641,3.0,12
140,Interpolated_3086777,98.92681121826172,30.579025268554688,0.0,0.38978153467178345,3.0,12
141,Interpolated_3086780,98.9271011352539,30.579071044921875,0.0,0.47907787561416626,3.0,12
142,Interpolated_3086783,98.92742156982422,30.57912254333496,0.0,0.15555520355701447,2.0,12
143,Interpolated_3086786,98.92774963378906,30.579174041748047,0.2803724706172943,0.6527321934700012,3.0,12
144,Interpolated_3086789,98.92809295654297,30.579227447509766,0.0,0.1556982845067978,2.0,12
145,Interpolated_3086792,98.92841339111328,30.57927894592285,0.0,0.3399423360824585,3.0,12
146,Interpolated_3086795,98.92871856689453,30.579328536987305,0.0,0.3765128254890442,3.0,12
147,Interpolated_3086798,98.92903900146484,30.579378128051758,0.0,0.3071865737438202,3.0,12
148,Interpolated_3086801,98.92940521240234,30.579437255859375,0.0,0.36402228474617004,3.0,12
149,Interpolated_3086804,98.92976379394531,30.57949447631836,0.0,0.23113785684108734,3.0,12
150,Interpolated_3086808,98.93024444580078,30.579570770263672,0.0,0.192933589220047,2.0,12
151,Interpolated_3086813,98.9308090209961,30.579660415649414,0.0,0.23619715869426727,3.0,12
152,Interpolated_3086816,98.93115997314453,30.579715728759766,0.0,0.31899064779281616,3.0,12
153,Interpolated_3086819,98.9314956665039,30.579769134521484,0.0,0.3764925003051758,3.0,12
154,Interpolated_3086822,98.9318618774414,30.57982635498047,0.0,0.3895399570465088,3.0,12
155,Interpolated_3086825,98.93225860595703,30.57988929748535,0.0,0.36241447925567627,3.0,12
156,Interpolated_3086828,98.9326400756836,30.5799503326416,0.0,0.35231029987335205,3.0,12
157,Interpolated_3086833,98.93327331542969,30.58005142211914,0.0,0.26166999340057373,3.0,12
158,Interpolated_3086836,98.93388366699219,30.580148696899414,0.0,0.5085902810096741,3.0,12
159,Interpolated_3086839,98.93488311767578,30.580305099487305,0.7493287324905396,0.8724793791770935,3.0,12
160,Interpolated_3089424,98.9222412109375,30.578426361083984,0.0,0.28270065784454346,3.0,12
161,Interpolated_3089427,98.92254638671875,30.578475952148438,0.0,0.3187711238861084,3.0,12
162,Interpolated_3089430,98.92288208007812,30.578527450561523,0.0,0.3489360809326172,3.0,12
163,Interpolated_3089433,98.9232177734375,30.578580856323242,0.0,0.24290689826011658,3.0,12
164,Interpolated_3089436,98.92356872558594,30.578638076782227,0.9619699716567993,0.972120463848114,3.0,12
165,Interpolated_3089439,98.92390441894531,30.578691482543945,0.0,0.26185306906700134,3.0,12
166,Interpolated_3089442,98.92420959472656,30.578739166259766,0.0,0.2632223069667816,3.0,12
167,Interpolated_3089445,98.92449951171875,30.578784942626953,0.0,0.33133795857429504,3.0,12
168,Interpolated_3089448,98.92481231689453,30.578834533691406,0.0,0.31337761878967285,3.0,12
169,Interpolated_3089451,98.9251480102539,30.578887939453125,0.0,0.35507890582084656,3.0,12
170,Interpolated_3089454,98.92549896240234,30.578943252563477,0.0,0.36529096961021423,3.0,12
171,Interpolated_3089457,98.92583465576172,30.578998565673828,0.0,0.4086276888847351,3.0,12
172,Interpolated_3089460,98.9261474609375,30.57904815673828,0.0,0.3526689410209656,3.0,12
173,Interpolated_3089463,98.92646026611328,30.5790958404541,0.0,0.1937558650970459,2.0,12
174,Interpolated_3089466,98.92675018310547,30.579143524169922,0.0,0.2758718729019165,3.0,12
175,Interpolated_3089469,98.9270248413086,30.579187393188477,0.0,0.49047720432281494,3.0,12
176,Interpolated_3089472,98.92736053466797,30.579240798950195,0.0,0.4162817597389221,3.0,12
177,Interpolated_3089475,98.92769622802734,30.57929229736328,0.0,0.36366307735443115,3.0,12
178,Interpolated_3089479,98.92815399169922,30.579364776611328,0.0,0.17887064814567566,2.0,12
179,Interpolated_3089482,98.92845916748047,30.57941436767578,0.0,0.24746395647525787,3.0,12
180,Interpolated_3089485,98.92875671386719,30.5794620513916,0.0,0.15009483695030212,2.0,12
181,Interpolated_3089488,98.92909240722656,30.57951545715332,0.0,0.16756215691566467,2.0,12
182,Interpolated_3089491,98.92945861816406,30.579574584960938,0.0,0.45594871044158936,3.0,12
183,Interpolated_3089494,98.92984008789062,30.579633712768555,0.0,0.3280538320541382,3.0,12
184,Interpolated_3089498,98.93031311035156,30.579708099365234,0.0,0.3043561279773712,3.0,12
185,Interpolated_3089503,98.93083953857422,30.57979393005371,0.005301338620483875,0.5238372087478638,3.0,12
186,Interpolated_3089506,98.93118286132812,30.57984733581543,0.0,0.18103966116905212,2.0,12
187,Interpolated_3089509,98.93152618408203,30.57990074157715,0.0,0.4839639663696289,3.0,12
188,Interpolated_3089512,98.93190002441406,30.5799617767334,0.0,0.4049258232116699,3.0,12
189,Interpolated_3089515,98.9322738647461,30.580020904541016,0.1595127135515213,0.596098780632019,3.0,12
190,Interpolated_3089518,98.9326400756836,30.580078125,0.0,0.06666667014360428,1.0,12
191,Interpolated_3089526,98.93375396728516,30.58025550842285,0.0,0.4241628050804138,3.0,12
192,Interpolated_3089529,98.93463897705078,30.580394744873047,0.0,0.5056681036949158,3.0,12
193,Interpolated_3089534,98.93628692626953,30.58065414428711,0.0,0.44373881816864014,3.0,12
194,Interpolated_3092114,98.9222640991211,30.57855796813965,0.0,0.4835812449455261,3.0,12
195,Interpolated_3092117,98.92257690429688,30.5786075592041,0.0,0.23847109079360962,3.0,12
196,Interpolated_3092120,98.92291259765625,30.57866096496582,0.0,0.2944543659687042,3.0,12
197,Interpolated_3092123,98.92326354980469,30.578716278076172,0.0,0.06666667014360428,1.0,12
198,Interpolated_3092126,98.92362213134766,30.578773498535156,0.0,0.15529687702655792,2.0,12
199,Interpolated_3092129,98.9239273071289,30.57882308959961,0.0,0.3022640347480774,3.0,12
200,Interpolated_3092132,98.92422485351562,30.578868865966797,0.0,0.359455943107605,3.0,12
201,Interpolated_3092135,98.92452239990234,30.578916549682617,0.0,0.3567212224006653,3.0,12
202,Interpolated_3092138,98.92484283447266,30.578968048095703,0.0,0.3154006600379944,3.0,12
203,Interpolated_3092141,98.92518615722656,30.579023361206055,0.0,0.35615503787994385,3.0,12
204,Interpolated_3092144,98.92554473876953,30.579078674316406,0.0,0.06666667014360428,1.0,12
205,Interpolated_3092147,98.9258804321289,30.579132080078125,0.0,0.35504233837127686,3.0,12
206,Interpolated_3092150,98.92618560791016,30.579181671142578,0.05797751992940903,0.5485206246376038,3.0,12
207,Interpolated_3092153,98.9264907836914,30.5792293548584,0.0,0.1793041080236435,2.0,12
208,Interpolated_3092156,98.92677307128906,30.579275131225586,0.0,0.5102853775024414,3.0,12
209,Interpolated_3092159,98.92707824707031,30.579322814941406,0.0,0.30663588643074036,3.0,12
210,Interpolated_3092162,98.92742156982422,30.579378128051758,0.0,0.27557235956192017,3.0,12
211,Interpolated_3092167,98.92799377441406,30.5794677734375,0.0,0.46110135316848755,3.0,12
212,Interpolated_3092170,98.92829895019531,30.579517364501953,0.0,0.34984177350997925,3.0,12
213,Interpolated_3092173,98.9285888671875,30.57956314086914,0.0,0.3968362510204315,3.0,12
214,Interpolated_3092176,98.92890930175781,30.579614639282227,0.0,0.3050141930580139,3.0,12
215,Interpolated_3092179,98.92927551269531,30.57967185974121,0.0,0.13954584300518036,2.0,12
216,Interpolated_3092182,98.92965698242188,30.57973289489746,0.0,0.45353269577026367,3.0,12
217,Interpolated_3092185,98.93003845214844,30.579792022705078,0.0,0.35150521993637085,3.0,12
218,Interpolated_3092188,98.93035125732422,30.57984161376953,0.0,0.37997502088546753,3.0,12
219,Interpolated_3092192,98.9307632446289,30.57990837097168,0.0,0.31620895862579346,3.0,12
220,Interpolated_3092195,98.93109130859375,30.579959869384766,0.0,0.47676563262939453,3.0,12
221,Interpolated_3092198,98.93144226074219,30.58001708984375,0.0,0.3384513854980469,3.0,12
222,Interpolated_3092201,98.93181610107422,30.580076217651367,0.15358860790729523,0.5933228135108948,3.0,12
223,Interpolated_3092204,98.93218231201172,30.58013343811035,0.0,0.06666667014360428,1.0,12
224,Interpolated_3092207,98.93254089355469,30.580190658569336,0.19814085960388184,0.6141994595527649,3.0,12
225,Interpolated_3092221,98.93486785888672,30.58055877685547,0.08586891740560532,0.5615901947021484,3.0,12
226,Interpolated_3094793,98.92115020751953,30.578508377075195,0.0,0.06666667014360428,1.0,12
227,Interpolated_3094802,98.9220962524414,30.578659057617188,0.0,0.37296825647354126,3.0,12
228,Interpolated_3094805,98.92239379882812,30.578706741333008,0.0,0.4995052218437195,3.0,12
229,Interpolated_3094808,98.92272186279297,30.578758239746094,0.0,0.1803416609764099,2.0,12
230,Interpolated_3094811,98.92306518554688,30.578813552856445,0.0,0.3836336135864258,3.0,12
231,Interpolated_3094814,98.92341613769531,30.578868865966797,0.0,0.06666667014360428,1.0,12
232,Interpolated_3094817,98.92374420166016,30.578920364379883,0.0,0.33332884311676025,3.0,12
233,Interpolated_3094820,98.9240493774414,30.578969955444336,0.0,0.28991514444351196,3.0,12
234,Interpolated_3094823,98.92435455322266,30.57901954650879,0.0,0.3249662518501282,3.0,12
235,Interpolated_3094826,98.9246597290039,30.57906723022461,0.0,0.40279269218444824,3.0,12
236,Interpolated_3094829,98.92498779296875,30.579118728637695,0.16373246908187866,0.5980761051177979,3.0,12
237,Interpolated_3094832,98.92534637451172,30.57917594909668,0.0,0.21606841683387756,3.0,12
238,Interpolated_3094835,98.92569732666016,30.57923126220703,0.0,0.1902889907360077,2.0,12
239,Interpolated_3094838,98.92601013183594,30.579280853271484,0.0,0.3558644652366638,3.0,12
240,Interpolated_3094841,98.92631530761719,30.579330444335938,0.0,0.1509062796831131,2.0,12
241,Interpolated_3094844,98.9266128540039,30.579378128051758,0.0,0.14942453801631927,2.0,12
242,Interpolated_3094847,98.92691040039062,30.579423904418945,0.0,0.45113497972488403,3.0,12
243,Interpolated_3094850,98.92726135253906,30.579479217529297,0.0,0.3189326524734497,3.0,12
244,Interpolated_3094853,98.92759704589844,30.57953453063965,0.0,0.2578890919685364,3.0,12
245,Interpolated_3094857,98.92803192138672,30.579601287841797,0.005211407784372568,0.5237950682640076,3.0,12
246,Interpolated_3094860,98.92832946777344,30.579648971557617,0.0,0.18496769666671753,2.0,12
247,Interpolated_3094863,98.92862701416016,30.579696655273438,0.0,0.42249995470046997,3.0,12
248,Interpolated_3094866,98.92896270751953,30.579750061035156,0.0,0.30091553926467896,3.0,12
249,Interpolated_3094869,98.92933654785156,30.579811096191406,0.0,0.25682365894317627,3.0,12
250,Interpolated_3094872,98.92973327636719,30.579872131347656,0.030525214970111847,0.5356568098068237,3.0,12
251,Interpolated_3094875,98.9300765991211,30.579927444458008,0.0,0.32976648211479187,3.0,12
252,Interpolated_3094878,98.93038940429688,30.57997703552246,0.0,0.2130453884601593,2.0,12
253,Interpolated_3094881,98.93069458007812,30.580026626586914,0.0,0.39804717898368835,3.0,12
254,Interpolated_3094884,98.93101501464844,30.580076217651367,0.0,0.22165215015411377,3.0,12
255,Interpolated_3094887,98.93135833740234,30.58013153076172,0.19396868348121643,0.6122444272041321,3.0,12
256,Interpolated_3094890,98.9317398071289,30.580190658569336,0.0,0.3456251621246338,3.0,12
257,Interpolated_3094893,98.9321060180664,30.580249786376953,0.0,0.3972538709640503,3.0,12
258,Interpolated_3094896,98.93245697021484,30.580305099487305,0.0,0.3526598811149597,3.0,12
259,Interpolated_3094899,98.93280029296875,30.580360412597656,0.0,0.3177628219127655,3.0,12
260,Interpolated_3094904,98.9334487915039,30.580463409423828,0.0,0.06666667014360428,1.0,12
261,Interpolated_3094909,98.93431091308594,30.580598831176758,0.0,0.42910391092300415,3.0,12
262,Interpolated_3097483,98.92118835449219,30.578641891479492,0.0,0.2564113438129425,3.0,12
263,Interpolated_3097489,98.92182159423828,30.57874298095703,0.0,0.3465735614299774,3.0,12
264,Interpolated_3097492,98.922119140625,30.57879066467285,0.0,0.24652132391929626,3.0,12
265,Interpolated_3097495,98.92242431640625,30.578838348388672,0.0,0.26845401525497437,3.0,12
266,Interpolated_3097498,98.9227523803711,30.57889175415039,0.0,0.44507771730422974,3.0,12
267,Interpolated_3097501,98.923095703125,30.578947067260742,0.0,0.29273319244384766,3.0,12
268,Interpolated_3097504,98.92344665527344,30.579002380371094,0.0,0.4635106921195984,3.0,12
269,Interpolated_3097507,98.92376708984375,30.579051971435547,0.0,0.2186390608549118,2.0,12
270,Interpolated_3097510,98.92407989501953,30.5791015625,0.0,0.31664180755615234,3.0,12
271,Interpolated_3097513,98.92438507080078,30.579151153564453,0.0,0.3022141456604004,3.0,12
272,Interpolated_3097516,98.92469024658203,30.579200744628906,0.0,0.18881255388259888,2.0,12
273,Interpolated_3097519,98.9250259399414,30.579252243041992,0.0,0.06666667014360428,1.0,12
274,Interpolated_3097522,98.92537689208984,30.579309463500977,0.0,0.30954623222351074,3.0,12
275,Interpolated_3097525,98.92572784423828,30.579364776611328,0.0,0.06666667014360428,1.0,12
276,Interpolated_3097528,98.9260482788086,30.57941436767578,0.0,0.242613285779953,3.0,12
277,Interpolated_3097531,98.92634582519531,30.5794620513916,0.0,0.3342062830924988,3.0,12
278,Interpolated_3097534,98.92665100097656,30.579511642456055,0.0,0.16690900921821594,2.0,12
279,Interpolated_3097537,98.92695617675781,30.579559326171875,0.0,0.33692359924316406,3.0,12
280,Interpolated_3097540,98.92730712890625,30.57961654663086,0.0,0.39567553997039795,3.0,12
281,Interpolated_3097543,98.92765045166016,30.579669952392578,0.0,0.18928800523281097,2.0,12
282,Interpolated_3097546,98.9279556274414,30.5797176361084,0.0,0.33561062812805176,3.0,12
283,Interpolated_3097549,98.92826843261719,30.57976722717285,0.0,0.19546881318092346,2.0,12
284,Interpolated_3097552,98.92857360839844,30.579816818237305,0.0,0.3472633361816406,3.0,12
285,Interpolated_3097555,98.92890167236328,30.57986831665039,0.0,0.33282119035720825,3.0,12
286,Interpolated_3097558,98.92928314208984,30.57992935180664,0.0,0.5014344453811646,3.0,12
287,Interpolated_3097563,98.92989349365234,30.580026626586914,0.0,0.3511244058609009,3.0,12
288,Interpolated_3097566,98.93020629882812,30.580076217651367,0.0,0.5100287199020386,3.0,12
289,Interpolated_3097569,98.93052673339844,30.580127716064453,0.0,0.33738645911216736,3.0,12
290,Interpolated_3097572,98.93083953857422,30.580177307128906,0.0,0.3605703115463257,3.0,12
291,Interpolated_3097575,98.9311752319336,30.580230712890625,0.0,0.25577518343925476,3.0,12
292,Interpolated_3097578,98.9315414428711,30.58028793334961,0.0,0.503387451171875,3.0,12
293,Interpolated_3097581,98.93192291259766,30.58034896850586,0.0,0.4247335195541382,3.0,12
294,Interpolated_3097584,98.93228149414062,30.58040428161621,0.0,0.29224836826324463,3.0,12
295,Interpolated_3097587,98.93260192871094,30.580455780029297,0.03736262768507004,0.5388607382774353,3.0,12
296,Interpolated_3097590,98.93295288085938,30.58051300048828,0.11147770285606384,0.5735901594161987,3.0,12
297,Interpolated_3097593,98.9333267211914,30.5805721282959,0.0,0.3525637984275818,3.0,12
298,Interpolated_3097596,98.9337387084961,30.580636978149414,0.0,0.2568541169166565,3.0,12
299,Interpolated_3097600,98.93440246582031,30.58074188232422,0.0,0.2740503251552582,3.0,12
300,Interpolated_3097603,98.93496704101562,30.58083152770996,0.0,0.43538153171539307,3.0,12
301,Interpolated_3100173,98.92121124267578,30.57877540588379,0.0,0.3032918870449066,3.0,12
302,Interpolated_3100177,98.92162322998047,30.578840255737305,0.0,0.06666667014360428,1.0,12
303,Interpolated_3100180,98.92195129394531,30.57889175415039,0.0,0.27584806084632874,3.0,12
304,Interpolated_3100183,98.92224884033203,30.57893943786621,0.0,0.2499171942472458,3.0,12
305,Interpolated_3100186,98.92254638671875,30.57898712158203,0.0,0.3617664575576782,3.0,12
306,Interpolated_3100189,98.92288970947266,30.579042434692383,0.0,0.13973772525787354,2.0,12
307,Interpolated_3100192,98.92325592041016,30.579099655151367,0.0,0.1554601788520813,2.0,12
308,Interpolated_3100195,98.92357635498047,30.579151153564453,0.0,0.32964810729026794,3.0,12
309,Interpolated_3100198,98.92388916015625,30.579200744628906,0.0,0.15504257380962372,2.0,12
310,Interpolated_3100201,98.92420959472656,30.579252243041992,0.057006340473890305,0.5480655431747437,3.0,12
311,Interpolated_3100204,98.92451477050781,30.579299926757812,0.0,0.15593481063842773,2.0,12
312,Interpolated_3100207,98.92483520507812,30.579349517822266,0.0,0.16800585389137268,2.0,12
313,Interpolated_3100210,98.92517852783203,30.579404830932617,0.0,0.3859650194644928,3.0,12
314,Interpolated_3100213,98.92554473876953,30.579463958740234,0.0,0.2828928232192993,3.0,12
315,Interpolated_3100216,98.92587280273438,30.57951545715332,0.0,0.13967178761959076,2.0,12
316,Interpolated_3100219,98.9261703491211,30.57956314086914,0.0,0.3863459825515747,3.0,12
317,Interpolated_3100222,98.92646789550781,30.57961082458496,0.0,0.3178185224533081,3.0,12
318,Interpolated_3100225,98.9267807006836,30.579660415649414,0.0,0.3511490225791931,3.0,12
319,Interpolated_3100228,98.9271240234375,30.579713821411133,0.0,0.33814871311187744,3.0,12
320,Interpolated_3100231,98.9274673461914,30.579769134521484,0.0,0.46292608976364136,3.0,12
321,Interpolated_3100234,98.92778015136719,30.579818725585938,0.0,0.3598841428756714,3.0,12
322,Interpolated_3100237,98.92809295654297,30.57986831665039,0.0,0.15020808577537537,2.0,12
323,Interpolated_3100240,98.92841339111328,30.579919815063477,0.0,0.4378238916397095,3.0,12
324,Interpolated_3100243,98.9287338256836,30.57996940612793,0.0,0.34882134199142456,3.0,12
325,Interpolated_3100246,98.9291000366211,30.580028533935547,0.0,0.4199502468109131,3.0,12
326,Interpolated_3100249,98.9294662475586,30.580087661743164,0.0,0.2497071474790573,3.0,12
327,Interpolated_3100252,98.9298095703125,30.580141067504883,0.0,0.4928416609764099,3.0,12
328,Interpolated_3100255,98.93013000488281,30.58019256591797,0.0,0.37886500358581543,3.0,12
329,Interpolated_3100258,98.93045043945312,30.580242156982422,0.0,0.41083449125289917,3.0,12
330,Interpolated_3100261,98.9307861328125,30.58029556274414,0.0,0.39794307947158813,3.0,12
331,Interpolated_3100266,98.93135833740234,30.580387115478516,0.0,0.35912325978279114,3.0,12
332,Interpolated_3100269,98.93172454833984,30.580446243286133,0.0,0.17875520884990692,2.0,12
333,Interpolated_3100272,98.93209838867188,30.580503463745117,0.0,0.42637568712234497,3.0,12
334,Interpolated_3100275,98.93242645263672,30.580556869506836,0.0,0.3800535202026367,3.0,12
335,Interpolated_3100278,98.9327621459961,30.580610275268555,0.0,0.3554907441139221,3.0,12
336,Interpolated_3100281,98.93311309814453,30.580665588378906,0.4026188552379608,0.7100153565406799,3.0,12
337,Interpolated_3100284,98.93348693847656,30.580724716186523,0.08983897417783737,0.5634505152702332,3.0,12
338,Interpolated_3100287,98.93389892578125,30.58078956604004,0.0,0.2756078839302063,3.0,12
339,Interpolated_3100290,98.93434143066406,30.580860137939453,0.10803870856761932,0.5719786882400513,3.0,12
340,Interpolated_3100293,98.93485260009766,30.580942153930664,0.0,0.2219190150499344,3.0,12
341,Interpolated_3102863,98.92123413085938,30.57890510559082,0.0,0.40557149052619934,3.0,12
342,Interpolated_3102866,98.92152404785156,30.57895278930664,0.0,0.38123220205307007,3.0,12
343,Interpolated_3102869,98.921875,30.579008102416992,0.0,0.28376251459121704,3.0,12
344,Interpolated_3102872,98.92216491699219,30.57905387878418,0.0,0.16885389387607574,2.0,12
345,Interpolated_3102875,98.92247009277344,30.579103469848633,0.0,0.44253289699554443,3.0,12
346,Interpolated_3102878,98.92279815673828,30.57915496826172,0.0,0.155833899974823,2.0,12
347,Interpolated_3102881,98.92317199707031,30.579214096069336,0.0,0.13973772525787354,2.0,12
348,Interpolated_3102884,98.92350006103516,30.579267501831055,0.0,0.3598027527332306,3.0,12
349,Interpolated_3102887,98.92381286621094,30.579315185546875,0.0,0.1559164822101593,2.0,12
350,Interpolated_3102890,98.92413330078125,30.57936668395996,0.0,0.22964341938495636,3.0,12
351,Interpolated_3102893,98.92443084716797,30.57941436767578,0.0,0.16846920549869537,2.0,12
352,Interpolated_3102896,98.92475891113281,30.5794677734375,0.0,0.24073854088783264,3.0,12
353,Interpolated_3102899,98.92510986328125,30.57952117919922,0.0,0.18400709331035614,2.0,12
354,Interpolated_3102902,98.92546844482422,30.579580307006836,0.0,0.2408025562763214,3.0,12
355,Interpolated_3102905,98.92579650878906,30.57962989807129,0.0,0.21581821143627167,3.0,12
356,Interpolated_3102908,98.92610168457031,30.579679489135742,0.0,0.19340941309928894,2.0,12
357,Interpolated_3102911,98.92639923095703,30.579727172851562,0.0,0.39664703607559204,3.0,12
358,Interpolated_3102914,98.92671203613281,30.579776763916016,0.0,0.3517780900001526,3.0,12
359,Interpolated_3102917,98.92705535888672,30.579830169677734,0.0,0.25714394450187683,3.0,12
360,Interpolated_3102920,98.9273910522461,30.579883575439453,0.20914918184280396,0.6193578243255615,3.0,12
361,Interpolated_3102923,98.9277114868164,30.57993507385254,0.0,0.29853957891464233,3.0,12
362,Interpolated_3102926,98.92802429199219,30.579984664916992,0.0,0.22310560941696167,2.0,12
363,Interpolated_3102929,98.9283447265625,30.580036163330078,0.0,0.2261407971382141,2.0,12
364,Interpolated_3102932,98.92865753173828,30.58008575439453,0.0,0.4140896201133728,3.0,12
365,Interpolated_3102935,98.92902374267578,30.58014488220215,0.0,0.3159167468547821,3.0,12
366,Interpolated_3102938,98.92938995361328,30.580202102661133,0.0,0.4213482737541199,3.0,12
367,Interpolated_3102941,98.92972564697266,30.58025550842285,0.0,0.21582715213298798,3.0,12
368,Interpolated_3102944,98.93006134033203,30.58030891418457,0.0,0.2302340269088745,2.0,12
369,Interpolated_3102947,98.93037414550781,30.580358505249023,0.0,0.33240556716918945,3.0,12
370,Interpolated_3102950,98.93070983886719,30.580411911010742,0.0,0.5176173448562622,3.0,12
371,Interpolated_3102953,98.93106842041016,30.580469131469727,0.0,0.45893824100494385,3.0,12
372,Interpolated_3102957,98.93152618408203,30.580541610717773,0.0,0.332276314496994,3.0,12
373,Interpolated_3102960,98.93191528320312,30.580602645874023,0.0,0.17843148112297058,2.0,12
374,Interpolated_3102963,98.93225860595703,30.580657958984375,0.0,0.3802228271961212,3.0,12
375,Interpolated_3102966,98.9325942993164,30.580711364746094,0.0,0.3853992521762848,3.0,12
376,Interpolated_3102969,98.93292236328125,30.58076286315918,0.0,0.4737611413002014,3.0,12
377,Interpolated_3102972,98.93328094482422,30.580820083618164,0.1156979650259018,0.5755677223205566,3.0,12
378,Interpolated_3102975,98.93364715576172,30.58087921142578,0.0,0.4827991724014282,3.0,12
379,Interpolated_3102978,98.93403625488281,30.58094024658203,0.0,0.2471400797367096,3.0,12
380,Interpolated_3102983,98.93478393554688,30.581058502197266,0.02944502793252468,0.5351506471633911,3.0,12
381,Interpolated_3102989,98.93689727783203,30.581392288208008,0.0,0.46059995889663696,3.0,12
382,Interpolated_3105552,98.92115783691406,30.579021453857422,0.0,0.4876161217689514,3.0,12
383,Interpolated_3105555,98.92143249511719,30.579065322875977,0.0,0.06666667014360428,1.0,12
384,Interpolated_3105558,98.9217758178711,30.579120635986328,0.0,0.39621081948280334,3.0,12
385,Interpolated_3105561,98.92208099365234,30.57916831970215,0.0,0.27489206194877625,3.0,12
386,Interpolated_3105564,98.9223861694336,30.5792179107666,0.0,0.4257880449295044,3.0,12
387,Interpolated_3105567,98.92271423339844,30.579269409179688,0.0,0.13968662917613983,2.0,12
388,Interpolated_3105570,98.92308807373047,30.579328536987305,0.0,0.1852531135082245,2.0,12
389,Interpolated_3105573,98.92343139648438,30.579383850097656,0.0,0.2613607943058014,3.0,12
390,Interpolated_3105576,98.92373657226562,30.579431533813477,0.0,0.15021923184394836,2.0,12
391,Interpolated_3105579,98.9240493774414,30.57948112487793,0.0,0.4446863532066345,3.0,12
392,Interpolated_3105582,98.92435455322266,30.579530715942383,0.0,0.06666667014360428,1.0,12
393,Interpolated_3105585,98.9246826171875,30.57958221435547,0.0644625872373581,0.5515594482421875,3.0,12
394,Interpolated_3105588,98.92503356933594,30.57963752746582,0.0,0.06666667014360428,1.0,12
395,Interpolated_3105591,98.92538452148438,30.579694747924805,0.0,0.06666667014360428,1.0,12
396,Interpolated_3105594,98.92571258544922,30.57974624633789,0.0,0.3054414689540863,3.0,12
397,Interpolated_3105597,98.92603302001953,30.579795837402344,0.0,0.13951702415943146,2.0,12
398,Interpolated_3105600,98.92633056640625,30.579845428466797,0.0,0.06666667014360428,1.0,12
399,Interpolated_3105603,98.9266586303711,30.57989501953125,0.0,0.06666667014360428,1.0,12
400,Interpolated_3105606,98.92698669433594,30.57994842529297,0.0,0.42419683933258057,3.0,12
401,Interpolated_3105609,98.92730712890625,30.579999923706055,0.0,0.4972613453865051,3.0,12
402,Interpolated_3105612,98.92762756347656,30.58005142211914,0.08556363731622696,0.5614471435546875,3.0,12
403,Interpolated_3105615,98.9279556274414,30.580102920532227,0.0,0.24224579334259033,3.0,12
404,Interpolated_3105618,98.92826080322266,30.580150604248047,0.0,0.3588426113128662,3.0,12
405,Interpolated_3105621,98.92857360839844,30.5802001953125,0.0,0.21814925968647003,2.0,12
406,Interpolated_3105624,98.92892456054688,30.580257415771484,0.0,0.5004664063453674,3.0,12
407,Interpolated_3105627,98.92929077148438,30.58031463623047,0.0,0.44269612431526184,3.0,12
408,Interpolated_3105630,98.92963409423828,30.58036994934082,0.0,0.4972954988479614,3.0,12
409,Interpolated_3105633,98.92998504638672,30.580425262451172,0.0,0.447456419467926,3.0,12
410,Interpolated_3105636,98.9302978515625,30.580474853515625,0.0,0.3451572358608246,3.0,12
411,Interpolated_3105639,98.9306411743164,30.580530166625977,0.0,0.4841699004173279,3.0,12
412,Interpolated_3105642,98.93099975585938,30.580585479736328,0.0,0.3569561243057251,3.0,12
413,Interpolated_3105645,98.93135070800781,30.58064079284668,0.0,0.3221881091594696,3.0,12
414,Interpolated_3105648,98.93170928955078,30.580698013305664,0.0,0.30263084173202515,3.0,12
415,Interpolated_3105651,98.93209075927734,30.580759048461914,0.0,0.33159399032592773,3.0,12
416,Interpolated_3105654,98.93242645263672,30.580812454223633,0.0,0.42611151933670044,3.0,12
417,Interpolated_3105657,98.93276977539062,30.58086585998535,0.0,0.5061451196670532,3.0,12
418,Interpolated_3105660,98.93309020996094,30.580917358398438,0.25734636187553406,0.6419424414634705,3.0,12
419,Interpolated_3105663,98.93343353271484,30.58097267150879,0.0,0.35105234384536743,3.0,12
420,Interpolated_3105666,98.93379211425781,30.581029891967773,0.0,0.36519843339920044,3.0,12
421,Interpolated_3105669,98.93416595458984,30.58108901977539,0.0,0.2683384418487549,3.0,12
422,Interpolated_3105673,98.93473815917969,30.581180572509766,0.2809036672115326,0.6529811024665833,3.0,12
423,Interpolated_3105679,98.9365005493164,30.581457138061523,0.0,0.46669745445251465,3.0,12
424,Interpolated_3108230,98.91981506347656,30.578935623168945,0.0,0.39365172386169434,3.0,12
425,Interpolated_3108243,98.92125701904297,30.579166412353516,0.0,0.06666667014360428,1.0,12
426,Interpolated_3108246,98.92156219482422,30.579214096069336,0.0,0.3882109820842743,3.0,12
427,Interpolated_3108249,98.92190551757812,30.579269409179688,0.0,0.36078131198883057,3.0,12
428,Interpolated_3108252,98.92222595214844,30.57931900024414,0.0,0.2731423079967499,3.0,12
429,Interpolated_3108255,98.9225082397461,30.579364776611328,0.0,0.3193436563014984,3.0,12
430,Interpolated_3108258,98.92285919189453,30.57942008972168,0.0,0.13966725766658783,2.0,12
431,Interpolated_3108261,98.9232406616211,30.57948112487793,0.0,0.24775172770023346,3.0,12
432,Interpolated_3108264,98.9235610961914,30.579532623291016,0.0,0.3782525062561035,3.0,12
433,Interpolated_3108267,98.92386627197266,30.579580307006836,0.0,0.15570920705795288,2.0,12
434,Interpolated_3108270,98.92417907714844,30.57962989807129,0.0,0.3198919892311096,3.0,12
435,Interpolated_3108273,98.92449951171875,30.579681396484375,0.4710073471069336,0.7420613765716553,3.0,12
436,Interpolated_3108276,98.92484283447266,30.579736709594727,0.0,0.347744882106781,3.0,12
437,Interpolated_3108279,98.92518615722656,30.579790115356445,0.0,0.15007589757442474,2.0,12
438,Interpolated_3108282,98.9255142211914,30.579843521118164,0.0,0.289617657661438,3.0,12
439,Interpolated_3108285,98.92584228515625,30.57989501953125,0.0,0.13968662917613983,2.0,12
440,Interpolated_3108288,98.92616271972656,30.579946517944336,0.0,0.4016318917274475,3.0,12
441,Interpolated_3108291,98.92648315429688,30.57999610900879,0.0,0.37587422132492065,3.0,12
442,Interpolated_3108294,98.92681884765625,30.580049514770508,0.0,0.44501376152038574,3.0,12
443,Interpolated_3108297,98.92713165283203,30.58009910583496,0.0,0.3006056249141693,3.0,12
444,Interpolated_3108300,98.92744445800781,30.580148696899414,0.0,0.5046760439872742,3.0,12
445,Interpolated_3108303,98.92777252197266,30.5802001953125,0.14124009013175964,0.5875364542007446,3.0,12
446,Interpolated_3108306,98.92808532714844,30.580251693725586,0.0,0.25753989815711975,3.0,12
447,Interpolated_3108309,98.92839050292969,30.580299377441406,0.0,0.1503390520811081,2.0,12
448,Interpolated_3108312,98.9286880493164,30.580347061157227,0.0,0.32959043979644775,3.0,12
449,Interpolated_3108315,98.92904663085938,30.58040428161621,0.0,0.31831932067871094,3.0,12
450,Interpolated_3108318,98.92941284179688,30.580461502075195,0.0,0.4406673312187195,3.0,12
451,Interpolated_3108321,98.92977905273438,30.58051872253418,0.39016082882881165,0.7041776776313782,3.0,12
452,Interpolated_3108324,98.93013000488281,30.580575942993164,0.0,0.454220712184906,3.0,12
453,Interpolated_3108327,98.93045806884766,30.580629348754883,0.0,0.30175524950027466,3.0,12
454,Interpolated_3108330,98.93081665039062,30.580684661865234,0.0,0.3559942841529846,3.0,12
455,Interpolated_3108333,98.93116760253906,30.580739974975586,0.0,0.18425458669662476,2.0,12
456,Interpolated_3108336,98.9315185546875,30.580795288085938,0.0,0.3154486417770386,3.0,12
457,Interpolated_3108339,98.93190002441406,30.580856323242188,0.0,0.46023833751678467,3.0,12
458,Interpolated_3108342,98.93226623535156,30.580915451049805,0.21953116357326508,0.6242226958274841,3.0,12
459,Interpolated_3108345,98.93260955810547,30.580968856811523,0.0,0.46556538343429565,3.0,12
460,Interpolated_3108348,98.93293762207031,30.581022262573242,0.0,0.3190325200557709,3.0,12
461,Interpolated_3108351,98.9332504272461,30.581071853637695,0.0,0.3134276866912842,3.0,12
462,Interpolated_3108354,98.93357849121094,30.58112335205078,0.0,0.4653303027153015,3.0,12
463,Interpolated_3108357,98.9339370727539,30.581180572509766,0.0,0.3691002130508423,3.0,12
464,Interpolated_3108360,98.9343032836914,30.58123779296875,0.0,0.3066161572933197,3.0,12
465,Interpolated_3108363,98.9347152709961,30.5813045501709,0.0,0.5206979513168335,3.0,12
466,Interpolated_3108366,98.93524932861328,30.581388473510742,0.11244519054889679,0.5740435123443604,3.0,12
467,Interpolated_3110912,98.91896057128906,30.578929901123047,0.0,0.47841334342956543,3.0,12
468,Interpolated_3110925,98.92037963867188,30.57915496826172,0.0,0.520757794380188,3.0,12
469,Interpolated_3110933,98.92127990722656,30.57929801940918,0.0,0.4592510461807251,3.0,12
470,Interpolated_3110936,98.92158508300781,30.579345703125,0.0,0.26239508390426636,3.0,12
471,Interpolated_3110939,98.92194366455078,30.579402923583984,0.0,0.27181705832481384,3.0,12
472,Interpolated_3110942,98.92225646972656,30.579452514648438,0.0,0.3813019096851349,3.0,12
473,Interpolated_3110945,98.92253112792969,30.579496383666992,0.0,0.13968662917613983,2.0,12
474,Interpolated_3110948,98.92288970947266,30.579553604125977,0.0,0.06666667014360428,1.0,12
475,Interpolated_3110951,98.92327117919922,30.579612731933594,0.0,0.1559402495622635,2.0,12
476,Interpolated_3110954,98.92359161376953,30.57966423034668,0.0,0.36016038060188293,3.0,12
477,Interpolated_3110957,98.92389678955078,30.579713821411133,0.0,0.31512734293937683,3.0,12
478,Interpolated_3110960,98.92420196533203,30.579763412475586,0.0,0.38046926259994507,3.0,12
479,Interpolated_3110963,98.92454528808594,30.579816818237305,0.0,0.15026351809501648,2.0,12
480,Interpolated_3110966,98.92488098144531,30.579870223999023,0.0,0.1991291046142578,2.0,12
481,Interpolated_3110969,98.92520904541016,30.57992172241211,0.0,0.17340858280658722,2.0,12
482,Interpolated_3110972,98.925537109375,30.579975128173828,0.0,0.36020100116729736,3.0,12
483,Interpolated_3110975,98.9258804321289,30.580028533935547,0.0,0.2556934952735901,3.0,12
484,Interpolated_3110978,98.92621612548828,30.580081939697266,0.0,0.27578943967819214,3.0,12
485,Interpolated_3110981,98.92652893066406,30.58013153076172,0.0,0.3509744703769684,3.0,12
486,Interpolated_3110984,98.9268569946289,30.580183029174805,0.0,0.4553390145301819,3.0,12
487,Interpolated_3110987,98.92717742919922,30.58023452758789,0.0,0.4413306713104248,3.0,12
488,Interpolated_3110990,98.92747497558594,30.58028221130371,0.0,0.24240177869796753,3.0,12
489,Interpolated_3110993,98.92780303955078,30.580333709716797,0.0,0.1792069971561432,2.0,12
490,Interpolated_3110996,98.92810821533203,30.58038330078125,0.0,0.179962620139122,2.0,12
491,Interpolated_3110999,98.92840576171875,30.58043098449707,0.0,0.1950526237487793,2.0,12
492,Interpolated_3111002,98.92869567871094,30.580476760864258,0.0,0.16516613960266113,2.0,12
493,Interpolated_3111005,98.92904663085938,30.58053207397461,0.0,0.35061654448509216,3.0,12
494,Interpolated_3111008,98.92943572998047,30.58059310913086,0.0,0.45703983306884766,3.0,12
495,Interpolated_3111011,98.9298095703125,30.580652236938477,0.0,0.1802566796541214,2.0,12
496,Interpolated_3111014,98.93017578125,30.580711364746094,0.0,0.315996378660202,3.0,12
497,Interpolated_3111017,98.93050384521484,30.58076286315918,0.0,0.25605887174606323,3.0,12
498,Interpolated_3111020,98.93086242675781,30.580820083618164,0.0,0.4417065382003784,3.0,12
499,Interpolated_3111023,98.93120574951172,30.580875396728516,0.0,0.2562544643878937,3.0,12
500,Interpolated_3111026,98.93156433105469,30.580930709838867,0.0,0.4667776823043823,3.0,12
501,Interpolated_3111029,98.93196105957031,30.580995559692383,0.0,0.47285985946655273,3.0,12
502,Interpolated_3111032,98.93233489990234,30.5810546875,0.0,0.36485177278518677,3.0,12
503,Interpolated_3111035,98.93267822265625,30.58110809326172,0.0,0.5092079639434814,3.0,12
504,Interpolated_3111038,98.93299102783203,30.581157684326172,0.0,0.40467900037765503,3.0,12
505,Interpolated_3111041,98.93328857421875,30.581205368041992,0.0,0.3446131944656372,3.0,12
506,Interpolated_3111044,98.9336166381836,30.58125877380371,0.0,0.26747459173202515,3.0,12
507,Interpolated_3111047,98.93396759033203,30.58131217956543,0.0,0.3174053430557251,3.0,12
508,Interpolated_3111050,98.93431854248047,30.58136749267578,0.04876921325922012,0.5442057251930237,3.0,12
509,Interpolated_3111053,98.9347152709961,30.581432342529297,0.0,0.4728096127510071,3.0,12
510,Interpolated_3111056,98.93519592285156,30.58150863647461,0.08395302295684814,0.5606924295425415,3.0,12
511,Interpolated_3113602,98.91898345947266,30.57906150817871,0.0,0.47804129123687744,3.0,12
512,Interpolated_3113612,98.92003631591797,30.5792293548584,0.7560563683509827,0.8756318688392639,3.0,12
513,Interpolated_3113623,98.92130279541016,30.579429626464844,0.0,0.43340176343917847,3.0,12
514,Interpolated_3113626,98.9216079711914,30.579477310180664,0.0,0.2619771957397461,3.0,12
515,Interpolated_3113629,98.92198181152344,30.579538345336914,0.0,0.3297874629497528,3.0,12
516,Interpolated_3113632,98.92229461669922,30.579586029052734,0.0,0.13972607254981995,2.0,12
517,Interpolated_3113635,98.92256164550781,30.57962989807129,0.0,0.1559402495622635,2.0,12
518,Interpolated_3113638,98.92292785644531,30.579687118530273,0.0,0.15054291486740112,2.0,12
519,Interpolated_3113641,98.92330169677734,30.57974624633789,0.0,0.15536412596702576,2.0,12
520,Interpolated_3113644,98.92362976074219,30.579797744750977,0.0,0.18590810894966125,2.0,12
521,Interpolated_3113647,98.9239273071289,30.57984733581543,0.0,0.24210695922374725,3.0,12
522,Interpolated_3113650,98.92424011230469,30.579896926879883,0.0,0.44081342220306396,3.0,12
523,Interpolated_3113653,98.92459869384766,30.579952239990234,0.0,0.06666667014360428,1.0,12
524,Interpolated_3113656,98.92491912841797,30.58000373840332,0.0,0.21648208796977997,3.0,12
525,Interpolated_3113659,98.92522430419922,30.580053329467773,0.0,0.3131140172481537,3.0,12
526,Interpolated_3113662,98.92557525634766,30.580108642578125,0.0,0.06666667014360428,1.0,12
527,Interpolated_3113665,98.92594909667969,30.580167770385742,0.0,0.35025447607040405,3.0,12
528,Interpolated_3113668,98.92627716064453,30.580219268798828,0.0,0.416304349899292,3.0,12
529,Interpolated_3113671,98.92658996582031,30.580270767211914,0.20883804559707642,0.6192120313644409,3.0,12
530,Interpolated_3113674,98.92691040039062,30.580320358276367,0.0,0.4220365285873413,3.0,12
531,Interpolated_3113677,98.92723083496094,30.580371856689453,0.0,0.33077096939086914,3.0,12
532,Interpolated_3113680,98.92752075195312,30.58041763305664,0.0,0.284479022026062,3.0,12
533,Interpolated_3113683,98.9278335571289,30.580467224121094,0.0,0.4815447926521301,3.0,12
534,Interpolated_3113686,98.92813873291016,30.580514907836914,0.0,0.4304870665073395,3.0,12
535,Interpolated_3113689,98.92842864990234,30.580562591552734,0.0,0.3163580894470215,3.0,12
536,Interpolated_3113692,98.92871856689453,30.580608367919922,0.0,0.321530282497406,3.0,12
537,Interpolated_3113695,98.92906951904297,30.580663681030273,0.0,0.3525164723396301,3.0,12
538,Interpolated_3113698,98.92947387695312,30.58072853088379,0.0,0.518471360206604,3.0,12
539,Interpolated_3113701,98.92984008789062,30.580785751342773,0.0,0.37576746940612793,3.0,12
540,Interpolated_3113704,98.93021392822266,30.58084487915039,0.0,0.37628939747810364,3.0,12
541,Interpolated_3113707,98.9305648803711,30.580902099609375,0.0,0.2694006562232971,3.0,12
542,Interpolated_3113710,98.93090057373047,30.58095359802246,0.0,0.4597313404083252,3.0,12
543,Interpolated_3113713,98.93124389648438,30.581008911132812,0.0,0.19417238235473633,2.0,12
544,Interpolated_3113716,98.93163299560547,30.581069946289062,0.3597947359085083,0.6899484992027283,3.0,12
545,Interpolated_3113719,98.93204498291016,30.58113670349121,0.0,0.47078627347946167,3.0,12
546,Interpolated_3113722,98.93241882324219,30.581195831298828,0.0,0.5099241733551025,3.0,12
547,Interpolated_3113725,98.93274688720703,30.581247329711914,0.0,0.3624694347381592,3.0,12
548,Interpolated_3113728,98.93304443359375,30.581295013427734,0.0,0.38340669870376587,3.0,12
549,Interpolated_3113731,98.93334197998047,30.581340789794922,0.0,0.4687454104423523,3.0,12
550,Interpolated_3113734,98.93366241455078,30.581392288208008,0.0,0.1838756799697876,2.0,12
551,Interpolated_3113737,98.93399047851562,30.581445693969727,0.0,0.2873573303222656,3.0,12
552,Interpolated_3113740,98.9343490600586,30.581501007080078,0.0,0.3896107077598572,3.0,12
553,Interpolated_3113743,98.93473052978516,30.581562042236328,0.012015366926789284,0.5269833207130432,3.0,12
554,Interpolated_3113746,98.93516540527344,30.581632614135742,0.0,0.40430206060409546,3.0,12
555,Interpolated_3113751,98.93644714355469,30.581832885742188,0.0,0.45244747400283813,3.0,12
556,Interpolated_3116296,98.91940307617188,30.579254150390625,0.0,0.33309096097946167,3.0,12
557,Interpolated_3116310,98.92106628417969,30.579519271850586,0.0698268860578537,0.5540730953216553,3.0,12
558,Interpolated_3116314,98.92142486572266,30.57957649230957,0.09792664647102356,0.567240297794342,3.0,12
559,Interpolated_3116317,98.92176055908203,30.57962989807129,0.0,0.3561903238296509,3.0,12
560,Interpolated_3116320,98.92213439941406,30.579689025878906,0.0,0.32015591859817505,3.0,12
561,Interpolated_3116323,98.92240905761719,30.57973289489746,0.0,0.15541309118270874,2.0,12
562,Interpolated_3116326,98.92272186279297,30.579782485961914,0.0,0.1559402495622635,2.0,12
563,Interpolated_3116329,98.92308807373047,30.57984161376953,0.0,0.1556805968284607,2.0,12
564,Interpolated_3116332,98.92344665527344,30.579898834228516,0.0,0.15034937858581543,2.0,12
565,Interpolated_3116335,98.92376708984375,30.57994842529297,0.0,0.1395244151353836,2.0,12
566,Interpolated_3116338,98.924072265625,30.579998016357422,0.0,0.15588562190532684,2.0,12
567,Interpolated_3116341,98.9244155883789,30.58005142211914,0.0,0.4646596908569336,3.0,12
568,Interpolated_3116344,98.92474365234375,30.58010482788086,0.0,0.3159216046333313,3.0,12
569,Interpolated_3116347,98.925048828125,30.58015251159668,0.0,0.18021166324615479,2.0,12
570,Interpolated_3116350,98.92538452148438,30.5802059173584,0.0,0.3578943610191345,3.0,12
571,Interpolated_3116353,98.9257583618164,30.580265045166016,0.0,0.39411067962646484,3.0,12
572,Interpolated_3116356,98.92611694335938,30.580322265625,0.0,0.06666667014360428,1.0,12
573,Interpolated_3116359,98.92643737792969,30.580373764038086,0.0,0.35768502950668335,3.0,12
574,Interpolated_3116362,98.9267578125,30.58042335510254,0.0,0.3498668074607849,3.0,12
575,Interpolated_3116365,98.92707824707031,30.580474853515625,0.08214664459228516,0.5598459839820862,3.0,12
576,Interpolated_3116368,98.9273681640625,30.580520629882812,0.0,0.24331936240196228,3.0,12
577,Interpolated_3116371,98.92766571044922,30.580568313598633,0.0,0.4997524619102478,3.0,12
578,Interpolated_3116374,98.92797088623047,30.580617904663086,0.0,0.15008412301540375,2.0,12
579,Interpolated_3116377,98.92827606201172,30.580665588378906,0.0,0.4819740056991577,3.0,12
580,Interpolated_3116380,98.92855834960938,30.58070945739746,0.0,0.25625425577163696,3.0,12
581,Interpolated_3116383,98.92886352539062,30.580759048461914,0.0,0.15057465434074402,2.0,12
582,Interpolated_3116386,98.92925262451172,30.580820083618164,0.0,0.3506702184677124,3.0,12
583,Interpolated_3116389,98.92964172363281,30.580883026123047,0.0,0.3284454941749573,3.0,12
584,Interpolated_3116392,98.93000793457031,30.58094024658203,0.0,0.1791662871837616,2.0,12
585,Interpolated_3116395,98.93038177490234,30.58099937438965,0.0,0.2162563055753708,3.0,12
586,Interpolated_3116398,98.93070983886719,30.581052780151367,0.0,0.21144549548625946,2.0,12
587,Interpolated_3116401,98.93103790283203,30.581104278564453,0.0,0.35774797201156616,3.0,12
588,Interpolated_3116404,98.93142700195312,30.581165313720703,0.0,0.3396061360836029,3.0,12
589,Interpolated_3116407,98.93185424804688,30.581233978271484,0.23521168529987335,0.6315703988075256,3.0,12
590,Interpolated_3116410,98.93225860595703,30.581298828125,0.0,0.31105706095695496,3.0,12
591,Interpolated_3116413,98.93258666992188,30.581350326538086,0.0,0.39118772745132446,3.0,12
592,Interpolated_3116416,98.93289184570312,30.581398010253906,0.4495547413825989,0.7320089340209961,3.0,12
593,Interpolated_3116419,98.93318176269531,30.581445693969727,0.0,0.2680126428604126,3.0,12
594,Interpolated_3116422,98.9334945678711,30.581493377685547,0.0,0.36342066526412964,3.0,12
595,Interpolated_3116425,98.9338150024414,30.581544876098633,0.0,0.3916347622871399,3.0,12
596,Interpolated_3116428,98.93414306640625,30.58159637451172,0.054326608777046204,0.5468098521232605,3.0,12
597,Interpolated_3116431,98.93450164794922,30.581653594970703,0.07379668951034546,0.5559332966804504,3.0,12
598,Interpolated_3116434,98.93488311767578,30.581714630126953,0.0,0.5043362975120544,3.0,12
599,Interpolated_3116437,98.93528747558594,30.581777572631836,0.0,0.3306630849838257,3.0,12
600,Interpolated_3118981,98.91891479492188,30.57930564880371,0.0,0.41798436641693115,3.0,12
601,Interpolated_3118987,98.91950225830078,30.57939910888672,0.0,0.518258810043335,3.0,12
602,Interpolated_3118992,98.92005920410156,30.579486846923828,0.0,0.40852785110473633,3.0,12
603,Interpolated_3118997,98.92074584960938,30.57959747314453,0.0,0.49475252628326416,3.0,12
604,Interpolated_3119002,98.92125701904297,30.57967758178711,0.0,0.44964152574539185,3.0,12
605,Interpolated_3119005,98.92154693603516,30.579723358154297,0.0,0.3322705030441284,3.0,12
606,Interpolated_3119008,98.92192077636719,30.579784393310547,0.0,0.42608875036239624,3.0,12
607,Interpolated_3119011,98.92227172851562,30.5798397064209,0.0,0.24227569997310638,3.0,12
608,Interpolated_3119014,98.92256164550781,30.579885482788086,0.0,0.13964471220970154,2.0,12
609,Interpolated_3119017,98.92288970947266,30.579936981201172,0.0,0.4464045763015747,3.0,12
610,Interpolated_3119020,98.92324829101562,30.579994201660156,0.0,0.2319759875535965,3.0,12
611,Interpolated_3119023,98.92359924316406,30.580049514770508,0.0,0.31640511751174927,3.0,12
612,Interpolated_3119026,98.92391967773438,30.580101013183594,0.0,0.06666667014360428,1.0,12
613,Interpolated_3119029,98.92423248291016,30.580150604248047,0.0,0.13957609236240387,2.0,12
614,Interpolated_3119032,98.92457580566406,30.5802059173584,0.0,0.316616415977478,3.0,12
615,Interpolated_3119035,98.92489624023438,30.58025550842285,0.0,0.24146448075771332,3.0,12
616,Interpolated_3119038,98.92520904541016,30.580307006835938,0.0,0.3314310908317566,3.0,12
617,Interpolated_3119041,98.92557525634766,30.580364227294922,0.0,0.06666667014360428,1.0,12
618,Interpolated_3119044,98.92595672607422,30.580425262451172,0.0,0.3325808346271515,3.0,12
619,Interpolated_3119047,98.9262924194336,30.58047866821289,0.0,0.27975526452064514,3.0,12
620,Interpolated_3119050,98.92660522460938,30.580528259277344,0.0,0.15008339285850525,2.0,12
621,Interpolated_3119053,98.92691802978516,30.580577850341797,0.0,0.30328547954559326,3.0,12
622,Interpolated_3119056,98.9272232055664,30.580625534057617,0.0,0.4533780813217163,3.0,12
623,Interpolated_3119059,98.92752075195312,30.580673217773438,0.0,0.1791980117559433,2.0,12
624,Interpolated_3119062,98.92781066894531,30.580718994140625,0.0,0.4337354600429535,3.0,12
625,Interpolated_3119065,98.92811584472656,30.580768585205078,0.0,0.3344617784023285,3.0,12
626,Interpolated_3119068,98.92840576171875,30.580814361572266,0.0,0.330455482006073,3.0,12
627,Interpolated_3119071,98.92870330810547,30.580862045288086,0.0,0.17922013998031616,2.0,12
628,Interpolated_3119074,98.92903900146484,30.580915451049805,0.0,0.3009988069534302,3.0,12
629,Interpolated_3119077,98.92942810058594,30.580976486206055,0.0,0.2832859754562378,3.0,12
630,Interpolated_3119080,98.92980194091797,30.581035614013672,0.0,0.19312551617622375,2.0,12
631,Interpolated_3119083,98.93017578125,30.58109474182129,0.0,0.1949661672115326,2.0,12
632,Interpolated_3119086,98.9305419921875,30.581153869628906,0.0,0.2556036114692688,3.0,12
633,Interpolated_3119089,98.93087005615234,30.581205368041992,0.0,0.3476793169975281,3.0,12
634,Interpolated_3119092,98.93120574951172,30.58125877380371,0.0,0.15983885526657104,2.0,12
635,Interpolated_3119095,98.931640625,30.581327438354492,0.0,0.4722599387168884,3.0,12
636,Interpolated_3119098,98.93209838867188,30.58139991760254,0.05003511533141136,0.5447989106178284,3.0,12
637,Interpolated_3119101,98.93244934082031,30.58145523071289,0.091673843562603,0.5643103122711182,3.0,12
638,Interpolated_3119104,98.9327392578125,30.58150291442871,0.0,0.44505372643470764,3.0,12
639,Interpolated_3119107,98.93302917480469,30.581546783447266,0.0,0.42542916536331177,3.0,12
640,Interpolated_3119110,98.9333267211914,30.581594467163086,0.0,0.3760322332382202,3.0,12
641,Interpolated_3119113,98.93364715576172,30.581645965576172,0.0,0.3707333207130432,3.0,12
642,Interpolated_3119116,98.93396759033203,30.581697463989258,0.17336052656173706,0.6025876998901367,3.0,12
643,Interpolated_3119119,98.9343032836914,30.581750869750977,0.0,0.3219172954559326,3.0,12
644,Interpolated_3119122,98.93465423583984,30.581806182861328,0.0,0.4067397117614746,3.0,12
645,Interpolated_3119126,98.93515014648438,30.581884384155273,0.0,0.3151346445083618,3.0,12
646,Interpolated_3121669,98.91873168945312,30.579404830932617,0.0,0.4133787155151367,3.0,12
647,Interpolated_3121677,98.91950225830078,30.579526901245117,0.0,0.24277536571025848,3.0,12
648,Interpolated_3121681,98.91992950439453,30.5795955657959,0.0,0.43117856979370117,3.0,12
649,Interpolated_3121690,98.92108154296875,30.57977867126465,0.0,0.28094205260276794,3.0,12
650,Interpolated_3121693,98.9213638305664,30.579824447631836,0.0,0.2952439486980438,3.0,12
651,Interpolated_3121696,98.92168426513672,30.57987403869629,0.32844221591949463,0.6752570867538452,3.0,12
652,Interpolated_3121699,98.92207336425781,30.57993507385254,0.0,0.31488847732543945,3.0,12
653,Interpolated_3121702,98.92241668701172,30.57999038696289,0.0,0.06666667014360428,1.0,12
654,Interpolated_3121705,98.9227294921875,30.580039978027344,0.0,0.15594813227653503,2.0,12
655,Interpolated_3121708,98.92308044433594,30.580095291137695,0.0,0.15568742156028748,2.0,12
656,Interpolated_3121711,98.92341613769531,30.580148696899414,0.0,0.27140501141548157,3.0,12
657,Interpolated_3121714,98.92375183105469,30.580202102661133,0.0,0.1397107094526291,2.0,12
658,Interpolated_3121717,98.92406463623047,30.580251693725586,0.0,0.2355516254901886,2.0,12
659,Interpolated_3121720,98.92440032958984,30.580305099487305,0.0,0.15527135133743286,2.0,12
660,Interpolated_3121723,98.92472839355469,30.580358505249023,0.0,0.26694154739379883,2.0,12
661,Interpolated_3121726,98.925048828125,30.580408096313477,0.0,0.3315330743789673,3.0,12
662,Interpolated_3121729,98.92539978027344,30.580463409423828,0.0,0.3566717505455017,3.0,12
663,Interpolated_3121732,98.92577362060547,30.580524444580078,0.0,0.06666667014360428,1.0,12
664,Interpolated_3121735,98.9261474609375,30.580583572387695,0.0,0.397876501083374,3.0,12
665,Interpolated_3121738,98.92644500732422,30.580629348754883,0.0,0.41981616616249084,3.0,12
666,Interpolated_3121741,98.9267578125,30.580678939819336,0.31189316511154175,0.6675024032592773,3.0,12
667,Interpolated_3121744,98.92706298828125,30.58072853088379,0.24471396207809448,0.6360230445861816,3.0,12
668,Interpolated_3121747,98.92736053466797,30.58077621459961,0.0,0.3156242072582245,3.0,12
669,Interpolated_3121750,98.92766571044922,30.580825805664062,0.0,0.21599340438842773,3.0,12
670,Interpolated_3121753,98.92796325683594,30.58087158203125,0.0,0.3483780026435852,3.0,12
671,Interpolated_3121756,98.92825317382812,30.580917358398438,0.1930818408727646,0.6118288636207581,3.0,12
672,Interpolated_3121759,98.92855834960938,30.58096694946289,0.10725299268960953,0.5716105103492737,3.0,12
673,Interpolated_3121762,98.92887115478516,30.581016540527344,0.0,0.3526982367038727,3.0,12
674,Interpolated_3121765,98.92920684814453,30.581069946289062,0.0,0.19097699224948883,2.0,12
675,Interpolated_3121768,98.9295883178711,30.58112907409668,0.0,0.3175864815711975,3.0,12
676,Interpolated_3121771,98.92996215820312,30.58119010925293,0.0,0.25687456130981445,3.0,12
677,Interpolated_3121774,98.93032836914062,30.581247329711914,0.0,0.21318204700946808,2.0,12
678,Interpolated_3121777,98.93067932128906,30.581302642822266,0.0,0.32911527156829834,3.0,12
679,Interpolated_3121780,98.9310302734375,30.581357955932617,0.0,0.19191589951515198,2.0,12
680,Interpolated_3121783,98.9314193725586,30.5814208984375,0.0,0.28554579615592957,3.0,12
681,Interpolated_3121786,98.9319076538086,30.581497192382812,0.0,0.49319857358932495,3.0,12
682,Interpolated_3121789,98.93230438232422,30.581560134887695,0.0,0.298173189163208,3.0,12
683,Interpolated_3121792,98.93258666992188,30.581605911254883,0.0,0.32768312096595764,3.0,12
684,Interpolated_3121795,98.9328842163086,30.581653594970703,0.0,0.3071276545524597,3.0,12
685,Interpolated_3121798,98.93317413330078,30.58169937133789,0.0,0.33667483925819397,3.0,12
686,Interpolated_3121801,98.93347930908203,30.58174705505371,0.0,0.3442663252353668,3.0,12
687,Interpolated_3121804,98.93379974365234,30.581798553466797,0.0,0.37084200978279114,3.0,12
688,Interpolated_3121807,98.93412017822266,30.58184814453125,0.2728733718395233,0.6492182016372681,3.0,12
689,Interpolated_3121810,98.93445587158203,30.58190155029297,0.0,0.3048575520515442,3.0,12
690,Interpolated_3121813,98.93479919433594,30.58195686340332,0.15787169337272644,0.5953298211097717,3.0,12
691,Interpolated_3121816,98.93515014648438,30.582012176513672,0.0,0.37098759412765503,3.0,12
692,Interpolated_3121822,98.93620300292969,30.58218002319336,0.0,0.5210785269737244,3.0,12
693,Interpolated_3124363,98.91911315917969,30.579593658447266,0.0,0.29269087314605713,3.0,12
694,Interpolated_3124366,98.9194107055664,30.579641342163086,0.061717722564935684,0.5502732396125793,3.0,12
695,Interpolated_3124369,98.9197006225586,30.579687118530273,0.0,0.5188369750976562,3.0,12
696,Interpolated_3124376,98.9206314086914,30.579833984375,0.0,0.24927492439746857,3.0,12
697,Interpolated_3124381,98.92120361328125,30.579925537109375,0.0,0.31613093614578247,3.0,12
698,Interpolated_3124384,98.92150115966797,30.579973220825195,0.0,0.3202674388885498,3.0,12
699,Interpolated_3124387,98.92182922363281,30.58002471923828,0.0,0.1505345106124878,2.0,12
700,Interpolated_3124390,98.9222183227539,30.580087661743164,0.0,0.40170055627822876,3.0,12
701,Interpolated_3124393,98.92256164550781,30.580141067504883,0.0,0.15022163093090057,2.0,12
702,Interpolated_3124396,98.92289733886719,30.5801944732666,0.0,0.15594813227653503,2.0,12
703,Interpolated_3124399,98.92324829101562,30.580249786376953,0.0,0.06666667014360428,1.0,12
704,Interpolated_3124402,98.92356872558594,30.58030128479004,0.0,0.4407374858856201,3.0,12
705,Interpolated_3124405,98.92389678955078,30.580352783203125,0.0,0.14517109096050262,2.0,12
706,Interpolated_3124408,98.92422485351562,30.580406188964844,0.0,0.17948231101036072,2.0,12
707,Interpolated_3124411,98.924560546875,30.580459594726562,0.0,0.06666667014360428,1.0,12
708,Interpolated_3124414,98.92488861083984,30.58051109313965,0.0,0.06666667014360428,1.0,12
709,Interpolated_3124417,98.92522430419922,30.580564498901367,0.0,0.33107268810272217,3.0,12
710,Interpolated_3124420,98.92559814453125,30.580623626708984,0.0,0.18041597306728363,2.0,12
711,Interpolated_3124423,98.92597198486328,30.5806827545166,0.0,0.31598180532455444,3.0,12
712,Interpolated_3124426,98.92632293701172,30.580738067626953,0.0,0.15062053501605988,2.0,12
713,Interpolated_3124429,98.9266128540039,30.580785751342773,0.0,0.17797836661338806,2.0,12
714,Interpolated_3124432,98.9269027709961,30.58083152770996,0.0,0.3729730546474457,3.0,12
715,Interpolated_3124435,98.92720794677734,30.58087921142578,0.0,0.36935973167419434,3.0,12
716,Interpolated_3124438,98.92752075195312,30.580928802490234,0.0,0.3813106417655945,3.0,12
717,Interpolated_3124441,98.92781066894531,30.580976486206055,0.0,0.28583651781082153,3.0,12
718,Interpolated_3124444,98.92809295654297,30.58102035522461,0.0,0.46828973293304443,3.0,12
719,Interpolated_3124447,98.92840576171875,30.581069946289062,0.0,0.36272644996643066,3.0,12
720,Interpolated_3124450,98.92871856689453,30.581119537353516,0.0,0.33977627754211426,3.0,12
721,Interpolated_3124453,98.92903137207031,30.58116912841797,0.0,0.31752708554267883,3.0,12
722,Interpolated_3124456,98.92937469482422,30.581222534179688,0.0,0.26321715116500854,3.0,12
723,Interpolated_3124459,98.92973327636719,30.581281661987305,0.0,0.2211492657661438,2.0,12
724,Interpolated_3124462,98.93009948730469,30.58133888244629,0.0,0.25775963068008423,3.0,12
725,Interpolated_3124465,98.93047332763672,30.581398010253906,0.0,0.06666667014360428,1.0,12
726,Interpolated_3124468,98.93083190917969,30.58145523071289,0.0,0.2219725400209427,3.0,12
727,Interpolated_3124471,98.93122100830078,30.58151626586914,0.0,0.2625770568847656,3.0,12
728,Interpolated_3124474,98.93167114257812,30.581588745117188,0.0,0.486638605594635,3.0,12
729,Interpolated_3124477,98.93215942382812,30.581666946411133,0.0,0.4552178382873535,3.0,12
730,Interpolated_3124480,98.93245697021484,30.58171272277832,0.0,0.322162389755249,3.0,12
731,Interpolated_3124483,98.93274688720703,30.58176040649414,0.22858606278896332,0.6284657120704651,3.0,12
732,Interpolated_3124486,98.93302917480469,30.581804275512695,0.0,0.42082667350769043,3.0,12
733,Interpolated_3124489,98.9333267211914,30.581851959228516,0.0,0.37890270352363586,3.0,12
734,Interpolated_3124492,98.93363189697266,30.581899642944336,0.0,0.37269604206085205,3.0,12
735,Interpolated_3124495,98.93394470214844,30.58194923400879,0.0,0.29769155383110046,3.0,12
736,Interpolated_3124498,98.93427276611328,30.582002639770508,0.09934365749359131,0.5679042935371399,3.0,12
737,Interpolated_3124501,98.93460083007812,30.582054138183594,0.2856651544570923,0.6552122831344604,3.0,12
738,Interpolated_3124504,98.9349365234375,30.582107543945312,0.0,0.32538217306137085,3.0,12
739,Interpolated_3124508,98.93534851074219,30.582172393798828,0.0,0.5148422718048096,3.0,12
740,Interpolated_3124511,98.93590545654297,30.582260131835938,0.0,0.36156100034713745,3.0,12
741,Interpolated_3127047,98.9185562133789,30.579633712768555,0.08572352677583694,0.5615220665931702,3.0,12
742,Interpolated_3127053,98.91912841796875,30.579723358154297,0.0,0.3509292006492615,3.0,12
743,Interpolated_3127056,98.91941833496094,30.579771041870117,0.0,0.2948419451713562,3.0,12
744,Interpolated_3127059,98.9197006225586,30.579814910888672,0.0,0.29775553941726685,3.0,12
745,Interpolated_3127066,98.9206314086914,30.5799617767334,0.07110156863927841,0.5546703934669495,3.0,12
746,Interpolated_3127070,98.9211196899414,30.580039978027344,0.0,0.3223353326320648,3.0,12
747,Interpolated_3127073,98.92143249511719,30.580089569091797,0.0,0.41947799921035767,3.0,12
748,Interpolated_3127076,98.92173767089844,30.58013916015625,0.0,0.40811482071876526,3.0,12
749,Interpolated_3127079,98.92211151123047,30.580198287963867,0.0,0.24799269437789917,3.0,12
750,Interpolated_3127082,98.92247772216797,30.58025550842285,0.0,0.31466060876846313,3.0,12
751,Interpolated_3127085,98.92282104492188,30.580310821533203,0.0,0.13958241045475006,2.0,12
752,Interpolated_3127088,98.92317199707031,30.580366134643555,0.0,0.13968214392662048,2.0,12
753,Interpolated_3127091,98.92349243164062,30.58041763305664,0.0,0.06666667014360428,1.0,12
754,Interpolated_3127094,98.923828125,30.58047103881836,0.0,0.35471975803375244,3.0,12
755,Interpolated_3127097,98.92415618896484,30.580522537231445,0.0,0.13964471220970154,2.0,12
756,Interpolated_3127100,98.92450714111328,30.580577850341797,0.0,0.150507390499115,2.0,12
757,Interpolated_3127103,98.92484283447266,30.580631256103516,0.0,0.16764701902866364,2.0,12
758,Interpolated_3127106,98.92518615722656,30.580686569213867,0.0,0.13947419822216034,2.0,12
759,Interpolated_3127109,98.925537109375,30.58074188232422,0.0,0.17287787795066833,2.0,12
760,Interpolated_3127112,98.92591094970703,30.580801010131836,0.0,0.13971519470214844,2.0,12
761,Interpolated_3127115,98.92627716064453,30.580860137939453,0.0,0.29107922315597534,3.0,12
762,Interpolated_3127118,98.92656707763672,30.58090591430664,0.0,0.3606749475002289,3.0,12
763,Interpolated_3127121,98.9268569946289,30.580951690673828,0.0,0.3300417959690094,3.0,12
764,Interpolated_3127124,98.92715454101562,30.58099937438965,0.11952212452888489,0.577359676361084,3.0,12
765,Interpolated_3127127,98.9274673461914,30.5810489654541,0.0,0.330594003200531,3.0,12
766,Interpolated_3127130,98.92774963378906,30.581092834472656,0.0,0.460360586643219,3.0,12
767,Interpolated_3127133,98.92802429199219,30.58113670349121,0.0,0.31545573472976685,3.0,12
768,Interpolated_3127136,98.9283218383789,30.58118438720703,0.0,0.31626784801483154,3.0,12
769,Interpolated_3127139,98.92865753173828,30.58123779296875,0.0,0.15014956891536713,2.0,12
770,Interpolated_3127142,98.9289779663086,30.581289291381836,0.0,0.41509005427360535,3.0,12
771,Interpolated_3127145,98.92930603027344,30.581340789794922,0.0,0.17968809604644775,2.0,12
772,Interpolated_3127148,98.92965698242188,30.581396102905273,0.09374606609344482,0.565281331539154,3.0,12
773,Interpolated_3127151,98.93000793457031,30.581451416015625,0.0,0.3584437668323517,3.0,12
774,Interpolated_3127154,98.93038940429688,30.581512451171875,0.0,0.2654944062232971,3.0,12
775,Interpolated_3127157,98.93077087402344,30.581573486328125,0.0,0.426327109336853,3.0,12
776,Interpolated_3127160,98.93115234375,30.581634521484375,0.0,0.20377589762210846,2.0,12
777,Interpolated_3127163,98.93159484863281,30.58170509338379,0.0,0.2924084961414337,3.0,12
778,Interpolated_3127166,98.93212127685547,30.581787109375,0.0,0.3544367551803589,3.0,12
779,Interpolated_3127169,98.9323959350586,30.581830978393555,0.0,0.2463243305683136,3.0,12
780,Interpolated_3127172,98.93268585205078,30.581878662109375,0.0,0.27105867862701416,3.0,12
781,Interpolated_3127175,98.93296813964844,30.58192253112793,0.37991902232170105,0.699378490447998,3.0,12
782,Interpolated_3127178,98.93326568603516,30.58197021484375,0.0,0.4236967861652374,3.0,12
783,Interpolated_3127181,98.9335708618164,30.58201789855957,0.0,0.3175409436225891,3.0,12
784,Interpolated_3127184,98.93389892578125,30.582069396972656,0.0,0.3988566994667053,3.0,12
785,Interpolated_3127187,98.93421173095703,30.58211898803711,0.0,0.42686986923217773,3.0,12
786,Interpolated_3127190,98.93453979492188,30.582170486450195,0.0,0.5210207104682922,3.0,12
787,Interpolated_3127193,98.93485260009766,30.58222198486328,0.0,0.4794235825538635,3.0,12
788,Interpolated_3127196,98.93516540527344,30.582271575927734,0.0,0.25585269927978516,3.0,12
789,Interpolated_3127200,98.93563079833984,30.58234405517578,0.0,0.46902191638946533,3.0,12
790,Interpolated_3127203,98.93618774414062,30.582433700561523,0.19583190977573395,0.613117516040802,3.0,12
791,Interpolated_3129742,98.91905212402344,30.5798397064209,0.0,0.5114608407020569,3.0,12
792,Interpolated_3129747,98.91951751708984,30.579914093017578,0.0,0.41937923431396484,3.0,12
793,Interpolated_3129750,98.91983032226562,30.57996368408203,0.0,0.3224080801010132,3.0,12
794,Interpolated_3129756,98.92061614990234,30.580089569091797,0.0,0.35587674379348755,3.0,12
795,Interpolated_3129760,98.92113494873047,30.580171585083008,0.0,0.2604369521141052,3.0,12
796,Interpolated_3129764,98.92156219482422,30.580238342285156,0.0,0.33156538009643555,3.0,12
797,Interpolated_3129767,98.921875,30.58028793334961,0.0,0.31561368703842163,3.0,12
798,Interpolated_3129770,98.92225646972656,30.58034896850586,0.0,0.24239295721054077,3.0,12
799,Interpolated_3129773,98.92261505126953,30.580406188964844,0.0,0.31936171650886536,3.0,12
800,Interpolated_3129776,98.92296600341797,30.580461502075195,0.0,0.1556365042924881,2.0,12
801,Interpolated_3129779,98.92330932617188,30.580514907836914,0.0,0.06666667014360428,1.0,12
802,Interpolated_3129782,98.92364501953125,30.580568313598633,0.0,0.24110795557498932,3.0,12
803,Interpolated_3129785,98.92398834228516,30.580623626708984,0.0,0.13973772525787354,2.0,12
804,Interpolated_3129788,98.92431640625,30.580677032470703,0.0,0.1559164822101593,2.0,12
805,Interpolated_3129791,98.92466735839844,30.580732345581055,0.0,0.06666667014360428,1.0,12
806,Interpolated_3129794,98.92503356933594,30.58078956604004,0.0,0.2462775856256485,3.0,12
807,Interpolated_3129797,98.92537689208984,30.58084487915039,0.0,0.13970176875591278,2.0,12
808,Interpolated_3129800,98.92573547363281,30.580900192260742,0.0,0.06666667014360428,1.0,12
809,Interpolated_3129803,98.92610168457031,30.58095932006836,0.0,0.1506422609090805,2.0,12
810,Interpolated_3129806,98.92643737792969,30.581012725830078,0.0,0.36629050970077515,3.0,12
811,Interpolated_3129809,98.9267349243164,30.5810604095459,0.0,0.30076223611831665,3.0,12
812,Interpolated_3129812,98.92701721191406,30.581106185913086,0.0,0.25610408186912537,3.0,12
813,Interpolated_3129815,98.92731475830078,30.581151962280273,0.0,0.3291051387786865,3.0,12
814,Interpolated_3129818,98.9275894165039,30.581195831298828,0.0,0.2607310712337494,3.0,12
815,Interpolated_3129821,98.9278564453125,30.581239700317383,0.0,0.45803403854370117,3.0,12
816,Interpolated_3129824,98.92813873291016,30.581283569335938,0.0,0.41974711418151855,3.0,12
817,Interpolated_3129827,98.9284896850586,30.58133888244629,0.0,0.35099637508392334,3.0,12
818,Interpolated_3129830,98.92881774902344,30.581392288208008,0.0,0.2812214493751526,3.0,12
819,Interpolated_3129833,98.92913055419922,30.58144187927246,0.0,0.06666667014360428,1.0,12
820,Interpolated_3129836,98.92948150634766,30.581497192382812,0.0,0.21671298146247864,3.0,12
821,Interpolated_3129839,98.9298095703125,30.5815486907959,0.0,0.3111068606376648,3.0,12
822,Interpolated_3129842,98.93019104003906,30.58160972595215,0.0,0.3337077498435974,3.0,12
823,Interpolated_3129845,98.93059539794922,30.58167266845703,0.0,0.2476959228515625,3.0,12
824,Interpolated_3129848,98.93094635009766,30.581729888916016,0.0,0.1849486082792282,2.0,12
825,Interpolated_3129851,98.93136596679688,30.581796646118164,0.0,0.3118054270744324,3.0,12
826,Interpolated_3129854,98.93192291259766,30.581884384155273,0.0,0.31106293201446533,3.0,12
827,Interpolated_3129857,98.93226623535156,30.581937789916992,0.183385968208313,0.6072854995727539,3.0,12
828,Interpolated_3129860,98.93254089355469,30.581981658935547,0.0044314139522612095,0.5234295725822449,3.0,12
829,Interpolated_3129863,98.93281555175781,30.5820255279541,0.0,0.3172517418861389,3.0,12
830,Interpolated_3129866,98.93310546875,30.58207130432129,0.5158483386039734,0.7630733251571655,3.0,12
831,Interpolated_3129869,98.93341827392578,30.582120895385742,0.0,0.38108766078948975,3.0,12
832,Interpolated_3129872,98.93373107910156,30.582172393798828,0.0,0.28727293014526367,3.0,12
833,Interpolated_3129875,98.93405151367188,30.58222198486328,0.001647247583605349,0.5221249461174011,3.0,12
834,Interpolated_3129878,98.93435668945312,30.582271575927734,0.4699786901473999,0.7415793538093567,3.0,12
835,Interpolated_3129881,98.93467712402344,30.582321166992188,0.0,0.42206013202667236,3.0,12
836,Interpolated_3129884,98.93498992919922,30.58237075805664,0.2173698991537094,0.6232099533081055,3.0,12
837,Interpolated_3129887,98.9352798461914,30.582416534423828,0.0,0.4913288354873657,3.0,12
838,Interpolated_3129890,98.93563842773438,30.582473754882812,0.19990462064743042,0.6150259375572205,3.0,12
839,Interpolated_3129893,98.93611907958984,30.582550048828125,0.0,0.46033310890197754,3.0,12
840,Interpolated_3129896,98.93709564208984,30.582704544067383,0.6345553994178772,0.818697988986969,3.0,12
841,Interpolated_3132428,98.9186782836914,30.57990837097168,0.0,0.30196112394332886,3.0,12
842,Interpolated_3132431,98.91898345947266,30.579957962036133,0.0,0.3966081738471985,3.0,12
843,Interpolated_3132434,98.91926574707031,30.580001831054688,0.0,0.24293318390846252,3.0,12
844,Interpolated_3132437,98.91952514648438,30.580041885375977,0.0,0.4072191119194031,3.0,12
845,Interpolated_3132440,98.91983795166016,30.58009147644043,0.0,0.3633962869644165,3.0,12
846,Interpolated_3132443,98.92021942138672,30.58015251159668,0.0,0.3177284300327301,3.0,12
847,Interpolated_3132447,98.92074584960938,30.580236434936523,0.0,0.28763312101364136,3.0,12
848,Interpolated_3132452,98.92138671875,30.580337524414062,0.0401729978621006,0.5401776432991028,3.0,12
849,Interpolated_3132455,98.92169189453125,30.580387115478516,0.0,0.3167807459831238,3.0,12
850,Interpolated_3132458,98.9220199584961,30.5804386138916,0.0,0.32073378562927246,3.0,12
851,Interpolated_3132461,98.92239379882812,30.58049774169922,0.0,0.3139299154281616,3.0,12
852,Interpolated_3132464,98.9227523803711,30.580554962158203,0.0,0.3153984844684601,3.0,12
853,Interpolated_3132467,98.92311096191406,30.580612182617188,0.0,0.15006868541240692,2.0,12
854,Interpolated_3132470,98.92345428466797,30.58066749572754,0.0,0.22975781559944153,2.0,12
855,Interpolated_3132473,98.9238052368164,30.58072280883789,0.0,0.24142226576805115,3.0,12
856,Interpolated_3132476,98.92415618896484,30.580778121948242,0.0,0.15535171329975128,2.0,12
857,Interpolated_3132479,98.92448425292969,30.58083152770996,0.0,0.23574452102184296,2.0,12
858,Interpolated_3132482,98.92485046386719,30.580888748168945,0.0,0.24139681458473206,3.0,12
859,Interpolated_3132485,98.92521667480469,30.580947875976562,0.0,0.15567977726459503,2.0,12
860,Interpolated_3132488,98.92555236816406,30.58099937438965,0.0,0.17343449592590332,2.0,12
861,Interpolated_3132491,98.9259262084961,30.581058502197266,0.0,0.316028356552124,3.0,12
862,Interpolated_3132494,98.92628479003906,30.58111572265625,0.0,0.44236868619918823,3.0,12
863,Interpolated_3132497,98.92659759521484,30.581167221069336,0.0,0.3690459132194519,3.0,12
864,Interpolated_3132500,98.92688751220703,30.581212997436523,0.0,0.4354887008666992,3.0,12
865,Interpolated_3132503,98.92716979980469,30.581256866455078,0.0,0.2824781537055969,3.0,12
866,Interpolated_3132506,98.92742919921875,30.581298828125,0.0,0.17313727736473083,2.0,12
867,Interpolated_3132509,98.92768859863281,30.581340789794922,0.0,0.3184017539024353,3.0,12
868,Interpolated_3132512,98.9279556274414,30.581382751464844,0.0,0.24261078238487244,3.0,12
869,Interpolated_3132515,98.92829132080078,30.581436157226562,0.0,0.3468165993690491,3.0,12
870,Interpolated_3132518,98.92864990234375,30.581491470336914,0.0,0.21288235485553741,2.0,12
871,Interpolated_3132521,98.92897033691406,30.58154296875,0.0,0.18097048997879028,2.0,12
872,Interpolated_3132524,98.92931365966797,30.58159828186035,0.0,0.26218533515930176,3.0,12
873,Interpolated_3132527,98.9296646118164,30.581653594970703,0.0,0.25706493854522705,3.0,12
874,Interpolated_3132530,98.93000030517578,30.581707000732422,0.0,0.34939026832580566,3.0,12
875,Interpolated_3132533,98.93041229248047,30.581771850585938,0.0,0.3109075427055359,3.0,12
876,Interpolated_3132536,98.93077087402344,30.581829071044922,0.0,0.3146681785583496,3.0,12
877,Interpolated_3132539,98.93114471435547,30.58188819885254,0.0,0.31231892108917236,3.0,12
878,Interpolated_3132542,98.931640625,30.581968307495117,0.0,0.4670051336288452,3.0,12
879,Interpolated_3132545,98.9321060180664,30.582040786743164,0.0,0.3982127904891968,3.0,12
880,Interpolated_3132548,98.932373046875,30.582082748413086,0.03393915295600891,0.5372565388679504,3.0,12
881,Interpolated_3132551,98.93266296386719,30.582130432128906,0.0,0.282113254070282,3.0,12
882,Interpolated_3132554,98.9329605102539,30.582176208496094,0.0,0.4980422258377075,3.0,12
883,Interpolated_3132557,98.93326568603516,30.582225799560547,0.0007245345623232424,0.5216925740242004,3.0,12
884,Interpolated_3132560,98.93357849121094,30.582275390625,0.0,0.39410507678985596,3.0,12
885,Interpolated_3132563,98.93388366699219,30.58232307434082,0.0,0.44315028190612793,3.0,12
886,Interpolated_3132566,98.93419647216797,30.582372665405273,0.0,0.3929861783981323,3.0,12
887,Interpolated_3132569,98.93450927734375,30.582422256469727,0.0,0.2845304012298584,3.0,12
888,Interpolated_3132572,98.93480682373047,30.582469940185547,0.19553565979003906,0.6129786968231201,3.0,12
889,Interpolated_3132575,98.93511199951172,30.58251953125,0.0,0.3719290494918823,3.0,12
890,Interpolated_3132578,98.9354019165039,30.582565307617188,0.3071010112762451,0.6652568578720093,3.0,12
891,Interpolated_3132581,98.93578338623047,30.582624435424805,0.0,0.29473641514778137,3.0,12
892,Interpolated_3132584,98.93620300292969,30.582691192626953,0.0,0.3825625777244568,3.0,12
893,Interpolated_3135117,98.9186019897461,30.58002281188965,0.0,0.39080479741096497,3.0,12
894,Interpolated_3135120,98.91889953613281,30.5800724029541,0.0,0.2679292559623718,3.0,12
895,Interpolated_3135123,98.919189453125,30.580116271972656,0.0,0.20478478074073792,2.0,12
896,Interpolated_3135126,98.91944122314453,30.580158233642578,0.0,0.31356698274612427,3.0,12
897,Interpolated_3135129,98.91973114013672,30.580204010009766,0.21478912234306335,0.6220006346702576,3.0,12
898,Interpolated_3135132,98.92007446289062,30.580259323120117,0.35029539465904236,0.6854972243309021,3.0,12
899,Interpolated_3135136,98.92060089111328,30.580341339111328,0.0,0.36738383769989014,3.0,12
900,Interpolated_3135139,98.92102813720703,30.58041000366211,0.0,0.3467593193054199,3.0,12
901,Interpolated_3135142,98.92140197753906,30.580469131469727,0.0,0.2342146933078766,2.0,12
902,Interpolated_3135145,98.92171478271484,30.58051872253418,0.0,0.3607364892959595,3.0,12
903,Interpolated_3135148,98.92204284667969,30.580570220947266,0.0,0.35332024097442627,3.0,12
904,Interpolated_3135151,98.92241668701172,30.580629348754883,0.0,0.1502276360988617,2.0,12
905,Interpolated_3135154,98.92276763916016,30.580686569213867,0.0,0.3563476800918579,3.0,12
906,Interpolated_3135157,98.92312622070312,30.58074378967285,0.0,0.15006868541240692,2.0,12
907,Interpolated_3135160,98.92350769042969,30.58080291748047,0.0,0.15584510564804077,2.0,12
908,Interpolated_3135163,98.92386627197266,30.580860137939453,0.0,0.1505345106124878,2.0,12
909,Interpolated_3135166,98.9241943359375,30.58091163635254,0.0,0.15589922666549683,2.0,12
910,Interpolated_3135169,98.92454528808594,30.580968856811523,0.0,0.13948698341846466,2.0,12
911,Interpolated_3135172,98.92491149902344,30.581026077270508,0.0,0.15009289979934692,2.0,12
912,Interpolated_3135175,98.92526245117188,30.58108139038086,0.0,0.24678370356559753,3.0,12
913,Interpolated_3135178,98.92559051513672,30.581134796142578,0.0,0.26609140634536743,2.0,12
914,Interpolated_3135181,98.92598724365234,30.58119773864746,0.0,0.06666667014360428,1.0,12
915,Interpolated_3135184,98.92633056640625,30.58125114440918,0.0,0.359332799911499,3.0,12
916,Interpolated_3135187,98.92664337158203,30.581300735473633,0.0,0.3683570623397827,3.0,12
917,Interpolated_3135190,98.92692565917969,30.58134651184082,0.0,0.35004445910453796,3.0,12
918,Interpolated_3135193,98.92718505859375,30.581388473510742,0.0,0.4563646912574768,3.0,12
919,Interpolated_3135196,98.92743682861328,30.58142852783203,0.0,0.3751204013824463,3.0,12
920,Interpolated_3135199,98.92770385742188,30.581470489501953,0.0,0.276761919260025,3.0,12
921,Interpolated_3135202,98.92799377441406,30.58151626586914,0.0,0.3145105242729187,3.0,12
922,Interpolated_3135205,98.92835235595703,30.581573486328125,0.0,0.4094116687774658,3.0,12
923,Interpolated_3135208,98.92869567871094,30.581628799438477,0.0,0.13961786031723022,2.0,12
924,Interpolated_3135211,98.92903137207031,30.581680297851562,0.0,0.06666667014360428,1.0,12
925,Interpolated_3135214,98.92938232421875,30.581737518310547,0.0,0.3490931987762451,3.0,12
926,Interpolated_3135217,98.92972564697266,30.5817928314209,0.0,0.3470003008842468,3.0,12
927,Interpolated_3135220,98.93009948730469,30.581851959228516,0.0,0.34936219453811646,3.0,12
928,Interpolated_3135223,98.93047332763672,30.5819091796875,0.0,0.1930655539035797,2.0,12
929,Interpolated_3135226,98.93082427978516,30.581966400146484,0.0,0.29988157749176025,3.0,12
930,Interpolated_3135229,98.93121337890625,30.582027435302734,0.0,0.3666236400604248,3.0,12
931,Interpolated_3135232,98.93172454833984,30.582109451293945,0.0,0.34734562039375305,3.0,12
932,Interpolated_3135235,98.9321060180664,30.582170486450195,0.0,0.17388059198856354,2.0,12
933,Interpolated_3135238,98.9323959350586,30.58221435546875,0.0,0.32529643177986145,3.0,12
934,Interpolated_3135241,98.9327163696289,30.582265853881836,0.0,0.2628767490386963,3.0,12
935,Interpolated_3135244,98.93299865722656,30.582311630249023,0.0,0.24373391270637512,2.0,12
936,Interpolated_3135247,98.93331909179688,30.582361221313477,0.0,0.29141557216644287,3.0,12
937,Interpolated_3135250,98.9336166381836,30.58241081237793,0.0,0.2746894359588623,3.0,12
938,Interpolated_3135253,98.9339370727539,30.582460403442383,0.0,0.5005068778991699,3.0,12
939,Interpolated_3135256,98.93423461914062,30.582508087158203,0.0,0.49388086795806885,3.0,12
940,Interpolated_3135259,98.9345474243164,30.582557678222656,0.05180765315890312,0.5456295013427734,3.0,12
941,Interpolated_3135262,98.93484497070312,30.582605361938477,0.0,0.5112655758857727,3.0,12
942,Interpolated_3135265,98.93514251708984,30.582651138305664,0.0,0.2661505341529846,3.0,12
943,Interpolated_3135268,98.93544006347656,30.582698822021484,0.03334919363260269,0.5369800925254822,3.0,12
944,Interpolated_3135271,98.9357681274414,30.58275032043457,0.0,0.2868715226650238,3.0,12
945,Interpolated_3135274,98.93614196777344,30.58281135559082,0.0,0.4540368318557739,3.0,12
946,Interpolated_3135277,98.9368896484375,30.582929611206055,0.3198203146457672,0.6712169647216797,3.0,12
947,Interpolated_3137807,98.91861724853516,30.580154418945312,0.0,0.3112952709197998,3.0,12
948,Interpolated_3137810,98.91890716552734,30.5802001953125,0.0,0.464322030544281,3.0,12
949,Interpolated_3137813,98.919189453125,30.580245971679688,0.0,0.20378822088241577,2.0,12
950,Interpolated_3137816,98.91946411132812,30.58028793334961,0.17529742419719696,0.6034952998161316,3.0,12
951,Interpolated_3137819,98.91973876953125,30.580333709716797,0.01727701909840107,0.5294488668441772,3.0,12
952,Interpolated_3137822,98.9200668334961,30.580385208129883,0.33095380663871765,0.6764339804649353,3.0,12
953,Interpolated_3137825,98.92044830322266,30.580446243286133,0.07407742738723755,0.5560648441314697,3.0,12
954,Interpolated_3137828,98.92088317871094,30.580514907836914,0.0,0.32114070653915405,3.0,12
955,Interpolated_3137831,98.92129516601562,30.58057975769043,0.0,0.3296908736228943,3.0,12
956,Interpolated_3137834,98.921630859375,30.58063316345215,0.0,0.35518133640289307,3.0,12
957,Interpolated_3137837,98.92193603515625,30.5806827545166,0.0,0.31508538126945496,3.0,12
958,Interpolated_3137840,98.92230987548828,30.58074188232422,0.0,0.1396312564611435,2.0,12
959,Interpolated_3137843,98.92267608642578,30.580799102783203,0.0,0.3563476800918579,3.0,12
960,Interpolated_3137846,98.92303466796875,30.580856323242188,0.0,0.3301956355571747,3.0,12
961,Interpolated_3137849,98.92343139648438,30.58091926574707,0.0,0.15026351809501648,2.0,12
962,Interpolated_3137852,98.9238052368164,30.580978393554688,0.0,0.15570920705795288,2.0,12
963,Interpolated_3137855,98.92413330078125,30.581029891967773,0.0,0.15570920705795288,2.0,12
964,Interpolated_3137858,98.92447662353516,30.581085205078125,0.0,0.15017001330852509,2.0,12
965,Interpolated_3137861,98.92484283447266,30.581144332885742,0.0,0.2796863317489624,3.0,12
966,Interpolated_3137864,98.92520904541016,30.581201553344727,0.0,0.13956741988658905,2.0,12
967,Interpolated_3137867,98.92554473876953,30.581254959106445,0.0,0.13968662917613983,2.0,12
968,Interpolated_3137870,98.92591857910156,30.581314086914062,0.0,0.4137839674949646,3.0,12
969,Interpolated_3137873,98.92627716064453,30.581371307373047,0.0,0.3602568507194519,3.0,12
970,Interpolated_3137876,98.92658233642578,30.5814208984375,0.0,0.45335859060287476,3.0,12
971,Interpolated_3137879,98.92684173583984,30.58146095275879,0.0,0.318126380443573,3.0,12
972,Interpolated_3137882,98.92710876464844,30.58150291442871,0.0,0.21638037264347076,3.0,12
973,Interpolated_3137885,98.92735290527344,30.58154296875,0.0,0.37315309047698975,3.0,12
974,Interpolated_3137888,98.92762756347656,30.581584930419922,0.0,0.3855093717575073,3.0,12
975,Interpolated_3137891,98.92792510986328,30.581632614135742,0.0,0.409954696893692,3.0,12
976,Interpolated_3137894,98.92828369140625,30.581689834594727,0.0,0.319985568523407,3.0,12
977,Interpolated_3137897,98.92864227294922,30.58174705505371,0.0,0.4808918833732605,3.0,12
978,Interpolated_3137900,98.92898559570312,30.581802368164062,0.0,0.42212212085723877,3.0,12
979,Interpolated_3137903,98.92932891845703,30.58185577392578,0.0,0.30073875188827515,3.0,12
980,Interpolated_3137906,98.92967987060547,30.581912994384766,0.0,0.2863016724586487,3.0,12
981,Interpolated_3137909,98.93003845214844,30.58197021484375,0.0,0.2598009705543518,3.0,12
982,Interpolated_3137912,98.93040466308594,30.582027435302734,0.0,0.42862871289253235,3.0,12
983,Interpolated_3137915,98.93073272705078,30.582080841064453,0.0,0.47506552934646606,3.0,12
984,Interpolated_3137918,98.93110656738281,30.58213996887207,0.0,0.18627923727035522,2.0,12
985,Interpolated_3137921,98.93159484863281,30.582216262817383,0.0,0.3856530785560608,3.0,12
986,Interpolated_3137924,98.93199157714844,30.582279205322266,0.10194490849971771,0.5691232085227966,3.0,12
987,Interpolated_3137927,98.93229675292969,30.582326889038086,0.0,0.17587924003601074,2.0,12
988,Interpolated_3137930,98.93267059326172,30.582386016845703,0.0,0.38694292306900024,3.0,12
989,Interpolated_3137933,98.93296813964844,30.582433700561523,0.0,0.27600857615470886,3.0,12
990,Interpolated_3137936,98.93325805664062,30.582481384277344,0.20360273122787476,0.6167588233947754,3.0,12
991,Interpolated_3137939,98.93356323242188,30.582529067993164,0.003675715299323201,0.5230754613876343,3.0,12
992,Interpolated_3137942,98.93386840820312,30.582576751708984,0.0,0.47493720054626465,3.0,12
993,Interpolated_3137945,98.9341812133789,30.582626342773438,0.0,0.3169441521167755,3.0,12
994,Interpolated_3137948,98.93447875976562,30.582674026489258,0.0,0.29785794019699097,3.0,12
995,Interpolated_3137951,98.93478393554688,30.58272361755371,0.0,0.3165873885154724,3.0,12
996,Interpolated_3137954,98.9350814819336,30.5827693939209,0.0,0.27412742376327515,3.0,12
997,Interpolated_3137957,98.93537139892578,30.58281707763672,0.0,0.3459205627441406,3.0,12
998,Interpolated_3137960,98.93566131591797,30.582862854003906,0.0,0.2900618016719818,3.0,12
999,Interpolated_3137963,98.93598175048828,30.58291244506836,0.0,0.3509722352027893,3.0,12
1000,Interpolated_3137966,98.93649291992188,30.58299446105957,0.0,0.3142634332180023,3.0,12
1001,Interpolated_3140496,98.91853332519531,30.58026885986328,0.0,0.3577909469604492,3.0,12
1002,Interpolated_3140499,98.91883087158203,30.5803165435791,0.0,0.25754523277282715,2.0,12
1003,Interpolated_3140502,98.91911315917969,30.58036231994629,0.0,0.4693759083747864,3.0,12
1004,Interpolated_3140505,98.91938781738281,30.580406188964844,0.0,0.3582528233528137,3.0,12
1005,Interpolated_3140508,98.9196548461914,30.580448150634766,0.0,0.42871564626693726,3.0,12
1006,Interpolated_3140511,98.91995239257812,30.580495834350586,0.0,0.28895074129104614,3.0,12
1007,Interpolated_3140514,98.92029571533203,30.580549240112305,0.025130128487944603,0.5331287384033203,3.0,12
1008,Interpolated_3140517,98.92073059082031,30.580617904663086,0.0,0.2792167067527771,3.0,12
1009,Interpolated_3140520,98.92115783691406,30.580686569213867,0.0,0.31734126806259155,3.0,12
1010,Interpolated_3140523,98.9215316772461,30.580745697021484,0.0,0.25868386030197144,3.0,12
1011,Interpolated_3140526,98.9218521118164,30.58079719543457,0.0,0.35350465774536133,3.0,12
1012,Interpolated_3140529,98.92220306396484,30.580852508544922,0.0,0.3141728639602661,3.0,12
1013,Interpolated_3140532,98.92257690429688,30.58091163635254,0.0,0.3148214817047119,3.0,12
1014,Interpolated_3140535,98.92292785644531,30.58096694946289,0.0,0.15023168921470642,2.0,12
1015,Interpolated_3140538,98.92333221435547,30.581031799316406,0.0,0.3153030574321747,3.0,12
1016,Interpolated_3140541,98.92373657226562,30.58109474182129,0.0,0.1502276360988617,2.0,12
1017,Interpolated_3140544,98.924072265625,30.58115005493164,0.0,0.15023168921470642,2.0,12
1018,Interpolated_3140547,98.92440032958984,30.581201553344727,0.0,0.06666667014360428,1.0,12
1019,Interpolated_3140550,98.92477416992188,30.581260681152344,0.0,0.06666667014360428,1.0,12
1020,Interpolated_3140553,98.9251480102539,30.58131980895996,0.0,0.24721769988536835,3.0,12
1021,Interpolated_3140556,98.92549133300781,30.581375122070312,0.0,0.14517109096050262,2.0,12
1022,Interpolated_3140559,98.92586517333984,30.58143424987793,0.0,0.15539899468421936,2.0,12
1023,Interpolated_3140562,98.92620849609375,30.58148956298828,0.0,0.13954301178455353,2.0,12
1024,Interpolated_3140565,98.92652130126953,30.581539154052734,0.0,0.31535327434539795,3.0,12
1025,Interpolated_3140568,98.92676544189453,30.58157730102539,0.0,0.16772456467151642,2.0,12
1026,Interpolated_3140571,98.9270248413086,30.58161735534668,0.0,0.40610069036483765,3.0,12
1027,Interpolated_3140574,98.92728424072266,30.5816593170166,0.0,0.23094405233860016,3.0,12
1028,Interpolated_3140577,98.92754364013672,30.581701278686523,0.0,0.1841956377029419,2.0,12
1029,Interpolated_3140580,98.92786407470703,30.581750869750977,0.0,0.3174329996109009,3.0,12
1030,Interpolated_3140583,98.92821502685547,30.581806182861328,0.0,0.3514571189880371,3.0,12
1031,Interpolated_3140586,98.92857360839844,30.581865310668945,0.0,0.13960452377796173,2.0,12
1032,Interpolated_3140589,98.92892456054688,30.581920623779297,0.0,0.24232035875320435,3.0,12
1033,Interpolated_3140592,98.92927551269531,30.58197593688965,0.0,0.3607436716556549,3.0,12
1034,Interpolated_3140595,98.92961883544922,30.58203125,0.0,0.3003479242324829,3.0,12
1035,Interpolated_3140598,98.92997741699219,30.58208656311035,0.0,0.33412766456604004,3.0,12
1036,Interpolated_3140601,98.93032836914062,30.582141876220703,0.0,0.31041234731674194,3.0,12
1037,Interpolated_3140604,98.93064880371094,30.58219337463379,0.0,0.38978111743927,3.0,12
1038,Interpolated_3140607,98.93099975585938,30.582250595092773,0.0,0.39303600788116455,3.0,12
1039,Interpolated_3140610,98.93144989013672,30.582321166992188,0.0,0.2997186779975891,3.0,12
1040,Interpolated_3140613,98.93185424804688,30.582386016845703,0.0,0.3477134704589844,3.0,12
1041,Interpolated_3140616,98.93220520019531,30.582441329956055,0.0,0.46800196170806885,3.0,12
1042,Interpolated_3140619,98.93262481689453,30.582508087158203,0.0,0.23196983337402344,3.0,12
1043,Interpolated_3140622,98.93291473388672,30.58255386352539,0.0,0.310577392578125,3.0,12
1044,Interpolated_3140625,98.9332046508789,30.582599639892578,0.0,0.47999000549316406,3.0,12
1045,Interpolated_3140628,98.93350219726562,30.5826473236084,0.0,0.3178170323371887,3.0,12
1046,Interpolated_3140631,98.9338150024414,30.58269691467285,0.0,0.5072228312492371,3.0,12
1047,Interpolated_3140634,98.93411254882812,30.582744598388672,0.0,0.4110558032989502,3.0,12
1048,Interpolated_3140637,98.9344253540039,30.582794189453125,0.0,0.34531188011169434,3.0,12
1049,Interpolated_3140640,98.93473052978516,30.582841873168945,0.0,0.40608978271484375,3.0,12
1050,Interpolated_3140643,98.93502044677734,30.582887649536133,0.0,0.2544440031051636,3.0,12
1051,Interpolated_3140646,98.935302734375,30.58293342590332,0.0,0.16889221966266632,2.0,12
1052,Interpolated_3140649,98.93559265136719,30.582979202270508,0.0,0.3696816861629486,3.0,12
1053,Interpolated_3140652,98.93585968017578,30.583023071289062,0.0,0.1683104932308197,2.0,12
1054,Interpolated_3140655,98.93622589111328,30.583080291748047,0.0,0.2744516134262085,3.0,12
1055,Interpolated_3140658,98.93683624267578,30.583175659179688,0.4180877208709717,0.7172638773918152,3.0,12
1056,Interpolated_3143187,98.91864776611328,30.580415725708008,0.030169308185577393,0.5354900360107422,3.0,12
1057,Interpolated_3143190,98.91895294189453,30.580463409423828,0.0,0.28845322132110596,3.0,12
1058,Interpolated_3143193,98.91923522949219,30.580509185791016,0.0,0.29281431436538696,3.0,12
1059,Interpolated_3143196,98.91949462890625,30.580549240112305,0.0,0.16019947826862335,2.0,12
1060,Interpolated_3143199,98.91975402832031,30.580591201782227,0.0,0.48185110092163086,3.0,12
1061,Interpolated_3143202,98.92005920410156,30.58064079284668,0.0,0.4468616247177124,3.0,12
1062,Interpolated_3143205,98.92044067382812,30.580699920654297,0.0,0.35304486751556396,3.0,12
1063,Interpolated_3143208,98.92089080810547,30.580772399902344,0.0,0.4532870054244995,3.0,12
1064,Interpolated_3143211,98.92127990722656,30.580833435058594,0.0,0.30230912566185,3.0,12
1065,Interpolated_3143214,98.9216537475586,30.58089256286621,0.0,0.31899797916412354,3.0,12
1066,Interpolated_3143217,98.92198181152344,30.580944061279297,0.16254466772079468,0.5975195169448853,3.0,12
1067,Interpolated_3143220,98.92234802246094,30.581003189086914,0.0,0.3148214817047119,3.0,12
1068,Interpolated_3143223,98.9227066040039,30.5810604095459,0.0,0.15022163093090057,2.0,12
1069,Interpolated_3143226,98.923095703125,30.58112144470215,0.0,0.1499013900756836,2.0,12
1070,Interpolated_3143229,98.92351531982422,30.58119010925293,0.0,0.33087772130966187,3.0,12
1071,Interpolated_3143232,98.92388916015625,30.581247329711914,0.0,0.1499013900756836,2.0,12
1072,Interpolated_3143235,98.92422485351562,30.581300735473633,0.0,0.3216409981250763,3.0,12
1073,Interpolated_3143238,98.9245834350586,30.581357955932617,0.0,0.1557305008172989,2.0,12
1074,Interpolated_3143241,98.92496490478516,30.581418991088867,0.0,0.15026351809501648,2.0,12
1075,Interpolated_3143244,98.9253158569336,30.58147430419922,0.0,0.13964471220970154,2.0,12
1076,Interpolated_3143247,98.92566680908203,30.581531524658203,0.0,0.13966725766658783,2.0,12
1077,Interpolated_3143250,98.92604064941406,30.58159065246582,0.0,0.06666667014360428,1.0,12
1078,Interpolated_3143253,98.92635345458984,30.581640243530273,0.0,0.16006794571876526,2.0,12
1079,Interpolated_3143256,98.92662048339844,30.581682205200195,0.0,0.31789925694465637,3.0,12
1080,Interpolated_3143259,98.92686462402344,30.58172035217285,0.0,0.3598594069480896,3.0,12
1081,Interpolated_3143262,98.9271240234375,30.581762313842773,0.0,0.412781298160553,3.0,12
1082,Interpolated_3143265,98.92737579345703,30.581802368164062,0.0,0.2458806335926056,3.0,12
1083,Interpolated_3143268,98.92767333984375,30.581850051879883,0.07938995957374573,0.5585542321205139,3.0,12
1084,Interpolated_3143271,98.92801666259766,30.5819034576416,0.0,0.37105417251586914,3.0,12
1085,Interpolated_3143274,98.92839813232422,30.58196449279785,0.0,0.15038838982582092,2.0,12
1086,Interpolated_3143277,98.92874908447266,30.582019805908203,0.0,0.29912880063056946,3.0,12
1087,Interpolated_3143280,98.92908477783203,30.582075119018555,0.0,0.24258673191070557,3.0,12
1088,Interpolated_3143283,98.92943572998047,30.582128524780273,0.0,0.33016327023506165,3.0,12
1089,Interpolated_3143286,98.92977905273438,30.582183837890625,0.0,0.47222959995269775,3.0,12
1090,Interpolated_3143289,98.93013763427734,30.58224105834961,0.0,0.3105246424674988,3.0,12
1091,Interpolated_3143292,98.93046569824219,30.582292556762695,0.0,0.36333662271499634,3.0,12
1092,Interpolated_3143295,98.93077850341797,30.58234214782715,0.0,0.3218824863433838,3.0,12
1093,Interpolated_3143298,98.93114471435547,30.582401275634766,0.0,0.37571653723716736,3.0,12
1094,Interpolated_3143301,98.93157958984375,30.582469940185547,0.0,0.42969968914985657,3.0,12
1095,Interpolated_3143304,98.93196105957031,30.582530975341797,0.0,0.35763677954673767,3.0,12
1096,Interpolated_3143307,98.93241882324219,30.582603454589844,0.0,0.39331674575805664,3.0,12
1097,Interpolated_3143310,98.93277740478516,30.582658767700195,0.0,0.2613171935081482,3.0,12
1098,Interpolated_3143313,98.93304443359375,30.58270263671875,0.0,0.29084643721580505,3.0,12
1099,Interpolated_3143316,98.933349609375,30.58275032043457,0.0,0.31906795501708984,3.0,12
1100,Interpolated_3143319,98.93364715576172,30.58279800415039,0.0,0.3910118341445923,3.0,12
1101,Interpolated_3143322,98.93394470214844,30.58284568786621,0.0,0.4824602007865906,3.0,12
1102,Interpolated_3143325,98.93425750732422,30.582895278930664,0.03459372743964195,0.5375632643699646,3.0,12
1103,Interpolated_3143328,98.9345703125,30.582944869995117,0.0385061614215374,0.5393965840339661,3.0,12
1104,Interpolated_3143331,98.93486022949219,30.582990646362305,0.06513483822345734,0.5518744587898254,3.0,12
1105,Interpolated_3143334,98.93515014648438,30.583036422729492,0.0,0.39762747287750244,3.0,12
1106,Interpolated_3143337,98.93543243408203,30.58308219909668,0.0,0.4560156464576721,3.0,12
1107,Interpolated_3143340,98.93568420410156,30.58312225341797,0.0,0.3332405984401703,3.0,12
1108,Interpolated_3143343,98.93596649169922,30.583166122436523,0.0,0.3615852892398834,3.0,12
1109,Interpolated_3143346,98.93638610839844,30.583232879638672,0.0,0.32759803533554077,3.0,12
1110,Interpolated_3143349,98.93695831298828,30.583324432373047,0.0,0.3169877529144287,3.0,12
1111,Interpolated_3145875,98.91847229003906,30.580514907836914,0.20747700333595276,0.6185742616653442,3.0,12
1112,Interpolated_3145878,98.91877746582031,30.580562591552734,0.0,0.4659816026687622,3.0,12
1113,Interpolated_3145881,98.9190673828125,30.580610275268555,0.1461920142173767,0.5898568630218506,3.0,12
1114,Interpolated_3145884,98.9193344116211,30.580652236938477,0.0,0.2695232033729553,3.0,12
1115,Interpolated_3145887,98.91958618164062,30.580692291259766,0.07168872654438019,0.5549455285072327,3.0,12
1116,Interpolated_3145890,98.91986083984375,30.58073616027832,0.0,0.50203937292099,3.0,12
1117,Interpolated_3145893,98.9201889038086,30.580787658691406,0.0,0.422984778881073,3.0,12
1118,Interpolated_3145896,98.92060852050781,30.580856323242188,0.0,0.36594024300575256,3.0,12
1119,Interpolated_3145899,98.92103576660156,30.580923080444336,0.0,0.34040388464927673,3.0,12
1120,Interpolated_3145902,98.92140197753906,30.580982208251953,0.30447444319725037,0.6640260815620422,3.0,12
1121,Interpolated_3145905,98.92176818847656,30.581039428710938,0.0,0.25153443217277527,2.0,12
1122,Interpolated_3145908,98.922119140625,30.58109474182129,0.0,0.06666667014360428,1.0,12
1123,Interpolated_3145911,98.9224853515625,30.581151962280273,0.0,0.3305085301399231,3.0,12
1124,Interpolated_3145914,98.92284393310547,30.58121109008789,0.0,0.13964195549488068,2.0,12
1125,Interpolated_3145917,98.92327117919922,30.58127784729004,0.0,0.14980268478393555,2.0,12
1126,Interpolated_3145920,98.92366790771484,30.581340789794922,0.0,0.316529244184494,3.0,12
1127,Interpolated_3145923,98.92404174804688,30.58139991760254,0.0,0.15004882216453552,2.0,12
1128,Interpolated_3145926,98.92440032958984,30.581457138061523,0.0,0.4276999831199646,3.0,12
1129,Interpolated_3145929,98.92476654052734,30.581514358520508,0.0,0.2412901371717453,3.0,12
1130,Interpolated_3145932,98.92512512207031,30.581573486328125,0.0,0.15582238137722015,2.0,12
1131,Interpolated_3145935,98.92546081542969,30.581626892089844,0.0,0.18146613240242004,2.0,12
1132,Interpolated_3145938,98.92584991455078,30.581687927246094,0.0,0.4878029227256775,3.0,12
1133,Interpolated_3145941,98.92617797851562,30.58173942565918,0.0,0.24692250788211823,3.0,12
1134,Interpolated_3145944,98.92645263671875,30.581783294677734,0.0,0.31829243898391724,3.0,12
1135,Interpolated_3145947,98.92670440673828,30.581823348999023,0.0,0.31662535667419434,3.0,12
1136,Interpolated_3145950,98.92696380615234,30.581863403320312,0.0,0.17315322160720825,2.0,12
1137,Interpolated_3145953,98.92721557617188,30.581905364990234,0.0,0.26143449544906616,3.0,12
1138,Interpolated_3145956,98.92748260498047,30.581947326660156,0.0,0.2654148042201996,3.0,12
1139,Interpolated_3145959,98.9278335571289,30.582002639770508,0.0,0.39196649193763733,3.0,12
1140,Interpolated_3145962,98.9281997680664,30.582059860229492,0.0,0.46367859840393066,3.0,12
1141,Interpolated_3145965,98.92855834960938,30.58211898803711,0.0,0.48696988821029663,3.0,12
1142,Interpolated_3145968,98.92890167236328,30.582172393798828,0.0,0.46776318550109863,3.0,12
1143,Interpolated_3145971,98.92924499511719,30.58222770690918,0.0,0.18899501860141754,2.0,12
1144,Interpolated_3145974,98.92957305908203,30.582279205322266,0.0,0.2796618938446045,3.0,12
1145,Interpolated_3145977,98.929931640625,30.58233642578125,0.0,0.3850859999656677,3.0,12
1146,Interpolated_3145980,98.93028259277344,30.5823917388916,0.0,0.3272996246814728,3.0,12
1147,Interpolated_3145983,98.93058776855469,30.582439422607422,0.0,0.28120651841163635,3.0,12
1148,Interpolated_3145986,98.93090057373047,30.582490921020508,0.0,0.40851834416389465,3.0,12
1149,Interpolated_3145989,98.93128967285156,30.582551956176758,0.0,0.44176650047302246,3.0,12
1150,Interpolated_3145992,98.93171691894531,30.582618713378906,0.0,0.2609037160873413,3.0,12
1151,Interpolated_3145995,98.93216705322266,30.582691192626953,0.0,0.2566882073879242,3.0,12
1152,Interpolated_3145998,98.93258666992188,30.5827579498291,0.0,0.4391244649887085,3.0,12
1153,Interpolated_3146001,98.93289184570312,30.582805633544922,0.0,0.31874120235443115,3.0,12
1154,Interpolated_3146004,98.93318176269531,30.582853317260742,0.0,0.18961763381958008,2.0,12
1155,Interpolated_3146007,98.93347930908203,30.58289909362793,0.0,0.32939058542251587,3.0,12
1156,Interpolated_3146010,98.93378448486328,30.582948684692383,0.0,0.39071425795555115,3.0,12
1157,Interpolated_3146013,98.93409729003906,30.582996368408203,0.0,0.25603997707366943,3.0,12
1158,Interpolated_3146016,98.93440246582031,30.583045959472656,0.4526388347148895,0.7334541082382202,3.0,12
1159,Interpolated_3146019,98.93470764160156,30.583093643188477,0.0,0.2825753688812256,3.0,12
1160,Interpolated_3146022,98.93498992919922,30.583139419555664,0.0,0.34838050603866577,3.0,12
1161,Interpolated_3146025,98.9352798461914,30.58318519592285,0.0,0.2921375632286072,3.0,12
1162,Interpolated_3146028,98.93553924560547,30.583227157592773,0.0,0.34135153889656067,3.0,12
1163,Interpolated_3146031,98.93579864501953,30.583267211914062,0.0,0.3575652837753296,3.0,12
1164,Interpolated_3146034,98.93608093261719,30.58331298828125,0.0,0.3156314194202423,3.0,12
1165,Interpolated_3146037,98.93653869628906,30.583385467529297,0.0,0.4055769443511963,3.0,12
1166,Interpolated_3146040,98.9371109008789,30.583477020263672,0.0,0.31229907274246216,3.0,12
1167,Interpolated_3148565,98.91849517822266,30.580646514892578,0.0,0.3046188950538635,3.0,12
1168,Interpolated_3148568,98.91880798339844,30.58069610595703,0.21320714056491852,0.621259331703186,3.0,12
1169,Interpolated_3148571,98.91909790039062,30.58074378967285,0.0,0.4037318229675293,3.0,12
1170,Interpolated_3148574,98.91934967041016,30.580781936645508,0.49072369933128357,0.7513002157211304,3.0,12
1171,Interpolated_3148577,98.91960144042969,30.580821990966797,0.5269590616226196,0.7682796716690063,3.0,12
1172,Interpolated_3148580,98.91987609863281,30.58086585998535,0.0,0.29034295678138733,3.0,12
1173,Interpolated_3148583,98.92020416259766,30.58091926574707,0.0,0.3393648862838745,3.0,12
1174,Interpolated_3148586,98.9206314086914,30.58098793029785,0.0,0.3724600672721863,3.0,12
1175,Interpolated_3148589,98.92105102539062,30.581052780151367,0.0,0.16027045249938965,2.0,12
1176,Interpolated_3148592,98.9214096069336,30.58111000061035,0.3945564925670624,0.7062374353408813,3.0,12
1177,Interpolated_3148595,98.92179107666016,30.5811710357666,0.0,0.3211858570575714,3.0,12
1178,Interpolated_3148598,98.9221420288086,30.581226348876953,0.0,0.35870108008384705,3.0,12
1179,Interpolated_3148601,98.92249298095703,30.581281661987305,0.0,0.19448794424533844,2.0,12
1180,Interpolated_3148604,98.9228744506836,30.581342697143555,0.0,0.150507390499115,2.0,12
1181,Interpolated_3148607,98.92328643798828,30.581409454345703,0.0,0.31465885043144226,3.0,12
1182,Interpolated_3148610,98.92369079589844,30.581472396850586,0.0,0.3142146170139313,3.0,12
1183,Interpolated_3148613,98.92407989501953,30.581533432006836,0.0,0.24691756069660187,3.0,12
1184,Interpolated_3148616,98.92445373535156,30.581594467163086,0.0,0.3733263611793518,3.0,12
1185,Interpolated_3148619,98.9248046875,30.581649780273438,0.0,0.31989187002182007,3.0,12
1186,Interpolated_3148622,98.9251480102539,30.581703186035156,0.0,0.14506469666957855,2.0,12
1187,Interpolated_3148625,98.92549896240234,30.581758499145508,0.0,0.18567711114883423,2.0,12
1188,Interpolated_3148628,98.92587280273438,30.581819534301758,0.0,0.24139681458473206,3.0,12
1189,Interpolated_3148631,98.92617797851562,30.581867218017578,0.0,0.1395244151353836,2.0,12
1190,Interpolated_3148634,98.92643737792969,30.5819091796875,0.0,0.4745463728904724,3.0,12
1191,Interpolated_3148637,98.92669677734375,30.58194923400879,0.0,0.4545312523841858,3.0,12
1192,Interpolated_3148640,98.92694091796875,30.581989288330078,0.0,0.2655612826347351,3.0,12
1193,Interpolated_3148643,98.92720794677734,30.58203125,0.0,0.2655612826347351,3.0,12
1194,Interpolated_3148646,98.92752075195312,30.582082748413086,0.0,0.445908784866333,3.0,12
1195,Interpolated_3148649,98.9278793334961,30.582138061523438,0.0,0.265255868434906,3.0,12
1196,Interpolated_3148652,98.92825317382812,30.582197189331055,0.0,0.28185510635375977,3.0,12
1197,Interpolated_3148655,98.9286117553711,30.58225440979004,0.0,0.24675114452838898,3.0,12
1198,Interpolated_3148658,98.92893981933594,30.582305908203125,0.0,0.1600036323070526,2.0,12
1199,Interpolated_3148661,98.92927551269531,30.582359313964844,0.0,0.28592631220817566,3.0,12
1200,Interpolated_3148664,98.92960357666016,30.582412719726562,0.0,0.17981861531734467,2.0,12
1201,Interpolated_3148667,98.92996978759766,30.582469940185547,0.0,0.34803295135498047,3.0,12
1202,Interpolated_3148670,98.93030548095703,30.582523345947266,0.0,0.47976893186569214,3.0,12
1203,Interpolated_3148673,98.93060302734375,30.582571029663086,0.0,0.31150349974632263,3.0,12
1204,Interpolated_3148676,98.93091583251953,30.58262062072754,0.0,0.40861278772354126,3.0,12
1205,Interpolated_3148679,98.9312973022461,30.58268165588379,0.0,0.47798043489456177,3.0,12
1206,Interpolated_3148682,98.93175506591797,30.582754135131836,0.0,0.31634876132011414,3.0,12
1207,Interpolated_3148685,98.9322280883789,30.582828521728516,0.0,0.2371651530265808,3.0,12
1208,Interpolated_3148688,98.93260955810547,30.582889556884766,0.0,0.36425256729125977,3.0,12
1209,Interpolated_3148691,98.93292236328125,30.58293914794922,0.0,0.27767911553382874,2.0,12
1210,Interpolated_3148694,98.93321990966797,30.58298683166504,0.013552586548030376,0.5277036428451538,3.0,12
1211,Interpolated_3148697,98.93352508544922,30.58303451538086,0.0,0.451851487159729,3.0,12
1212,Interpolated_3148700,98.93382263183594,30.58308219909668,0.0,0.365460067987442,3.0,12
1213,Interpolated_3148703,98.93412780761719,30.5831298828125,0.0,0.3697279691696167,3.0,12
1214,Interpolated_3148706,98.93444061279297,30.583179473876953,0.11770417541265488,0.5765078067779541,3.0,12
1215,Interpolated_3148709,98.93474578857422,30.583229064941406,0.0,0.47768092155456543,3.0,12
1216,Interpolated_3148712,98.9350357055664,30.583274841308594,0.0,0.32319384813308716,3.0,12
1217,Interpolated_3148715,98.93531036376953,30.58331871032715,0.0,0.2912428379058838,3.0,12
1218,Interpolated_3148718,98.93556213378906,30.583358764648438,0.0,0.3654155135154724,3.0,12
1219,Interpolated_3148721,98.9358139038086,30.583398818969727,0.0,0.4710531234741211,3.0,12
1220,Interpolated_3148724,98.93609619140625,30.58344268798828,0.0,0.32402563095092773,3.0,12
1221,Interpolated_3148727,98.9365005493164,30.583507537841797,0.0,0.3076810836791992,3.0,12
1222,Interpolated_3148730,98.9370346069336,30.58359146118164,0.0,0.46051204204559326,3.0,12
1223,Interpolated_3148733,98.93791198730469,30.583730697631836,0.0,0.43479597568511963,3.0,12
1224,Interpolated_3151257,98.91873168945312,30.580812454223633,0.4772632122039795,0.7449927926063538,3.0,12
1225,Interpolated_3151260,98.91902160644531,30.580860137939453,0.15988096594810486,0.5962713360786438,3.0,12
1226,Interpolated_3151263,98.91927337646484,30.58089828491211,0.0,0.5154101848602295,3.0,12
1227,Interpolated_3151266,98.91951751708984,30.5809383392334,0.0,0.47813093662261963,3.0,12
1228,Interpolated_3151269,98.9197998046875,30.580982208251953,0.0,0.34277957677841187,3.0,12
1229,Interpolated_3151272,98.92012023925781,30.58103370666504,0.0,0.4459218382835388,3.0,12
1230,Interpolated_3151275,98.92051696777344,30.581096649169922,0.4316340684890747,0.7236115336418152,3.0,12
1231,Interpolated_3151278,98.92093658447266,30.58116340637207,0.0,0.4282305836677551,3.0,12
1232,Interpolated_3151281,98.92130279541016,30.581220626831055,0.0,0.4735994338989258,3.0,12
1233,Interpolated_3151284,98.92169189453125,30.581283569335938,0.0,0.16072750091552734,2.0,12
1234,Interpolated_3151287,98.92205810546875,30.581340789794922,0.0,0.4366391897201538,3.0,12
1235,Interpolated_3151290,98.9223861694336,30.58139419555664,0.15353873372077942,0.5932994484901428,3.0,12
1236,Interpolated_3151293,98.92276000976562,30.581453323364258,0.0,0.06666667014360428,1.0,12
1237,Interpolated_3151296,98.92317199707031,30.581518173217773,0.0,0.06666667014360428,1.0,12
1238,Interpolated_3151299,98.92356872558594,30.581581115722656,0.0,0.44135403633117676,3.0,12
1239,Interpolated_3151302,98.9239730834961,30.581645965576172,0.0,0.15005137026309967,2.0,12
1240,Interpolated_3151305,98.92436981201172,30.581708908081055,0.0,0.06666667014360428,1.0,12
1241,Interpolated_3151308,98.92472076416016,30.581764221191406,0.0,0.3159216046333313,3.0,12
1242,Interpolated_3151311,98.925048828125,30.581815719604492,0.0,0.139619842171669,2.0,12
1243,Interpolated_3151314,98.9253921508789,30.581871032714844,0.0,0.18567711114883423,2.0,12
1244,Interpolated_3151317,98.92576599121094,30.58193016052246,0.0,0.13958479464054108,2.0,12
1245,Interpolated_3151320,98.92607879638672,30.581979751586914,0.0,0.24762468039989471,3.0,12
1246,Interpolated_3151323,98.92634582519531,30.58202362060547,0.0,0.42031967639923096,3.0,12
1247,Interpolated_3151326,98.92659759521484,30.582063674926758,0.0,0.3613451421260834,3.0,12
1248,Interpolated_3151329,98.92684173583984,30.582101821899414,0.0,0.13966725766658783,2.0,12
1249,Interpolated_3151332,98.9271240234375,30.58214569091797,0.0,0.39114153385162354,3.0,12
1250,Interpolated_3151335,98.92745208740234,30.582199096679688,0.0,0.16021934151649475,2.0,12
1251,Interpolated_3151338,98.92781829833984,30.582256317138672,0.0,0.30909618735313416,3.0,12
1252,Interpolated_3151341,98.92820739746094,30.582317352294922,0.0,0.39668750762939453,3.0,12
1253,Interpolated_3151344,98.92853546142578,30.58237075805664,0.07388497143983841,0.5559746623039246,3.0,12
1254,Interpolated_3151347,98.92886352539062,30.582422256469727,0.0,0.13965371251106262,2.0,12
1255,Interpolated_3151350,98.92919158935547,30.582473754882812,0.0,0.18519096076488495,2.0,12
1256,Interpolated_3151353,98.92950439453125,30.5825252532959,0.0,0.26021865010261536,3.0,12
1257,Interpolated_3151356,98.92987060546875,30.582582473754883,0.0,0.4277905523777008,3.0,12
1258,Interpolated_3151359,98.93021392822266,30.582637786865234,0.0,0.4401036500930786,3.0,12
1259,Interpolated_3151362,98.9305191040039,30.582685470581055,0.0,0.4262743294239044,3.0,12
1260,Interpolated_3151365,98.93081665039062,30.582733154296875,0.0,0.16018369793891907,2.0,12
1261,Interpolated_3151368,98.93118286132812,30.58279037475586,0.0,0.3868299424648285,3.0,12
1262,Interpolated_3151371,98.93164825439453,30.58286476135254,0.0,0.30048173666000366,3.0,12
1263,Interpolated_3151374,98.9321060180664,30.582937240600586,0.0,0.2764568328857422,3.0,12
1264,Interpolated_3151377,98.93250274658203,30.58300018310547,0.0,0.347530722618103,3.0,12
1265,Interpolated_3151380,98.9328384399414,30.583053588867188,0.0,0.25693196058273315,3.0,12
1266,Interpolated_3151383,98.93314361572266,30.58310317993164,0.0,0.5109747648239136,3.0,12
1267,Interpolated_3151386,98.93345642089844,30.58315086364746,0.0,0.48773306608200073,3.0,12
1268,Interpolated_3151389,98.93376159667969,30.583200454711914,0.0,0.2911115288734436,3.0,12
1269,Interpolated_3151392,98.9340591430664,30.583248138427734,0.0,0.30715012550354004,3.0,12
1270,Interpolated_3151395,98.93437194824219,30.583297729492188,0.0,0.30715012550354004,3.0,12
1271,Interpolated_3151398,98.93468475341797,30.58334732055664,0.0,0.48912864923477173,3.0,12
1272,Interpolated_3151401,98.93497467041016,30.583393096923828,0.0,0.33678698539733887,3.0,12
1273,Interpolated_3151404,98.93524169921875,30.58343505859375,0.0,0.5100690126419067,3.0,12
1274,Interpolated_3151407,98.93548583984375,30.58347511291504,0.0,0.3349098563194275,3.0,12
1275,Interpolated_3151410,98.93574523925781,30.583515167236328,0.0,0.4944937825202942,3.0,12
1276,Interpolated_3151413,98.9360122680664,30.58355712890625,0.0,0.26238614320755005,3.0,12
1277,Interpolated_3151416,98.93633270263672,30.583608627319336,0.0,0.34799644351005554,3.0,12
1278,Interpolated_3151419,98.9367904663086,30.583681106567383,0.0,0.4098784327507019,3.0,12
1279,Interpolated_3151422,98.93741607666016,30.58378028869629,0.15561477839946747,0.594272255897522,3.0,12
1280,Interpolated_3153945,98.9185562133789,30.58091163635254,0.0,0.303111732006073,3.0,12
1281,Interpolated_3153948,98.9188461303711,30.58095932006836,0.0,0.4527612328529358,3.0,12
1282,Interpolated_3153951,98.91911315917969,30.58100128173828,0.0,0.200985848903656,2.0,12
1283,Interpolated_3153954,98.91934967041016,30.581039428710938,0.21500511467456818,0.6221018433570862,3.0,12
1284,Interpolated_3153957,98.91963195800781,30.581083297729492,0.0,0.21803158521652222,2.0,12
1285,Interpolated_3153960,98.9199447631836,30.581132888793945,0.0,0.44384482502937317,3.0,12
1286,Interpolated_3153963,98.92029571533203,30.58119010925293,0.01654752343893051,0.5291070342063904,3.0,12
1287,Interpolated_3153966,98.92069244384766,30.581253051757812,0.31325027346611023,0.668138325214386,3.0,12
1288,Interpolated_3153969,98.92108154296875,30.581314086914062,0.0,0.13960227370262146,2.0,12
1289,Interpolated_3153972,98.92144775390625,30.58137321472168,0.0,0.34985455870628357,3.0,12
1290,Interpolated_3153975,98.9218521118164,30.581436157226562,0.0,0.1850016862154007,2.0,12
1291,Interpolated_3153978,98.92218017578125,30.58148956298828,0.0,0.5035187005996704,3.0,12
1292,Interpolated_3153981,98.92252349853516,30.58154296875,0.0,0.15042871236801147,2.0,12
1293,Interpolated_3153984,98.92292022705078,30.581605911254883,0.0,0.3159216046333313,3.0,12
1294,Interpolated_3153987,98.92332458496094,30.5816707611084,0.0,0.15022426843643188,2.0,12
1295,Interpolated_3153990,98.92371368408203,30.58173179626465,0.0,0.24133026599884033,3.0,12
1296,Interpolated_3153993,98.92414855957031,30.58180046081543,0.0,0.31625112891197205,3.0,12
1297,Interpolated_3153996,98.92450714111328,30.581857681274414,0.0,0.06666667014360428,1.0,12
1298,Interpolated_3153999,98.92483520507812,30.581911087036133,0.0,0.3307439386844635,3.0,12
1299,Interpolated_3154002,98.92518615722656,30.581966400146484,0.0,0.139619842171669,2.0,12
1300,Interpolated_3154005,98.925537109375,30.582021713256836,0.0,0.2466329038143158,3.0,12
1301,Interpolated_3154008,98.92586517333984,30.582075119018555,0.0,0.2885497212409973,3.0,12
1302,Interpolated_3154011,98.92616271972656,30.582120895385742,0.0,0.4013139009475708,3.0,12
1303,Interpolated_3154014,98.92643737792969,30.582164764404297,0.0,0.3157733380794525,3.0,12
1304,Interpolated_3154017,98.92668151855469,30.582202911376953,0.0,0.4468454420566559,3.0,12
1305,Interpolated_3154020,98.92694854736328,30.582244873046875,0.0,0.2658037543296814,3.0,12
1306,Interpolated_3154023,98.92726135253906,30.58229637145996,0.0,0.26576119661331177,3.0,12
1307,Interpolated_3154026,98.92760467529297,30.582351684570312,0.0,0.15926289558410645,2.0,12
1308,Interpolated_3154029,98.92800903320312,30.582414627075195,0.0,0.32400375604629517,3.0,12
1309,Interpolated_3154032,98.9283676147461,30.58247184753418,0.0,0.29463547468185425,3.0,12
1310,Interpolated_3154035,98.92868041992188,30.582521438598633,0.0,0.30117958784103394,3.0,12
1311,Interpolated_3154038,98.92900085449219,30.58257293701172,0.0,0.2755405902862549,3.0,12
1312,Interpolated_3154041,98.92931365966797,30.582622528076172,0.0,0.2906474769115448,3.0,12
1313,Interpolated_3154044,98.92964172363281,30.582674026489258,0.0,0.3334195017814636,3.0,12
1314,Interpolated_3154047,98.93000793457031,30.582731246948242,0.0,0.26692649722099304,3.0,12
1315,Interpolated_3154050,98.93032836914062,30.582782745361328,0.0,0.3635639548301697,3.0,12
1316,Interpolated_3154053,98.93061065673828,30.582828521728516,0.0,0.18033230304718018,2.0,12
1317,Interpolated_3154056,98.93092346191406,30.58287811279297,0.0,0.3932986259460449,3.0,12
1318,Interpolated_3154059,98.93138122558594,30.582950592041016,0.0,0.3278975486755371,3.0,12
1319,Interpolated_3154062,98.93183898925781,30.583023071289062,0.0,0.31662556529045105,3.0,12
1320,Interpolated_3154065,98.9322738647461,30.583091735839844,0.0,0.2911173701286316,3.0,12
1321,Interpolated_3154068,98.93263244628906,30.583148956298828,0.0,0.24758538603782654,3.0,12
1322,Interpolated_3154071,98.9329605102539,30.583200454711914,0.1494397073984146,0.5913786888122559,3.0,12
1323,Interpolated_3154074,98.93328094482422,30.583251953125,0.325348824262619,0.6738075613975525,3.0,12
1324,Interpolated_3154077,98.93358612060547,30.58329963684082,0.0,0.24849431216716766,3.0,12
1325,Interpolated_3154080,98.93389129638672,30.583349227905273,0.0,0.48899900913238525,3.0,12
1326,Interpolated_3154083,98.93419647216797,30.583396911621094,0.0,0.49372005462646484,3.0,12
1327,Interpolated_3154086,98.93451690673828,30.58344841003418,0.0,0.4010905623435974,3.0,12
1328,Interpolated_3154089,98.934814453125,30.58349609375,0.0,0.3951595723628998,3.0,12
1329,Interpolated_3154092,98.93510437011719,30.583541870117188,0.0,0.3208629786968231,3.0,12
1330,Interpolated_3154095,98.93535614013672,30.583581924438477,0.0707663893699646,0.5545133352279663,3.0,12
1331,Interpolated_3154098,98.93560028076172,30.583620071411133,0.09628333896398544,0.5664702653884888,3.0,12
1332,Interpolated_3154101,98.93585968017578,30.583662033081055,0.0,0.3112131953239441,3.0,12
1333,Interpolated_3154104,98.9361343383789,30.58370590209961,0.0,0.3670625686645508,3.0,12
1334,Interpolated_3154107,98.93646240234375,30.583757400512695,0.07398799806833267,0.5560229420661926,3.0,12
1335,Interpolated_3154110,98.93689727783203,30.583826065063477,0.13310116529464722,0.5837226510047913,3.0,12
1336,Interpolated_3154113,98.93749237060547,30.583919525146484,0.48646044731140137,0.7493025064468384,3.0,12
1337,Interpolated_3156634,98.91847229003906,30.58102798461914,0.2478708177804947,0.6375023126602173,3.0,12
1338,Interpolated_3156637,98.91877746582031,30.58107566833496,0.0033418138045817614,0.5229189991950989,3.0,12
1339,Interpolated_3156640,98.91905212402344,30.581119537353516,0.0,0.4878219962120056,3.0,12
1340,Interpolated_3156643,98.91929626464844,30.581159591674805,0.3456433117389679,0.6833173036575317,3.0,12
1341,Interpolated_3156646,98.91957092285156,30.58120346069336,0.4546312987804413,0.7343877553939819,3.0,12
1342,Interpolated_3156649,98.91989135742188,30.581253051757812,0.2622596323490143,0.6442447304725647,3.0,12
1343,Interpolated_3156652,98.92022705078125,30.58130645751953,0.0,0.36982351541519165,3.0,12
1344,Interpolated_3156655,98.92060089111328,30.58136558532715,0.5515473484992981,0.7798014283180237,3.0,12
1345,Interpolated_3156658,98.92096710205078,30.581424713134766,0.0,0.3960951566696167,3.0,12
1346,Interpolated_3156661,98.92134857177734,30.581483840942383,0.0,0.35405975580215454,3.0,12
1347,Interpolated_3156664,98.92173767089844,30.581546783447266,0.0,0.4657536745071411,3.0,12
1348,Interpolated_3156667,98.9220962524414,30.581602096557617,0.0,0.33172884583473206,3.0,12
1349,Interpolated_3156670,98.92241668701172,30.581655502319336,0.0,0.17918185889720917,2.0,12
1350,Interpolated_3156673,98.92280578613281,30.581716537475586,0.0,0.13967950642108917,2.0,12
1351,Interpolated_3156676,98.92320251464844,30.58177947998047,0.0,0.17985038459300995,2.0,12
1352,Interpolated_3156679,98.92359161376953,30.58184051513672,0.0,0.31647810339927673,3.0,12
1353,Interpolated_3156682,98.92402648925781,30.5819091796875,0.0,0.3138410449028015,3.0,12
1354,Interpolated_3156685,98.92440795898438,30.58197021484375,0.0,0.33094245195388794,3.0,12
1355,Interpolated_3156688,98.92474365234375,30.58202362060547,0.0,0.3565102815628052,3.0,12
1356,Interpolated_3156691,98.92509460449219,30.58207893371582,0.0,0.1556905210018158,2.0,12
1357,Interpolated_3156694,98.9254379272461,30.582134246826172,0.0,0.06666667014360428,1.0,12
1358,Interpolated_3156697,98.9257583618164,30.582183837890625,0.0,0.3268161118030548,3.0,12
1359,Interpolated_3156700,98.92606353759766,30.582233428955078,0.0,0.3371807336807251,3.0,12
1360,Interpolated_3156703,98.92634582519531,30.582277297973633,0.0,0.44288772344589233,3.0,12
1361,Interpolated_3156706,98.92659759521484,30.582319259643555,0.0,0.31658414006233215,3.0,12
1362,Interpolated_3156709,98.92687225341797,30.58236312866211,0.0,0.36721909046173096,3.0,12
1363,Interpolated_3156712,98.92718505859375,30.582412719726562,0.0,0.3506886959075928,3.0,12
1364,Interpolated_3156715,98.92752075195312,30.58246612548828,0.0,0.13965822756290436,2.0,12
1365,Interpolated_3156718,98.92791748046875,30.582529067993164,0.0,0.35838037729263306,3.0,12
1366,Interpolated_3156721,98.92829132080078,30.58258819580078,0.0,0.36469006538391113,3.0,12
1367,Interpolated_3156724,98.92860412597656,30.582637786865234,0.0,0.2986382246017456,3.0,12
1368,Interpolated_3156727,98.92891693115234,30.582687377929688,0.0,0.17439404129981995,2.0,12
1369,Interpolated_3156730,98.92922973632812,30.58273696899414,0.0,0.31155842542648315,3.0,12
1370,Interpolated_3156733,98.92955017089844,30.582788467407227,0.0,0.3487159013748169,3.0,12
1371,Interpolated_3156736,98.92990112304688,30.582843780517578,0.0,0.310644268989563,3.0,12
1372,Interpolated_3156739,98.93022918701172,30.582895278930664,0.0,0.37099719047546387,3.0,12
1373,Interpolated_3156742,98.93051147460938,30.58294105529785,0.0,0.348060667514801,3.0,12
1374,Interpolated_3156745,98.9308090209961,30.58298683166504,0.0,0.311691552400589,3.0,12
1375,Interpolated_3156748,98.9312744140625,30.58306121826172,0.0,0.4001713991165161,3.0,12
1376,Interpolated_3156751,98.9317398071289,30.5831356048584,0.0,0.3466709852218628,3.0,12
1377,Interpolated_3156754,98.93215942382812,30.583202362060547,0.0,0.3229207992553711,3.0,12
1378,Interpolated_3156757,98.9325180053711,30.5832576751709,0.0,0.2614247798919678,3.0,12
1379,Interpolated_3156760,98.93286895751953,30.583314895629883,0.0,0.29095253348350525,3.0,12
1380,Interpolated_3156763,98.9332046508789,30.5833683013916,0.0,0.5106315612792969,3.0,12
1381,Interpolated_3156766,98.93352508544922,30.583419799804688,0.398200660943985,0.7079450488090515,3.0,12
1382,Interpolated_3156769,98.9338150024414,30.583465576171875,0.0,0.4958040118217468,3.0,12
1383,Interpolated_3156772,98.93412780761719,30.583515167236328,0.0,0.28978776931762695,3.0,12
1384,Interpolated_3156775,98.9344482421875,30.58356475830078,0.0,0.5044193267822266,3.0,12
1385,Interpolated_3156778,98.93475341796875,30.583614349365234,0.0,0.3030947148799896,3.0,12
1386,Interpolated_3156781,98.93504333496094,30.583660125732422,0.0,0.3793734312057495,3.0,12
1387,Interpolated_3156784,98.93529510498047,30.58370018005371,0.0,0.28115877509117126,3.0,12
1388,Interpolated_3156787,98.93553924560547,30.583738327026367,0.13929902017116547,0.5866268873214722,3.0,12
1389,Interpolated_3156790,98.93579864501953,30.58378028869629,0.0,0.4367489814758301,3.0,12
1390,Interpolated_3156793,98.93607330322266,30.583824157714844,0.0,0.4104492664337158,3.0,12
1391,Interpolated_3156796,98.93636322021484,30.58386993408203,0.0,0.30542677640914917,3.0,12
1392,Interpolated_3156799,98.93672180175781,30.583927154541016,0.0,0.32533860206604004,3.0,12
1393,Interpolated_3156802,98.93717193603516,30.58399772644043,0.0,0.4555712938308716,3.0,12
1394,Interpolated_3156805,98.93781280517578,30.58409881591797,0.0,0.27723801136016846,2.0,12
1395,Interpolated_3159326,98.918701171875,30.581192016601562,0.0,0.26165449619293213,3.0,12
1396,Interpolated_3159329,98.91899108886719,30.58123779296875,0.2123146951198578,0.6208411455154419,3.0,12
1397,Interpolated_3159332,98.91925048828125,30.581279754638672,0.12623652815818787,0.5805059671401978,3.0,12
1398,Interpolated_3159335,98.91952514648438,30.581323623657227,0.0,0.28693485260009766,3.0,12
1399,Interpolated_3159338,98.91984558105469,30.581375122070312,0.0,0.3638475835323334,3.0,12
1400,Interpolated_3159341,98.92018127441406,30.58142852783203,0.0,0.4483289420604706,3.0,12
1401,Interpolated_3159344,98.92053985595703,30.581483840942383,0.0,0.3867833614349365,3.0,12
1402,Interpolated_3159347,98.92088317871094,30.581539154052734,0.0,0.2630312740802765,3.0,12
1403,Interpolated_3159350,98.92125701904297,30.58159828186035,0.0,0.46081674098968506,3.0,12
1404,Interpolated_3159353,98.92162322998047,30.58165740966797,0.0,0.31528913974761963,3.0,12
1405,Interpolated_3159356,98.9219970703125,30.581714630126953,0.0,0.2470465898513794,3.0,12
1406,Interpolated_3159359,98.92232513427734,30.581768035888672,0.0,0.37868934869766235,3.0,12
1407,Interpolated_3159362,98.92268371582031,30.581825256347656,0.0,0.32998746633529663,3.0,12
1408,Interpolated_3159365,98.92308807373047,30.58188819885254,0.0,0.4063010811805725,3.0,12
1409,Interpolated_3159368,98.92346954345703,30.58194923400879,0.0,0.06666667014360428,1.0,12
1410,Interpolated_3159371,98.92389678955078,30.58201789855957,0.0,0.15026485919952393,2.0,12
1411,Interpolated_3159374,98.92430114746094,30.582080841064453,0.0,0.18003898859024048,2.0,12
1412,Interpolated_3159377,98.92465209960938,30.582136154174805,0.0,0.31604108214378357,3.0,12
1413,Interpolated_3159380,98.92500305175781,30.58219337463379,0.0,0.33674079179763794,3.0,12
1414,Interpolated_3159383,98.92533874511719,30.582246780395508,0.0,0.13964471220970154,2.0,12
1415,Interpolated_3159386,98.92565155029297,30.58229637145996,0.0,0.3567212224006653,3.0,12
1416,Interpolated_3159389,98.92595672607422,30.58234405517578,0.0,0.27947917580604553,3.0,12
1417,Interpolated_3159392,98.92626190185547,30.582393646240234,0.0,0.3591940402984619,3.0,12
1418,Interpolated_3159395,98.9265365600586,30.58243751525879,0.0,0.33214622735977173,3.0,12
1419,Interpolated_3159398,98.92681884765625,30.582481384277344,0.0,0.40637996792793274,3.0,12
1420,Interpolated_3159401,98.92711639404297,30.582529067993164,0.0,0.18565033376216888,2.0,12
1421,Interpolated_3159404,98.92743682861328,30.58258056640625,0.0,0.13964921236038208,2.0,12
1422,Interpolated_3159407,98.92782592773438,30.5826416015625,0.0,0.4453740119934082,3.0,12
1423,Interpolated_3159410,98.9281997680664,30.582700729370117,0.0,0.1846979260444641,2.0,12
1424,Interpolated_3159413,98.92852783203125,30.582754135131836,0.0,0.28166618943214417,3.0,12
1425,Interpolated_3159416,98.92884826660156,30.58280372619629,0.0,0.36078280210494995,3.0,12
1426,Interpolated_3159419,98.92913818359375,30.582849502563477,0.0,0.139712855219841,2.0,12
1427,Interpolated_3159422,98.9294662475586,30.582901000976562,0.0,0.27652010321617126,2.0,12
1428,Interpolated_3159425,98.92980194091797,30.58295440673828,0.0,0.1395544558763504,2.0,12
1429,Interpolated_3159428,98.93012237548828,30.583005905151367,0.0,0.3454645276069641,3.0,12
1430,Interpolated_3159431,98.93040466308594,30.583051681518555,0.0,0.43808287382125854,3.0,12
1431,Interpolated_3159434,98.93070983886719,30.583099365234375,0.0,0.26303237676620483,3.0,12
1432,Interpolated_3159437,98.93115997314453,30.583171844482422,0.0,0.310680091381073,3.0,12
1433,Interpolated_3159440,98.931640625,30.5832462310791,0.0,0.31212878227233887,3.0,12
1434,Interpolated_3159443,98.93204498291016,30.583311080932617,0.0,0.13978718221187592,2.0,12
1435,Interpolated_3159446,98.93241119384766,30.583370208740234,0.0,0.31199586391448975,3.0,12
1436,Interpolated_3159449,98.9327621459961,30.583425521850586,0.0,0.47084563970565796,3.0,12
1437,Interpolated_3159452,98.93313598632812,30.583484649658203,0.0,0.2573741376399994,3.0,12
1438,Interpolated_3159455,98.93346405029297,30.58353614807129,0.0,0.24735647439956665,3.0,12
1439,Interpolated_3159458,98.93376159667969,30.58358383178711,0.0,0.2831873297691345,3.0,12
1440,Interpolated_3159461,98.93405151367188,30.583629608154297,0.0,0.5055579543113708,3.0,12
1441,Interpolated_3159464,98.93437957763672,30.583681106567383,0.0,0.27234983444213867,3.0,12
1442,Interpolated_3159467,98.93468475341797,30.583730697631836,0.3933059871196747,0.7056514620780945,3.0,12
1443,Interpolated_3159470,98.93497467041016,30.583776473999023,0.13591764867305756,0.585042417049408,3.0,12
1444,Interpolated_3159473,98.93524932861328,30.583820343017578,0.0,0.345983624458313,3.0,12
1445,Interpolated_3159476,98.93550109863281,30.583860397338867,0.4399802088737488,0.7275224328041077,3.0,12
1446,Interpolated_3159479,98.93575286865234,30.583900451660156,0.0,0.2876313328742981,3.0,12
1447,Interpolated_3159482,98.93601989746094,30.58394432067871,0.0,0.3523114025592804,3.0,12
1448,Interpolated_3159485,98.93629455566406,30.583986282348633,0.0,0.37032532691955566,3.0,12
1449,Interpolated_3159488,98.93658447265625,30.584033966064453,0.0,0.38022512197494507,3.0,12
1450,Interpolated_3159491,98.93695831298828,30.58409309387207,0.0,0.47261738777160645,3.0,12
1451,Interpolated_3162013,98.91842651367188,30.581275939941406,0.0,0.39912667870521545,3.0,12
1452,Interpolated_3162016,98.91873168945312,30.581323623657227,0.2257629781961441,0.6271428465843201,3.0,12
1453,Interpolated_3162019,98.91902160644531,30.581371307373047,0.0,0.5016657710075378,3.0,12
1454,Interpolated_3162022,98.91930389404297,30.5814151763916,0.10251693427562714,0.5693912506103516,3.0,12
1455,Interpolated_3162025,98.91959381103516,30.58146095275879,0.0,0.26267966628074646,3.0,12
1456,Interpolated_3162028,98.91991424560547,30.581512451171875,0.0,0.4069352149963379,3.0,12
1457,Interpolated_3162031,98.92024993896484,30.581565856933594,0.0,0.3023473024368286,3.0,12
1458,Interpolated_3162034,98.92059326171875,30.581621170043945,0.0,0.3933230936527252,3.0,12
1459,Interpolated_3162037,98.9209213256836,30.58167266845703,0.10461077839136124,0.5703724026679993,3.0,12
1460,Interpolated_3162040,98.92129516601562,30.58173179626465,0.0,0.3888853192329407,3.0,12
1461,Interpolated_3162043,98.9216537475586,30.581789016723633,0.0,0.43847066164016724,3.0,12
1462,Interpolated_3162046,98.92200469970703,30.581844329833984,0.0,0.139640212059021,2.0,12
1463,Interpolated_3162049,98.92234802246094,30.581899642944336,0.0,0.13950736820697784,2.0,12
1464,Interpolated_3162052,98.92271423339844,30.58195686340332,0.0,0.3142146170139313,3.0,12
1465,Interpolated_3162055,98.92310333251953,30.582019805908203,0.0,0.3573364019393921,3.0,12
1466,Interpolated_3162058,98.9234848022461,30.582080841064453,0.0,0.06666667014360428,1.0,12
1467,Interpolated_3162061,98.92391967773438,30.582149505615234,0.0,0.15026485919952393,2.0,12
1468,Interpolated_3162064,98.92432403564453,30.582212448120117,0.0,0.3153303265571594,3.0,12
1469,Interpolated_3162067,98.9246826171875,30.5822696685791,0.0,0.315217524766922,3.0,12
1470,Interpolated_3162070,98.9250259399414,30.582324981689453,0.0,0.3156740069389343,3.0,12
1471,Interpolated_3162073,98.92534637451172,30.58237648010254,0.0,0.3205545246601105,3.0,12
1472,Interpolated_3162076,98.92564392089844,30.582422256469727,0.0,0.18058434128761292,2.0,12
1473,Interpolated_3162079,98.92597198486328,30.582475662231445,0.0,0.2784945070743561,3.0,12
1474,Interpolated_3162082,98.92628479003906,30.582523345947266,0.0,0.31625112891197205,3.0,12
1475,Interpolated_3162085,98.92656707763672,30.582569122314453,0.0,0.06666667014360428,1.0,12
1476,Interpolated_3162088,98.92684936523438,30.58261489868164,0.0,0.31684014201164246,3.0,12
1477,Interpolated_3162091,98.92713928222656,30.582660675048828,0.0,0.139619842171669,2.0,12
1478,Interpolated_3162094,98.9274673461914,30.582712173461914,0.0,0.1557154357433319,2.0,12
1479,Interpolated_3162097,98.9278564453125,30.582775115966797,0.0,0.13962231576442719,2.0,12
1480,Interpolated_3162100,98.92822265625,30.58283233642578,0.0,0.4603804349899292,3.0,12
1481,Interpolated_3162103,98.92855834960938,30.5828857421875,0.0,0.2755325734615326,3.0,12
1482,Interpolated_3162106,98.92887115478516,30.582935333251953,0.0,0.24648506939411163,3.0,12
1483,Interpolated_3162109,98.92916870117188,30.582983016967773,0.0,0.44608521461486816,3.0,12
1484,Interpolated_3162112,98.92948913574219,30.583032608032227,0.0,0.40103304386138916,3.0,12
1485,Interpolated_3162115,98.9298095703125,30.583084106445312,0.0,0.20230668783187866,2.0,12
1486,Interpolated_3162118,98.93010711669922,30.583131790161133,0.0,0.3411226272583008,3.0,12
1487,Interpolated_3162121,98.93040466308594,30.583179473876953,0.0,0.4015657901763916,3.0,12
1488,Interpolated_3162124,98.93075561523438,30.583234786987305,0.0,0.15956585109233856,2.0,12
1489,Interpolated_3162127,98.93122100830078,30.583309173583984,0.0,0.5034129023551941,3.0,12
1490,Interpolated_3162130,98.93165588378906,30.583377838134766,0.15687508881092072,0.5948628187179565,3.0,12
1491,Interpolated_3162133,98.93206024169922,30.58344268798828,0.0,0.19328847527503967,2.0,12
1492,Interpolated_3162136,98.93242645263672,30.583499908447266,0.0,0.28229597210884094,3.0,12
1493,Interpolated_3162139,98.93278503417969,30.58355712890625,0.0,0.2909678518772125,3.0,12
1494,Interpolated_3162142,98.93317413330078,30.5836181640625,0.0,0.32888397574424744,3.0,12
1495,Interpolated_3162145,98.93350982666016,30.58367156982422,0.5595985054969788,0.783574104309082,3.0,12
1496,Interpolated_3162148,98.93378448486328,30.583715438842773,0.0,0.48918235301971436,3.0,12
1497,Interpolated_3162151,98.93408203125,30.583763122558594,0.0,0.2831827998161316,3.0,12
1498,Interpolated_3162154,98.93440246582031,30.583812713623047,0.49592530727386475,0.7537376284599304,3.0,12
1499,Interpolated_3162157,98.93472290039062,30.583864212036133,0.0,0.33942797780036926,3.0,12
1500,Interpolated_3162160,98.93500518798828,30.58390998840332,0.0,0.33929339051246643,3.0,12
1501,Interpolated_3162163,98.93527221679688,30.583951950073242,0.0,0.3182106614112854,3.0,12
1502,Interpolated_3162166,98.9355239868164,30.58399200439453,0.0,0.2503751218318939,3.0,12
1503,Interpolated_3162169,98.93577575683594,30.58403205871582,0.0,0.17910701036453247,2.0,12
1504,Interpolated_3162172,98.93604278564453,30.584075927734375,0.0,0.3180391192436218,3.0,12
1505,Interpolated_3162175,98.93632507324219,30.58411979675293,0.0,0.43088483810424805,3.0,12
1506,Interpolated_3162178,98.93659973144531,30.584163665771484,0.0,0.30489224195480347,3.0,12
1507,Interpolated_3162181,98.93694305419922,30.584218978881836,0.0,0.2969292998313904,3.0,12
1508,Interpolated_3162184,98.93739318847656,30.58428955078125,0.0,0.24151133000850677,3.0,12
1509,Interpolated_3164705,98.91867065429688,30.581443786621094,0.0,0.5200065970420837,3.0,12
1510,Interpolated_3164708,98.9189682006836,30.58148956298828,0.0,0.46812039613723755,3.0,12
1511,Interpolated_3164711,98.91925048828125,30.58153533935547,0.0,0.2571054697036743,3.0,12
1512,Interpolated_3164714,98.9195327758789,30.581581115722656,0.0,0.5020450353622437,3.0,12
1513,Interpolated_3164717,98.91986083984375,30.581632614135742,0.05242050811648369,0.5459166765213013,3.0,12
1514,Interpolated_3164720,98.92019653320312,30.58168601989746,0.17564187943935394,0.6036567091941833,3.0,12
1515,Interpolated_3164723,98.92052459716797,30.581737518310547,0.0,0.26946893334388733,3.0,12
1516,Interpolated_3164726,98.92086029052734,30.581790924072266,0.6764534711837769,0.8383309245109558,3.0,12
1517,Interpolated_3164729,98.92121887207031,30.58184814453125,0.0,0.43819236755371094,3.0,12
1518,Interpolated_3164732,98.92156982421875,30.5819034576416,0.0,0.39624112844467163,3.0,12
1519,Interpolated_3164735,98.92188262939453,30.581953048706055,0.0,0.18010254204273224,2.0,12
1520,Interpolated_3164738,98.9222412109375,30.58201026916504,0.0,0.42390143871307373,3.0,12
1521,Interpolated_3164741,98.922607421875,30.582067489624023,0.0,0.31612181663513184,3.0,12
1522,Interpolated_3164744,98.9229965209961,30.582130432128906,0.0,0.06666667014360428,1.0,12
1523,Interpolated_3164747,98.92337036132812,30.582189559936523,0.0,0.3145981729030609,3.0,12
1524,Interpolated_3164750,98.92379760742188,30.582258224487305,0.0,0.31480926275253296,3.0,12
1525,Interpolated_3164753,98.9242172241211,30.582324981689453,0.0,0.40253907442092896,3.0,12
1526,Interpolated_3164756,98.92459869384766,30.58238410949707,0.0,0.3317579925060272,3.0,12
1527,Interpolated_3164759,98.92493438720703,30.582439422607422,0.0,0.3317579925060272,3.0,12
1528,Interpolated_3164762,98.92525482177734,30.582489013671875,0.0,0.13964471220970154,2.0,12
1529,Interpolated_3164765,98.92555236816406,30.582536697387695,0.0,0.3158993124961853,3.0,12
1530,Interpolated_3164768,98.92589569091797,30.582590103149414,0.0,0.28632622957229614,3.0,12
1531,Interpolated_3164771,98.92620849609375,30.582639694213867,0.0,0.24169811606407166,3.0,12
1532,Interpolated_3164774,98.92650604248047,30.582687377929688,0.0,0.16918440163135529,2.0,12
1533,Interpolated_3164777,98.9267807006836,30.582731246948242,0.0,0.3490389883518219,3.0,12
1534,Interpolated_3164780,98.92706298828125,30.58277702331543,0.0,0.3546702563762665,3.0,12
1535,Interpolated_3164783,98.92738342285156,30.582828521728516,0.0,0.3224080204963684,3.0,12
1536,Interpolated_3164786,98.9277572631836,30.582887649536133,0.0,0.13961786031723022,2.0,12
1537,Interpolated_3164789,98.9281234741211,30.582944869995117,0.0,0.3920572102069855,3.0,12
1538,Interpolated_3164792,98.9284896850586,30.583003997802734,0.0,0.17903736233711243,2.0,12
1539,Interpolated_3164795,98.92879486083984,30.583051681518555,0.0,0.17412737011909485,2.0,12
1540,Interpolated_3164798,98.92908477783203,30.583097457885742,0.0,0.4265344738960266,3.0,12
1541,Interpolated_3164801,98.92939758300781,30.583147048950195,0.0,0.31063055992126465,3.0,12
1542,Interpolated_3164804,98.92970275878906,30.58319664001465,0.0,0.3106030225753784,3.0,12
1543,Interpolated_3164807,98.92999267578125,30.583242416381836,0.0,0.19296473264694214,2.0,12
1544,Interpolated_3164810,98.93030548095703,30.58329200744629,0.0,0.2816151976585388,3.0,12
1545,Interpolated_3164813,98.93069458007812,30.58335304260254,0.0,0.31092941761016846,3.0,12
1546,Interpolated_3164816,98.93112182617188,30.58342170715332,0.0,0.2784743309020996,3.0,12
1547,Interpolated_3164819,98.93153381347656,30.583486557006836,0.0,0.3466709852218628,3.0,12
1548,Interpolated_3164822,98.93194580078125,30.58355140686035,0.23728951811790466,0.6325440406799316,3.0,12
1549,Interpolated_3164825,98.93231964111328,30.58361053466797,0.0,0.3498048186302185,3.0,12
1550,Interpolated_3164828,98.93267822265625,30.583667755126953,0.0,0.4881601333618164,3.0,12
1551,Interpolated_3164831,98.93307495117188,30.583730697631836,0.0,0.43994373083114624,3.0,12
1552,Interpolated_3164834,98.93344116210938,30.58378791809082,0.0,0.2872760593891144,3.0,12
1553,Interpolated_3164837,98.93372344970703,30.583833694458008,0.0,0.4194316267967224,3.0,12
1554,Interpolated_3164840,98.93399810791016,30.583877563476562,0.0,0.5206214189529419,3.0,12
1555,Interpolated_3164843,98.93431854248047,30.58392906188965,0.0,0.2924715578556061,3.0,12
1556,Interpolated_3164846,98.93464660644531,30.583980560302734,0.0,0.3024009168148041,3.0,12
1557,Interpolated_3164849,98.9349365234375,30.584026336669922,0.0,0.3799421191215515,3.0,12
1558,Interpolated_3164852,98.93521118164062,30.584070205688477,0.0,0.4154183864593506,3.0,12
1559,Interpolated_3164855,98.93547058105469,30.5841121673584,0.0,0.30191153287887573,3.0,12
1560,Interpolated_3164858,98.93571472167969,30.584150314331055,0.0,0.1687423586845398,2.0,12
1561,Interpolated_3164861,98.93598175048828,30.58419418334961,0.0,0.22886934876441956,2.0,12
1562,Interpolated_3164864,98.93626403808594,30.584238052368164,0.0,0.3038308918476105,3.0,12
1563,Interpolated_3164867,98.9365234375,30.584280014038086,0.0,0.3135356307029724,3.0,12
1564,Interpolated_3164870,98.93682861328125,30.584327697753906,0.0,0.23257039487361908,3.0,12
1565,Interpolated_3164873,98.93719482421875,30.58438491821289,0.0,0.3169792890548706,3.0,12
1566,Interpolated_3167393,98.91850280761719,30.581544876098633,0.0,0.13965822756290436,2.0,12
1567,Interpolated_3167396,98.91880798339844,30.581592559814453,0.21716435253620148,0.6231136322021484,3.0,12
1568,Interpolated_3167399,98.91910552978516,30.581640243530273,0.0,0.26780176162719727,3.0,12
1569,Interpolated_3167402,98.91938781738281,30.581684112548828,0.0,0.32076242566108704,3.0,12
1570,Interpolated_3167405,98.9197006225586,30.58173370361328,0.0,0.518409788608551,3.0,12
1571,Interpolated_3167408,98.92002868652344,30.581787109375,0.0,0.4857792258262634,3.0,12
1572,Interpolated_3167411,98.92037200927734,30.58184051513672,0.42556431889533997,0.7207673192024231,3.0,12
1573,Interpolated_3167414,98.92070007324219,30.581893920898438,0.0,0.4143045246601105,3.0,12
1574,Interpolated_3167417,98.9210433959961,30.58194923400879,0.0,0.48561060428619385,3.0,12
1575,Interpolated_3167420,98.92139434814453,30.58200454711914,0.0,0.31429263949394226,3.0,12
1576,Interpolated_3167423,98.92169189453125,30.58205223083496,0.3526127338409424,0.6865831017494202,3.0,12
1577,Interpolated_3167426,98.92200469970703,30.582101821899414,0.0,0.1800149828195572,2.0,12
1578,Interpolated_3167429,98.92237854003906,30.58216094970703,0.0,0.3203369379043579,3.0,12
1579,Interpolated_3167432,98.9227523803711,30.58222007751465,0.0,0.3146294057369232,3.0,12
1580,Interpolated_3167435,98.92313385009766,30.582279205322266,0.0,0.41917359828948975,3.0,12
1581,Interpolated_3167438,98.92353057861328,30.58234405517578,0.0,0.06666667014360428,1.0,12
1582,Interpolated_3167441,98.9239730834961,30.582414627075195,0.0,0.3466399312019348,3.0,12
1583,Interpolated_3167444,98.92436981201172,30.582477569580078,0.0,0.40181779861450195,3.0,12
1584,Interpolated_3167447,98.92474365234375,30.582536697387695,0.0,0.3326607942581177,3.0,12
1585,Interpolated_3167450,98.9250717163086,30.58258819580078,0.0,0.06666667014360428,1.0,12
1586,Interpolated_3167453,98.92536163330078,30.58263397216797,0.0,0.16813603043556213,2.0,12
1587,Interpolated_3167456,98.9256820678711,30.582685470581055,0.0,0.06666667014360428,1.0,12
1588,Interpolated_3167459,98.92603302001953,30.582740783691406,0.0,0.2847076654434204,3.0,12
1589,Interpolated_3167462,98.92633819580078,30.582788467407227,0.0,0.1728491187095642,2.0,12
1590,Interpolated_3167465,98.9266128540039,30.58283233642578,0.0,0.322792649269104,3.0,12
1591,Interpolated_3167468,98.9268798828125,30.582876205444336,0.0,0.31730204820632935,3.0,12
1592,Interpolated_3167471,98.92718505859375,30.582923889160156,0.0,0.35561656951904297,3.0,12
1593,Interpolated_3167474,98.92753601074219,30.582979202270508,0.0,0.24118803441524506,3.0,12
1594,Interpolated_3167477,98.92790222167969,30.583038330078125,0.0,0.15022379159927368,2.0,12
1595,Interpolated_3167480,98.92829132080078,30.583099365234375,0.0,0.21319809556007385,2.0,12
1596,Interpolated_3167483,98.92861938476562,30.583152770996094,0.0,0.2946528494358063,3.0,12
1597,Interpolated_3167486,98.92891693115234,30.58319854736328,0.0,0.3723376989364624,3.0,12
1598,Interpolated_3167489,98.92921447753906,30.5832462310791,0.0,0.1396627426147461,2.0,12
1599,Interpolated_3167492,98.92951202392578,30.583293914794922,0.0,0.3105246424674988,3.0,12
1600,Interpolated_3167495,98.9297866821289,30.583337783813477,0.0,0.492173969745636,3.0,12
1601,Interpolated_3167498,98.93008422851562,30.583383560180664,0.0,0.3864949643611908,3.0,12
1602,Interpolated_3167501,98.93046569824219,30.583444595336914,0.0,0.3278975486755371,3.0,12
1603,Interpolated_3167504,98.93092346191406,30.58351707458496,0.0,0.31176185607910156,3.0,12
1604,Interpolated_3167507,98.93128967285156,30.583576202392578,0.0,0.345276415348053,3.0,12
1605,Interpolated_3167510,98.93169403076172,30.583641052246094,0.0,0.3450702428817749,3.0,12
1606,Interpolated_3167513,98.93207550048828,30.58370018005371,0.0,0.29708313941955566,3.0,12
1607,Interpolated_3167516,98.93245697021484,30.58376121520996,0.0,0.2809128761291504,3.0,12
1608,Interpolated_3167519,98.9328384399414,30.58382225036621,0.08766155689954758,0.562430202960968,3.0,12
1609,Interpolated_3167522,98.93323516845703,30.583885192871094,0.2602686882019043,0.6433117985725403,3.0,12
1610,Interpolated_3167525,98.9335708618164,30.58393669128418,0.0,0.37118658423423767,3.0,12
1611,Interpolated_3167528,98.933837890625,30.583980560302734,0.0,0.4041373133659363,3.0,12
1612,Interpolated_3167531,98.93413543701172,30.584028244018555,0.0,0.25704947113990784,3.0,12
1613,Interpolated_3167534,98.93446350097656,30.58407974243164,0.0,0.401345431804657,3.0,12
1614,Interpolated_3167537,98.93477630615234,30.584129333496094,0.0,0.33251166343688965,3.0,12
1615,Interpolated_3167540,98.93505096435547,30.58417320251465,0.0,0.14983251690864563,2.0,12
1616,Interpolated_3167543,98.9353256225586,30.584217071533203,0.0,0.3567533493041992,3.0,12
1617,Interpolated_3167546,98.9355697631836,30.58425521850586,0.0,0.4076884984970093,3.0,12
1618,Interpolated_3167549,98.93582916259766,30.58429718017578,0.0,0.37046170234680176,3.0,12
1619,Interpolated_3167552,98.93611145019531,30.584341049194336,0.0,0.5121113657951355,3.0,12
1620,Interpolated_3167555,98.93638610839844,30.58438491821289,0.0,0.3434702157974243,3.0,12
1621,Interpolated_3167558,98.9366455078125,30.584426879882812,0.0,0.25630101561546326,3.0,12
1622,Interpolated_3167561,98.93696594238281,30.584476470947266,0.0,0.21662962436676025,3.0,12
1623,Interpolated_3167564,98.93733215332031,30.584535598754883,0.0,0.22155813872814178,3.0,12
1624,Interpolated_3170081,98.91834259033203,30.581647872924805,0.0,0.38883110880851746,3.0,12
1625,Interpolated_3170084,98.91864013671875,30.581693649291992,0.0,0.32319939136505127,3.0,12
1626,Interpolated_3170087,98.91895294189453,30.581743240356445,0.19682395458221436,0.6135823726654053,3.0,12
1627,Interpolated_3170090,98.91921997070312,30.581787109375,0.0,0.4665065407752991,3.0,12
1628,Interpolated_3170093,98.91951751708984,30.58183479309082,0.0,0.35384446382522583,3.0,12
1629,Interpolated_3170096,98.91985321044922,30.58188819885254,0.0,0.2733217775821686,3.0,12
1630,Interpolated_3170099,98.92020416259766,30.581941604614258,0.0,0.3788536787033081,3.0,12
1631,Interpolated_3170102,98.92052459716797,30.581995010375977,0.0,0.19274325668811798,2.0,12
1632,Interpolated_3170105,98.92088317871094,30.582050323486328,0.0,0.4212219715118408,3.0,12
1633,Interpolated_3170108,98.92121887207031,30.582103729248047,0.0,0.515224039554596,3.0,12
1634,Interpolated_3170111,98.92152404785156,30.5821533203125,0.0,0.35809433460235596,3.0,12
1635,Interpolated_3170114,98.92180633544922,30.582197189331055,0.0,0.45945310592651367,3.0,12
1636,Interpolated_3170117,98.9221420288086,30.582250595092773,0.0,0.3189479112625122,3.0,12
1637,Interpolated_3170120,98.92252349853516,30.582311630249023,0.0,0.3557974696159363,3.0,12
1638,Interpolated_3170123,98.92292022705078,30.582374572753906,0.0,0.06666667014360428,1.0,12
1639,Interpolated_3170126,98.92330169677734,30.582435607910156,0.0,0.24169811606407166,3.0,12
1640,Interpolated_3170129,98.92372131347656,30.582500457763672,0.0,0.1397220492362976,2.0,12
1641,Interpolated_3170132,98.92413330078125,30.58256721496582,0.0,0.31640511751174927,3.0,12
1642,Interpolated_3170135,98.92452239990234,30.58262825012207,0.0,0.24163568019866943,3.0,12
1643,Interpolated_3170138,98.92488098144531,30.582685470581055,0.0,0.24163568019866943,3.0,12
1644,Interpolated_3170141,98.9251937866211,30.582735061645508,0.0,0.16890586912631989,2.0,12
1645,Interpolated_3170144,98.92549133300781,30.582782745361328,0.0,0.06666667014360428,1.0,12
1646,Interpolated_3170147,98.92582702636719,30.582836151123047,0.0,0.06666667014360428,1.0,12
1647,Interpolated_3170150,98.92615509033203,30.582887649536133,0.0,0.2796863317489624,3.0,12
1648,Interpolated_3170153,98.92643737792969,30.58293342590332,0.0,0.3507777452468872,3.0,12
1649,Interpolated_3170156,98.92671203613281,30.582977294921875,0.0,0.15605610609054565,2.0,12
1650,Interpolated_3170159,98.92699432373047,30.58302116394043,0.0,0.35536813735961914,3.0,12
1651,Interpolated_3170162,98.92732238769531,30.58307456970215,0.0,0.4007679522037506,3.0,12
1652,Interpolated_3170165,98.92768096923828,30.5831298828125,0.0,0.1396089643239975,2.0,12
1653,Interpolated_3170168,98.92807006835938,30.583192825317383,0.0,0.33364641666412354,3.0,12
1654,Interpolated_3170171,98.92843627929688,30.583250045776367,0.0,0.15072816610336304,2.0,12
1655,Interpolated_3170174,98.9287338256836,30.583297729492188,0.0,0.15537065267562866,2.0,12
1656,Interpolated_3170177,98.92902374267578,30.583345413208008,0.0,0.2021370679140091,2.0,12
1657,Interpolated_3170180,98.92933654785156,30.583393096923828,0.0,0.3119018077850342,3.0,12
1658,Interpolated_3170183,98.92960357666016,30.583436965942383,0.0,0.24675114452838898,3.0,12
1659,Interpolated_3170186,98.92987823486328,30.583478927612305,0.0,0.4826367497444153,3.0,12
1660,Interpolated_3170189,98.93024444580078,30.583538055419922,0.0,0.2683243155479431,3.0,12
1661,Interpolated_3170192,98.93071746826172,30.583614349365234,0.0,0.1395544558763504,2.0,12
1662,Interpolated_3170195,98.93108367919922,30.58367156982422,0.0,0.3104669451713562,3.0,12
1663,Interpolated_3170198,98.93144989013672,30.583728790283203,0.0,0.5186145901679993,3.0,12
1664,Interpolated_3170201,98.93183898925781,30.583789825439453,0.0,0.3255884647369385,3.0,12
1665,Interpolated_3170204,98.93222045898438,30.583850860595703,0.0,0.4113105535507202,3.0,12
1666,Interpolated_3170207,98.9326171875,30.583913803100586,0.0,0.3931787610054016,3.0,12
1667,Interpolated_3170210,98.93299865722656,30.583974838256836,0.0,0.44407325983047485,3.0,12
1668,Interpolated_3170213,98.93338775634766,30.58403778076172,0.0,0.48872339725494385,3.0,12
1669,Interpolated_3170216,98.93368530273438,30.584083557128906,0.0,0.4446219205856323,3.0,12
1670,Interpolated_3170219,98.93396759033203,30.584129333496094,0.0,0.4196622371673584,3.0,12
1671,Interpolated_3170222,98.93428802490234,30.584178924560547,0.039044857025146484,0.5396490097045898,3.0,12
1672,Interpolated_3170225,98.93460083007812,30.584230422973633,0.0,0.40157026052474976,3.0,12
1673,Interpolated_3170228,98.93489074707031,30.58427619934082,0.15922664105892181,0.5959647297859192,3.0,12
1674,Interpolated_3170231,98.9351577758789,30.584318161010742,0.0,0.29013755917549133,3.0,12
1675,Interpolated_3170234,98.93541717529297,30.584360122680664,0.0,0.4955064654350281,3.0,12
1676,Interpolated_3170237,98.93568420410156,30.584402084350586,0.3143666982650757,0.6686614751815796,3.0,12
1677,Interpolated_3170240,98.93594360351562,30.584442138671875,0.0,0.3055391311645508,3.0,12
1678,Interpolated_3170243,98.93623352050781,30.584489822387695,0.0,0.2674933671951294,3.0,12
1679,Interpolated_3170246,98.9365005493164,30.584531784057617,0.0,0.2935141623020172,3.0,12
1680,Interpolated_3170249,98.9367904663086,30.584577560424805,0.0,0.38043174147605896,3.0,12
1681,Interpolated_3170252,98.93710327148438,30.584627151489258,0.10583546757698059,0.5709462761878967,3.0,12
1682,Interpolated_3170255,98.93751525878906,30.584692001342773,0.0,0.2219245731830597,3.0,12
1683,Interpolated_3172770,98.91827392578125,30.581764221191406,0.032545287162065506,0.5366033911705017,3.0,12
1684,Interpolated_3172773,98.91858673095703,30.58181381225586,0.0,0.35219860076904297,3.0,12
1685,Interpolated_3172776,98.91889190673828,30.58186149597168,0.0,0.2483268827199936,3.0,12
1686,Interpolated_3172779,98.91915893554688,30.581905364990234,0.0,0.1812845766544342,2.0,12
1687,Interpolated_3172782,98.9194564819336,30.581951141357422,0.04484456777572632,0.5423666834831238,3.0,12
1688,Interpolated_3172785,98.91980743408203,30.582008361816406,0.0,0.3557732105255127,3.0,12
1689,Interpolated_3172788,98.9201431274414,30.582061767578125,0.3398931920528412,0.6806228756904602,3.0,12
1690,Interpolated_3172791,98.92047882080078,30.58211326599121,0.0,0.24721622467041016,3.0,12
1691,Interpolated_3172794,98.92083740234375,30.582170486450195,0.0,0.20305834710597992,2.0,12
1692,Interpolated_3172797,98.9211654663086,30.582223892211914,0.0,0.4205767512321472,3.0,12
1693,Interpolated_3172800,98.92146301269531,30.5822696685791,0.0,0.3550020456314087,3.0,12
1694,Interpolated_3172803,98.9217300415039,30.582313537597656,0.0,0.4667266011238098,3.0,12
1695,Interpolated_3172806,98.92205047607422,30.582365036010742,0.0,0.3146438002586365,3.0,12
1696,Interpolated_3172809,98.92242431640625,30.58242416381836,0.0,0.3879944682121277,3.0,12
1697,Interpolated_3172812,98.9228286743164,30.582487106323242,0.0,0.31424832344055176,3.0,12
1698,Interpolated_3172815,98.9232406616211,30.58255386352539,0.0,0.3147926330566406,3.0,12
1699,Interpolated_3172818,98.92362976074219,30.58261489868164,0.0,0.3970488905906677,3.0,12
1700,Interpolated_3172821,98.92402648925781,30.582677841186523,0.0698268860578537,0.5540730953216553,3.0,12
1701,Interpolated_3172824,98.92442321777344,30.582740783691406,0.0,0.42057132720947266,3.0,12
1702,Interpolated_3172827,98.92479705810547,30.582799911499023,0.0,0.24169811606407166,3.0,12
1703,Interpolated_3172830,98.92510986328125,30.582849502563477,0.0,0.34820103645324707,3.0,12
1704,Interpolated_3172833,98.92539978027344,30.582897186279297,0.0,0.15028692781925201,2.0,12
1705,Interpolated_3172836,98.92572784423828,30.582948684692383,0.0,0.139619842171669,2.0,12
1706,Interpolated_3172839,98.92607116699219,30.5830020904541,0.0,0.24109971523284912,3.0,12
1707,Interpolated_3172842,98.92636108398438,30.58304786682129,0.1597168743610382,0.5961944460868835,3.0,12
1708,Interpolated_3172845,98.9266357421875,30.583091735839844,0.0,0.3710154891014099,3.0,12
1709,Interpolated_3172848,98.92691040039062,30.58313751220703,0.0,0.2413017749786377,3.0,12
1710,Interpolated_3172851,98.92723083496094,30.583187103271484,0.0,0.18431009352207184,2.0,12
1711,Interpolated_3172854,98.9275894165039,30.58324432373047,0.0,0.3341466188430786,3.0,12
1712,Interpolated_3172857,98.92796325683594,30.583303451538086,0.0,0.2130948305130005,2.0,12
1713,Interpolated_3172860,98.92833709716797,30.583362579345703,0.0,0.19518716633319855,2.0,12
1714,Interpolated_3172863,98.92864227294922,30.583410263061523,0.0,0.15065360069274902,2.0,12
1715,Interpolated_3172866,98.92893981933594,30.583457946777344,0.0,0.3221946954727173,3.0,12
1716,Interpolated_3172869,98.92924499511719,30.583507537841797,0.0,0.13961340487003326,2.0,12
1717,Interpolated_3172872,98.92952728271484,30.58355140686035,0.0,0.24200892448425293,3.0,12
1718,Interpolated_3172875,98.9297866821289,30.583593368530273,0.0,0.23773027956485748,2.0,12
1719,Interpolated_3172878,98.93016815185547,30.583654403686523,0.0,0.3401464521884918,3.0,12
1720,Interpolated_3172881,98.9306411743164,30.583728790283203,0.0,0.3108840584754944,3.0,12
1721,Interpolated_3172884,98.9310073852539,30.58378791809082,0.0,0.3445533812046051,3.0,12
1722,Interpolated_3172887,98.93135070800781,30.58384132385254,0.0,0.21602416038513184,3.0,12
1723,Interpolated_3172890,98.93173217773438,30.58390235900879,0.0,0.4794856905937195,3.0,12
1724,Interpolated_3172893,98.9321060180664,30.583961486816406,0.0,0.2712686061859131,3.0,12
1725,Interpolated_3172896,98.9325180053711,30.584026336669922,0.0,0.330699622631073,3.0,12
1726,Interpolated_3172899,98.93291473388672,30.584089279174805,0.0,0.2623124420642853,3.0,12
1727,Interpolated_3172902,98.93331909179688,30.58415412902832,0.014953446574509144,0.5283600687980652,3.0,12
1728,Interpolated_3172905,98.93362426757812,30.58420181274414,0.0,0.285533607006073,3.0,12
1729,Interpolated_3172908,98.93391418457031,30.584247589111328,0.0,0.40462565422058105,3.0,12
1730,Interpolated_3172911,98.93421936035156,30.58429718017578,0.07591190934181213,0.5569244623184204,3.0,12
1731,Interpolated_3172914,98.93452453613281,30.5843448638916,0.0,0.2700713574886322,3.0,12
1732,Interpolated_3172917,98.93482208251953,30.584392547607422,0.0,0.32172179222106934,3.0,12
1733,Interpolated_3172920,98.93508911132812,30.584434509277344,0.0,0.32162758708000183,3.0,12
1734,Interpolated_3172923,98.93535614013672,30.584476470947266,0.0,0.3010142743587494,3.0,12
1735,Interpolated_3172926,98.93560791015625,30.584518432617188,0.0,0.4612327218055725,3.0,12
1736,Interpolated_3172929,98.93587493896484,30.58456039428711,0.0,0.5207685232162476,3.0,12
1737,Interpolated_3172932,98.9361572265625,30.584606170654297,0.0,0.4060436487197876,3.0,12
1738,Interpolated_3172935,98.93644714355469,30.584651947021484,0.4006580710411072,0.7090965509414673,3.0,12
1739,Interpolated_3172938,98.93672943115234,30.58469581604004,0.0,0.16932885348796844,2.0,12
1740,Interpolated_3172941,98.93702697753906,30.58474349975586,0.0,0.23101629316806793,3.0,12
1741,Interpolated_3172944,98.93736267089844,30.584796905517578,0.0,0.24271412193775177,3.0,12
1742,Interpolated_3175458,98.9181137084961,30.581865310668945,0.0,0.36379170417785645,3.0,12
1743,Interpolated_3175461,98.91841125488281,30.581912994384766,0.0,0.16027651727199554,2.0,12
1744,Interpolated_3175464,98.91873168945312,30.58196449279785,0.05191310495138168,0.5456789135932922,3.0,12
1745,Interpolated_3175467,98.91902160644531,30.58201026916504,0.14388306438922882,0.5887749195098877,3.0,12
1746,Interpolated_3175470,98.91929626464844,30.582054138183594,0.1693934053182602,0.6007287502288818,3.0,12
1747,Interpolated_3175473,98.91963195800781,30.582107543945312,0.0,0.3621954023838043,3.0,12
1748,Interpolated_3175476,98.91997528076172,30.582162857055664,0.0,0.4263201355934143,3.0,12
1749,Interpolated_3175479,98.9203109741211,30.582216262817383,0.0,0.36390846967697144,3.0,12
1750,Interpolated_3175482,98.920654296875,30.5822696685791,0.0,0.37186241149902344,3.0,12
1751,Interpolated_3175485,98.92098999023438,30.58232307434082,0.0,0.40684622526168823,3.0,12
1752,Interpolated_3175488,98.9212875366211,30.58237075805664,0.0,0.26166611909866333,3.0,12
1753,Interpolated_3175491,98.92156982421875,30.582416534423828,0.0,0.1396089643239975,2.0,12
1754,Interpolated_3175494,98.92186737060547,30.582462310791016,0.0,0.4241858422756195,3.0,12
1755,Interpolated_3175497,98.9222183227539,30.58251953125,0.0,0.32986748218536377,3.0,12
1756,Interpolated_3175500,98.92259979248047,30.582578659057617,0.0,0.06666667014360428,1.0,12
1757,Interpolated_3175503,98.92304229736328,30.58264923095703,0.0,0.42057132720947266,3.0,12
1758,Interpolated_3175506,98.9234390258789,30.582712173461914,0.0,0.17902298271656036,2.0,12
1759,Interpolated_3175509,98.92379760742188,30.5827693939209,0.0,0.4191768169403076,3.0,12
1760,Interpolated_3175512,98.92417907714844,30.58283042907715,0.0,0.06666667014360428,1.0,12
1761,Interpolated_3175515,98.92456817626953,30.5828914642334,0.0,0.06666667014360428,1.0,12
1762,Interpolated_3175518,98.9249267578125,30.582948684692383,0.0,0.3553304076194763,3.0,12
1763,Interpolated_3175521,98.92523193359375,30.582998275756836,0.0,0.4548739790916443,3.0,12
1764,Interpolated_3175524,98.9255142211914,30.58304214477539,0.0,0.3568199574947357,3.0,12
1765,Interpolated_3175527,98.92585754394531,30.583097457885742,0.0,0.06666667014360428,1.0,12
1766,Interpolated_3175530,98.92617797851562,30.583147048950195,0.0,0.3629548251628876,3.0,12
1767,Interpolated_3175533,98.92646026611328,30.583192825317383,0.0,0.3321268558502197,3.0,12
1768,Interpolated_3175536,98.92674255371094,30.58323860168457,0.0,0.42275041341781616,3.0,12
1769,Interpolated_3175539,98.92704010009766,30.583284378051758,0.0,0.32133814692497253,3.0,12
1770,Interpolated_3175542,98.9273681640625,30.583337783813477,0.0,0.46241921186447144,3.0,12
1771,Interpolated_3175545,98.9277572631836,30.583398818969727,0.0,0.15526846051216125,2.0,12
1772,Interpolated_3175548,98.92811584472656,30.58345603942871,0.0,0.3594767451286316,3.0,12
1773,Interpolated_3175551,98.92845916748047,30.58350944519043,0.0,0.1957852691411972,2.0,12
1774,Interpolated_3175554,98.92874908447266,30.58355712890625,0.0,0.364109605550766,3.0,12
1775,Interpolated_3175557,98.9290542602539,30.58360481262207,0.0,0.18486236035823822,2.0,12
1776,Interpolated_3175560,98.92936706542969,30.583654403686523,0.0,0.1792958825826645,2.0,12
1777,Interpolated_3175563,98.92962646484375,30.583696365356445,0.0,0.40221184492111206,3.0,12
1778,Interpolated_3175566,98.92996215820312,30.583749771118164,0.0,0.5103425979614258,3.0,12
1779,Interpolated_3175569,98.9304428100586,30.583826065063477,0.0,0.31099504232406616,3.0,12
1780,Interpolated_3175572,98.93081665039062,30.583885192871094,0.0,0.15554386377334595,2.0,12
1781,Interpolated_3175575,98.93115234375,30.583938598632812,0.0,0.26226910948753357,3.0,12
1782,Interpolated_3175578,98.93151092529297,30.583993911743164,0.0,0.31284502148628235,3.0,12
1783,Interpolated_3175581,98.93189239501953,30.584054946899414,0.0,0.26049211621284485,3.0,12
1784,Interpolated_3175584,98.93228149414062,30.584117889404297,0.0,0.25235557556152344,2.0,12
1785,Interpolated_3175587,98.93270111083984,30.584184646606445,0.0,0.1397092193365097,2.0,12
1786,Interpolated_3175590,98.93309020996094,30.584245681762695,0.0,0.2566072940826416,3.0,12
1787,Interpolated_3175593,98.93347930908203,30.584306716918945,0.4083501398563385,0.7127009630203247,3.0,12
1788,Interpolated_3175596,98.93375396728516,30.5843505859375,0.0,0.30640506744384766,3.0,12
1789,Interpolated_3175599,98.93405151367188,30.58439826965332,0.0,0.49000662565231323,3.0,12
1790,Interpolated_3175602,98.93434143066406,30.584444046020508,0.0,0.5002264380455017,3.0,12
1791,Interpolated_3175605,98.93463897705078,30.584491729736328,0.0,0.3472357988357544,3.0,12
1792,Interpolated_3175608,98.9349136352539,30.584535598754883,0.0,0.2551249861717224,3.0,12
1793,Interpolated_3175611,98.93518829345703,30.584577560424805,0.0,0.3724837303161621,3.0,12
1794,Interpolated_3175614,98.93544006347656,30.584619522094727,0.47521987557411194,0.7440353035926819,3.0,12
1795,Interpolated_3175617,98.93570709228516,30.58466148376465,0.0,0.46651792526245117,3.0,12
1796,Interpolated_3175620,98.93598175048828,30.584705352783203,0.0,0.5029346346855164,3.0,12
1797,Interpolated_3175623,98.93628692626953,30.584753036499023,0.0,0.452457070350647,3.0,12
1798,Interpolated_3175626,98.93656921386719,30.58479881286621,0.0,0.2838698923587799,3.0,12
1799,Interpolated_3175629,98.93685913085938,30.5848445892334,0.0,0.3063766360282898,3.0,12
1800,Interpolated_3175632,98.93714141845703,30.584890365600586,0.0,0.3271521329879761,3.0,12
1801,Interpolated_3175635,98.93751525878906,30.58494758605957,0.0,0.14979127049446106,2.0,12
1802,Interpolated_3178148,98.91815185546875,30.582000732421875,0.0,0.31615060567855835,3.0,12
1803,Interpolated_3178151,98.91845703125,30.582048416137695,0.0,0.30386146903038025,3.0,12
1804,Interpolated_3178154,98.91875457763672,30.582096099853516,0.0,0.5200327038764954,3.0,12
1805,Interpolated_3178157,98.91905212402344,30.582143783569336,0.0,0.3477674722671509,3.0,12
1806,Interpolated_3178160,98.91934967041016,30.582191467285156,0.0,0.37869638204574585,3.0,12
1807,Interpolated_3178163,98.91968536376953,30.582244873046875,0.0,0.5136331915855408,3.0,12
1808,Interpolated_3178166,98.92002868652344,30.582298278808594,0.0,0.4739011526107788,3.0,12
1809,Interpolated_3178169,98.92037200927734,30.582353591918945,0.0,0.18470163643360138,2.0,12
1810,Interpolated_3178172,98.92070007324219,30.58240509033203,0.0,0.4833328127861023,3.0,12
1811,Interpolated_3178175,98.9210205078125,30.582456588745117,0.020589323714375496,0.5310009717941284,3.0,12
1812,Interpolated_3178178,98.92131042480469,30.582502365112305,0.0,0.3305569291114807,3.0,12
1813,Interpolated_3178181,98.92158508300781,30.58254623413086,0.0,0.2549173831939697,3.0,12
1814,Interpolated_3178184,98.92190551757812,30.582597732543945,0.0,0.17307737469673157,2.0,12
1815,Interpolated_3178187,98.92225646972656,30.582653045654297,0.0,0.3731537461280823,3.0,12
1816,Interpolated_3178190,98.92264556884766,30.58271598815918,0.0,0.31488171219825745,3.0,12
1817,Interpolated_3178193,98.92311096191406,30.582788467407227,0.0,0.35567063093185425,3.0,12
1818,Interpolated_3178196,98.92349243164062,30.582849502563477,0.0,0.31466060876846313,3.0,12
1819,Interpolated_3178199,98.9238510131836,30.58290672302246,0.0,0.3542052209377289,3.0,12
1820,Interpolated_3178202,98.92420196533203,30.582962036132812,0.0,0.3158346116542816,3.0,12
1821,Interpolated_3178205,98.9245834350586,30.583023071289062,0.0,0.3583099842071533,3.0,12
1822,Interpolated_3178208,98.9249267578125,30.58307647705078,0.0,0.31571608781814575,3.0,12
1823,Interpolated_3178211,98.92523956298828,30.583126068115234,0.0,0.24117952585220337,3.0,12
1824,Interpolated_3178214,98.92552947998047,30.583173751831055,0.0,0.3141098618507385,3.0,12
1825,Interpolated_3178217,98.92587280273438,30.583227157592773,0.0,0.24133026599884033,3.0,12
1826,Interpolated_3178220,98.9261703491211,30.583274841308594,0.0,0.35177308320999146,3.0,12
1827,Interpolated_3178223,98.92646789550781,30.583322525024414,0.0,0.33137261867523193,3.0,12
1828,Interpolated_3178226,98.9267578125,30.5833683013916,0.0,0.31640511751174927,3.0,12
1829,Interpolated_3178229,98.92706298828125,30.583415985107422,0.0,0.35998404026031494,3.0,12
1830,Interpolated_3178232,98.92740631103516,30.583471298217773,0.0,0.24725750088691711,3.0,12
1831,Interpolated_3178235,98.92778778076172,30.583532333374023,0.0,0.18074679374694824,2.0,12
1832,Interpolated_3178238,98.92813110351562,30.583587646484375,0.0,0.3646228313446045,3.0,12
1833,Interpolated_3178241,98.92847442626953,30.583641052246094,0.0,0.47499459981918335,3.0,12
1834,Interpolated_3178244,98.92877197265625,30.583688735961914,0.0,0.1655106544494629,2.0,12
1835,Interpolated_3178247,98.9290771484375,30.583736419677734,0.0,0.1395619660615921,2.0,12
1836,Interpolated_3178250,98.92938995361328,30.583786010742188,0.0,0.35064205527305603,3.0,12
1837,Interpolated_3178253,98.9296646118164,30.583829879760742,0.0,0.33888667821884155,3.0,12
1838,Interpolated_3178256,98.93009185791016,30.583898544311523,0.0,0.3264274299144745,3.0,12
1839,Interpolated_3178259,98.93052673339844,30.583967208862305,0.0,0.2683243155479431,3.0,12
1840,Interpolated_3178262,98.93085479736328,30.58401870727539,0.0,0.276129812002182,3.0,12
1841,Interpolated_3178265,98.93119812011719,30.584074020385742,0.0,0.3108295202255249,3.0,12
1842,Interpolated_3178268,98.93154907226562,30.584129333496094,0.0,0.4174029231071472,3.0,12
1843,Interpolated_3178271,98.93195343017578,30.58419418334961,0.0,0.277853786945343,3.0,12
1844,Interpolated_3178274,98.93234252929688,30.58425521850586,0.0,0.24658718705177307,3.0,12
1845,Interpolated_3178277,98.93274688720703,30.584320068359375,0.0,0.4877966642379761,3.0,12
1846,Interpolated_3178280,98.93316650390625,30.58438491821289,0.0,0.1852003037929535,2.0,12
1847,Interpolated_3178283,98.93352508544922,30.584442138671875,0.0,0.4854161739349365,3.0,12
1848,Interpolated_3178286,98.93379211425781,30.584484100341797,0.0,0.2911929190158844,3.0,12
1849,Interpolated_3178289,98.93407440185547,30.584529876708984,0.4567236304283142,0.7353681921958923,3.0,12
1850,Interpolated_3178292,98.93437194824219,30.584575653076172,0.0,0.4202291965484619,3.0,12
1851,Interpolated_3178295,98.93465423583984,30.584623336791992,0.39756593108177185,0.7076476216316223,3.0,12
1852,Interpolated_3178298,98.93492126464844,30.584665298461914,0.020492268726229668,0.5309554934501648,3.0,12
1853,Interpolated_3178301,98.93518829345703,30.584707260131836,0.0,0.33011168241500854,3.0,12
1854,Interpolated_3178304,98.93544006347656,30.584747314453125,0.0,0.4247967600822449,3.0,12
1855,Interpolated_3178307,98.93571472167969,30.58479118347168,0.0557614304125309,0.5474821925163269,3.0,12
1856,Interpolated_3178310,98.93599700927734,30.584836959838867,0.14008332788944244,0.5869944095611572,3.0,12
1857,Interpolated_3178313,98.93630981445312,30.584884643554688,0.0,0.37015479803085327,3.0,12
1858,Interpolated_3178316,98.93659210205078,30.584930419921875,0.0,0.4837651252746582,3.0,12
1859,Interpolated_3178319,98.93687438964844,30.584976196289062,0.0,0.42240071296691895,3.0,12
1860,Interpolated_3178322,98.93714141845703,30.585018157958984,0.0,0.4665250778198242,3.0,12
1861,Interpolated_3178325,98.93750762939453,30.58507537841797,0.0,0.4962397813796997,3.0,12
1862,Interpolated_3178328,98.93846130371094,30.58522605895996,0.0,0.34466320276260376,3.0,12
1863,Interpolated_3180840,98.91837310791016,30.582164764404297,0.0,0.35301363468170166,3.0,12
1864,Interpolated_3180843,98.91868591308594,30.582212448120117,0.2329229712486267,0.630497932434082,3.0,12
1865,Interpolated_3180846,98.91899108886719,30.58226203918457,0.0,0.2687144875526428,3.0,12
1866,Interpolated_3180849,98.91928100585938,30.582307815551758,0.0,0.16041649878025055,2.0,12
1867,Interpolated_3180852,98.91960906982422,30.582361221313477,0.0,0.40240663290023804,3.0,12
1868,Interpolated_3180855,98.91996765136719,30.582416534423828,0.0,0.3803727626800537,3.0,12
1869,Interpolated_3180858,98.92030334472656,30.582469940185547,0.0,0.39624112844467163,3.0,12
1870,Interpolated_3180861,98.92061614990234,30.582521438598633,0.0,0.3203537166118622,3.0,12
1871,Interpolated_3180864,98.92092895507812,30.582571029663086,0.0,0.38166511058807373,3.0,12
1872,Interpolated_3180867,98.92122650146484,30.582616806030273,0.0,0.23709729313850403,2.0,12
1873,Interpolated_3180870,98.9215087890625,30.58266258239746,0.0,0.17410483956336975,2.0,12
1874,Interpolated_3180873,98.92182922363281,30.582712173461914,0.0,0.23558646440505981,2.0,12
1875,Interpolated_3180876,98.92215728759766,30.582765579223633,0.0,0.13979242742061615,2.0,12
1876,Interpolated_3180879,98.92254638671875,30.582826614379883,0.0,0.3187998831272125,3.0,12
1877,Interpolated_3180882,98.92303466796875,30.582904815673828,0.0,0.06666667014360428,1.0,12
1878,Interpolated_3180885,98.92341613769531,30.582965850830078,0.0,0.15027213096618652,2.0,12
1879,Interpolated_3180888,98.92377471923828,30.583023071289062,0.0,0.3550020456314087,3.0,12
1880,Interpolated_3180891,98.92411041259766,30.58307456970215,0.0,0.24146884679794312,3.0,12
1881,Interpolated_3180894,98.92447662353516,30.583133697509766,0.0,0.241356760263443,3.0,12
1882,Interpolated_3180897,98.92481994628906,30.583189010620117,0.0,0.06666667014360428,1.0,12
1883,Interpolated_3180900,98.92515563964844,30.583240509033203,0.0,0.3581455945968628,3.0,12
1884,Interpolated_3180903,98.92545318603516,30.583288192749023,0.0,0.4536912441253662,3.0,12
1885,Interpolated_3180906,98.92577362060547,30.58333969116211,0.0,0.3544952869415283,3.0,12
1886,Interpolated_3180909,98.92607116699219,30.58338737487793,0.0,0.39940208196640015,3.0,12
1887,Interpolated_3180912,98.9263687133789,30.583433151245117,0.0,0.3169128894805908,3.0,12
1888,Interpolated_3180915,98.92667388916016,30.58348274230957,0.0,0.4212925434112549,3.0,12
1889,Interpolated_3180918,98.9269790649414,30.583532333374023,0.0,0.4416157603263855,3.0,12
1890,Interpolated_3180921,98.92732238769531,30.583585739135742,0.0,0.18566244840621948,2.0,12
1891,Interpolated_3180924,98.92769622802734,30.58364486694336,0.0,0.3584791123867035,3.0,12
1892,Interpolated_3180927,98.92803192138672,30.583698272705078,0.0,0.13955342769622803,2.0,12
1893,Interpolated_3180930,98.92837524414062,30.58375358581543,0.0,0.2408626675605774,3.0,12
1894,Interpolated_3180933,98.9286880493164,30.583803176879883,0.0,0.1853117048740387,2.0,12
1895,Interpolated_3180936,98.92900085449219,30.583852767944336,0.0,0.2034492790699005,2.0,12
1896,Interpolated_3180939,98.92930603027344,30.583900451660156,0.0,0.34999480843544006,3.0,12
1897,Interpolated_3180942,98.92961883544922,30.58395004272461,0.0,0.18001064658164978,2.0,12
1898,Interpolated_3180945,98.93006134033203,30.584020614624023,0.0,0.3105246424674988,3.0,12
1899,Interpolated_3180948,98.93045806884766,30.584083557128906,0.0,0.24685826897621155,3.0,12
1900,Interpolated_3180951,98.9307861328125,30.584135055541992,0.0,0.19516898691654205,2.0,12
1901,Interpolated_3180954,98.93112182617188,30.58418846130371,0.0,0.3976139426231384,3.0,12
1902,Interpolated_3180957,98.93148040771484,30.584245681762695,0.0,0.3131474256515503,3.0,12
1903,Interpolated_3180960,98.9319076538086,30.584314346313477,0.0,0.4300844669342041,3.0,12
1904,Interpolated_3180963,98.93225860595703,30.584369659423828,0.0,0.3123258352279663,3.0,12
1905,Interpolated_3180966,98.93266296386719,30.58443260192871,0.0,0.28163304924964905,3.0,12
1906,Interpolated_3180969,98.93309783935547,30.584501266479492,0.0,0.493826687335968,3.0,12
1907,Interpolated_3180972,98.93345642089844,30.58456039428711,0.0,0.2469288855791092,3.0,12
1908,Interpolated_3180975,98.93375396728516,30.584606170654297,0.0,0.44133618474006653,3.0,12
1909,Interpolated_3180978,98.93402099609375,30.58464813232422,0.0,0.25501057505607605,3.0,12
1910,Interpolated_3180981,98.93429565429688,30.584693908691406,0.013644425198435783,0.5277466773986816,3.0,12
1911,Interpolated_3180984,98.9345703125,30.58473777770996,0.0,0.379679411649704,3.0,12
1912,Interpolated_3180987,98.9348373413086,30.58477783203125,0.0,0.2998872995376587,3.0,12
1913,Interpolated_3180990,98.93509674072266,30.584821701049805,0.0,0.4087296426296234,3.0,12
1914,Interpolated_3180993,98.93535614013672,30.584861755371094,0.0,0.36981910467147827,3.0,12
1915,Interpolated_3180996,98.93562316894531,30.584903717041016,0.0,0.2925724387168884,3.0,12
1916,Interpolated_3180999,98.9359130859375,30.584949493408203,0.659733235836029,0.8304960131645203,3.0,12
1917,Interpolated_3181002,98.93621826171875,30.584999084472656,0.0033509721979498863,0.5229232907295227,3.0,12
1918,Interpolated_3181005,98.9365234375,30.585046768188477,0.0,0.4750061631202698,3.0,12
1919,Interpolated_3181008,98.93679809570312,30.58509063720703,0.0,0.3580707907676697,3.0,12
1920,Interpolated_3181011,98.93706512451172,30.585132598876953,0.0,0.44556257128715515,3.0,12
1921,Interpolated_3181014,98.93736267089844,30.585180282592773,0.0,0.3460416793823242,3.0,12
1922,Interpolated_3181017,98.93790435791016,30.58526611328125,0.0,0.3024880886077881,3.0,12
1923,Interpolated_3183527,98.91808319091797,30.582246780395508,0.0,0.2314443737268448,3.0,12
1924,Interpolated_3183530,98.91839599609375,30.58229637145996,0.030556125566363335,0.5356712937355042,3.0,12
1925,Interpolated_3183533,98.918701171875,30.58234405517578,0.0,0.2820754051208496,3.0,12
1926,Interpolated_3183536,98.91900634765625,30.582393646240234,0.0,0.2570330500602722,2.0,12
1927,Interpolated_3183539,98.91931915283203,30.582443237304688,0.0,0.2953074872493744,3.0,12
1928,Interpolated_3183542,98.91964721679688,30.582494735717773,0.0,0.29437562823295593,3.0,12
1929,Interpolated_3183545,98.91999816894531,30.582550048828125,0.0,0.465030312538147,3.0,12
1930,Interpolated_3183548,98.92032623291016,30.58260154724121,0.0,0.4266657829284668,3.0,12
1931,Interpolated_3183551,98.92063903808594,30.582651138305664,0.0,0.35306400060653687,3.0,12
1932,Interpolated_3183554,98.92093658447266,30.582698822021484,0.0,0.4198552966117859,3.0,12
1933,Interpolated_3183557,98.92123413085938,30.582746505737305,0.0,0.355740487575531,3.0,12
1934,Interpolated_3183560,98.92152404785156,30.582792282104492,0.0,0.33604884147644043,3.0,12
1935,Interpolated_3183563,98.92184448242188,30.582843780517578,0.0,0.41387510299682617,3.0,12
1936,Interpolated_3183566,98.92217254638672,30.582895278930664,0.0,0.13973772525787354,2.0,12
1937,Interpolated_3183569,98.9225845336914,30.582962036132812,0.0,0.06666667014360428,1.0,12
1938,Interpolated_3183572,98.92306518554688,30.583038330078125,0.0,0.24151498079299927,3.0,12
1939,Interpolated_3183575,98.9234619140625,30.583099365234375,0.0,0.3306204080581665,3.0,12
1940,Interpolated_3183578,98.92381286621094,30.58315658569336,0.0,0.06666667014360428,1.0,12
1941,Interpolated_3183581,98.92414855957031,30.583209991455078,0.0,0.1499013900756836,2.0,12
1942,Interpolated_3183584,98.92448425292969,30.583263397216797,0.0,0.06666667014360428,1.0,12
1943,Interpolated_3183587,98.9248275756836,30.583316802978516,0.0,0.35664600133895874,3.0,12
1944,Interpolated_3183590,98.9251708984375,30.583372116088867,0.0,0.31466060876846313,3.0,12
1945,Interpolated_3183593,98.92547607421875,30.583419799804688,0.0,0.3473716378211975,3.0,12
1946,Interpolated_3183596,98.92578125,30.58346939086914,0.0,0.3158993124961853,3.0,12
1947,Interpolated_3183599,98.92607116699219,30.583515167236328,0.0,0.06666667014360428,1.0,12
1948,Interpolated_3183602,98.92637634277344,30.58356285095215,0.0,0.32040393352508545,3.0,12
1949,Interpolated_3183605,98.92668914794922,30.583614349365234,0.0,0.06666667014360428,1.0,12
1950,Interpolated_3183608,98.92701721191406,30.58366584777832,0.0,0.3193017840385437,3.0,12
1951,Interpolated_3183611,98.92735290527344,30.58371925354004,0.0,0.38228726387023926,3.0,12
1952,Interpolated_3183614,98.92770385742188,30.58377456665039,0.0,0.2839149534702301,3.0,12
1953,Interpolated_3183617,98.92803955078125,30.58382797241211,0.0,0.24691574275493622,3.0,12
1954,Interpolated_3183620,98.92838287353516,30.58388328552246,0.0,0.321300208568573,3.0,12
1955,Interpolated_3183623,98.92869567871094,30.583932876586914,0.0,0.18571420013904572,2.0,12
1956,Interpolated_3183626,98.92900085449219,30.583980560302734,0.0,0.17905700206756592,2.0,12
1957,Interpolated_3183629,98.9293212890625,30.584030151367188,0.0,0.24687901139259338,3.0,12
1958,Interpolated_3183632,98.92969512939453,30.584091186523438,0.0,0.3764443099498749,3.0,12
1959,Interpolated_3183635,98.93013000488281,30.58415985107422,0.0,0.17903736233711243,2.0,12
1960,Interpolated_3183638,98.93049621582031,30.584217071533203,0.0,0.1555800437927246,2.0,12
1961,Interpolated_3183641,98.93081665039062,30.58426856994629,0.0,0.17993400990962982,2.0,12
1962,Interpolated_3183644,98.93116760253906,30.58432388305664,0.0,0.15523040294647217,2.0,12
1963,Interpolated_3183647,98.93156433105469,30.584386825561523,0.0,0.31873413920402527,3.0,12
1964,Interpolated_3183650,98.93197631835938,30.58445167541504,0.0,0.2952665090560913,3.0,12
1965,Interpolated_3183653,98.93230438232422,30.584505081176758,0.0,0.41003870964050293,3.0,12
1966,Interpolated_3183656,98.93268585205078,30.584566116333008,0.0,0.49277281761169434,3.0,12
1967,Interpolated_3183659,98.93315124511719,30.584638595581055,0.0,0.29241469502449036,3.0,12
1968,Interpolated_3183662,98.93350982666016,30.58469581604004,0.0,0.4889037609100342,3.0,12
1969,Interpolated_3183665,98.93379211425781,30.584741592407227,0.0,0.2916284203529358,3.0,12
1970,Interpolated_3183668,98.93404388427734,30.584781646728516,0.0,0.20481202006340027,2.0,12
1971,Interpolated_3183671,98.93431091308594,30.584823608398438,0.7878183722496033,0.890515148639679,3.0,12
1972,Interpolated_3183674,98.93457794189453,30.58486557006836,0.0,0.4830712676048279,3.0,12
1973,Interpolated_3183677,98.93482971191406,30.58490562438965,0.1752176582813263,0.6034579277038574,3.0,12
1974,Interpolated_3183680,98.93509674072266,30.58494758605957,0.0,0.2872968912124634,3.0,12
1975,Interpolated_3183683,98.93535614013672,30.584989547729492,0.0,0.33503881096839905,3.0,12
1976,Interpolated_3183686,98.93562316894531,30.585031509399414,0.0,0.48591798543930054,3.0,12
1977,Interpolated_3183689,98.93592071533203,30.585079193115234,0.0,0.3714173436164856,3.0,12
1978,Interpolated_3183692,98.93622589111328,30.585128784179688,0.0,0.42464715242385864,3.0,12
1979,Interpolated_3183695,98.93653869628906,30.585176467895508,0.0,0.3691018223762512,3.0,12
1980,Interpolated_3183698,98.93682098388672,30.585222244262695,0.0,0.3312798738479614,3.0,12
1981,Interpolated_3183701,98.93708038330078,30.585264205932617,0.0,0.29200631380081177,3.0,12
1982,Interpolated_3183704,98.9373779296875,30.585309982299805,0.0,0.4561725854873657,3.0,12
1983,Interpolated_3183707,98.93781280517578,30.58538055419922,0.0,0.3027515411376953,3.0,12
1984,Interpolated_3186218,98.91820526123047,30.582393646240234,0.1984056979417801,0.6143235564231873,3.0,12
1985,Interpolated_3186221,98.91851806640625,30.582443237304688,0.11958088725805283,0.5773872137069702,3.0,12
1986,Interpolated_3186224,98.9188232421875,30.582490921020508,0.29770928621292114,0.6608560085296631,3.0,12
1987,Interpolated_3186227,98.91913604736328,30.58254051208496,0.0,0.1608910858631134,2.0,12
1988,Interpolated_3186230,98.91944885253906,30.582592010498047,0.0,0.32527169585227966,3.0,12
1989,Interpolated_3186233,98.9197998046875,30.582645416259766,0.0,0.3393041491508484,3.0,12
1990,Interpolated_3186236,98.92013549804688,30.582698822021484,0.0,0.460394024848938,3.0,12
1991,Interpolated_3186239,98.92044830322266,30.582748413085938,0.38907885551452637,0.7036706805229187,3.0,12
1992,Interpolated_3186242,98.92074584960938,30.582796096801758,0.0,0.3443094789981842,3.0,12
1993,Interpolated_3186245,98.92105865478516,30.58284568786621,0.0,0.40338754653930664,3.0,12
1994,Interpolated_3186248,98.92135620117188,30.58289337158203,0.0,0.3203921914100647,3.0,12
1995,Interpolated_3186251,98.9216537475586,30.58294105529785,0.0,0.3114957809448242,3.0,12
1996,Interpolated_3186254,98.92195892333984,30.582990646362305,0.0,0.33620166778564453,3.0,12
1997,Interpolated_3186257,98.92230987548828,30.583045959472656,0.0,0.14980268478393555,2.0,12
1998,Interpolated_3186260,98.92278289794922,30.583120346069336,0.0,0.16858254373073578,2.0,12
1999,Interpolated_3186263,98.92324829101562,30.583194732666016,0.0,0.3159216046333313,3.0,12
2000,Interpolated_3186266,98.92361450195312,30.583253860473633,0.0,0.37527433037757874,3.0,12
2001,Interpolated_3186269,98.9239501953125,30.58330535888672,0.0,0.44264671206474304,3.0,12
2002,Interpolated_3186272,98.92428588867188,30.583358764648438,0.0,0.06666667014360428,1.0,12
2003,Interpolated_3186275,98.92460632324219,30.583410263061523,0.0,0.4201161861419678,3.0,12
2004,Interpolated_3186278,98.9249496459961,30.583465576171875,0.0,0.3159216046333313,3.0,12
2005,Interpolated_3186281,98.92529296875,30.583518981933594,0.0,0.31430983543395996,3.0,12
2006,Interpolated_3186284,98.92559814453125,30.583566665649414,0.0,0.15028010308742523,2.0,12
2007,Interpolated_3186287,98.92588806152344,30.583614349365234,0.06546097993850708,0.5520272850990295,3.0,12
2008,Interpolated_3186290,98.92618560791016,30.583660125732422,0.0,0.06666667014360428,1.0,12
2009,Interpolated_3186293,98.92649841308594,30.583711624145508,0.0,0.18111713230609894,2.0,12
2010,Interpolated_3186296,98.92682647705078,30.583763122558594,0.0,0.1797417402267456,2.0,12
2011,Interpolated_3186299,98.92715454101562,30.58381462097168,0.0,0.3222513794898987,3.0,12
2012,Interpolated_3186302,98.92748260498047,30.583866119384766,0.0,0.20087477564811707,2.0,12
2013,Interpolated_3186305,98.92781829833984,30.583919525146484,0.0,0.4629255533218384,3.0,12
2014,Interpolated_3186308,98.92816162109375,30.583974838256836,0.0,0.24205544590950012,3.0,12
2015,Interpolated_3186311,98.92849731445312,30.584028244018555,0.0,0.24120350182056427,3.0,12
2016,Interpolated_3186314,98.92880249023438,30.584075927734375,0.0,0.1853228360414505,2.0,12
2017,Interpolated_3186317,98.92910766601562,30.584125518798828,0.0,0.20230668783187866,2.0,12
2018,Interpolated_3186320,98.92950439453125,30.58418846130371,0.0,0.4467617869377136,3.0,12
2019,Interpolated_3186323,98.92991638183594,30.584253311157227,0.0,0.3732948303222656,3.0,12
2020,Interpolated_3186326,98.93029022216797,30.584312438964844,0.0,0.29150667786598206,3.0,12
2021,Interpolated_3186329,98.93062591552734,30.584365844726562,0.0,0.1788771152496338,2.0,12
2022,Interpolated_3186332,98.93098449707031,30.584423065185547,0.0,0.33576422929763794,3.0,12
2023,Interpolated_3186335,98.93135833740234,30.584482192993164,0.0,0.3280668258666992,3.0,12
2024,Interpolated_3186338,98.9317855834961,30.584550857543945,0.0,0.476537823677063,3.0,12
2025,Interpolated_3186341,98.93212890625,30.584604263305664,0.0,0.4383257329463959,3.0,12
2026,Interpolated_3186344,98.93245697021484,30.584657669067383,0.0,0.4947693943977356,3.0,12
2027,Interpolated_3186347,98.9328842163086,30.58472442626953,0.13284677267074585,0.5836034417152405,3.0,12
2028,Interpolated_3186350,98.93331909179688,30.584793090820312,0.35883668065071106,0.68949955701828,3.0,12
2029,Interpolated_3186353,98.93364715576172,30.5848445892334,0.0,0.3603688180446625,3.0,12
2030,Interpolated_3186356,98.93388366699219,30.584882736206055,0.42317092418670654,0.7196457982063293,3.0,12
2031,Interpolated_3186359,98.93414306640625,30.584924697875977,0.0,0.3751714825630188,3.0,12
2032,Interpolated_3186362,98.93440246582031,30.5849666595459,0.0,0.2890634834766388,3.0,12
2033,Interpolated_3186365,98.9346694946289,30.58500862121582,0.6478676795959473,0.8249359726905823,3.0,12
2034,Interpolated_3186368,98.9349136352539,30.585046768188477,0.7555884122848511,0.8754125833511353,3.0,12
2035,Interpolated_3186371,98.9351806640625,30.5850887298584,0.0,0.2617049217224121,3.0,12
2036,Interpolated_3186374,98.93543243408203,30.585128784179688,0.2035629153251648,0.6167401671409607,3.0,12
2037,Interpolated_3186377,98.93572235107422,30.585176467895508,0.5261456370353699,0.7678984999656677,3.0,12
2038,Interpolated_3186380,98.9360122680664,30.585222244262695,0.178982675075531,0.6052221655845642,3.0,12
2039,Interpolated_3186383,98.93634033203125,30.58527374267578,0.10051173716783524,0.5684516429901123,3.0,12
2040,Interpolated_3186386,98.9366455078125,30.585323333740234,0.0,0.4218671917915344,3.0,12
2041,Interpolated_3186389,98.93692016601562,30.58536720275879,0.0,0.25017648935317993,3.0,12
2042,Interpolated_3186392,98.93718719482422,30.58540916442871,0.0,0.42462027072906494,3.0,12
2043,Interpolated_3186395,98.93750762939453,30.585460662841797,0.0,0.2561076283454895,3.0,12
2044,Interpolated_3186398,98.93789672851562,30.585521697998047,0.0,0.3959895372390747,3.0,12
2045,Interpolated_3188906,98.91803741455078,30.582494735717773,0.0,0.3948403000831604,3.0,12
2046,Interpolated_3188911,98.91853332519531,30.58257293701172,0.0,0.3443213105201721,3.0,12
2047,Interpolated_3188914,98.9188461303711,30.582622528076172,0.0,0.30234456062316895,3.0,12
2048,Interpolated_3188917,98.9191665649414,30.582674026489258,0.0,0.40334415435791016,3.0,12
2049,Interpolated_3188920,98.91948699951172,30.58272361755371,0.0,0.5170180797576904,3.0,12
2050,Interpolated_3188923,98.91983032226562,30.582778930664062,0.0,0.3977506160736084,3.0,12
2051,Interpolated_3188926,98.92015838623047,30.58283042907715,0.0,0.19316142797470093,2.0,12
2052,Interpolated_3188929,98.92045593261719,30.58287811279297,0.0,0.174772709608078,2.0,12
2053,Interpolated_3188932,98.9207534790039,30.58292579650879,0.0,0.28995800018310547,3.0,12
2054,Interpolated_3188935,98.92108154296875,30.582979202270508,0.0,0.2811688184738159,3.0,12
2055,Interpolated_3188938,98.92137908935547,30.583026885986328,0.0,0.31983134150505066,3.0,12
2056,Interpolated_3188941,98.92168426513672,30.58307456970215,0.0,0.3009752631187439,3.0,12
2057,Interpolated_3188944,98.9219741821289,30.583120346069336,0.0,0.33646535873413086,3.0,12
2058,Interpolated_3188947,98.9223403930664,30.583179473876953,0.0,0.14995107054710388,2.0,12
2059,Interpolated_3188950,98.92281341552734,30.583253860473633,0.0,0.31488171219825745,3.0,12
2060,Interpolated_3188953,98.92326354980469,30.583324432373047,0.0,0.16858254373073578,2.0,12
2061,Interpolated_3188956,98.92364501953125,30.583385467529297,0.0,0.35901206731796265,3.0,12
2062,Interpolated_3188959,98.92398071289062,30.583438873291016,0.0,0.44264671206474304,3.0,12
2063,Interpolated_3188962,98.92430114746094,30.58348846435547,0.0,0.06666667014360428,1.0,12
2064,Interpolated_3188965,98.92462921142578,30.583541870117188,0.0,0.14995107054710388,2.0,12
2065,Interpolated_3188968,98.92497253417969,30.583595275878906,0.0,0.3159216046333313,3.0,12
2066,Interpolated_3188971,98.92529296875,30.583646774291992,0.0,0.21121877431869507,2.0,12
2067,Interpolated_3188974,98.92559814453125,30.583696365356445,0.0,0.35424351692199707,3.0,12
2068,Interpolated_3188977,98.92589569091797,30.583742141723633,0.0,0.46883970499038696,3.0,12
2069,Interpolated_3188980,98.92620086669922,30.583791732788086,0.0,0.2415885180234909,3.0,12
2070,Interpolated_3188983,98.92652130126953,30.583843231201172,0.0,0.3553524613380432,3.0,12
2071,Interpolated_3188986,98.92684936523438,30.583894729614258,0.0,0.2422860711812973,3.0,12
2072,Interpolated_3188989,98.92716217041016,30.58394432067871,0.0,0.06666667014360428,1.0,12
2073,Interpolated_3188992,98.92747497558594,30.583993911743164,0.0,0.3601563274860382,3.0,12
2074,Interpolated_3188995,98.92781829833984,30.584047317504883,0.0,0.13958479464054108,2.0,12
2075,Interpolated_3188998,98.92816162109375,30.584102630615234,0.0,0.4891287684440613,3.0,12
2076,Interpolated_3189001,98.92850494384766,30.584157943725586,0.0,0.13951702415943146,2.0,12
2077,Interpolated_3189004,98.92881774902344,30.58420753479004,0.0,0.300312340259552,3.0,12
2078,Interpolated_3189007,98.92915344238281,30.584260940551758,0.0,0.3105246424674988,3.0,12
2079,Interpolated_3189010,98.92955780029297,30.584325790405273,0.0,0.35500168800354004,3.0,12
2080,Interpolated_3189013,98.92994689941406,30.584386825561523,0.0,0.32804417610168457,3.0,12
2081,Interpolated_3189016,98.93030548095703,30.584444046020508,0.0,0.1555800437927246,2.0,12
2082,Interpolated_3189019,98.93067169189453,30.584501266479492,0.0,0.18456394970417023,2.0,12
2083,Interpolated_3189022,98.93103790283203,30.58456039428711,0.0,0.3383500277996063,3.0,12
2084,Interpolated_3189025,98.93144226074219,30.584623336791992,0.17918148636817932,0.6053153276443481,3.0,12
2085,Interpolated_3189028,98.93183898925781,30.584686279296875,0.0,0.3776852488517761,3.0,12
2086,Interpolated_3189031,98.93215942382812,30.58473777770996,0.0890921801328659,0.5631005764007568,3.0,12
2087,Interpolated_3189034,98.9324951171875,30.58479118347168,0.0,0.48480385541915894,3.0,12
2088,Interpolated_3189037,98.93292236328125,30.584857940673828,0.11777374893426895,0.5765404105186462,3.0,12
2089,Interpolated_3189040,98.93333435058594,30.584924697875977,0.7718376517295837,0.8830267786979675,3.0,12
2090,Interpolated_3189043,98.93364715576172,30.58497428894043,0.5521188378334045,0.7800692319869995,3.0,12
2091,Interpolated_3189046,98.93388366699219,30.585012435913086,0.48168063163757324,0.7470627427101135,3.0,12
2092,Interpolated_3189049,98.93413543701172,30.585052490234375,0.015288366004824638,0.5285170078277588,3.0,12
2093,Interpolated_3189052,98.93439483642578,30.585092544555664,0.7302483916282654,0.8635385632514954,3.0,12
2094,Interpolated_3189055,98.93465423583984,30.585134506225586,0.0,0.41708752512931824,3.0,12
2095,Interpolated_3189058,98.93490600585938,30.585172653198242,0.0,0.280561625957489,3.0,12
2096,Interpolated_3189061,98.93517303466797,30.585216522216797,0.0,0.2604696750640869,3.0,12
2097,Interpolated_3189064,98.93544006347656,30.58525848388672,0.0,0.4768173098564148,3.0,12
2098,Interpolated_3189067,98.93571472167969,30.585302352905273,0.36864957213401794,0.6940977573394775,3.0,12
2099,Interpolated_3189070,98.93601989746094,30.585351943969727,0.3134237825870514,0.6682196259498596,3.0,12
2100,Interpolated_3189073,98.93635559082031,30.585403442382812,0.007059632334858179,0.524661123752594,3.0,12
2101,Interpolated_3189076,98.93666076660156,30.585453033447266,0.0,0.47820305824279785,3.0,12
2102,Interpolated_3189079,98.93695068359375,30.585498809814453,0.0,0.19393110275268555,2.0,12
2103,Interpolated_3189082,98.93721771240234,30.585540771484375,0.0,0.4318639636039734,3.0,12
2104,Interpolated_3189085,98.9375228881836,30.585590362548828,0.0,0.360410213470459,3.0,12
2105,Interpolated_3189088,98.93782043457031,30.58563804626465,0.0,0.33889010548591614,3.0,12
2106,Interpolated_3189091,98.9385986328125,30.58576011657715,0.10356289893388748,0.5698813796043396,3.0,12
2107,Interpolated_3191598,98.91824340820312,30.58265495300293,0.14890559017658234,0.591128408908844,3.0,12
2108,Interpolated_3191601,98.91854858398438,30.582704544067383,0.25670185685157776,0.6416404247283936,3.0,12
2109,Interpolated_3191604,98.91887664794922,30.58275604248047,0.0,0.19388526678085327,2.0,12
2110,Interpolated_3191607,98.919189453125,30.582805633544922,0.0,0.4674457311630249,3.0,12
2111,Interpolated_3191610,98.91950225830078,30.582855224609375,0.0,0.460982084274292,3.0,12
2112,Interpolated_3191613,98.91985321044922,30.582910537719727,0.0,0.3467223346233368,3.0,12
2113,Interpolated_3191616,98.92017364501953,30.582962036132812,0.0,0.4760814309120178,3.0,12
2114,Interpolated_3191619,98.92046356201172,30.5830078125,0.0,0.5121012926101685,3.0,12
2115,Interpolated_3191622,98.92076873779297,30.58305549621582,0.0,0.2481435239315033,3.0,12
2116,Interpolated_3191625,98.9211196899414,30.583112716674805,0.0,0.18394705653190613,2.0,12
2117,Interpolated_3191628,98.92141723632812,30.583160400390625,0.0,0.32661283016204834,3.0,12
2118,Interpolated_3191631,98.92171478271484,30.583206176757812,0.0,0.4145517349243164,3.0,12
2119,Interpolated_3191634,98.92200469970703,30.583253860473633,0.31325432658195496,0.6681402325630188,3.0,12
2120,Interpolated_3191637,98.92237854003906,30.58331298828125,0.0,0.24168162047863007,3.0,12
2121,Interpolated_3191640,98.9228515625,30.58338737487793,0.0,0.14980268478393555,2.0,12
2122,Interpolated_3191643,98.92329406738281,30.583457946777344,0.0,0.42057132720947266,3.0,12
2123,Interpolated_3191646,98.92367553710938,30.583518981933594,0.0,0.36057305335998535,3.0,12
2124,Interpolated_3191649,98.92401123046875,30.58357048034668,0.0,0.24392937123775482,3.0,12
2125,Interpolated_3191652,98.92431640625,30.583620071411133,0.0,0.31488171219825745,3.0,12
2126,Interpolated_3191655,98.9246597290039,30.58367347717285,0.0,0.3869641423225403,3.0,12
2127,Interpolated_3191658,98.92498016357422,30.583724975585938,0.0,0.06666667014360428,1.0,12
2128,Interpolated_3191661,98.92529296875,30.58377456665039,0.0,0.139619842171669,2.0,12
2129,Interpolated_3191664,98.92559814453125,30.583824157714844,0.0,0.2880742847919464,3.0,12
2130,Interpolated_3191667,98.9259033203125,30.583871841430664,0.0,0.3158494532108307,3.0,12
2131,Interpolated_3191670,98.92621612548828,30.58392333984375,0.0,0.31612181663513184,3.0,12
2132,Interpolated_3191673,98.92654418945312,30.583974838256836,0.0,0.3866693377494812,3.0,12
2133,Interpolated_3191676,98.9268569946289,30.58402442932129,0.0,0.3568560481071472,3.0,12
2134,Interpolated_3191679,98.92716979980469,30.584074020385742,0.0,0.1395084112882614,2.0,12
2135,Interpolated_3191682,98.9274673461914,30.584121704101562,0.0,0.2719942033290863,3.0,12
2136,Interpolated_3191685,98.92781829833984,30.584177017211914,0.0,0.42659229040145874,3.0,12
2137,Interpolated_3191688,98.92816925048828,30.584232330322266,0.0,0.13951702415943146,2.0,12
2138,Interpolated_3191691,98.92850494384766,30.584285736083984,0.0,0.1788664311170578,2.0,12
2139,Interpolated_3191694,98.92884063720703,30.584339141845703,0.0,0.3000626564025879,3.0,12
2140,Interpolated_3191697,98.9292221069336,30.58439826965332,0.0,0.26066169142723083,3.0,12
2141,Interpolated_3191700,98.92961883544922,30.584461212158203,0.0,0.3212914764881134,3.0,12
2142,Interpolated_3191703,98.92997741699219,30.584518432617188,0.0,0.17343449592590332,2.0,12
2143,Interpolated_3191706,98.93034362792969,30.584577560424805,0.0,0.3224628269672394,3.0,12
2144,Interpolated_3191709,98.93072509765625,30.584638595581055,0.0,0.3162587285041809,3.0,12
2145,Interpolated_3191712,98.93110656738281,30.584697723388672,0.17630942165851593,0.6039695143699646,3.0,12
2146,Interpolated_3191715,98.9315185546875,30.584762573242188,0.0,0.4880824685096741,3.0,12
2147,Interpolated_3191718,98.931884765625,30.584821701049805,0.0,0.37121015787124634,3.0,12
2148,Interpolated_3191721,98.93221282958984,30.58487319946289,0.17537285387516022,0.6035306453704834,3.0,12
2149,Interpolated_3191724,98.93254089355469,30.58492660522461,0.08739825338125229,0.562306821346283,3.0,12
2150,Interpolated_3191727,98.93296813964844,30.584993362426758,0.20582212507724762,0.6177988052368164,3.0,12
2151,Interpolated_3191730,98.93334197998047,30.585052490234375,0.060050759464502335,0.5494921207427979,3.0,12
2152,Interpolated_3191733,98.93363189697266,30.585100173950195,0.0,0.3594467043876648,3.0,12
2153,Interpolated_3191736,98.93388366699219,30.58513832092285,0.0,0.40380239486694336,3.0,12
2154,Interpolated_3191739,98.93413543701172,30.58517837524414,0.0,0.5202383995056152,3.0,12
2155,Interpolated_3191742,98.93438720703125,30.585220336914062,0.2344241887331009,0.6312013864517212,3.0,12
2156,Interpolated_3191745,98.93464660644531,30.58526039123535,0.6443690657615662,0.8232965469360352,3.0,12
2157,Interpolated_3191748,98.93490600585938,30.585302352905273,0.0,0.28078120946884155,3.0,12
2158,Interpolated_3191751,98.9351577758789,30.585342407226562,0.0,0.13967178761959076,2.0,12
2159,Interpolated_3191754,98.93543243408203,30.585386276245117,0.0,0.24778567254543304,3.0,12
2160,Interpolated_3191757,98.93571472167969,30.585430145263672,0.3379938304424286,0.6797328591346741,3.0,12
2161,Interpolated_3191760,98.93601989746094,30.585479736328125,0.3122350871562958,0.6676626205444336,3.0,12
2162,Interpolated_3191763,98.93636322021484,30.585533142089844,0.0,0.4564417600631714,3.0,12
2163,Interpolated_3191766,98.93667602539062,30.585582733154297,0.0,0.27684199810028076,3.0,12
2164,Interpolated_3191769,98.93695831298828,30.585628509521484,0.0,0.35154402256011963,3.0,12
2165,Interpolated_3191772,98.93724822998047,30.585674285888672,0.0,0.33974629640579224,3.0,12
2166,Interpolated_3191775,98.9375228881836,30.585718154907227,0.0,0.3110806941986084,3.0,12
2167,Interpolated_3191778,98.93778991699219,30.58576011657715,0.0,0.32875657081604004,3.0,12
2168,Interpolated_3194287,98.91815948486328,30.5827693939209,0.0,0.3560979664325714,3.0,12
2169,Interpolated_3194290,98.91846466064453,30.58281707763672,0.18897046148777008,0.6099023222923279,3.0,12
2170,Interpolated_3194293,98.91879272460938,30.582870483398438,0.0,0.33524298667907715,3.0,12
2171,Interpolated_3194296,98.91910552978516,30.58292007446289,0.0,0.1834869533777237,2.0,12
2172,Interpolated_3194299,98.91941833496094,30.582969665527344,0.0,0.46460384130477905,3.0,12
2173,Interpolated_3194302,98.91976165771484,30.583024978637695,0.4581804573535919,0.7360508441925049,3.0,12
2174,Interpolated_3194305,98.92008972167969,30.58307647705078,0.0,0.4194626808166504,3.0,12
2175,Interpolated_3194308,98.92037963867188,30.58312225341797,0.0,0.3601570129394531,3.0,12
2176,Interpolated_3194311,98.9206771850586,30.58316993713379,0.0,0.24168099462985992,3.0,12
2177,Interpolated_3194314,98.92102813720703,30.583227157592773,0.0,0.5027432441711426,3.0,12
2178,Interpolated_3194317,98.92135620117188,30.58327865600586,0.0,0.4925119876861572,3.0,12
2179,Interpolated_3194320,98.92164611816406,30.583324432373047,0.0,0.33952587842941284,3.0,12
2180,Interpolated_3194323,98.92194366455078,30.583370208740234,0.0,0.39906585216522217,3.0,12
2181,Interpolated_3194326,98.92227935791016,30.583425521850586,0.0,0.32118040323257446,3.0,12
2182,Interpolated_3194329,98.92272186279297,30.583494186401367,0.0,0.3158993124961853,3.0,12
2183,Interpolated_3194332,98.92317962646484,30.583566665649414,0.0,0.3489379286766052,3.0,12
2184,Interpolated_3194335,98.923583984375,30.58363151550293,0.0,0.14980268478393555,2.0,12
2185,Interpolated_3194338,98.92394256591797,30.583688735961914,0.0,0.14995107054710388,2.0,12
2186,Interpolated_3194341,98.92423248291016,30.5837345123291,0.0,0.17944861948490143,2.0,12
2187,Interpolated_3194344,98.92456817626953,30.58378791809082,0.0,0.15027213096618652,2.0,12
2188,Interpolated_3194347,98.92488098144531,30.583837509155273,0.0,0.3298896551132202,3.0,12
2189,Interpolated_3194350,98.92520141601562,30.58388900756836,0.0,0.41887736320495605,3.0,12
2190,Interpolated_3194353,98.92550659179688,30.58393669128418,0.0,0.06666667014360428,1.0,12
2191,Interpolated_3194356,98.92581176757812,30.583986282348633,0.0,0.06666667014360428,1.0,12
2192,Interpolated_3194359,98.9261245727539,30.584035873413086,0.0,0.3534111976623535,3.0,12
2193,Interpolated_3194362,98.92644500732422,30.58408546447754,0.0,0.3608534336090088,3.0,12
2194,Interpolated_3194365,98.92675018310547,30.584135055541992,0.0,0.06666667014360428,1.0,12
2195,Interpolated_3194368,98.92706298828125,30.584184646606445,0.0,0.1845339834690094,2.0,12
2196,Interpolated_3194371,98.92736053466797,30.584232330322266,0.0,0.2849850058555603,3.0,12
2197,Interpolated_3194374,98.92770385742188,30.584285736083984,0.0,0.17944318056106567,2.0,12
2198,Interpolated_3194377,98.92805480957031,30.58434295654297,0.0,0.29563185572624207,3.0,12
2199,Interpolated_3194380,98.92839813232422,30.584396362304688,0.0,0.28094419836997986,3.0,12
2200,Interpolated_3194383,98.92874145507812,30.58445167541504,0.0,0.260628342628479,3.0,12
2201,Interpolated_3194386,98.92913818359375,30.584514617919922,0.0,0.2610896825790405,3.0,12
2202,Interpolated_3194389,98.92953491210938,30.584577560424805,0.0,0.17907091975212097,2.0,12
2203,Interpolated_3194392,98.9299087524414,30.584636688232422,0.0,0.3794274926185608,3.0,12
2204,Interpolated_3194395,98.93025970458984,30.584692001342773,0.0,0.34034913778305054,3.0,12
2205,Interpolated_3194398,98.93064880371094,30.584753036499023,0.0,0.48663002252578735,3.0,12
2206,Interpolated_3194401,98.93103790283203,30.584815979003906,0.0,0.3232802450656891,3.0,12
2207,Interpolated_3194404,98.93143463134766,30.58487892150879,0.0,0.24275049567222595,3.0,12
2208,Interpolated_3194407,98.93181610107422,30.584938049316406,0.0,0.3618508577346802,3.0,12
2209,Interpolated_3194410,98.93214416503906,30.584991455078125,0.0,0.47069334983825684,3.0,12
2210,Interpolated_3194413,98.93245697021484,30.585041046142578,0.0,0.37016212940216064,3.0,12
2211,Interpolated_3194416,98.93287658691406,30.585107803344727,0.0,0.4896215796470642,3.0,12
2212,Interpolated_3194419,98.9332275390625,30.585163116455078,0.7971879243850708,0.8949056267738342,3.0,12
2213,Interpolated_3194422,98.93353271484375,30.58521270751953,0.0,0.1397092193365097,2.0,12
2214,Interpolated_3194425,98.93379974365234,30.585254669189453,0.0,0.48680078983306885,3.0,12
2215,Interpolated_3194428,98.93404388427734,30.58529281616211,0.0,0.511615514755249,3.0,12
2216,Interpolated_3194431,98.93429565429688,30.5853328704834,0.06005381420254707,0.5494935512542725,3.0,12
2217,Interpolated_3194434,98.9345474243164,30.585372924804688,0.0,0.43230390548706055,3.0,12
2218,Interpolated_3194437,98.93480682373047,30.58541488647461,0.25758424401283264,0.6420539021492004,3.0,12
2219,Interpolated_3194440,98.93507385253906,30.58545684814453,0.0,0.3110852539539337,3.0,12
2220,Interpolated_3194443,98.93534088134766,30.585498809814453,0.0,0.47359734773635864,3.0,12
2221,Interpolated_3194446,98.93561553955078,30.585542678833008,0.0,0.2907646894454956,3.0,12
2222,Interpolated_3194449,98.93592071533203,30.585590362548828,0.0,0.3744077682495117,3.0,12
2223,Interpolated_3194452,98.9362564086914,30.585643768310547,0.0,0.41082412004470825,3.0,12
2224,Interpolated_3194455,98.93658447265625,30.585697174072266,0.0,0.4067274034023285,3.0,12
2225,Interpolated_3194458,98.9368896484375,30.585744857788086,0.0,0.48555970191955566,3.0,12
2226,Interpolated_3194461,98.93717956542969,30.585792541503906,0.0,0.47621262073516846,3.0,12
2227,Interpolated_3194464,98.93745422363281,30.585834503173828,0.0,0.3267807960510254,3.0,12
2228,Interpolated_3194467,98.93769073486328,30.585872650146484,0.41411980986595154,0.7154045701026917,3.0,12
2229,Interpolated_3196978,98.91828155517578,30.582918167114258,0.0,0.2718968987464905,2.0,12
2230,Interpolated_3196981,98.91859436035156,30.582965850830078,0.0,0.19270235300064087,2.0,12
2231,Interpolated_3196984,98.91893005371094,30.583019256591797,0.0,0.2620643973350525,3.0,12
2232,Interpolated_3196987,98.91924285888672,30.58306884765625,0.0,0.39831021428108215,3.0,12
2233,Interpolated_3196990,98.91956329345703,30.58312225341797,0.05877290293574333,0.5488933324813843,3.0,12
2234,Interpolated_3196993,98.9198989868164,30.583173751831055,0.0,0.41541773080825806,3.0,12
2235,Interpolated_3196996,98.92021179199219,30.583223342895508,0.0,0.4275040626525879,3.0,12
2236,Interpolated_3196999,98.9205093383789,30.583271026611328,0.0,0.39851003885269165,3.0,12
2237,Interpolated_3197002,98.92083740234375,30.583324432373047,0.0,0.17595991492271423,2.0,12
2238,Interpolated_3197005,98.92117309570312,30.583375930786133,0.0,0.17432460188865662,2.0,12
2239,Interpolated_3197008,98.9214859008789,30.58342742919922,0.0,0.28198006749153137,3.0,12
2240,Interpolated_3197011,98.92176818847656,30.583471298217773,0.0,0.4874078631401062,3.0,12
2241,Interpolated_3197014,98.92208862304688,30.58352279663086,0.0,0.46167588233947754,3.0,12
2242,Interpolated_3197017,98.92244720458984,30.583580017089844,0.0,0.15026351809501648,2.0,12
2243,Interpolated_3197020,98.92290496826172,30.58365249633789,0.0,0.24133026599884033,3.0,12
2244,Interpolated_3197023,98.92334747314453,30.583723068237305,0.0,0.42057132720947266,3.0,12
2245,Interpolated_3197026,98.92374420166016,30.583784103393555,0.0,0.06666667014360428,1.0,12
2246,Interpolated_3197029,98.92406463623047,30.58383560180664,0.0,0.06666667014360428,1.0,12
2247,Interpolated_3197032,98.92437744140625,30.583885192871094,0.0,0.19455653429031372,2.0,12
2248,Interpolated_3197035,98.9246826171875,30.583934783935547,0.0,0.4877319931983948,3.0,12
2249,Interpolated_3197038,98.92498779296875,30.583982467651367,0.0,0.31466060876846313,3.0,12
2250,Interpolated_3197041,98.9253158569336,30.584035873413086,0.0,0.2320423722267151,3.0,12
2251,Interpolated_3197044,98.92560577392578,30.584081649780273,0.0,0.06666667014360428,1.0,12
2252,Interpolated_3197047,98.92591094970703,30.584129333496094,0.0,0.24133026599884033,3.0,12
2253,Interpolated_3197050,98.92623901367188,30.58418083190918,0.0,0.2793560028076172,3.0,12
2254,Interpolated_3197053,98.92654418945312,30.584230422973633,0.0,0.1805306077003479,2.0,12
2255,Interpolated_3197056,98.92683410644531,30.58427619934082,0.0,0.21821747720241547,2.0,12
2256,Interpolated_3197059,98.92715454101562,30.584327697753906,0.0,0.47154057025909424,3.0,12
2257,Interpolated_3197062,98.92747497558594,30.58437728881836,0.0,0.35538116097450256,3.0,12
2258,Interpolated_3197065,98.92782592773438,30.584434509277344,0.0,0.3217998445034027,3.0,12
2259,Interpolated_3197068,98.92817687988281,30.584489822387695,0.0,0.32111793756484985,3.0,12
2260,Interpolated_3197071,98.92852020263672,30.584543228149414,0.0,0.3650299310684204,3.0,12
2261,Interpolated_3197074,98.92889404296875,30.584604263305664,0.0,0.18941277265548706,2.0,12
2262,Interpolated_3197077,98.92931365966797,30.584671020507812,0.0,0.48746591806411743,3.0,12
2263,Interpolated_3197080,98.92971801757812,30.584733963012695,0.0,0.40871214866638184,3.0,12
2264,Interpolated_3197083,98.93008422851562,30.58479118347168,0.0,0.23773027956485748,2.0,12
2265,Interpolated_3197086,98.9304428100586,30.584848403930664,0.1550113409757614,0.5939894914627075,3.0,12
2266,Interpolated_3197089,98.93083190917969,30.584911346435547,0.0,0.48677903413772583,3.0,12
2267,Interpolated_3197092,98.93123626708984,30.58497428894043,0.0,0.4845716953277588,3.0,12
2268,Interpolated_3197095,98.93161010742188,30.585033416748047,0.0,0.25663042068481445,3.0,12
2269,Interpolated_3197098,98.93197631835938,30.585092544555664,0.0,0.36862432956695557,3.0,12
2270,Interpolated_3197101,98.93226623535156,30.58513832092285,0.0,0.40912580490112305,3.0,12
2271,Interpolated_3197104,98.93266296386719,30.585201263427734,0.3906691372394562,0.7044158577919006,3.0,12
2272,Interpolated_3197107,98.93302154541016,30.58525848388672,0.08372431248426437,0.5605852603912354,3.0,12
2273,Interpolated_3197110,98.9333267211914,30.585308074951172,0.2766888737678528,0.6510061025619507,3.0,12
2274,Interpolated_3197113,98.9336166381836,30.58535385131836,0.0,0.3749978542327881,3.0,12
2275,Interpolated_3197116,98.93388366699219,30.58539581298828,0.0,0.4402543306350708,3.0,12
2276,Interpolated_3197119,98.93412780761719,30.585433959960938,0.12295500934123993,0.5789682865142822,3.0,12
2277,Interpolated_3197122,98.93437957763672,30.585474014282227,0.0,0.27134960889816284,3.0,12
2278,Interpolated_3197125,98.93462371826172,30.585512161254883,0.0,0.2922351658344269,3.0,12
2279,Interpolated_3197128,98.93488311767578,30.585554122924805,0.08371668308973312,0.5605816841125488,3.0,12
2280,Interpolated_3197131,98.93515014648438,30.58559799194336,0.0,0.2610210180282593,3.0,12
2281,Interpolated_3197134,98.93543243408203,30.585641860961914,0.08804111927747726,0.5626080632209778,3.0,12
2282,Interpolated_3197137,98.93572235107422,30.5856876373291,0.3252440094947815,0.6737584471702576,3.0,12
2283,Interpolated_3197140,98.93603515625,30.585737228393555,0.1644526720046997,0.5984135866165161,3.0,12
2284,Interpolated_3197143,98.9363784790039,30.585792541503906,0.0,0.23251605033874512,3.0,12
2285,Interpolated_3197146,98.93669891357422,30.585844039916992,0.0,0.42316126823425293,3.0,12
2286,Interpolated_3197149,98.93701171875,30.585891723632812,0.0,0.42507994174957275,3.0,12
2287,Interpolated_3197152,98.93730926513672,30.585939407348633,0.0,0.17884433269500732,2.0,12
2288,Interpolated_3197155,98.93756866455078,30.585981369018555,0.0,0.26842570304870605,3.0,12
2289,Interpolated_3197158,98.93778228759766,30.586015701293945,0.0,0.32002943754196167,3.0,12
2290,Interpolated_3199671,98.91861724853516,30.583099365234375,0.0,0.3966398239135742,3.0,12
2291,Interpolated_3199674,98.91895294189453,30.583152770996094,0.0,0.42722171545028687,3.0,12
2292,Interpolated_3199677,98.91927337646484,30.583202362060547,0.0,0.3123342990875244,3.0,12
2293,Interpolated_3199680,98.91959381103516,30.583253860473633,0.0,0.42194968461990356,3.0,12
2294,Interpolated_3199683,98.919921875,30.58330726623535,0.0,0.3658347725868225,3.0,12
2295,Interpolated_3199686,98.92024993896484,30.583358764648438,0.0,0.13956741988658905,2.0,12
2296,Interpolated_3199689,98.92054748535156,30.583406448364258,0.0,0.15965232253074646,2.0,12
2297,Interpolated_3199692,98.92088317871094,30.583457946777344,0.0,0.26192983984947205,3.0,12
2298,Interpolated_3199695,98.92120361328125,30.58350944519043,0.0,0.1395300030708313,2.0,12
2299,Interpolated_3199698,98.92151641845703,30.583559036254883,0.0,0.1560172438621521,2.0,12
2300,Interpolated_3199701,98.92180633544922,30.58360481262207,0.0,0.34614691138267517,3.0,12
2301,Interpolated_3199704,98.92212677001953,30.583656311035156,0.0,0.37188053131103516,3.0,12
2302,Interpolated_3199707,98.9224853515625,30.58371353149414,0.0,0.1851738542318344,2.0,12
2303,Interpolated_3199710,98.92293548583984,30.583784103393555,0.0,0.06666667014360428,1.0,12
2304,Interpolated_3199713,98.92337036132812,30.58385467529297,0.0,0.1673232764005661,2.0,12
2305,Interpolated_3199716,98.92376708984375,30.58391571044922,0.0,0.346512109041214,3.0,12
2306,Interpolated_3199719,98.92410278320312,30.58397102355957,0.0,0.16811972856521606,2.0,12
2307,Interpolated_3199722,98.92440032958984,30.58401870727539,0.0,0.421273410320282,3.0,12
2308,Interpolated_3199725,98.92469024658203,30.584064483642578,0.0,0.4877319931983948,3.0,12
2309,Interpolated_3199728,98.92499542236328,30.5841121673584,0.0,0.06666667014360428,1.0,12
2310,Interpolated_3199731,98.9253158569336,30.584163665771484,0.0,0.1558191478252411,2.0,12
2311,Interpolated_3199734,98.92561340332031,30.584211349487305,0.0,0.06666667014360428,1.0,12
2312,Interpolated_3199737,98.92591857910156,30.584259033203125,0.0,0.2415885180234909,3.0,12
2313,Interpolated_3199740,98.92623138427734,30.584308624267578,0.0,0.24214592576026917,3.0,12
2314,Interpolated_3199743,98.92652130126953,30.584354400634766,0.0,0.4401426315307617,3.0,12
2315,Interpolated_3199746,98.92681884765625,30.584402084350586,0.0,0.46122854948043823,3.0,12
2316,Interpolated_3199749,98.9271469116211,30.584453582763672,0.0,0.3630317449569702,3.0,12
2317,Interpolated_3199752,98.92748260498047,30.58450698852539,0.0,0.3594222068786621,3.0,12
2318,Interpolated_3199755,98.92782592773438,30.584562301635742,0.0,0.1841599941253662,2.0,12
2319,Interpolated_3199758,98.92817687988281,30.584617614746094,0.0,0.18495944142341614,2.0,12
2320,Interpolated_3199761,98.92852783203125,30.584674835205078,0.0,0.13954584300518036,2.0,12
2321,Interpolated_3199764,98.92893981933594,30.58473777770996,0.0,0.19501307606697083,2.0,12
2322,Interpolated_3199767,98.92936706542969,30.584806442260742,0.0,0.06666667014360428,1.0,12
2323,Interpolated_3199770,98.92977905273438,30.584871292114258,0.0,0.3746125102043152,3.0,12
2324,Interpolated_3199773,98.93013000488281,30.584928512573242,0.0,0.2807627320289612,3.0,12
2325,Interpolated_3199776,98.93049621582031,30.584985733032227,0.0017949275206774473,0.5221941471099854,3.0,12
2326,Interpolated_3199779,98.93090057373047,30.585050582885742,0.0,0.25650984048843384,3.0,12
2327,Interpolated_3199782,98.9312744140625,30.585107803344727,0.18703803420066833,0.6089968085289001,3.0,12
2328,Interpolated_3199785,98.93164825439453,30.585168838500977,0.0,0.28944605588912964,3.0,12
2329,Interpolated_3199788,98.9320068359375,30.585224151611328,0.0,0.49426352977752686,3.0,12
2330,Interpolated_3199791,98.93229675292969,30.58527183532715,0.18011462688446045,0.6057525873184204,3.0,12
2331,Interpolated_3199794,98.93270111083984,30.585336685180664,0.0,0.48861002922058105,3.0,12
2332,Interpolated_3199797,98.93302917480469,30.58538818359375,0.0,0.37016212940216064,3.0,12
2333,Interpolated_3199800,98.9333267211914,30.58543586730957,0.2051156461238861,0.6174677610397339,3.0,12
2334,Interpolated_3199803,98.93360900878906,30.585479736328125,0.0,0.34115272760391235,3.0,12
2335,Interpolated_3199806,98.93386840820312,30.585521697998047,0.3943433165550232,0.7061375379562378,3.0,12
2336,Interpolated_3199809,98.93412017822266,30.585561752319336,0.5713995099067688,0.7891039252281189,3.0,12
2337,Interpolated_3199812,98.93437194824219,30.585601806640625,0.0,0.46147632598876953,3.0,12
2338,Interpolated_3199815,98.93462371826172,30.585641860961914,0.009886919520795345,0.5259859561920166,3.0,12
2339,Interpolated_3199818,98.93487548828125,30.585681915283203,0.0,0.37056460976600647,3.0,12
2340,Interpolated_3199821,98.93515014648438,30.585725784301758,0.0,0.42696160078048706,3.0,12
2341,Interpolated_3199824,98.93543243408203,30.585769653320312,0.0,0.34781378507614136,3.0,12
2342,Interpolated_3199827,98.93572235107422,30.585817337036133,0.25986239314079285,0.6431214213371277,3.0,12
2343,Interpolated_3199830,98.93604278564453,30.585866928100586,0.0,0.257107675075531,3.0,12
2344,Interpolated_3199833,98.9363784790039,30.585920333862305,0.0,0.42623770236968994,3.0,12
2345,Interpolated_3199836,98.93672180175781,30.585973739624023,0.0,0.29967638850212097,3.0,12
2346,Interpolated_3199839,98.9370346069336,30.58602523803711,0.0,0.3846268057823181,3.0,12
2347,Interpolated_3199842,98.93733215332031,30.586071014404297,0.0,0.36017459630966187,3.0,12
2348,Interpolated_3199845,98.93756866455078,30.586109161376953,0.0,0.32589730620384216,3.0,12
2349,Interpolated_3199848,98.93780517578125,30.58614730834961,0.0,0.257425457239151,3.0,12
2350,Interpolated_3202363,98.91886901855469,30.583267211914062,0.0,0.4216693341732025,3.0,12
2351,Interpolated_3202367,98.91931915283203,30.583337783813477,0.0,0.25711703300476074,3.0,12
2352,Interpolated_3202370,98.91963195800781,30.58338737487793,0.0,0.13952134549617767,2.0,12
2353,Interpolated_3202373,98.91996765136719,30.58344078063965,0.0,0.38629841804504395,3.0,12
2354,Interpolated_3202376,98.92029571533203,30.583494186401367,0.0,0.2344043105840683,2.0,12
2355,Interpolated_3202379,98.92059326171875,30.583541870117188,0.0,0.2831624150276184,3.0,12
2356,Interpolated_3202382,98.9209213256836,30.583593368530273,0.0,0.24683134257793427,3.0,12
2357,Interpolated_3202385,98.9212417602539,30.583642959594727,0.0,0.3516698479652405,3.0,12
2358,Interpolated_3202388,98.92153930664062,30.583690643310547,0.0,0.256538450717926,3.0,12
2359,Interpolated_3202391,98.92183685302734,30.583738327026367,0.0,0.193546861410141,2.0,12
2360,Interpolated_3202394,98.92215728759766,30.583789825439453,0.0,0.28405433893203735,3.0,12
2361,Interpolated_3202397,98.92253112792969,30.58384895324707,0.0,0.14995107054710388,2.0,12
2362,Interpolated_3202400,98.92295837402344,30.58391761779785,0.0,0.35986191034317017,3.0,12
2363,Interpolated_3202403,98.92340087890625,30.583986282348633,0.0,0.1673232764005661,2.0,12
2364,Interpolated_3202406,98.92378997802734,30.584049224853516,0.0,0.4187745749950409,3.0,12
2365,Interpolated_3202409,98.92414855957031,30.584104537963867,0.0,0.06666667014360428,1.0,12
2366,Interpolated_3202412,98.92443084716797,30.584150314331055,0.0,0.4536912441253662,3.0,12
2367,Interpolated_3202415,98.9247055053711,30.58419418334961,0.0,0.2796863317489624,3.0,12
2368,Interpolated_3202418,98.92500305175781,30.58424186706543,0.0,0.06666667014360428,1.0,12
2369,Interpolated_3202421,98.9253158569336,30.584291458129883,0.0,0.2589573562145233,3.0,12
2370,Interpolated_3202424,98.92562103271484,30.584339141845703,0.0,0.3997354507446289,3.0,12
2371,Interpolated_3202427,98.92591094970703,30.58438491821289,0.0,0.25707921385765076,3.0,12
2372,Interpolated_3202430,98.92622375488281,30.584436416625977,0.0,0.06666667014360428,1.0,12
2373,Interpolated_3202433,98.92650604248047,30.58448028564453,0.0,0.31506532430648804,3.0,12
2374,Interpolated_3202436,98.92679595947266,30.58452606201172,0.0,0.06666667014360428,1.0,12
2375,Interpolated_3202439,98.92713928222656,30.58458137512207,0.0,0.36019331216812134,3.0,12
2376,Interpolated_3202442,98.92748260498047,30.58463478088379,0.0,0.28584393858909607,3.0,12
2377,Interpolated_3202445,98.92784118652344,30.584692001342773,0.0,0.13951702415943146,2.0,12
2378,Interpolated_3202448,98.9281997680664,30.584749221801758,0.0,0.1395544558763504,2.0,12
2379,Interpolated_3202451,98.9285659790039,30.584806442260742,0.0,0.06666667014360428,1.0,12
2380,Interpolated_3202454,98.92898559570312,30.584875106811523,0.0,0.2918850779533386,3.0,12
2381,Interpolated_3202457,98.92942810058594,30.584943771362305,0.05838710442185402,0.5487125515937805,3.0,12
2382,Interpolated_3202460,98.92982482910156,30.585006713867188,0.0,0.4097006916999817,3.0,12
2383,Interpolated_3202463,98.93017578125,30.585063934326172,0.0,0.44817084074020386,3.0,12
2384,Interpolated_3202466,98.9305648803711,30.585124969482422,0.19370537996292114,0.612121045589447,3.0,12
2385,Interpolated_3202469,98.93095397949219,30.585186004638672,0.23251236975193024,0.6303055286407471,3.0,12
2386,Interpolated_3202472,98.93130493164062,30.585243225097656,0.0,0.48615801334381104,3.0,12
2387,Interpolated_3202475,98.93168640136719,30.585302352905273,0.0,0.3697657883167267,3.0,12
2388,Interpolated_3202478,98.93201446533203,30.58535385131836,0.0,0.28529247641563416,3.0,12
2389,Interpolated_3202481,98.93231964111328,30.585403442382812,0.0,0.28529247641563416,3.0,12
2390,Interpolated_3202484,98.93272399902344,30.585468292236328,0.0,0.2856387794017792,3.0,12
2391,Interpolated_3202487,98.93303680419922,30.58551597595215,0.06919368356466293,0.5537763833999634,3.0,12
2392,Interpolated_3202490,98.93331909179688,30.585561752319336,0.0,0.47119152545928955,3.0,12
2393,Interpolated_3202493,98.93360137939453,30.585607528686523,0.0,0.49543410539627075,3.0,12
2394,Interpolated_3202496,98.9338607788086,30.585647583007812,0.0,0.4190852642059326,3.0,12
2395,Interpolated_3202499,98.9341049194336,30.5856876373291,0.13576385378837585,0.5849703550338745,3.0,12
2396,Interpolated_3202502,98.93435668945312,30.58572769165039,0.0,0.37182748317718506,3.0,12
2397,Interpolated_3202505,98.93461608886719,30.58576774597168,0.06820279359817505,0.5533120632171631,3.0,12
2398,Interpolated_3202508,98.93487548828125,30.5858097076416,0.315483033657074,0.6691845655441284,3.0,12
2399,Interpolated_3202511,98.9351577758789,30.585853576660156,0.0,0.430216908454895,3.0,12
2400,Interpolated_3202514,98.93544006347656,30.585899353027344,0.4342409074306488,0.724833071231842,3.0,12
2401,Interpolated_3202517,98.93572235107422,30.58594512939453,0.17934468388557434,0.605391800403595,3.0,12
2402,Interpolated_3202520,98.93603515625,30.585994720458984,0.0,0.49929916858673096,3.0,12
2403,Interpolated_3202523,98.93638610839844,30.586050033569336,0.3320557177066803,0.6769503355026245,3.0,12
2404,Interpolated_3202526,98.93673706054688,30.586105346679688,0.0,0.4098508954048157,3.0,12
2405,Interpolated_3202529,98.93705749511719,30.586156845092773,0.0,0.3741801381111145,3.0,12
2406,Interpolated_3202532,98.9373550415039,30.58620262145996,0.0,0.3542342782020569,3.0,12
2407,Interpolated_3202535,98.93757629394531,30.586238861083984,0.0,0.2718737721443176,3.0,12
2408,Interpolated_3202538,98.93781280517578,30.58627700805664,0.0,0.3392421007156372,3.0,12
2409,Interpolated_3202542,98.93816375732422,30.586332321166992,0.0,0.32540959119796753,3.0,12
2410,Interpolated_3205057,98.91934967041016,30.583471298217773,0.0,0.2978440523147583,3.0,12
2411,Interpolated_3205060,98.919677734375,30.58352279663086,0.0,0.44505739212036133,3.0,12
2412,Interpolated_3205063,98.92001342773438,30.583576202392578,0.0,0.3943406343460083,3.0,12
2413,Interpolated_3205066,98.92034912109375,30.583629608154297,0.0,0.17584413290023804,2.0,12
2414,Interpolated_3205069,98.92064666748047,30.583677291870117,0.0,0.18538056313991547,2.0,12
2415,Interpolated_3205072,98.92095947265625,30.58372688293457,0.0,0.5017420649528503,3.0,12
2416,Interpolated_3205075,98.92127227783203,30.583776473999023,0.0,0.1723826676607132,2.0,12
2417,Interpolated_3205078,98.92157745361328,30.583824157714844,0.0,0.3165434002876282,3.0,12
2418,Interpolated_3205081,98.92188262939453,30.583873748779297,0.0,0.1734907031059265,2.0,12
2419,Interpolated_3205084,98.92220306396484,30.583925247192383,0.0,0.3952227830886841,3.0,12
2420,Interpolated_3205087,98.92256927490234,30.583982467651367,0.0,0.3313192129135132,3.0,12
2421,Interpolated_3205090,98.92298126220703,30.584049224853516,0.0,0.45203709602355957,3.0,12
2422,Interpolated_3205093,98.92342376708984,30.584117889404297,0.0,0.16802650690078735,2.0,12
2423,Interpolated_3205096,98.92382049560547,30.58418083190918,0.0,0.4227672219276428,3.0,12
2424,Interpolated_3205099,98.92418670654297,30.584239959716797,0.0,0.17944861948490143,2.0,12
2425,Interpolated_3205102,98.92445373535156,30.58428192138672,0.0,0.4536912441253662,3.0,12
2426,Interpolated_3205105,98.92472076416016,30.58432388305664,0.0,0.06666667014360428,1.0,12
2427,Interpolated_3205108,98.92500305175781,30.584369659423828,0.0,0.06666667014360428,1.0,12
2428,Interpolated_3205111,98.92530059814453,30.58441734313965,0.0,0.06666667014360428,1.0,12
2429,Interpolated_3205114,98.92561340332031,30.5844669342041,0.0,0.3544952869415283,3.0,12
2430,Interpolated_3205117,98.9259033203125,30.58451271057129,0.0,0.06666667014360428,1.0,12
2431,Interpolated_3205120,98.92620849609375,30.58456039428711,0.0,0.06666667014360428,1.0,12
2432,Interpolated_3205123,98.92647552490234,30.584604263305664,0.0,0.3504874110221863,3.0,12
2433,Interpolated_3205126,98.9267807006836,30.584651947021484,0.0,0.3162311315536499,3.0,12
2434,Interpolated_3205129,98.92713928222656,30.58470916748047,0.0,0.3750554323196411,3.0,12
2435,Interpolated_3205132,98.927490234375,30.58476448059082,0.0,0.3970997631549835,3.0,12
2436,Interpolated_3205135,98.9278564453125,30.584821701049805,0.0,0.3205701410770416,3.0,12
2437,Interpolated_3205138,98.92821502685547,30.584880828857422,0.0,0.06666667014360428,1.0,12
2438,Interpolated_3205141,98.92860412597656,30.584941864013672,0.0,0.35870465636253357,3.0,12
2439,Interpolated_3205144,98.92904663085938,30.585010528564453,0.0,0.2675330638885498,3.0,12
2440,Interpolated_3205147,98.92948150634766,30.585081100463867,0.0,0.42876648902893066,3.0,12
2441,Interpolated_3205150,98.92987060546875,30.585142135620117,0.0,0.41051292419433594,3.0,12
2442,Interpolated_3205153,98.93025207519531,30.585203170776367,0.0,0.5160068869590759,3.0,12
2443,Interpolated_3205156,98.93062591552734,30.585262298583984,0.0,0.4066997766494751,3.0,12
2444,Interpolated_3205159,98.93099975585938,30.5853214263916,0.0,0.24178944528102875,3.0,12
2445,Interpolated_3205162,98.93132781982422,30.58537483215332,0.2044391930103302,0.6171507835388184,3.0,12
2446,Interpolated_3205165,98.93170166015625,30.585432052612305,0.0,0.2916284203529358,3.0,12
2447,Interpolated_3205168,98.93201446533203,30.58548355102539,0.20864254236221313,0.6191204190254211,3.0,12
2448,Interpolated_3205171,98.93236541748047,30.58553695678711,0.0,0.2856387794017792,3.0,12
2449,Interpolated_3205174,98.93274688720703,30.58559799194336,0.0,0.28612929582595825,3.0,12
2450,Interpolated_3205177,98.93302917480469,30.585643768310547,0.0,0.4892987608909607,3.0,12
2451,Interpolated_3205180,98.93331146240234,30.585689544677734,0.0,0.2562829554080963,3.0,12
2452,Interpolated_3205183,98.93359375,30.58573341369629,0.0,0.4099094867706299,3.0,12
2453,Interpolated_3205186,98.93385314941406,30.58577537536621,0.0,0.3536888062953949,3.0,12
2454,Interpolated_3205189,98.93409729003906,30.585813522338867,0.0,0.3367098569869995,3.0,12
2455,Interpolated_3205192,98.93435668945312,30.58585548400879,0.0,0.40191078186035156,3.0,12
2456,Interpolated_3205195,98.93461608886719,30.585895538330078,0.0,0.41587477922439575,3.0,12
2457,Interpolated_3205198,98.93488311767578,30.585939407348633,0.09955722838640213,0.5680043697357178,3.0,12
2458,Interpolated_3205201,98.93515014648438,30.585981369018555,0.0,0.49852102994918823,3.0,12
2459,Interpolated_3205204,98.93544006347656,30.586027145385742,0.0,0.2983744144439697,3.0,12
2460,Interpolated_3205207,98.93572998046875,30.58607292175293,0.13952326774597168,0.5867319703102112,3.0,12
2461,Interpolated_3205210,98.93604278564453,30.586122512817383,0.0,0.33653366565704346,3.0,12
2462,Interpolated_3205213,98.9364013671875,30.586179733276367,0.0,0.42598944902420044,3.0,12
2463,Interpolated_3205216,98.93675994873047,30.58623695373535,0.0,0.4080570340156555,3.0,12
2464,Interpolated_3205219,98.93707275390625,30.586286544799805,0.0,0.5116246938705444,3.0,12
2465,Interpolated_3205222,98.93736267089844,30.586332321166992,0.0,0.2763664126396179,3.0,12
2466,Interpolated_3205225,98.93759155273438,30.586368560791016,0.0,0.24731600284576416,3.0,12
2467,Interpolated_3205228,98.93781280517578,30.58640480041504,0.0,0.49770182371139526,3.0,12
2468,Interpolated_3205232,98.93817138671875,30.586462020874023,0.0,0.4331839680671692,3.0,12
2469,Interpolated_3207744,98.9190444946289,30.58354949951172,0.0,0.424369215965271,3.0,12
2470,Interpolated_3207748,98.91948699951172,30.583620071411133,0.0,0.46579957008361816,3.0,12
2471,Interpolated_3207751,98.91983795166016,30.583677291870117,0.0,0.4415839910507202,3.0,12
2472,Interpolated_3207754,98.9201889038086,30.58373260498047,0.0,0.5083207488059998,3.0,12
2473,Interpolated_3207757,98.92049407958984,30.58378028869629,0.0,0.32281389832496643,3.0,12
2474,Interpolated_3207760,98.92078399658203,30.583826065063477,0.0,0.515849769115448,3.0,12
2475,Interpolated_3207763,98.92108917236328,30.58387565612793,0.0,0.16044099628925323,2.0,12
2476,Interpolated_3207766,98.92140197753906,30.583925247192383,0.0,0.2877221703529358,3.0,12
2477,Interpolated_3207769,98.92171478271484,30.583974838256836,0.0,0.5188268423080444,3.0,12
2478,Interpolated_3207772,98.92202758789062,30.58402442932129,0.0,0.34678950905799866,3.0,12
2479,Interpolated_3207775,98.92235565185547,30.584077835083008,0.20931734144687653,0.6194366216659546,3.0,12
2480,Interpolated_3207778,98.92272186279297,30.584135055541992,0.0,0.36376774311065674,3.0,12
2481,Interpolated_3207781,98.92314910888672,30.58420181274414,0.0,0.3888853192329407,3.0,12
2482,Interpolated_3207784,98.92357635498047,30.584270477294922,0.0,0.3596529960632324,3.0,12
2483,Interpolated_3207787,98.92399597167969,30.58433723449707,0.0,0.3146294057369232,3.0,12
2484,Interpolated_3207790,98.92430877685547,30.584386825561523,0.0,0.24140191078186035,3.0,12
2485,Interpolated_3207793,98.924560546875,30.584426879882812,0.0,0.41917359828948975,3.0,12
2486,Interpolated_3207796,98.92481231689453,30.5844669342041,0.0,0.3484753966331482,3.0,12
2487,Interpolated_3207799,98.92508697509766,30.584510803222656,0.0,0.5052606463432312,3.0,12
2488,Interpolated_3207802,98.9253921508789,30.584558486938477,0.0,0.35680633783340454,3.0,12
2489,Interpolated_3207805,98.92568969726562,30.584606170654297,0.0,0.35348981618881226,3.0,12
2490,Interpolated_3207808,98.92599487304688,30.58465576171875,0.0,0.35479968786239624,3.0,12
2491,Interpolated_3207811,98.92628479003906,30.584701538085938,0.0,0.31622010469436646,3.0,12
2492,Interpolated_3207814,98.92656707763672,30.584745407104492,0.0,0.3930321931838989,3.0,12
2493,Interpolated_3207817,98.9269027709961,30.58479881286621,0.0,0.38938719034194946,3.0,12
2494,Interpolated_3207820,98.92726135253906,30.584856033325195,0.0,0.4242602586746216,3.0,12
2495,Interpolated_3207823,98.9276351928711,30.584915161132812,0.0,0.4221208095550537,3.0,12
2496,Interpolated_3207826,98.9280014038086,30.58497428894043,0.0,0.21363788843154907,2.0,12
2497,Interpolated_3207829,98.92837524414062,30.585033416748047,0.0,0.3108179569244385,3.0,12
2498,Interpolated_3207832,98.92879486083984,30.585100173950195,0.0,0.3574187755584717,3.0,12
2499,Interpolated_3207835,98.92925262451172,30.585172653198242,0.3246798813343048,0.6734941005706787,3.0,12
2500,Interpolated_3207838,98.92967987060547,30.58523941040039,0.0,0.470350980758667,3.0,12
2501,Interpolated_3207841,98.93006134033203,30.58530044555664,0.0,0.39458030462265015,3.0,12
2502,Interpolated_3207844,98.93045043945312,30.585363388061523,0.0,0.48671776056289673,3.0,12
2503,Interpolated_3207847,98.9308090209961,30.585418701171875,0.0,0.43633022904396057,3.0,12
2504,Interpolated_3207850,98.9311294555664,30.58547019958496,0.2211209237575531,0.624967634677887,3.0,12
2505,Interpolated_3207853,98.93146514892578,30.58552360534668,0.0,0.4147132337093353,3.0,12
2506,Interpolated_3207856,98.93181610107422,30.58557891845703,0.0,0.48837560415267944,3.0,12
2507,Interpolated_3207859,98.93213653564453,30.585630416870117,0.0,0.48766350746154785,3.0,12
2508,Interpolated_3207862,98.9325180053711,30.585691452026367,0.0,0.42210257053375244,3.0,12
2509,Interpolated_3207865,98.93285369873047,30.585742950439453,0.10893572866916656,0.5723990201950073,3.0,12
2510,Interpolated_3207868,98.93310546875,30.585784912109375,0.6883769035339355,0.8439180850982666,3.0,12
2511,Interpolated_3207871,98.93339538574219,30.585830688476562,0.15166673064231873,0.5924222469329834,3.0,12
2512,Interpolated_3207874,98.93368530273438,30.58587646484375,0.0,0.45844680070877075,3.0,12
2513,Interpolated_3207877,98.93392181396484,30.585912704467773,0.8808204531669617,0.9340947866439819,3.0,12
2514,Interpolated_3207880,98.93417358398438,30.585954666137695,0.0,0.4755370616912842,3.0,12
2515,Interpolated_3207883,98.93444061279297,30.585996627807617,0.0,0.4442710876464844,3.0,12
2516,Interpolated_3207886,98.93470001220703,30.58603858947754,0.0,0.40839439630508423,3.0,12
2517,Interpolated_3207889,98.93498229980469,30.586082458496094,0.0,0.37261277437210083,3.0,12
2518,Interpolated_3207892,98.93525695800781,30.58612632751465,0.0,0.3578110933303833,3.0,12
2519,Interpolated_3207895,98.935546875,30.586172103881836,0.0,0.3695210814476013,3.0,12
2520,Interpolated_3207898,98.93585205078125,30.58622169494629,0.21530428528785706,0.6222420334815979,3.0,12
2521,Interpolated_3207901,98.93616485595703,30.58626937866211,0.0,0.49720293283462524,3.0,12
2522,Interpolated_3207904,98.9365463256836,30.58633041381836,0.0,0.5206242799758911,3.0,12
2523,Interpolated_3207907,98.9368896484375,30.58638572692871,0.0,0.2571811079978943,3.0,12
2524,Interpolated_3207910,98.93719482421875,30.586435317993164,0.0,0.4051327705383301,3.0,12
2525,Interpolated_3207913,98.93744659423828,30.58647346496582,0.04375229403376579,0.5418548583984375,3.0,12
2526,Interpolated_3207916,98.93766021728516,30.58650779724121,0.0,0.5162454843521118,3.0,12
2527,Interpolated_3207919,98.9378890991211,30.586544036865234,0.0,0.26070016622543335,3.0,12
2528,Interpolated_3207922,98.93818664550781,30.586591720581055,0.0,0.30081138014793396,3.0,12
2529,Interpolated_3207925,98.93865203857422,30.5866641998291,0.0,0.29069221019744873,3.0,12
2530,Interpolated_3210436,98.91928100585938,30.583715438842773,0.0,0.3978978395462036,3.0,12
2531,Interpolated_3210439,98.91963195800781,30.583772659301758,0.0,0.35618919134140015,3.0,12
2532,Interpolated_3210443,98.92011260986328,30.58384895324707,0.0,0.3178713917732239,3.0,12
2533,Interpolated_3210446,98.9204330444336,30.583898544311523,0.0,0.45998138189315796,3.0,12
2534,Interpolated_3210449,98.92071533203125,30.58394432067871,0.0,0.30158647894859314,3.0,12
2535,Interpolated_3210452,98.9210205078125,30.58399200439453,0.0,0.3599221110343933,3.0,12
2536,Interpolated_3210455,98.92132568359375,30.584041595458984,0.0,0.35311412811279297,3.0,12
2537,Interpolated_3210458,98.9216537475586,30.58409309387207,0.0,0.3350831866264343,3.0,12
2538,Interpolated_3210461,98.92195892333984,30.58414077758789,0.06481620669364929,0.5517251491546631,3.0,12
2539,Interpolated_3210464,98.92227935791016,30.584192276000977,0.17013396322727203,0.6010757684707642,3.0,12
2540,Interpolated_3210467,98.92262268066406,30.584247589111328,0.0,0.4240119457244873,3.0,12
2541,Interpolated_3210470,98.92300415039062,30.584308624267578,0.0,0.35563939809799194,3.0,12
2542,Interpolated_3210473,98.92345428466797,30.584379196166992,0.0,0.3596529960632324,3.0,12
2543,Interpolated_3210476,98.92390441894531,30.584449768066406,0.0,0.4187745749950409,3.0,12
2544,Interpolated_3210479,98.92422485351562,30.584501266479492,0.0,0.06666667014360428,1.0,12
2545,Interpolated_3210482,98.92447662353516,30.58454132080078,0.0,0.1683618724346161,2.0,12
2546,Interpolated_3210485,98.92471313476562,30.584579467773438,0.0,0.1499800831079483,2.0,12
2547,Interpolated_3210488,98.92499542236328,30.584623336791992,0.0,0.3698450028896332,3.0,12
2548,Interpolated_3210491,98.92527770996094,30.58466911315918,0.0,0.4201161861419678,3.0,12
2549,Interpolated_3210494,98.92558288574219,30.584718704223633,0.0,0.06666667014360428,1.0,12
2550,Interpolated_3210497,98.92589569091797,30.584766387939453,0.0,0.37407347559928894,3.0,12
2551,Interpolated_3210500,98.92618560791016,30.584814071655273,0.0,0.2471587210893631,3.0,12
2552,Interpolated_3210503,98.92648315429688,30.58485984802246,0.0,0.06666667014360428,1.0,12
2553,Interpolated_3210506,98.92679595947266,30.584911346435547,0.0,0.39087873697280884,3.0,12
2554,Interpolated_3210509,98.92715454101562,30.58496856689453,0.0,0.06666667014360428,1.0,12
2555,Interpolated_3210512,98.92752838134766,30.58502769470215,0.11434696614742279,0.5749346613883972,3.0,12
2556,Interpolated_3210515,98.92791748046875,30.5850887298584,0.0,0.4424273371696472,3.0,12
2557,Interpolated_3210518,98.92829132080078,30.585147857666016,0.18311414122581482,0.6071581244468689,3.0,12
2558,Interpolated_3210521,98.92870330810547,30.58521270751953,0.10707732290029526,0.5715281963348389,3.0,12
2559,Interpolated_3210524,98.92916107177734,30.585285186767578,0.17798148095607758,0.6047530174255371,3.0,12
2560,Interpolated_3210527,98.92960357666016,30.585355758666992,0.0,0.4077035188674927,3.0,12
2561,Interpolated_3210530,98.93000030517578,30.585418701171875,0.0,0.39773330092430115,3.0,12
2562,Interpolated_3210533,98.93037414550781,30.585477828979492,0.08769463002681732,0.5624457001686096,3.0,12
2563,Interpolated_3210536,98.93072509765625,30.585533142089844,0.5582301020622253,0.7829328775405884,3.0,12
2564,Interpolated_3210539,98.9310302734375,30.585582733154297,0.0,0.38891053199768066,3.0,12
2565,Interpolated_3210542,98.93135070800781,30.58563232421875,0.0,0.2914031445980072,3.0,12
2566,Interpolated_3210545,98.93170166015625,30.585689544677734,0.0,0.41051292419433594,3.0,12
2567,Interpolated_3210548,98.93205261230469,30.585744857788086,0.009482167661190033,0.5257962942123413,3.0,12
2568,Interpolated_3210551,98.93240356445312,30.585800170898438,0.0,0.358722448348999,3.0,12
2569,Interpolated_3210554,98.9327392578125,30.585853576660156,0.0,0.32846808433532715,3.0,12
2570,Interpolated_3210557,98.93302917480469,30.585899353027344,0.23524285852909088,0.6315850019454956,3.0,12
2571,Interpolated_3210560,98.93330383300781,30.5859432220459,0.0925804004073143,0.5647351145744324,3.0,12
2572,Interpolated_3210563,98.93358612060547,30.585988998413086,0.0,0.288730263710022,3.0,12
2573,Interpolated_3210566,98.93385314941406,30.586030960083008,0.35404539108276367,0.6872544288635254,3.0,12
2574,Interpolated_3210569,98.93408966064453,30.586069107055664,0.0,0.32952210307121277,3.0,12
2575,Interpolated_3210572,98.93435668945312,30.586111068725586,0.0,0.3482489585876465,3.0,12
2576,Interpolated_3210575,98.93461608886719,30.586153030395508,0.0,0.4711320400238037,3.0,12
2577,Interpolated_3210578,98.93490600585938,30.586198806762695,0.21116264164447784,0.6203013062477112,3.0,12
2578,Interpolated_3210581,98.93517303466797,30.586240768432617,0.0,0.4130132794380188,3.0,12
2579,Interpolated_3210584,98.93546295166016,30.586286544799805,0.0,0.4388701915740967,3.0,12
2580,Interpolated_3210587,98.9357681274414,30.586336135864258,0.1144123449921608,0.5749652981758118,3.0,12
2581,Interpolated_3210590,98.93606567382812,30.586383819580078,0.0,0.5060241222381592,3.0,12
2582,Interpolated_3210593,98.93643951416016,30.586442947387695,0.05683742091059685,0.5479863882064819,3.0,12
2583,Interpolated_3210596,98.93681335449219,30.58650016784668,0.0,0.5125727653503418,3.0,12
2584,Interpolated_3210599,98.93711853027344,30.586549758911133,0.0,0.4226644039154053,3.0,12
2585,Interpolated_3210602,98.9374008178711,30.586593627929688,0.0,0.4600198268890381,3.0,12
2586,Interpolated_3210608,98.93781280517578,30.586660385131836,0.0,0.18536658585071564,2.0,12
2587,Interpolated_3210611,98.93807220458984,30.586702346801758,0.0,0.18527460098266602,2.0,12
2588,Interpolated_3210614,98.93846893310547,30.58676528930664,0.049263134598731995,0.5444371700286865,3.0,12
2589,Interpolated_3213125,98.91917419433594,30.58382797241211,0.0,0.30481845140457153,3.0,12
2590,Interpolated_3213128,98.91952514648438,30.58388328552246,0.0,0.3907663822174072,3.0,12
2591,Interpolated_3213131,98.91989135742188,30.583940505981445,0.11628257483243942,0.5758416652679443,3.0,12
2592,Interpolated_3213134,98.92025756835938,30.583999633789062,0.0,0.19308879971504211,2.0,12
2593,Interpolated_3213137,98.9205551147461,30.584047317504883,0.0,0.3446884751319885,3.0,12
2594,Interpolated_3213140,98.92085266113281,30.58409309387207,0.0,0.4595063328742981,3.0,12
2595,Interpolated_3213143,98.92115020751953,30.58414077758789,0.0,0.3989437222480774,3.0,12
2596,Interpolated_3213146,98.92145538330078,30.584190368652344,0.0,0.3600112199783325,3.0,12
2597,Interpolated_3213149,98.92178344726562,30.58424186706543,0.0,0.47310131788253784,3.0,12
2598,Interpolated_3213152,98.9220962524414,30.584291458129883,0.0,0.3160048723220825,3.0,12
2599,Interpolated_3213155,98.92243194580078,30.5843448638916,0.0,0.4436532258987427,3.0,12
2600,Interpolated_3213158,98.92276763916016,30.58439826965332,0.0,0.45444726943969727,3.0,12
2601,Interpolated_3213161,98.92316436767578,30.584461212158203,0.0,0.3888853192329407,3.0,12
2602,Interpolated_3213164,98.92362213134766,30.58453369140625,0.0,0.314937949180603,3.0,12
2603,Interpolated_3213167,98.92402648925781,30.584598541259766,0.0,0.3731537461280823,3.0,12
2604,Interpolated_3213170,98.92430877685547,30.58464241027832,0.0,0.35525840520858765,3.0,12
2605,Interpolated_3213173,98.92455291748047,30.58468246459961,0.0,0.4364526867866516,3.0,12
2606,Interpolated_3213176,98.92479705810547,30.584720611572266,0.0,0.3302251696586609,3.0,12
2607,Interpolated_3213179,98.92507934570312,30.584766387939453,0.0,0.3150925636291504,3.0,12
2608,Interpolated_3213182,98.92536926269531,30.58481216430664,0.0,0.3576791286468506,3.0,12
2609,Interpolated_3213185,98.92567443847656,30.58485984802246,0.0,0.06666667014360428,1.0,12
2610,Interpolated_3213188,98.92599487304688,30.584911346435547,0.0,0.31571608781814575,3.0,12
2611,Interpolated_3213191,98.92630004882812,30.584959030151367,0.0,0.06666667014360428,1.0,12
2612,Interpolated_3213194,98.92660522460938,30.585006713867188,0.0,0.06666667014360428,1.0,12
2613,Interpolated_3213197,98.92693328857422,30.585060119628906,0.0,0.3878995180130005,3.0,12
2614,Interpolated_3213200,98.92730712890625,30.585119247436523,0.0,0.5017508268356323,3.0,12
2615,Interpolated_3213203,98.92768859863281,30.585180282592773,0.05636512488126755,0.5477650761604309,3.0,12
2616,Interpolated_3213206,98.92808532714844,30.585243225097656,0.0,0.3100548982620239,3.0,12
2617,Interpolated_3213209,98.92845153808594,30.585302352905273,0.22792603075504303,0.6281564235687256,3.0,12
2618,Interpolated_3213212,98.92890930175781,30.585372924804688,0.0,0.34559768438339233,3.0,12
2619,Interpolated_3213215,98.92938232421875,30.58544921875,0.0,0.38048607110977173,3.0,12
2620,Interpolated_3213218,98.92980194091797,30.58551597595215,0.32620030641555786,0.674206554889679,3.0,12
2621,Interpolated_3213221,98.93018341064453,30.585575103759766,0.16841751337051392,0.600271463394165,3.0,12
2622,Interpolated_3213224,98.9305191040039,30.585628509521484,0.0,0.4077035188674927,3.0,12
2623,Interpolated_3213227,98.93082427978516,30.585678100585938,0.056067854166030884,0.5476257801055908,3.0,12
2624,Interpolated_3213230,98.9311294555664,30.585725784301758,0.0,0.3150073289871216,3.0,12
2625,Interpolated_3213233,98.93147277832031,30.585779190063477,0.0,0.4363029897212982,3.0,12
2626,Interpolated_3213236,98.93183898925781,30.585838317871094,0.0,0.4769987463951111,3.0,12
2627,Interpolated_3213239,98.93218231201172,30.585893630981445,0.0,0.42156982421875,3.0,12
2628,Interpolated_3213242,98.93252563476562,30.585947036743164,0.0,0.42178142070770264,3.0,12
2629,Interpolated_3213245,98.93283081054688,30.585996627807617,0.7828208804130554,0.8881734013557434,3.0,12
2630,Interpolated_3213248,98.93313598632812,30.586044311523438,0.0,0.4063562750816345,3.0,12
2631,Interpolated_3213251,98.93341064453125,30.586088180541992,0.0,0.4438871443271637,3.0,12
2632,Interpolated_3213254,98.93367004394531,30.586130142211914,0.0,0.31720632314682007,3.0,12
2633,Interpolated_3213257,98.93392181396484,30.586170196533203,0.0,0.47641080617904663,3.0,12
2634,Interpolated_3213260,98.93418884277344,30.586212158203125,0.0,0.4016838073730469,3.0,12
2635,Interpolated_3213263,98.93445587158203,30.586254119873047,0.0,0.3562771677970886,3.0,12
2636,Interpolated_3213266,98.93472290039062,30.5862979888916,0.0,0.520930290222168,3.0,12
2637,Interpolated_3213269,98.93499755859375,30.586339950561523,0.0,0.21587231755256653,3.0,12
2638,Interpolated_3213272,98.9352798461914,30.58638572692871,0.0,0.2082638442516327,2.0,12
2639,Interpolated_3213275,98.93558502197266,30.58643341064453,0.0,0.45698314905166626,3.0,12
2640,Interpolated_3213278,98.9358901977539,30.586483001708984,0.2482941448688507,0.6377006769180298,3.0,12
2641,Interpolated_3213281,98.93620300292969,30.586532592773438,0.3039913475513458,0.6637997031211853,3.0,12
2642,Interpolated_3213284,98.93659973144531,30.58659553527832,0.31704047322273254,0.6699143648147583,3.0,12
2643,Interpolated_3213287,98.93694305419922,30.58664894104004,0.0,0.4435122609138489,3.0,12
2644,Interpolated_3213290,98.9372329711914,30.58669662475586,0.0,0.2562931478023529,3.0,12
2645,Interpolated_3213296,98.93768310546875,30.586767196655273,0.0,0.3037857413291931,3.0,12
2646,Interpolated_3213299,98.93790435791016,30.586803436279297,0.0,0.47303569316864014,3.0,12
2647,Interpolated_3213302,98.93820190429688,30.586851119995117,0.0,0.2808302044868469,3.0,12
2648,Interpolated_3215814,98.91908264160156,30.583940505981445,0.0,0.48130714893341064,3.0,12
2649,Interpolated_3215817,98.9194107055664,30.583993911743164,0.04268164932727814,0.541353166103363,3.0,12
2650,Interpolated_3215820,98.91978454589844,30.58405303955078,0.0,0.3468615412712097,3.0,12
2651,Interpolated_3215824,98.92027282714844,30.584129333496094,0.0,0.39374950528144836,3.0,12
2652,Interpolated_3215827,98.92059326171875,30.58418083190918,0.0,0.36845463514328003,3.0,12
2653,Interpolated_3215830,98.92089080810547,30.584226608276367,0.0,0.3960951566696167,3.0,12
2654,Interpolated_3215833,98.92118072509766,30.584274291992188,0.0,0.2768005132675171,3.0,12
2655,Interpolated_3215836,98.92150115966797,30.584325790405273,0.0,0.4007375240325928,3.0,12
2656,Interpolated_3215839,98.92180633544922,30.584373474121094,0.0,0.3538864850997925,3.0,12
2657,Interpolated_3215842,98.922119140625,30.584423065185547,0.0,0.27549800276756287,3.0,12
2658,Interpolated_3215845,98.92245483398438,30.584476470947266,0.0,0.4606388807296753,3.0,12
2659,Interpolated_3215848,98.92279815673828,30.584531784057617,0.0,0.45444726943969727,3.0,12
2660,Interpolated_3215851,98.92317962646484,30.584590911865234,0.0,0.34711378812789917,3.0,12
2661,Interpolated_3215854,98.92362976074219,30.58466339111328,0.0,0.06666667014360428,1.0,12
2662,Interpolated_3215857,98.92401885986328,30.58472442626953,0.0,0.35525840520858765,3.0,12
2663,Interpolated_3215860,98.92430877685547,30.58477020263672,0.0,0.35525840520858765,3.0,12
2664,Interpolated_3215863,98.92455291748047,30.584808349609375,0.0,0.16890586912631989,2.0,12
2665,Interpolated_3215866,98.92478942871094,30.584848403930664,0.0,0.2412937730550766,3.0,12
2666,Interpolated_3215869,98.92507934570312,30.58489418029785,0.0,0.13971969485282898,2.0,12
2667,Interpolated_3215872,98.92535400390625,30.584936141967773,0.0,0.35864073038101196,3.0,12
2668,Interpolated_3215875,98.92566680908203,30.584985733032227,0.0,0.14986662566661835,2.0,12
2669,Interpolated_3215878,98.92599487304688,30.585039138793945,0.0,0.3596995770931244,3.0,12
2670,Interpolated_3215881,98.92630767822266,30.5850887298584,0.0,0.2415885180234909,3.0,12
2671,Interpolated_3215884,98.9266128540039,30.58513832092285,0.0,0.06666667014360428,1.0,12
2672,Interpolated_3215887,98.92695617675781,30.58519172668457,0.0,0.35691243410110474,3.0,12
2673,Interpolated_3215890,98.9273452758789,30.585254669189453,0.0,0.398101806640625,3.0,12
2674,Interpolated_3215893,98.92772674560547,30.58531379699707,0.0,0.3192847967147827,3.0,12
2675,Interpolated_3215896,98.9281234741211,30.585376739501953,0.07563333958387375,0.5567939281463623,3.0,12
2676,Interpolated_3215899,98.92849731445312,30.58543586730957,0.09961001574993134,0.5680291056632996,3.0,12
2677,Interpolated_3215902,98.9289779663086,30.585512161254883,0.0,0.3265007734298706,3.0,12
2678,Interpolated_3215905,98.92945098876953,30.585588455200195,0.19664078950881958,0.6134965419769287,3.0,12
2679,Interpolated_3215908,98.92987060546875,30.585655212402344,0.17907170951366425,0.605263888835907,3.0,12
2680,Interpolated_3215911,98.93022155761719,30.585710525512695,0.0,0.43633022904396057,3.0,12
2681,Interpolated_3215914,98.9305191040039,30.585758209228516,0.07172802835702896,0.5549639463424683,3.0,12
2682,Interpolated_3215917,98.9308090209961,30.585803985595703,0.08780313283205032,0.562496542930603,3.0,12
2683,Interpolated_3215920,98.93112182617188,30.585853576660156,0.5164174437522888,0.7633399963378906,3.0,12
2684,Interpolated_3215923,98.93148040771484,30.58591079711914,0.26913022994995117,0.6474642157554626,3.0,12
2685,Interpolated_3215926,98.93184661865234,30.585968017578125,0.0,0.4524259567260742,3.0,12
2686,Interpolated_3215929,98.93219757080078,30.586023330688477,0.0,0.3684598505496979,3.0,12
2687,Interpolated_3215932,98.93252563476562,30.586076736450195,0.5435845851898193,0.7760701775550842,3.0,12
2688,Interpolated_3215935,98.9328384399414,30.586124420166016,0.0,0.28536245226860046,3.0,12
2689,Interpolated_3215938,98.93314361572266,30.58617401123047,0.0,0.361589252948761,3.0,12
2690,Interpolated_3215941,98.93341064453125,30.586217880249023,0.0,0.4059501886367798,3.0,12
2691,Interpolated_3215944,98.93367767333984,30.586259841918945,0.0,0.2885114252567291,3.0,12
2692,Interpolated_3215947,98.93392944335938,30.586299896240234,0.0,0.4171470105648041,3.0,12
2693,Interpolated_3215950,98.93419647216797,30.586341857910156,0.0,0.31776344776153564,3.0,12
2694,Interpolated_3215953,98.93446350097656,30.586383819580078,0.16981926560401917,0.6009283065795898,3.0,12
2695,Interpolated_3215956,98.93473815917969,30.586427688598633,0.0,0.3599809408187866,3.0,12
2696,Interpolated_3215959,98.93501281738281,30.586471557617188,0.0,0.21622692048549652,3.0,12
2697,Interpolated_3215962,98.935302734375,30.586517333984375,0.0,0.41398584842681885,3.0,12
2698,Interpolated_3215965,98.93560028076172,30.586565017700195,0.3649527132511139,0.6923654675483704,3.0,12
2699,Interpolated_3215968,98.93590545654297,30.586612701416016,0.15261565148830414,0.5928668975830078,3.0,12
2700,Interpolated_3215971,98.93624114990234,30.586666107177734,0.0,0.2617829442024231,3.0,12
2701,Interpolated_3215974,98.93663787841797,30.586729049682617,0.0,0.4962525963783264,3.0,12
2702,Interpolated_3215977,98.93696594238281,30.586780548095703,0.0,0.42343848943710327,3.0,12
2703,Interpolated_3215980,98.937255859375,30.586828231811523,0.0,0.4718320369720459,3.0,12
2704,Interpolated_3215983,98.93749237060547,30.58686637878418,0.0,0.4601280689239502,3.0,12
2705,Interpolated_3215986,98.93769836425781,30.586896896362305,0.0,0.3966687321662903,3.0,12
2706,Interpolated_3215989,98.93792724609375,30.58693504333496,0.0,0.18522971868515015,2.0,12
2707,Interpolated_3215992,98.93822479248047,30.58698272705078,0.0,0.33847323060035706,3.0,12
2708,Interpolated_3215996,98.93871307373047,30.587060928344727,0.5490127205848694,0.7786137461662292,3.0,12
2709,Interpolated_3218506,98.9193115234375,30.584104537963867,0.0,0.13970468938350677,2.0,12
2710,Interpolated_3218509,98.91967010498047,30.58416175842285,0.0,0.4800785183906555,3.0,12
2711,Interpolated_3218513,98.92015838623047,30.584239959716797,0.0,0.4969843029975891,3.0,12
2712,Interpolated_3218516,98.9205093383789,30.58429527282715,0.0,0.19382122159004211,2.0,12
2713,Interpolated_3218519,98.92082977294922,30.5843448638916,0.0,0.46786391735076904,3.0,12
2714,Interpolated_3218522,98.92112731933594,30.584392547607422,0.0,0.36240696907043457,3.0,12
2715,Interpolated_3218525,98.92144775390625,30.584444046020508,0.0,0.3618900775909424,3.0,12
2716,Interpolated_3218528,98.92174530029297,30.584491729736328,0.0,0.168897807598114,2.0,12
2717,Interpolated_3218531,98.92204284667969,30.58453941345215,0.0,0.4006187915802002,3.0,12
2718,Interpolated_3218534,98.92236328125,30.5845890045166,0.0,0.4967750310897827,3.0,12
2719,Interpolated_3218537,98.9227066040039,30.584644317626953,0.0,0.5045682191848755,3.0,12
2720,Interpolated_3218540,98.92305755615234,30.584701538085938,0.0,0.4201161861419678,3.0,12
2721,Interpolated_3218543,98.92350006103516,30.58477020263672,0.0,0.5028839707374573,3.0,12
2722,Interpolated_3218546,98.92391204833984,30.584836959838867,0.0,0.4203271269798279,3.0,12
2723,Interpolated_3218549,98.92422485351562,30.58488655090332,0.0,0.36017030477523804,3.0,12
2724,Interpolated_3218552,98.92446899414062,30.584924697875977,0.0,0.3156881332397461,3.0,12
2725,Interpolated_3218555,98.92471313476562,30.584962844848633,0.0,0.3547946810722351,3.0,12
2726,Interpolated_3218558,98.92498016357422,30.585004806518555,0.0,0.31533071398735046,3.0,12
2727,Interpolated_3218561,98.92525482177734,30.58504867553711,0.0,0.06666667014360428,1.0,12
2728,Interpolated_3218564,98.92555236816406,30.58509635925293,0.0,0.06666667014360428,1.0,12
2729,Interpolated_3218567,98.9258804321289,30.58514976501465,0.0,0.3159216046333313,3.0,12
2730,Interpolated_3218570,98.92620849609375,30.585201263427734,0.0,0.24678370356559753,3.0,12
2731,Interpolated_3218573,98.926513671875,30.585250854492188,0.0,0.4537256360054016,3.0,12
2732,Interpolated_3218576,98.9268569946289,30.585304260253906,0.0,0.49416905641555786,3.0,12
2733,Interpolated_3218579,98.92725372314453,30.58536720275879,0.0,0.4574280381202698,3.0,12
2734,Interpolated_3218582,98.92764282226562,30.585430145263672,0.31488150358200073,0.6689026951789856,3.0,12
2735,Interpolated_3218585,98.92803192138672,30.585491180419922,0.0,0.508614182472229,3.0,12
2736,Interpolated_3218588,98.92840576171875,30.58555030822754,0.10215950012207031,0.5692237615585327,3.0,12
2737,Interpolated_3218591,98.92887878417969,30.58562469482422,0.0,0.4168128967285156,3.0,12
2738,Interpolated_3218594,98.92936706542969,30.58570098876953,0.18998755514621735,0.6103789210319519,3.0,12
2739,Interpolated_3218597,98.92979431152344,30.585769653320312,0.17503245174884796,0.6033711433410645,3.0,12
2740,Interpolated_3218600,98.93014526367188,30.585824966430664,0.0,0.4007198214530945,3.0,12
2741,Interpolated_3218603,98.93043518066406,30.585872650146484,0.17680881917476654,0.6042035222053528,3.0,12
2742,Interpolated_3218606,98.93070220947266,30.585914611816406,0.0,0.37090346217155457,3.0,12
2743,Interpolated_3218609,98.93101501464844,30.58596420288086,0.0,0.4889037609100342,3.0,12
2744,Interpolated_3218612,98.9313735961914,30.586021423339844,0.0,0.48549705743789673,3.0,12
2745,Interpolated_3218615,98.9317398071289,30.586078643798828,0.0,0.469696044921875,3.0,12
2746,Interpolated_3218618,98.93209838867188,30.586135864257812,0.0,0.4848611354827881,3.0,12
2747,Interpolated_3218621,98.93244934082031,30.586191177368164,0.21257328987121582,0.6209623217582703,3.0,12
2748,Interpolated_3218624,98.93275451660156,30.586238861083984,0.0,0.42210257053375244,3.0,12
2749,Interpolated_3218627,98.93305969238281,30.586288452148438,0.0,0.4511709213256836,3.0,12
2750,Interpolated_3218630,98.93333435058594,30.586332321166992,0.08314593136310577,0.5603142380714417,3.0,12
2751,Interpolated_3218633,98.93360137939453,30.586374282836914,0.3413567543029785,0.6813086867332458,3.0,12
2752,Interpolated_3218636,98.9338607788086,30.586416244506836,0.0,0.4422995448112488,3.0,12
2753,Interpolated_3218639,98.93412017822266,30.586458206176758,0.0,0.4184630513191223,3.0,12
2754,Interpolated_3218642,98.93437957763672,30.586498260498047,0.30637189745903015,0.6649152040481567,3.0,12
2755,Interpolated_3218645,98.93465423583984,30.5865421295166,0.5464567542076111,0.7774160504341125,3.0,12
2756,Interpolated_3218648,98.93492889404297,30.586585998535156,0.0,0.2922363877296448,3.0,12
2757,Interpolated_3218651,98.93521118164062,30.586631774902344,0.2120894193649292,0.6207355856895447,3.0,12
2758,Interpolated_3218654,98.93551635742188,30.586679458618164,0.2818450927734375,0.6534222364425659,3.0,12
2759,Interpolated_3218657,98.93582153320312,30.586727142333984,0.0,0.4216986894607544,3.0,12
2760,Interpolated_3218660,98.93614959716797,30.586780548095703,0.15645405650138855,0.59466552734375,3.0,12
2761,Interpolated_3218663,98.9365463256836,30.586843490600586,0.0,0.2770426273345947,3.0,12
2762,Interpolated_3218666,98.93689727783203,30.586898803710938,0.0,0.44643980264663696,3.0,12
2763,Interpolated_3218669,98.93717956542969,30.586944580078125,0.0,0.3579755425453186,3.0,12
2764,Interpolated_3218672,98.93743133544922,30.58698272705078,0.0,0.36676937341690063,3.0,12
2765,Interpolated_3218675,98.9376449584961,30.587017059326172,0.0,0.25681477785110474,3.0,12
2766,Interpolated_3218678,98.93785858154297,30.587051391601562,0.0,0.4052380919456482,3.0,12
2767,Interpolated_3218681,98.93814086914062,30.58709716796875,0.0,0.23032447695732117,3.0,12
2768,Interpolated_3221194,98.91909790039062,30.584199905395508,0.0,0.3374707102775574,3.0,12
2769,Interpolated_3221197,98.91944122314453,30.584253311157227,0.0,0.4301758110523224,3.0,12
2770,Interpolated_3221200,98.9197998046875,30.58431053161621,0.0,0.4199739694595337,3.0,12
2771,Interpolated_3221204,98.9202880859375,30.584388732910156,0.0,0.4974878430366516,3.0,12
2772,Interpolated_3221207,98.92063903808594,30.584444046020508,0.0,0.2164219468832016,3.0,12
2773,Interpolated_3221210,98.92095184326172,30.58449363708496,0.0,0.3135479986667633,3.0,12
2774,Interpolated_3221213,98.9212875366211,30.58454704284668,0.0,0.4226878881454468,3.0,12
2775,Interpolated_3221216,98.92158508300781,30.5845947265625,0.0,0.3972599506378174,3.0,12
2776,Interpolated_3221219,98.921875,30.584640502929688,0.0,0.13964471220970154,2.0,12
2777,Interpolated_3221222,98.92217254638672,30.584688186645508,0.0,0.45203709602355957,3.0,12
2778,Interpolated_3221225,98.9224853515625,30.58473777770996,0.0,0.4570541977882385,3.0,12
2779,Interpolated_3221228,98.92284393310547,30.584794998168945,0.0,0.42057132720947266,3.0,12
2780,Interpolated_3221231,98.92324829101562,30.584857940673828,0.0,0.41954296827316284,3.0,12
2781,Interpolated_3221234,98.92366027832031,30.584924697875977,0.0,0.3295661211013794,3.0,12
2782,Interpolated_3221237,98.92402648925781,30.58498191833496,0.0,0.421372652053833,3.0,12
2783,Interpolated_3221240,98.92430114746094,30.585025787353516,0.0,0.3576977849006653,3.0,12
2784,Interpolated_3221243,98.9245376586914,30.585063934326172,0.0,0.3300704061985016,3.0,12
2785,Interpolated_3221246,98.92478942871094,30.58510398864746,0.0,0.15054291486740112,2.0,12
2786,Interpolated_3221249,98.9250717163086,30.58514976501465,0.0,0.15044328570365906,2.0,12
2787,Interpolated_3221252,98.92536163330078,30.585195541381836,0.0,0.3586094379425049,3.0,12
2788,Interpolated_3221255,98.92566680908203,30.585243225097656,0.0,0.06666667014360428,1.0,12
2789,Interpolated_3221258,98.92599487304688,30.585294723510742,0.0,0.24133026599884033,3.0,12
2790,Interpolated_3221261,98.92630767822266,30.585346221923828,0.0,0.47249507904052734,3.0,12
2791,Interpolated_3221264,98.92665100097656,30.585399627685547,0.14685943722724915,0.5901696085929871,3.0,12
2792,Interpolated_3221267,98.92704010009766,30.585460662841797,0.02371286042034626,0.5324646234512329,3.0,12
2793,Interpolated_3221270,98.92744445800781,30.585525512695312,0.29733213782310486,0.660679280757904,3.0,12
2794,Interpolated_3221273,98.9278335571289,30.585586547851562,0.0,0.3443281054496765,3.0,12
2795,Interpolated_3221276,98.9281997680664,30.58564567565918,0.0,0.5042057037353516,3.0,12
2796,Interpolated_3221279,98.9286117553711,30.585710525512695,0.11918338388204575,0.5772009491920471,3.0,12
2797,Interpolated_3221282,98.92912292480469,30.585792541503906,0.10007277131080627,0.5682459473609924,3.0,12
2798,Interpolated_3221285,98.92957305908203,30.58586311340332,0.22792603075504303,0.6281564235687256,3.0,12
2799,Interpolated_3221288,98.92993927001953,30.585920333862305,0.0,0.48346924781799316,3.0,12
2800,Interpolated_3221291,98.93025207519531,30.58597183227539,0.0,0.4881119728088379,3.0,12
2801,Interpolated_3221294,98.93051147460938,30.58601188659668,0.058802030980587006,0.5489069819450378,3.0,12
2802,Interpolated_3221297,98.93081665039062,30.5860595703125,0.0,0.28529247641563416,3.0,12
2803,Interpolated_3221300,98.93115997314453,30.58611488342285,0.0,0.4842979311943054,3.0,12
2804,Interpolated_3221303,98.93153381347656,30.58617401123047,0.0,0.4868165850639343,3.0,12
2805,Interpolated_3221306,98.93190002441406,30.586231231689453,0.0,0.3055744171142578,3.0,12
2806,Interpolated_3221309,98.93225860595703,30.58629035949707,0.19307230412960052,0.6118243932723999,3.0,12
2807,Interpolated_3221312,98.93257904052734,30.586339950561523,0.0,0.34093141555786133,3.0,12
2808,Interpolated_3221315,98.9328842163086,30.586389541625977,0.0,0.44299566745758057,3.0,12
2809,Interpolated_3221318,98.93317413330078,30.586435317993164,0.2325039654970169,0.6303015947341919,3.0,12
2810,Interpolated_3221321,98.93343353271484,30.586477279663086,0.0,0.37220096588134766,3.0,12
2811,Interpolated_3221324,98.93370056152344,30.586519241333008,0.0,0.28998854756355286,3.0,12
2812,Interpolated_3221327,98.93396759033203,30.58656120300293,0.190994992852211,0.610850989818573,3.0,12
2813,Interpolated_3221330,98.93421173095703,30.586599349975586,0.0,0.39911526441574097,3.0,12
2814,Interpolated_3221333,98.93448638916016,30.58664321899414,0.0,0.40202078223228455,3.0,12
2815,Interpolated_3221336,98.93474578857422,30.586685180664062,0.0,0.4083915948867798,3.0,12
2816,Interpolated_3221339,98.93502807617188,30.58673095703125,0.0,0.31596940755844116,3.0,12
2817,Interpolated_3221342,98.9353256225586,30.586776733398438,0.8329265117645264,0.9116522669792175,3.0,12
2818,Interpolated_3221345,98.93563079833984,30.58682632446289,0.0,0.38160693645477295,3.0,12
2819,Interpolated_3221348,98.93595123291016,30.586875915527344,0.0,0.42090535163879395,3.0,12
2820,Interpolated_3221351,98.93632507324219,30.586936950683594,0.0,0.3315855860710144,3.0,12
2821,Interpolated_3221354,98.93670654296875,30.58699607849121,0.0,0.3971198797225952,3.0,12
2822,Interpolated_3221357,98.93702697753906,30.587047576904297,0.0,0.30183714628219604,3.0,12
2823,Interpolated_3221360,98.93728637695312,30.58708953857422,0.0,0.25876590609550476,3.0,12
2824,Interpolated_3221363,98.93751525878906,30.58712387084961,0.0,0.2560180425643921,3.0,12
2825,Interpolated_3221366,98.9377212524414,30.587158203125,0.0,0.3054131269454956,3.0,12
2826,Interpolated_3223884,98.91910552978516,30.58432960510254,0.0,0.3311709463596344,3.0,12
2827,Interpolated_3223888,98.9195785522461,30.58440399169922,0.0,0.4553857445716858,3.0,12
2828,Interpolated_3223892,98.92005920410156,30.5844783782959,0.0,0.4777635335922241,3.0,12
2829,Interpolated_3223896,98.92054748535156,30.584556579589844,0.0,0.3164163827896118,3.0,12
2830,Interpolated_3223899,98.92088317871094,30.584609985351562,0.0,0.24302634596824646,3.0,12
2831,Interpolated_3223902,98.92121887207031,30.58466339111328,0.0,0.4198124408721924,3.0,12
2832,Interpolated_3223905,98.9215316772461,30.584712982177734,0.0,0.37037837505340576,3.0,12
2833,Interpolated_3223908,98.92180633544922,30.58475685119629,0.0,0.3263294994831085,3.0,12
2834,Interpolated_3223911,98.92208862304688,30.584802627563477,0.0,0.3991754651069641,3.0,12
2835,Interpolated_3223914,98.9223861694336,30.584850311279297,0.0,0.2571496367454529,3.0,12
2836,Interpolated_3223917,98.9227523803711,30.58490753173828,0.0,0.06666667014360428,1.0,12
2837,Interpolated_3223920,98.92315673828125,30.584972381591797,0.0,0.4226878881454468,3.0,12
2838,Interpolated_3223923,98.9235610961914,30.585037231445312,0.0,0.3476716876029968,3.0,12
2839,Interpolated_3223926,98.92391204833984,30.585092544555664,0.0,0.3306003212928772,3.0,12
2840,Interpolated_3223929,98.92420959472656,30.58513832092285,0.0,0.35864073038101196,3.0,12
2841,Interpolated_3223932,98.92445373535156,30.58517837524414,0.0,0.06666667014360428,1.0,12
2842,Interpolated_3223935,98.92469787597656,30.585216522216797,0.0,0.3158993124961853,3.0,12
2843,Interpolated_3223938,98.92497253417969,30.58526039123535,0.0,0.31571608781814575,3.0,12
2844,Interpolated_3223941,98.92527770996094,30.585309982299805,0.0,0.28074580430984497,3.0,12
2845,Interpolated_3223944,98.92557525634766,30.585355758666992,0.0,0.3147287964820862,3.0,12
2846,Interpolated_3223947,98.9259033203125,30.58540916442871,0.0,0.1397107094526291,2.0,12
2847,Interpolated_3223950,98.92621612548828,30.585458755493164,0.0,0.3193091154098511,3.0,12
2848,Interpolated_3223953,98.92655944824219,30.585512161254883,0.0,0.27549800276756287,3.0,12
2849,Interpolated_3223956,98.92694854736328,30.585575103759766,0.2027924656867981,0.6163791418075562,3.0,12
2850,Interpolated_3223959,98.92736053466797,30.58563995361328,0.0,0.4968641996383667,3.0,12
2851,Interpolated_3223962,98.9277572631836,30.585702896118164,0.0,0.5179629921913147,3.0,12
2852,Interpolated_3223965,98.92811584472656,30.58576011657715,0.0,0.5096820592880249,3.0,12
2853,Interpolated_3223968,98.92852020263672,30.585824966430664,0.21469372510910034,0.621955931186676,3.0,12
2854,Interpolated_3223971,98.92902374267578,30.585905075073242,0.0,0.5117742419242859,3.0,12
2855,Interpolated_3223974,98.92948913574219,30.58597755432129,0.31751060485839844,0.6701346635818481,3.0,12
2856,Interpolated_3223977,98.92984008789062,30.58603286743164,0.06470159441232681,0.5516714453697205,3.0,12
2857,Interpolated_3223980,98.9301528930664,30.586082458496094,0.0,0.40510237216949463,3.0,12
2858,Interpolated_3223983,98.930419921875,30.586124420166016,0.2044391930103302,0.6171507835388184,3.0,12
2859,Interpolated_3223986,98.93072509765625,30.58617401123047,0.0,0.4845588803291321,3.0,12
2860,Interpolated_3223989,98.93109130859375,30.586231231689453,0.20864254236221313,0.6191204190254211,3.0,12
2861,Interpolated_3223992,98.93147277832031,30.586292266845703,0.23466575145721436,0.6313145756721497,3.0,12
2862,Interpolated_3223995,98.93183898925781,30.586349487304688,0.0,0.43106967210769653,3.0,12
2863,Interpolated_3223998,98.93220520019531,30.586408615112305,0.21519222855567932,0.6221895217895508,3.0,12
2864,Interpolated_3224001,98.93252563476562,30.58646011352539,0.0,0.5079599022865295,3.0,12
2865,Interpolated_3224004,98.93282318115234,30.58650779724121,0.0,0.3704301714897156,3.0,12
2866,Interpolated_3224007,98.93311309814453,30.5865535736084,0.0,0.40814441442489624,3.0,12
2867,Interpolated_3224010,98.93338012695312,30.58659553527832,0.33822840452194214,0.6798427700996399,3.0,12
2868,Interpolated_3224013,98.93363952636719,30.586637496948242,0.0,0.42965519428253174,3.0,12
2869,Interpolated_3224016,98.93389129638672,30.58667755126953,0.0447269044816494,0.5423115491867065,3.0,12
2870,Interpolated_3224019,98.93414306640625,30.58671760559082,0.0,0.3126353919506073,3.0,12
2871,Interpolated_3224022,98.93441009521484,30.586759567260742,0.0,0.4098266363143921,3.0,12
2872,Interpolated_3224025,98.9346694946289,30.586801528930664,0.0,0.3723057508468628,3.0,12
2873,Interpolated_3224028,98.93495178222656,30.58684539794922,0.0,0.3788164258003235,3.0,12
2874,Interpolated_3224031,98.93524169921875,30.586891174316406,0.10802547633647919,0.5719724893569946,3.0,12
2875,Interpolated_3224034,98.935546875,30.58694076538086,0.0,0.35916364192962646,3.0,12
2876,Interpolated_3224037,98.93586730957031,30.586992263793945,0.0,0.24186848104000092,3.0,12
2877,Interpolated_3224040,98.93624114990234,30.58704948425293,0.0,0.44065308570861816,3.0,12
2878,Interpolated_3224043,98.9366226196289,30.587112426757812,0.0,0.4005131125450134,3.0,12
2879,Interpolated_3224046,98.93695831298828,30.5871639251709,0.0,0.38920873403549194,3.0,12
2880,Interpolated_3224049,98.93722534179688,30.587207794189453,0.2679557800292969,0.6469138860702515,3.0,12
2881,Interpolated_3224052,98.93745422363281,30.587244033813477,0.08107701689004898,0.5593447685241699,3.0,12
2882,Interpolated_3224061,98.93819427490234,30.587360382080078,0.0,0.4641340970993042,3.0,12
2883,Interpolated_3226580,98.91981506347656,30.584569931030273,0.0,0.33772969245910645,3.0,12
2884,Interpolated_3226585,98.9204330444336,30.584667205810547,0.0,0.33721980452537537,3.0,12
2885,Interpolated_3226588,98.92078399658203,30.58472442626953,0.0,0.39858460426330566,3.0,12
2886,Interpolated_3226591,98.92113494873047,30.58477783203125,0.0,0.06666667014360428,1.0,12
2887,Interpolated_3226594,98.92146301269531,30.58483123779297,0.0,0.31514644622802734,3.0,12
2888,Interpolated_3226597,98.92174530029297,30.584875106811523,0.0,0.2724936008453369,2.0,12
2889,Interpolated_3226600,98.9220199584961,30.584918975830078,0.0,0.3862164616584778,3.0,12
2890,Interpolated_3226603,98.92230987548828,30.584964752197266,0.0,0.3881244957447052,3.0,12
2891,Interpolated_3226606,98.92265319824219,30.585020065307617,0.0,0.35868707299232483,3.0,12
2892,Interpolated_3226609,98.9230728149414,30.585086822509766,0.0,0.45444726943969727,3.0,12
2893,Interpolated_3226612,98.92346954345703,30.58514976501465,0.0,0.4226878881454468,3.0,12
2894,Interpolated_3226615,98.9238052368164,30.585203170776367,0.0,0.3146888315677643,3.0,12
2895,Interpolated_3226618,98.92410278320312,30.585248947143555,0.0,0.31466060876846313,3.0,12
2896,Interpolated_3226621,98.92436218261719,30.585290908813477,0.0,0.31561368703842163,3.0,12
2897,Interpolated_3226624,98.92460632324219,30.585330963134766,0.0,0.3534111976623535,3.0,12
2898,Interpolated_3226627,98.92488098144531,30.585372924804688,0.0,0.06666667014360428,1.0,12
2899,Interpolated_3226630,98.92518615722656,30.58542251586914,0.0,0.42151474952697754,3.0,12
2900,Interpolated_3226633,98.92549896240234,30.585472106933594,0.0,0.24155545234680176,3.0,12
2901,Interpolated_3226636,98.92581939697266,30.58552360534668,0.0,0.314937949180603,3.0,12
2902,Interpolated_3226639,98.92613220214844,30.585573196411133,0.0,0.29255276918411255,3.0,12
2903,Interpolated_3226642,98.92646789550781,30.58562660217285,0.0,0.27048563957214355,3.0,12
2904,Interpolated_3226645,98.92687225341797,30.585689544677734,0.0,0.25647327303886414,3.0,12
2905,Interpolated_3226648,98.92728424072266,30.585756301879883,0.29908889532089233,0.661502480506897,3.0,12
2906,Interpolated_3226651,98.92768859863281,30.585819244384766,0.0,0.50815349817276,3.0,12
2907,Interpolated_3226654,98.92804718017578,30.58587646484375,0.0,0.30941739678382874,3.0,12
2908,Interpolated_3226657,98.92843627929688,30.585939407348633,0.10386398434638977,0.570022463798523,3.0,12
2909,Interpolated_3226660,98.92893981933594,30.58601951599121,0.0,0.5020155310630798,3.0,12
2910,Interpolated_3226663,98.92939758300781,30.586091995239258,0.17953179776668549,0.6054794788360596,3.0,12
2911,Interpolated_3226666,98.92974090576172,30.586145401000977,0.08893267065286636,0.5630258321762085,3.0,12
2912,Interpolated_3226669,98.9300537109375,30.58619499206543,0.0,0.4065423011779785,3.0,12
2913,Interpolated_3226672,98.9303207397461,30.58623695373535,0.19856202602386475,0.6143968105316162,3.0,12
2914,Interpolated_3226675,98.93064880371094,30.58629035949707,0.0,0.28529247641563416,3.0,12
2915,Interpolated_3226678,98.93102264404297,30.586349487304688,0.0,0.28514599800109863,3.0,12
2916,Interpolated_3226681,98.93142700195312,30.58641242980957,0.3411429524421692,0.6812084913253784,3.0,12
2917,Interpolated_3226684,98.93179321289062,30.586471557617188,0.0,0.38016438484191895,3.0,12
2918,Interpolated_3226687,98.93213653564453,30.58652687072754,0.0,0.3611637055873871,3.0,12
2919,Interpolated_3226690,98.93246459960938,30.586578369140625,0.23675043880939484,0.6322914361953735,3.0,12
2920,Interpolated_3226693,98.9327621459961,30.586624145507812,0.0,0.3229561150074005,3.0,12
2921,Interpolated_3226696,98.93303680419922,30.586669921875,0.0,0.4161267876625061,3.0,12
2922,Interpolated_3226699,98.93331146240234,30.586713790893555,0.07993946224451065,0.5588117241859436,3.0,12
2923,Interpolated_3226702,98.93356323242188,30.58675193786621,0.0,0.3316996097564697,3.0,12
2924,Interpolated_3226705,98.9338150024414,30.586793899536133,0.0,0.17408359050750732,2.0,12
2925,Interpolated_3226708,98.93407440185547,30.586833953857422,0.0,0.4064791798591614,3.0,12
2926,Interpolated_3226711,98.93434143066406,30.586875915527344,0.0,0.37437543272972107,3.0,12
2927,Interpolated_3226714,98.93460083007812,30.586917877197266,0.0,0.4935206174850464,3.0,12
2928,Interpolated_3226717,98.93487548828125,30.58696174621582,0.04833431541919708,0.5440019369125366,3.0,12
2929,Interpolated_3226720,98.9351577758789,30.587007522583008,0.01985613815486431,0.5306574106216431,3.0,12
2930,Interpolated_3226723,98.93546295166016,30.587055206298828,0.0,0.3737452030181885,3.0,12
2931,Interpolated_3226726,98.93578338623047,30.58710479736328,0.22426849603652954,0.626442551612854,3.0,12
2932,Interpolated_3226729,98.93614959716797,30.5871639251709,0.0,0.4242069125175476,3.0,12
2933,Interpolated_3226732,98.93653869628906,30.58722686767578,0.323326975107193,0.6728601455688477,3.0,12
2934,Interpolated_3226735,98.93688201904297,30.5872802734375,0.0,0.3118189573287964,3.0,12
2935,Interpolated_3226738,98.93716430664062,30.587326049804688,0.0,0.44780877232551575,3.0,12
2936,Interpolated_3226741,98.93740844726562,30.587364196777344,0.0798155665397644,0.5587536692619324,3.0,12
2937,Interpolated_3229272,98.92007446289062,30.58473777770996,0.0,0.3562772572040558,3.0,12
2938,Interpolated_3229275,98.9204330444336,30.584794998168945,0.0,0.28717172145843506,3.0,12
2939,Interpolated_3229278,98.9207992553711,30.584854125976562,0.0,0.4044587016105652,3.0,12
2940,Interpolated_3229281,98.92115783691406,30.584911346435547,0.0,0.24718829989433289,3.0,12
2941,Interpolated_3229284,98.9214859008789,30.584962844848633,0.0,0.321569561958313,3.0,12
2942,Interpolated_3229287,98.92176818847656,30.58500862121582,0.0,0.1395956575870514,2.0,12
2943,Interpolated_3229290,98.92204284667969,30.585050582885742,0.0,0.2978861331939697,3.0,12
2944,Interpolated_3229293,98.92233276367188,30.58509635925293,0.0010701385326683521,0.5218545198440552,3.0,12
2945,Interpolated_3229296,98.92268371582031,30.585153579711914,0.0,0.47819244861602783,3.0,12
2946,Interpolated_3229299,98.9231185913086,30.585222244262695,0.0,0.5020837187767029,3.0,12
2947,Interpolated_3229302,98.92349243164062,30.585281372070312,0.0,0.5203316807746887,3.0,12
2948,Interpolated_3229305,98.9238052368164,30.585330963134766,0.0,0.3241567313671112,3.0,12
2949,Interpolated_3229308,98.92410278320312,30.585378646850586,0.017162539064884186,0.5293952226638794,3.0,12
2950,Interpolated_3229311,98.92435455322266,30.585418701171875,0.20710596442222595,0.6184003949165344,3.0,12
2951,Interpolated_3229314,98.92460632324219,30.585458755493164,0.0,0.5176429748535156,3.0,12
2952,Interpolated_3229317,98.92488098144531,30.585500717163086,0.20941287279129028,0.6194813847541809,3.0,12
2953,Interpolated_3229320,98.9251937866211,30.585552215576172,0.0,0.46823394298553467,3.0,12
2954,Interpolated_3229323,98.92552185058594,30.585603713989258,0.11588698625564575,0.5756562948226929,3.0,12
2955,Interpolated_3229326,98.92584228515625,30.585655212402344,0.0,0.46622800827026367,3.0,12
2956,Interpolated_3229329,98.92615509033203,30.585704803466797,0.0,0.32783424854278564,3.0,12
2957,Interpolated_3229332,98.92650604248047,30.58576011657715,0.05636512488126755,0.5477650761604309,3.0,12
2958,Interpolated_3229335,98.92692565917969,30.585826873779297,0.0,0.5213530659675598,3.0,12
2959,Interpolated_3229338,98.9273452758789,30.585893630981445,0.0,0.4871627688407898,3.0,12
2960,Interpolated_3229341,98.92774963378906,30.58595848083496,0.21469372510910034,0.621955931186676,3.0,12
2961,Interpolated_3229344,98.92811584472656,30.586015701293945,0.0,0.3738628029823303,3.0,12
2962,Interpolated_3229347,98.92851257324219,30.586078643798828,0.0,0.5197081565856934,3.0,12
2963,Interpolated_3229350,98.92902374267578,30.58616065979004,0.0,0.32664865255355835,3.0,12
2964,Interpolated_3229353,98.92942810058594,30.586223602294922,0.020101889967918396,0.5307725667953491,3.0,12
2965,Interpolated_3229356,98.92974853515625,30.586275100708008,0.2154466211795807,0.6223087310791016,3.0,12
2966,Interpolated_3229359,98.9300308227539,30.586320877075195,0.0,0.4465128183364868,3.0,12
2967,Interpolated_3229362,98.93032836914062,30.586366653442383,0.19856202602386475,0.6143968105316162,3.0,12
2968,Interpolated_3229365,98.93070220947266,30.58642578125,0.3387635350227356,0.68009352684021,3.0,12
2969,Interpolated_3229368,98.93109893798828,30.586488723754883,0.0,0.3797933757305145,3.0,12
2970,Interpolated_3229371,98.93150329589844,30.5865535736084,0.45363494753837585,0.7339208722114563,3.0,12
2971,Interpolated_3229374,98.93185424804688,30.58660888671875,0.0,0.3611637055873871,3.0,12
2972,Interpolated_3229377,98.93219757080078,30.5866641998291,0.0,0.36063146591186523,3.0,12
2973,Interpolated_3229380,98.93250274658203,30.586711883544922,0.0,0.38053131103515625,3.0,12
2974,Interpolated_3229383,98.93280029296875,30.586759567260742,0.0,0.31956565380096436,3.0,12
2975,Interpolated_3229386,98.93307495117188,30.586803436279297,0.5587218403816223,0.78316330909729,3.0,12
2976,Interpolated_3229389,98.93333435058594,30.58684539794922,0.36020776629447937,0.690142035484314,3.0,12
2977,Interpolated_3229392,98.93359375,30.586885452270508,0.0,0.40616267919540405,3.0,12
2978,Interpolated_3229395,98.933837890625,30.586925506591797,0.0,0.5159709453582764,3.0,12
2979,Interpolated_3229398,98.93408966064453,30.586965560913086,0.0,0.25691938400268555,3.0,12
2980,Interpolated_3229401,98.93435668945312,30.587007522583008,0.09965936839580536,0.5680522322654724,3.0,12
2981,Interpolated_3229404,98.93463134765625,30.58704948425293,0.0,0.21615080535411835,3.0,12
2982,Interpolated_3229407,98.93490600585938,30.587093353271484,0.06611797213554382,0.5523351430892944,3.0,12
2983,Interpolated_3229410,98.93517303466797,30.58713722229004,0.0,0.2572195827960968,3.0,12
2984,Interpolated_3229413,98.93547821044922,30.58718490600586,0.0,0.3008469343185425,3.0,12
2985,Interpolated_3229416,98.93579864501953,30.587236404418945,0.0,0.3175252377986908,3.0,12
2986,Interpolated_3229419,98.93618774414062,30.587297439575195,0.19118553400039673,0.6109402775764465,3.0,12
2987,Interpolated_3229422,98.93658447265625,30.587360382080078,0.0,0.38492506742477417,3.0,12
2988,Interpolated_3229425,98.93692016601562,30.587413787841797,0.0,0.48324066400527954,3.0,12
2989,Interpolated_3229428,98.93719482421875,30.58745765686035,0.0,0.3830823600292206,3.0,12
2990,Interpolated_3231962,98.92008209228516,30.584867477416992,0.0,0.39672958850860596,3.0,12
2991,Interpolated_3231965,98.9204330444336,30.584924697875977,0.0,0.45087987184524536,3.0,12
2992,Interpolated_3231968,98.92080688476562,30.584983825683594,0.39832404255867004,0.7080028653144836,3.0,12
2993,Interpolated_3231971,98.92118072509766,30.58504295349121,0.0,0.2866002321243286,3.0,12
2994,Interpolated_3231974,98.9215087890625,30.585094451904297,0.0,0.321632981300354,3.0,12
2995,Interpolated_3231977,98.92179107666016,30.58513832092285,0.0,0.29232361912727356,3.0,12
2996,Interpolated_3231980,98.92206573486328,30.585182189941406,0.07208596915006638,0.5551316738128662,3.0,12
2997,Interpolated_3231983,98.92237091064453,30.585229873657227,0.2606290280818939,0.643480658531189,3.0,12
2998,Interpolated_3231986,98.92272186279297,30.58528709411621,0.0,0.4604869484901428,3.0,12
2999,Interpolated_3231989,98.92314147949219,30.58535385131836,0.05636512488126755,0.5477650761604309,3.0,12
3000,Interpolated_3231992,98.92350006103516,30.585411071777344,0.0,0.48027026653289795,3.0,12
3001,Interpolated_3231995,98.9238052368164,30.585458755493164,0.0,0.2904117703437805,3.0,12
3002,Interpolated_3231998,98.9240951538086,30.58550453186035,0.0,0.4871627688407898,3.0,12
3003,Interpolated_3232001,98.92436218261719,30.585546493530273,0.0,0.4681527018547058,3.0,12
3004,Interpolated_3232004,98.92460632324219,30.585586547851562,0.021095581352710724,0.5312381982803345,3.0,12
3005,Interpolated_3232007,98.92488861083984,30.585630416870117,0.10633523762226105,0.5711804628372192,3.0,12
3006,Interpolated_3232010,98.92520904541016,30.585681915283203,0.0,0.5148512125015259,3.0,12
3007,Interpolated_3232013,98.92554473876953,30.585735321044922,0.005398392677307129,0.5238826870918274,3.0,12
3008,Interpolated_3232016,98.92585754394531,30.585784912109375,0.0,0.4675007462501526,3.0,12
3009,Interpolated_3232019,98.92617797851562,30.58583641052246,0.0,0.47585469484329224,3.0,12
3010,Interpolated_3232022,98.92656707763672,30.58589744567871,0.07262835651636124,0.5553858280181885,3.0,12
3011,Interpolated_3232025,98.92698669433594,30.58596420288086,0.0,0.50815349817276,3.0,12
3012,Interpolated_3232028,98.92742156982422,30.58603286743164,0.017840517684817314,0.5297129154205322,3.0,12
3013,Interpolated_3232031,98.92781066894531,30.586095809936523,0.020101889967918396,0.5307725667953491,3.0,12
3014,Interpolated_3232034,98.92816162109375,30.586151123046875,0.0,0.47406232357025146,3.0,12
3015,Interpolated_3232037,98.92860412597656,30.58622169494629,0.0032797399908304214,0.5228899121284485,3.0,12
3016,Interpolated_3232040,98.92909240722656,30.5862979888916,0.0,0.3007512092590332,3.0,12
3017,Interpolated_3232043,98.929443359375,30.586355209350586,0.0,0.5067449808120728,3.0,12
3018,Interpolated_3232046,98.92974853515625,30.586402893066406,0.1962360292673111,0.6133068799972534,3.0,12
3019,Interpolated_3232049,98.93002319335938,30.58644676208496,0.20799420773983002,0.618816614151001,3.0,12
3020,Interpolated_3232052,98.93035125732422,30.586498260498047,0.2044391930103302,0.6171507835388184,3.0,12
3021,Interpolated_3232055,98.93075561523438,30.586563110351562,0.0,0.4885382652282715,3.0,12
3022,Interpolated_3232058,98.93118286132812,30.58662986755371,0.12778571248054504,0.5812318921089172,3.0,12
3023,Interpolated_3232061,98.93157196044922,30.586692810058594,0.4574246406555176,0.7356966733932495,3.0,12
3024,Interpolated_3232064,98.93193054199219,30.586748123168945,0.0,0.40885621309280396,3.0,12
3025,Interpolated_3232067,98.93225860595703,30.586801528930664,0.0,0.35657423734664917,3.0,12
3026,Interpolated_3232070,98.93255615234375,30.586849212646484,0.0,0.36034128069877625,3.0,12
3027,Interpolated_3232073,98.93283081054688,30.58689308166504,0.0,0.36201390624046326,3.0,12
3028,Interpolated_3232076,98.93309783935547,30.58693504333496,0.0,0.41097068786621094,3.0,12
3029,Interpolated_3232079,98.93335723876953,30.586977005004883,0.7139781713485718,0.8559145331382751,3.0,12
3030,Interpolated_3232082,98.93360137939453,30.58701515197754,0.0,0.317401647567749,3.0,12
3031,Interpolated_3232085,98.9338607788086,30.58705711364746,0.3501173257827759,0.6854137778282166,3.0,12
3032,Interpolated_3232088,98.93412780761719,30.587099075317383,0.0,0.47221875190734863,3.0,12
3033,Interpolated_3232091,98.93437957763672,30.587139129638672,0.0,0.5011114478111267,3.0,12
3034,Interpolated_3232094,98.93464660644531,30.587181091308594,0.054695744067430496,0.5469828248023987,3.0,12
3035,Interpolated_3232097,98.93490600585938,30.587223052978516,0.3745870292186737,0.6968799829483032,3.0,12
3036,Interpolated_3232100,98.93518829345703,30.58726692199707,0.0,0.2424529492855072,3.0,12
3037,Interpolated_3232103,98.93549346923828,30.587316513061523,0.0,0.30451294779777527,3.0,12
3038,Interpolated_3232106,98.93582916259766,30.58736801147461,0.0,0.29922735691070557,3.0,12
3039,Interpolated_3232109,98.93624114990234,30.587434768676758,0.35222122073173523,0.6863996386528015,3.0,12
3040,Interpolated_3232112,98.93663024902344,30.587495803833008,0.0,0.3593962788581848,3.0,12
3041,Interpolated_3232115,98.93694305419922,30.58754539489746,0.0,0.4020429849624634,3.0,12
3042,Interpolated_3232118,98.93722534179688,30.58759117126465,0.013337871991097927,0.527603030204773,3.0,12
3043,Interpolated_3234654,98.92031860351562,30.585033416748047,0.0,0.4158632159233093,3.0,12
3044,Interpolated_3234657,98.92068481445312,30.585092544555664,0.0,0.4544872045516968,3.0,12
3045,Interpolated_3234660,98.92108154296875,30.585153579711914,0.0,0.3697246313095093,3.0,12
3046,Interpolated_3234663,98.92143249511719,30.585208892822266,0.665708601474762,0.833296000957489,3.0,12
3047,Interpolated_3234666,98.92171478271484,30.585254669189453,0.0,0.4675561189651489,3.0,12
3048,Interpolated_3234669,98.9219970703125,30.58530044555664,0.0,0.41557425260543823,3.0,12
3049,Interpolated_3234672,98.92228698730469,30.585346221923828,0.0,0.3621390461921692,3.0,12
3050,Interpolated_3234675,98.92262268066406,30.585399627685547,0.1904830038547516,0.610611081123352,3.0,12
3051,Interpolated_3234678,98.92304229736328,30.585466384887695,0.0,0.48732829093933105,3.0,12
3052,Interpolated_3234681,98.92339324951172,30.585521697998047,0.0,0.46776384115219116,3.0,12
3053,Interpolated_3234684,98.92371368408203,30.585573196411133,0.0,0.46125322580337524,3.0,12
3054,Interpolated_3234687,98.92401123046875,30.58561897277832,0.23220276832580566,0.6301604509353638,3.0,12
3055,Interpolated_3234690,98.92428588867188,30.585664749145508,0.007457007188349962,0.5248473286628723,3.0,12
3056,Interpolated_3234693,98.9245376586914,30.585702896118164,0.0,0.5175914168357849,3.0,12
3057,Interpolated_3234696,98.9248046875,30.585744857788086,0.02342500537633896,0.5323297381401062,3.0,12
3058,Interpolated_3234699,98.92511749267578,30.585796356201172,0.0,0.34559768438339233,3.0,12
3059,Interpolated_3234702,98.92545318603516,30.58584976196289,0.0,0.5127948522567749,3.0,12
3060,Interpolated_3234705,98.92578125,30.585901260375977,0.10125535726547241,0.5688000917434692,3.0,12
3061,Interpolated_3234708,98.92609405517578,30.58595085144043,0.0,0.5197081565856934,3.0,12
3062,Interpolated_3234711,98.92648315429688,30.586013793945312,0.0,0.32211828231811523,3.0,12
3063,Interpolated_3234714,98.9269027709961,30.58608055114746,0.12245753407478333,0.5787351727485657,3.0,12
3064,Interpolated_3234717,98.92733764648438,30.586149215698242,0.0,0.5179629921913147,3.0,12
3065,Interpolated_3234720,98.92774963378906,30.586214065551758,0.0,0.3651255965232849,3.0,12
3066,Interpolated_3234723,98.92810821533203,30.58626937866211,0.0,0.3571891188621521,3.0,12
3067,Interpolated_3234726,98.92852783203125,30.586336135864258,0.10365066677331924,0.5699225068092346,3.0,12
3068,Interpolated_3234729,98.92898559570312,30.586410522460938,0.0,0.3275548219680786,3.0,12
3069,Interpolated_3234732,98.92933654785156,30.58646583557129,0.017162539064884186,0.5293952226638794,3.0,12
3070,Interpolated_3234735,98.92964172363281,30.58651351928711,0.21361073851585388,0.6214484572410583,3.0,12
3071,Interpolated_3234738,98.92991638183594,30.586557388305664,0.21030721068382263,0.6199004650115967,3.0,12
3072,Interpolated_3234741,98.93025207519531,30.586610794067383,0.0,0.28536245226860046,3.0,12
3073,Interpolated_3234744,98.93067169189453,30.58667755126953,0.0,0.49426352977752686,3.0,12
3074,Interpolated_3234747,98.93110656738281,30.586746215820312,0.0,0.39530229568481445,3.0,12
3075,Interpolated_3234750,98.9315185546875,30.586811065673828,0.0,0.3797933757305145,3.0,12
3076,Interpolated_3234753,98.93187713623047,30.586868286132812,0.0,0.3542173206806183,3.0,12
3077,Interpolated_3234756,98.93221282958984,30.58692169189453,0.0,0.35706791281700134,3.0,12
3078,Interpolated_3234759,98.93251037597656,30.58696937561035,0.0,0.4084509611129761,3.0,12
3079,Interpolated_3234762,98.93277740478516,30.587011337280273,0.0856272354722023,0.5614769458770752,3.0,12
3080,Interpolated_3234765,98.93304443359375,30.587053298950195,0.0,0.3423183560371399,3.0,12
3081,Interpolated_3234768,98.93330383300781,30.587095260620117,0.0,0.32194986939430237,3.0,12
3082,Interpolated_3234771,98.93355560302734,30.587135314941406,0.0,0.4814598560333252,3.0,12
3083,Interpolated_3234774,98.93379974365234,30.587175369262695,0.0,0.46651822328567505,3.0,12
3084,Interpolated_3234777,98.93405151367188,30.587215423583984,0.0,0.3589717149734497,3.0,12
3085,Interpolated_3234780,98.93431854248047,30.587257385253906,0.0,0.25579017400741577,3.0,12
3086,Interpolated_3234783,98.93457794189453,30.587299346923828,0.0,0.34869295358657837,3.0,12
3087,Interpolated_3234786,98.93482971191406,30.587339401245117,0.0,0.4853057861328125,3.0,12
3088,Interpolated_3234789,98.93510437011719,30.58738136291504,0.0,0.25659552216529846,3.0,12
3089,Interpolated_3234792,98.93540954589844,30.587430953979492,0.0,0.17952419817447662,2.0,12
3090,Interpolated_3234795,98.93574523925781,30.58748435974121,0.0,0.36008337140083313,3.0,12
3091,Interpolated_3234798,98.93616485595703,30.58755111694336,0.0,0.4035537838935852,3.0,12
3092,Interpolated_3234801,98.93655395507812,30.58761215209961,0.0,0.39095062017440796,3.0,12
3093,Interpolated_3234804,98.9368896484375,30.587665557861328,0.0,0.4909493923187256,3.0,12
3094,Interpolated_3237342,98.92008209228516,30.58512306213379,0.0,0.22730177640914917,2.0,12
3095,Interpolated_3237347,98.92070007324219,30.585220336914062,0.0,0.4312663674354553,3.0,12
3096,Interpolated_3237350,98.92108917236328,30.585283279418945,0.0,0.2627037465572357,3.0,12
3097,Interpolated_3237353,98.92143249511719,30.585338592529297,0.0012998627498745918,0.5219621658325195,3.0,12
3098,Interpolated_3237356,98.9217300415039,30.585386276245117,0.03477536886930466,0.5376483798027039,3.0,12
3099,Interpolated_3237359,98.9220199584961,30.585430145263672,0.010992801748216152,0.5265041589736938,3.0,12
3100,Interpolated_3237362,98.92229461669922,30.58547592163086,0.0,0.4481327533721924,3.0,12
3101,Interpolated_3237365,98.92266082763672,30.585533142089844,0.08122100681066513,0.5594122409820557,3.0,12
3102,Interpolated_3237368,98.92305755615234,30.585596084594727,0.0,0.46823394298553467,3.0,12
3103,Interpolated_3237371,98.92339324951172,30.585649490356445,0.0,0.5092507600784302,3.0,12
3104,Interpolated_3237374,98.92371368408203,30.58570098876953,0.0687941461801529,0.5535891652107239,3.0,12
3105,Interpolated_3237377,98.92401885986328,30.58574867248535,0.08275708556175232,0.5601320266723633,3.0,12
3106,Interpolated_3237380,98.92430114746094,30.58579444885254,0.07563333958387375,0.5567939281463623,3.0,12
3107,Interpolated_3237383,98.9245376586914,30.585830688476562,0.0,0.5162349343299866,3.0,12
3108,Interpolated_3237386,98.92481994628906,30.58587646484375,0.19664078950881958,0.6134965419769287,3.0,12
3109,Interpolated_3237389,98.92514038085938,30.585927963256836,0.19664078950881958,0.6134965419769287,3.0,12
3110,Interpolated_3237392,98.92548370361328,30.585981369018555,0.0,0.5117045640945435,3.0,12
3111,Interpolated_3237395,98.92581939697266,30.586034774780273,0.017162539064884186,0.5293952226638794,3.0,12
3112,Interpolated_3237398,98.92613983154297,30.58608627319336,0.017840517684817314,0.5297129154205322,3.0,12
3113,Interpolated_3237401,98.92654418945312,30.586151123046875,0.00014233744877856225,0.5214197635650635,3.0,12
3114,Interpolated_3237404,98.9269790649414,30.586217880249023,0.0,0.4004199802875519,3.0,12
3115,Interpolated_3237407,98.92741394042969,30.586288452148438,0.10125535726547241,0.5688000917434692,3.0,12
3116,Interpolated_3237410,98.92781066894531,30.58635139465332,0.0,0.30990877747535706,3.0,12
3117,Interpolated_3237413,98.92817687988281,30.586408615112305,0.21777553856372833,0.6234000325202942,3.0,12
3118,Interpolated_3237416,98.92860412597656,30.586477279663086,0.0,0.5213530659675598,3.0,12
3119,Interpolated_3237419,98.92900848388672,30.5865421295166,0.0,0.3265007734298706,3.0,12
3120,Interpolated_3237422,98.92933654785156,30.586593627929688,0.017162539064884186,0.5293952226638794,3.0,12
3121,Interpolated_3237425,98.92962646484375,30.586639404296875,0.0,0.4210013151168823,3.0,12
3122,Interpolated_3237428,98.92991638183594,30.586685180664062,0.3466423451900482,0.6837854385375977,3.0,12
3123,Interpolated_3237431,98.93029022216797,30.58674430847168,0.20864254236221313,0.6191204190254211,3.0,12
3124,Interpolated_3237434,98.93073272705078,30.586814880371094,0.0,0.29202383756637573,3.0,12
3125,Interpolated_3237437,98.9311752319336,30.586885452270508,0.0,0.35909998416900635,3.0,12
3126,Interpolated_3237440,98.93157196044922,30.58694839477539,0.0,0.3611637055873871,3.0,12
3127,Interpolated_3237443,98.93194580078125,30.587007522583008,0.0,0.35698896646499634,3.0,12
3128,Interpolated_3237446,98.93225860595703,30.58705711364746,0.0,0.35793131589889526,3.0,12
3129,Interpolated_3237449,98.93254852294922,30.58710289001465,0.0,0.41076725721359253,3.0,12
3130,Interpolated_3237452,98.93280792236328,30.58714485168457,0.0,0.40989333391189575,3.0,12
3131,Interpolated_3237455,98.93307495117188,30.587186813354492,0.0,0.4025474786758423,3.0,12
3132,Interpolated_3237458,98.93331909179688,30.58722496032715,0.0,0.3723204433917999,3.0,12
3133,Interpolated_3237461,98.9335708618164,30.58726692199707,0.37094005942344666,0.695171058177948,3.0,12
3134,Interpolated_3237464,98.93383026123047,30.58730697631836,0.0,0.2610440254211426,3.0,12
3135,Interpolated_3237467,98.93408203125,30.58734703063965,0.0,0.5002990961074829,3.0,12
3136,Interpolated_3237470,98.9343490600586,30.58738899230957,0.0,0.21637608110904694,3.0,12
3137,Interpolated_3237473,98.93460845947266,30.587430953979492,0.0,0.30090731382369995,3.0,12
3138,Interpolated_3237476,98.93486022949219,30.58747100830078,0.0,0.5024330019950867,3.0,12
3139,Interpolated_3237479,98.93511962890625,30.587512969970703,0.0,0.31960389018058777,3.0,12
3140,Interpolated_3237482,98.93544006347656,30.58756446838379,0.0,0.21608121693134308,3.0,12
3141,Interpolated_3237485,98.93579864501953,30.58761978149414,0.0,0.30068540573120117,3.0,12
3142,Interpolated_3237488,98.93622589111328,30.587688446044922,0.0,0.30309975147247314,3.0,12
3143,Interpolated_3237491,98.93659973144531,30.58774757385254,0.0,0.28204530477523804,3.0,12
3144,Interpolated_3237499,98.93732452392578,30.587862014770508,0.0,0.3784943222999573,3.0,12
3145,Interpolated_3240035,98.92045593261719,30.585311889648438,0.0,0.318210244178772,3.0,12
3146,Interpolated_3240039,98.92095947265625,30.585391998291016,0.0002203114127041772,0.5214563012123108,3.0,12
3147,Interpolated_3240042,98.92133331298828,30.58544921875,0.0,0.3611792325973511,3.0,12
3148,Interpolated_3240045,98.92164611816406,30.585500717163086,0.0,0.40239667892456055,3.0,12
3149,Interpolated_3240048,98.92192840576172,30.58554458618164,0.0,0.24272412061691284,3.0,12
3150,Interpolated_3240051,98.9222183227539,30.585590362548828,0.4901649057865143,0.7510383725166321,3.0,12
3151,Interpolated_3240054,98.92256164550781,30.58564567565918,0.0,0.5028804540634155,3.0,12
3152,Interpolated_3240057,98.92296600341797,30.585710525512695,0.0,0.47881609201431274,3.0,12
3153,Interpolated_3240060,98.92328643798828,30.58576011657715,0.004865804221481085,0.5236331224441528,3.0,12
3154,Interpolated_3240063,98.92359161376953,30.5858097076416,0.0,0.4434778094291687,3.0,12
3155,Interpolated_3240066,98.9239273071289,30.58586311340332,0.26568081974983215,0.6458478569984436,3.0,12
3156,Interpolated_3240069,98.92422485351562,30.585908889770508,0.0,0.5207333564758301,3.0,12
3157,Interpolated_3240072,98.92447662353516,30.58595085144043,0.207666277885437,0.61866295337677,3.0,12
3158,Interpolated_3240075,98.92474365234375,30.58599281311035,0.0,0.2481369823217392,3.0,12
3159,Interpolated_3240078,98.92505645751953,30.586042404174805,0.12245753407478333,0.5787351727485657,3.0,12
3160,Interpolated_3240081,98.92539978027344,30.586095809936523,0.0,0.5207333564758301,3.0,12
3161,Interpolated_3240084,98.92575073242188,30.586153030395508,0.0,0.5175914168357849,3.0,12
3162,Interpolated_3240087,98.92607879638672,30.586204528808594,0.12411953508853912,0.5795139670372009,3.0,12
3163,Interpolated_3240090,98.92646026611328,30.586265563964844,0.0,0.5117045640945435,3.0,12
3164,Interpolated_3240093,98.92689514160156,30.586334228515625,0.0,0.5198315382003784,3.0,12
3165,Interpolated_3240096,98.92733001708984,30.586402893066406,0.01284268032759428,0.5273709893226624,3.0,12
3166,Interpolated_3240099,98.9277572631836,30.586469650268555,0.05502697452902794,0.5471380352973938,3.0,12
3167,Interpolated_3240102,98.92811584472656,30.586528778076172,0.20819632709026337,0.6189113259315491,3.0,12
3168,Interpolated_3240105,98.92852783203125,30.586593627929688,0.10125535726547241,0.5688000917434692,3.0,12
3169,Interpolated_3240108,98.92890930175781,30.586652755737305,0.0,0.2810194790363312,3.0,12
3170,Interpolated_3240111,98.9292221069336,30.586702346801758,0.0,0.5074585676193237,3.0,12
3171,Interpolated_3240114,98.92951965332031,30.586750030517578,0.22792603075504303,0.6281564235687256,3.0,12
3172,Interpolated_3240117,98.92981719970703,30.5867977142334,0.0,0.4716035723686218,3.0,12
3173,Interpolated_3240120,98.93018341064453,30.586856842041016,0.18134020268917084,0.6063268780708313,3.0,12
3174,Interpolated_3240123,98.93064880371094,30.586929321289062,0.6945931911468506,0.8468309640884399,3.0,12
3175,Interpolated_3240126,98.93111419677734,30.587003707885742,0.0,0.4212776720523834,3.0,12
3176,Interpolated_3240129,98.9315185546875,30.587066650390625,0.0,0.36120539903640747,3.0,12
3177,Interpolated_3240132,98.93189239501953,30.587127685546875,0.0,0.35657423734664917,3.0,12
3178,Interpolated_3240135,98.93220520019531,30.587175369262695,0.0,0.40195250511169434,3.0,12
3179,Interpolated_3240138,98.93248748779297,30.587221145629883,0.0,0.35550135374069214,3.0,12
3180,Interpolated_3240141,98.93275451660156,30.587265014648438,0.9404328465461731,0.962028443813324,3.0,12
3181,Interpolated_3240144,98.93301391601562,30.587305068969727,0.0,0.42078283429145813,3.0,12
3182,Interpolated_3240147,98.93326568603516,30.587345123291016,0.0,0.4019221067428589,3.0,12
3183,Interpolated_3240150,98.93351745605469,30.587385177612305,0.2127562016248703,0.6210480332374573,3.0,12
3184,Interpolated_3240153,98.93377685546875,30.587427139282227,0.0,0.3807758688926697,3.0,12
3185,Interpolated_3240156,98.93402862548828,30.587467193603516,0.0,0.4842485785484314,3.0,12
3186,Interpolated_3240159,98.93428039550781,30.587507247924805,0.0,0.4674302339553833,3.0,12
3187,Interpolated_3240162,98.9345474243164,30.587549209594727,0.0,0.31654515862464905,3.0,12
3188,Interpolated_3240165,98.93479919433594,30.587589263916016,0.0,0.42335712909698486,3.0,12
3189,Interpolated_3240168,98.93505859375,30.587631225585938,0.0,0.4250475764274597,3.0,12
3190,Interpolated_3240171,98.93537902832031,30.58768081665039,0.0,0.3492591679096222,3.0,12
3191,Interpolated_3240174,98.93573760986328,30.587738037109375,0.0,0.21633891761302948,3.0,12
3192,Interpolated_3240177,98.93614959716797,30.58780288696289,0.0,0.3845828175544739,3.0,12
3193,Interpolated_3240189,98.93733215332031,30.58799171447754,0.0,0.3225111663341522,3.0,12
3194,Interpolated_3242727,98.92071533203125,30.585481643676758,0.07777934521436691,0.5577995181083679,3.0,12
3195,Interpolated_3242731,98.92121124267578,30.58555793762207,0.0710487812757492,0.5546456575393677,3.0,12
3196,Interpolated_3242734,98.9215316772461,30.58561134338379,0.0,0.49968063831329346,3.0,12
3197,Interpolated_3242737,98.92184448242188,30.58565902709961,0.5356784462928772,0.7723654508590698,3.0,12
3198,Interpolated_3242740,98.92213439941406,30.58570671081543,0.0,0.4661948084831238,3.0,12
3199,Interpolated_3242743,98.9224624633789,30.585758209228516,0.0,0.5035406351089478,3.0,12
3200,Interpolated_3242746,98.92288208007812,30.585824966430664,0.0,0.45922595262527466,3.0,12
3201,Interpolated_3242749,98.92320251464844,30.58587646484375,0.0,0.5117045640945435,3.0,12
3202,Interpolated_3242752,98.9234848022461,30.585920333862305,0.036063145846128464,0.5382518172264099,3.0,12
3203,Interpolated_3242755,98.92381286621094,30.58597183227539,0.035653434693813324,0.5380598306655884,3.0,12
3204,Interpolated_3242758,98.92413330078125,30.586023330688477,0.20187228918075562,0.615947961807251,3.0,12
3205,Interpolated_3242761,98.9244155883789,30.586069107055664,0.0,0.46823394298553467,3.0,12
3206,Interpolated_3242764,98.92469024658203,30.586111068725586,0.0,0.4871627688407898,3.0,12
3207,Interpolated_3242767,98.92499542236328,30.58616065979004,0.004865804221481085,0.5236331224441528,3.0,12
3208,Interpolated_3242770,98.92533111572266,30.586214065551758,0.20307064056396484,0.6165094971656799,3.0,12
3209,Interpolated_3242773,98.92568969726562,30.58626937866211,0.0,0.46037113666534424,3.0,12
3210,Interpolated_3242776,98.92604064941406,30.586326599121094,0.0,0.3651255965232849,3.0,12
3211,Interpolated_3242779,98.9263916015625,30.586381912231445,0.004907525610178709,0.5236526727676392,3.0,12
3212,Interpolated_3242782,98.92681121826172,30.586448669433594,0.10125535726547241,0.5688000917434692,3.0,12
3213,Interpolated_3242785,98.92724609375,30.586517333984375,0.0,0.30910927057266235,3.0,12
3214,Interpolated_3242788,98.92768096923828,30.586585998535156,0.017162539064884186,0.5293952226638794,3.0,12
3215,Interpolated_3242791,98.92805480957031,30.586647033691406,0.02512160688638687,0.5331247448921204,3.0,12
3216,Interpolated_3242794,98.9284439086914,30.586708068847656,0.0,0.5200024843215942,3.0,12
3217,Interpolated_3242797,98.92880249023438,30.58676528930664,0.0,0.4030001759529114,3.0,12
3218,Interpolated_3242800,98.92911529541016,30.586814880371094,0.16364800930023193,0.598036527633667,3.0,12
3219,Interpolated_3242803,98.92940521240234,30.58686065673828,0.0,0.5067449808120728,3.0,12
3220,Interpolated_3242806,98.92971801757812,30.586910247802734,0.0,0.40685397386550903,3.0,12
3221,Interpolated_3242809,98.93008422851562,30.58696746826172,0.0,0.4242938756942749,3.0,12
3222,Interpolated_3242812,98.93054962158203,30.5870418548584,0.0,0.36932572722435,3.0,12
3223,Interpolated_3242815,98.93104553222656,30.587120056152344,0.0,0.3797933757305145,3.0,12
3224,Interpolated_3242818,98.93144989013672,30.58718490600586,0.0,0.3801400661468506,3.0,12
3225,Interpolated_3242821,98.93184661865234,30.587247848510742,0.0,0.35730212926864624,3.0,12
3226,Interpolated_3242824,98.9321517944336,30.587295532226562,0.0,0.4717419147491455,3.0,12
3227,Interpolated_3242827,98.93244171142578,30.58734130859375,0.0,0.35959064960479736,3.0,12
3228,Interpolated_3242830,98.93270874023438,30.587385177612305,0.7169495820999146,0.8573068976402283,3.0,12
3229,Interpolated_3242833,98.93296813964844,30.587425231933594,0.0,0.42733415961265564,3.0,12
3230,Interpolated_3242836,98.9332046508789,30.58746337890625,0.45151323080062866,0.7329266667366028,3.0,12
3231,Interpolated_3242839,98.93345642089844,30.58750343322754,0.17317698895931244,0.6025016903877258,3.0,12
3232,Interpolated_3242842,98.93370819091797,30.587543487548828,0.0,0.40336915850639343,3.0,12
3233,Interpolated_3242845,98.93397521972656,30.587587356567383,0.0,0.25604763627052307,3.0,12
3234,Interpolated_3242848,98.93423461914062,30.587627410888672,0.0,0.4723811745643616,3.0,12
3235,Interpolated_3242851,98.93448638916016,30.58766746520996,0.0,0.18104591965675354,2.0,12
3236,Interpolated_3242854,98.93475341796875,30.587711334228516,0.0,0.25735238194465637,3.0,12
3237,Interpolated_3242857,98.93501281738281,30.587751388549805,0.0,0.3155171573162079,3.0,12
3238,Interpolated_3242860,98.9353256225586,30.587800979614258,0.0,0.2202201783657074,2.0,12
3239,Interpolated_3242863,98.93568420410156,30.587858200073242,0.0,0.0,0.0,12
3240,Interpolated_3242866,98.93608093261719,30.587921142578125,0.0,0.3461039066314697,3.0,12
3241,Interpolated_3245414,98.92035675048828,30.58555030822754,0.13360729813575745,0.5839598178863525,3.0,12
3242,Interpolated_3245417,98.92073059082031,30.58561134338379,0.0,0.16569459438323975,2.0,12
3243,Interpolated_3245421,98.92120361328125,30.58568572998047,0.0,0.4281306266784668,3.0,12
3244,Interpolated_3245424,98.92152404785156,30.585735321044922,0.0,0.4030853509902954,3.0,12
3245,Interpolated_3245427,98.9218521118164,30.58578872680664,0.0,0.2324623167514801,3.0,12
3246,Interpolated_3245430,98.9221420288086,30.585834503173828,0.0,0.1749635636806488,2.0,12
3247,Interpolated_3245433,98.9225082397461,30.585893630981445,0.0,0.47726279497146606,3.0,12
3248,Interpolated_3245436,98.92292022705078,30.58595848083496,0.0,0.5095615386962891,3.0,12
3249,Interpolated_3245439,98.9232177734375,30.58600616455078,0.0,0.5117045640945435,3.0,12
3250,Interpolated_3245442,98.9234848022461,30.586048126220703,0.0,0.46823394298553467,3.0,12
3251,Interpolated_3245445,98.92381286621094,30.58609962463379,0.03868004307150841,0.539478063583374,3.0,12
3252,Interpolated_3245448,98.92413330078125,30.586151123046875,0.0,0.5110443830490112,3.0,12
3253,Interpolated_3245451,98.92444610595703,30.586200714111328,0.0,0.46823394298553467,3.0,12
3254,Interpolated_3245454,98.92473602294922,30.586246490478516,0.0,0.4139506220817566,3.0,12
3255,Interpolated_3245457,98.92505645751953,30.5862979888916,0.004865804221481085,0.5236331224441528,3.0,12
3256,Interpolated_3245460,98.92538452148438,30.586349487304688,0.20941287279129028,0.6194813847541809,3.0,12
3257,Interpolated_3245463,98.92574310302734,30.586408615112305,0.0,0.46823394298553467,3.0,12
3258,Interpolated_3245466,98.92608642578125,30.586462020874023,0.0,0.319286584854126,3.0,12
3259,Interpolated_3245469,98.92644500732422,30.586519241333008,0.1849076747894287,0.6079985499382019,3.0,12
3260,Interpolated_3245472,98.92688751220703,30.58658790588379,0.0,0.31947630643844604,3.0,12
3261,Interpolated_3245475,98.92731475830078,30.58665657043457,0.020101889967918396,0.5307725667953491,3.0,12
3262,Interpolated_3245478,98.92772674560547,30.586721420288086,0.23220276832580566,0.6301604509353638,3.0,12
3263,Interpolated_3245481,98.92811584472656,30.586782455444336,0.0,0.5106375217437744,3.0,12
3264,Interpolated_3245484,98.928466796875,30.58683967590332,0.0,0.5115506649017334,3.0,12
3265,Interpolated_3245487,98.92880249023438,30.58689308166504,0.07172802835702896,0.5549639463424683,3.0,12
3266,Interpolated_3245490,98.9291000366211,30.58694076538086,0.20544637739658356,0.6176227331161499,3.0,12
3267,Interpolated_3245493,98.92938995361328,30.586986541748047,0.0,0.4292314350605011,3.0,12
3268,Interpolated_3245496,98.92974853515625,30.58704376220703,0.0,0.4714219570159912,3.0,12
3269,Interpolated_3245499,98.93012237548828,30.58710289001465,0.35220277309417725,0.6863909959793091,3.0,12
3270,Interpolated_3245502,98.93061828613281,30.587181091308594,0.0,0.3949556052684784,3.0,12
3271,Interpolated_3245505,98.93110656738281,30.587257385253906,0.0,0.39509317278862,3.0,12
3272,Interpolated_3245508,98.9315185546875,30.587324142456055,0.0,0.36180222034454346,3.0,12
3273,Interpolated_3245511,98.93190002441406,30.587383270263672,0.0,0.35730212926864624,3.0,12
3274,Interpolated_3245514,98.93218231201172,30.58742904663086,0.0,0.3622196316719055,3.0,12
3275,Interpolated_3245517,98.93246459960938,30.587474822998047,0.0,0.35657423734664917,3.0,12
3276,Interpolated_3245520,98.93273162841797,30.58751678466797,0.0,0.3623983860015869,3.0,12
3277,Interpolated_3245523,98.93299102783203,30.587556838989258,0.0,0.36063146591186523,3.0,12
3278,Interpolated_3245526,98.93323516845703,30.587596893310547,0.0,0.5064881443977356,3.0,12
3279,Interpolated_3245529,98.93348693847656,30.587636947631836,0.31378859281539917,0.6683905720710754,3.0,12
3280,Interpolated_3245532,98.93374633789062,30.587677001953125,0.0,0.40729349851608276,3.0,12
3281,Interpolated_3245535,98.93400573730469,30.587718963623047,0.0,0.21608051657676697,3.0,12
3282,Interpolated_3245538,98.93426513671875,30.58776092529297,0.0,0.19534122943878174,2.0,12
3283,Interpolated_3245541,98.93453216552734,30.58780288696289,0.0,0.3163936734199524,3.0,12
3284,Interpolated_3245544,98.9347915649414,30.587844848632812,0.0,0.2975788414478302,3.0,12
3285,Interpolated_3245547,98.93505096435547,30.5878849029541,0.0,0.42424625158309937,3.0,12
3286,Interpolated_3245550,98.93540954589844,30.587942123413086,0.06365702301263809,0.551181972026825,3.0,12
3287,Interpolated_3245553,98.9357681274414,30.58799934387207,0.0,0.06666667014360428,1.0,12
3288,Interpolated_3245556,98.93614959716797,30.58806037902832,0.0,0.2608325779438019,3.0,12
3289,Interpolated_3248109,98.92096710205078,30.585777282714844,0.0,0.32165536284446716,3.0,12
3290,Interpolated_3248112,98.92130279541016,30.585830688476562,0.8736488819122314,0.9307342767715454,3.0,12
3291,Interpolated_3248115,98.921630859375,30.58588218688965,0.0,0.2869831621646881,3.0,12
3292,Interpolated_3248118,98.92195892333984,30.585933685302734,0.0,0.4969404339790344,3.0,12
3293,Interpolated_3248121,98.92227172851562,30.585983276367188,0.0,0.4766584038734436,3.0,12
3294,Interpolated_3248124,98.92269134521484,30.586050033569336,0.0,0.501863956451416,3.0,12
3295,Interpolated_3248127,98.92304229736328,30.586105346679688,0.0,0.5095615386962891,3.0,12
3296,Interpolated_3248130,98.92332458496094,30.586151123046875,0.0,0.25600603222846985,3.0,12
3297,Interpolated_3248133,98.92359924316406,30.58619499206543,0.0,0.4469261169433594,3.0,12
3298,Interpolated_3248136,98.92391967773438,30.586246490478516,0.0,0.3622359037399292,3.0,12
3299,Interpolated_3248139,98.92427062988281,30.586299896240234,0.0,0.5083262324333191,3.0,12
3300,Interpolated_3248142,98.92457580566406,30.586349487304688,0.0,0.5125371813774109,3.0,12
3301,Interpolated_3248145,98.92488861083984,30.58639907836914,0.02342500537633896,0.5323297381401062,3.0,12
3302,Interpolated_3248148,98.92523193359375,30.586454391479492,0.0,0.32155388593673706,3.0,12
3303,Interpolated_3248151,98.92558288574219,30.586509704589844,0.0,0.3265007734298706,3.0,12
3304,Interpolated_3248154,98.92593383789062,30.586565017700195,0.21204210817813873,0.6207134127616882,3.0,12
3305,Interpolated_3248157,98.92626190185547,30.586618423461914,0.0,0.3280049264431,3.0,12
3306,Interpolated_3248160,98.92666625976562,30.586681365966797,0.004865804221481085,0.5236331224441528,3.0,12
3307,Interpolated_3248163,98.92709350585938,30.586750030517578,0.0,0.45938849449157715,3.0,12
3308,Interpolated_3248166,98.92750549316406,30.586814880371094,0.10215950012207031,0.5692237615585327,3.0,12
3309,Interpolated_3248169,98.92790985107422,30.58687973022461,0.0,0.5124809741973877,3.0,12
3310,Interpolated_3248172,98.92826080322266,30.58693504333496,0.11611518263816833,0.5757632255554199,3.0,12
3311,Interpolated_3248175,98.9285888671875,30.586986541748047,0.0,0.3011783957481384,3.0,12
3312,Interpolated_3248178,98.92890167236328,30.5870361328125,0.017162539064884186,0.5293952226638794,3.0,12
3313,Interpolated_3248181,98.92920684814453,30.58708381652832,0.0,0.3189575672149658,3.0,12
3314,Interpolated_3248184,98.92951965332031,30.587135314941406,0.0,0.36294084787368774,3.0,12
3315,Interpolated_3248187,98.92991638183594,30.587196350097656,0.0,0.3627042770385742,3.0,12
3316,Interpolated_3248190,98.93033599853516,30.587265014648438,0.0,0.3711131513118744,3.0,12
3317,Interpolated_3248193,98.93086242675781,30.58734703063965,0.0,0.3598758578300476,3.0,12
3318,Interpolated_3248196,98.93128967285156,30.58741569519043,0.0,0.3614603877067566,3.0,12
3319,Interpolated_3248199,98.93172454833984,30.58748435974121,0.0,0.3558219075202942,3.0,12
3320,Interpolated_3248202,98.93203735351562,30.587533950805664,0.0,0.36141350865364075,3.0,12
3321,Interpolated_3248205,98.93231201171875,30.58757781982422,0.08818282186985016,0.5626744627952576,3.0,12
3322,Interpolated_3248208,98.93258666992188,30.587621688842773,0.0,0.4035669267177582,3.0,12
3323,Interpolated_3248211,98.93285369873047,30.587663650512695,0.6918905377388,0.8455645442008972,3.0,12
3324,Interpolated_3248214,98.93310546875,30.587703704833984,0.0,0.3563728928565979,3.0,12
3325,Interpolated_3248217,98.93334197998047,30.58774185180664,0.0,0.40258723497390747,3.0,12
3326,Interpolated_3248220,98.93360900878906,30.587783813476562,0.28809723258018494,0.6563519239425659,3.0,12
3327,Interpolated_3248223,98.93386840820312,30.587825775146484,0.31738415360450745,0.6700754165649414,3.0,12
3328,Interpolated_3248226,98.93412780761719,30.587867736816406,0.0,0.29831069707870483,3.0,12
3329,Interpolated_3248229,98.93439483642578,30.587907791137695,0.1538248062133789,0.5934334993362427,3.0,12
3330,Interpolated_3248232,98.93465423583984,30.58795166015625,0.0,0.3737817406654358,3.0,12
3331,Interpolated_3248235,98.93492889404297,30.587993621826172,0.0,0.28181761503219604,3.0,12
3332,Interpolated_3248238,98.93524169921875,30.588043212890625,0.21052663028240204,0.6200032830238342,3.0,12
3333,Interpolated_3248241,98.93561553955078,30.588102340698242,0.32851651310920715,0.675291895866394,3.0,12
3334,Interpolated_3248244,98.93596649169922,30.588157653808594,0.0,0.13969454169273376,2.0,12
3335,Interpolated_3248247,98.93631744384766,30.588214874267578,0.0,0.4520936608314514,3.0,12
3336,Interpolated_3250797,98.92073822021484,30.585866928100586,0.0,0.4410916566848755,3.0,12
3337,Interpolated_3250800,98.92108154296875,30.585922241210938,0.0,0.4762672185897827,3.0,12
3338,Interpolated_3250803,98.92140197753906,30.585973739624023,0.006042663939297199,0.5241845846176147,3.0,12
3339,Interpolated_3250806,98.9217529296875,30.586029052734375,0.0,0.4706836938858032,3.0,12
3340,Interpolated_3250809,98.92206573486328,30.586078643798828,0.0009930549422279,0.5218183994293213,3.0,12
3341,Interpolated_3250812,98.92243957519531,30.586137771606445,0.0,0.4686291813850403,3.0,12
3342,Interpolated_3250815,98.92283630371094,30.586200714111328,0.0,0.5007054805755615,3.0,12
3343,Interpolated_3250818,98.92314910888672,30.58625030517578,0.0,0.4675863981246948,3.0,12
3344,Interpolated_3250821,98.92342376708984,30.586294174194336,0.0,0.46827811002731323,3.0,12
3345,Interpolated_3250824,98.9237060546875,30.586339950561523,0.0,0.45939314365386963,3.0,12
3346,Interpolated_3250827,98.92405700683594,30.586395263671875,0.0,0.508614182472229,3.0,12
3347,Interpolated_3250830,98.92440032958984,30.586450576782227,0.0,0.46823394298553467,3.0,12
3348,Interpolated_3250833,98.92471313476562,30.58650016784668,0.00056031858548522,0.5216156244277954,3.0,12
3349,Interpolated_3250836,98.9250717163086,30.586557388305664,0.02342500537633896,0.5323297381401062,3.0,12
3350,Interpolated_3250839,98.9254150390625,30.586610794067383,0.18998755514621735,0.6103789210319519,3.0,12
3351,Interpolated_3250842,98.92575073242188,30.5866641998291,0.0,0.51960289478302,3.0,12
3352,Interpolated_3250845,98.92610168457031,30.586719512939453,0.004865804221481085,0.5236331224441528,3.0,12
3353,Interpolated_3250848,98.92645263671875,30.586774826049805,0.0,0.5200024843215942,3.0,12
3354,Interpolated_3250851,98.9268798828125,30.586843490600586,0.0,0.2616298794746399,3.0,12
3355,Interpolated_3250854,98.92729187011719,30.5869083404541,0.11638230085372925,0.5758883953094482,3.0,12
3356,Interpolated_3250857,98.92769622802734,30.586973190307617,0.10569147765636444,0.570878803730011,3.0,12
3357,Interpolated_3250860,98.92806243896484,30.587032318115234,0.0,0.519325315952301,3.0,12
3358,Interpolated_3250863,98.92838287353516,30.587081909179688,0.0,0.5117045640945435,3.0,12
3359,Interpolated_3250866,98.92870330810547,30.587133407592773,0.20767810940742493,0.6186684966087341,3.0,12
3360,Interpolated_3250869,98.92900848388672,30.587181091308594,0.0,0.40672171115875244,3.0,12
3361,Interpolated_3250872,98.92932891845703,30.58723258972168,0.0,0.30763542652130127,3.0,12
3362,Interpolated_3250875,98.9297103881836,30.587291717529297,0.22748680412769318,0.6279506087303162,3.0,12
3363,Interpolated_3250878,98.93011474609375,30.587356567382812,0.7269785404205322,0.8620063662528992,3.0,12
3364,Interpolated_3250881,98.93059539794922,30.587432861328125,0.0,0.3401694893836975,3.0,12
3365,Interpolated_3250884,98.93106842041016,30.587509155273438,0.0,0.4156268835067749,3.0,12
3366,Interpolated_3250887,98.93150329589844,30.587575912475586,0.0,0.3611637055873871,3.0,12
3367,Interpolated_3250890,98.931884765625,30.587636947631836,0.0,0.36141350865364075,3.0,12
3368,Interpolated_3250893,98.9321517944336,30.58768081665039,0.0,0.41541099548339844,3.0,12
3369,Interpolated_3250896,98.93244171142578,30.587726593017578,0.0,0.36063146591186523,3.0,12
3370,Interpolated_3250899,98.93270111083984,30.587766647338867,0.13859228789806366,0.5862957239151001,3.0,12
3371,Interpolated_3250902,98.93295288085938,30.58780860900879,0.0,0.3610174357891083,3.0,12
3372,Interpolated_3250905,98.9332046508789,30.587848663330078,0.0,0.4106616973876953,3.0,12
3373,Interpolated_3250908,98.93346405029297,30.587888717651367,0.0,0.3618417978286743,3.0,12
3374,Interpolated_3250911,98.93372344970703,30.58793067932129,0.8163461685180664,0.9038829207420349,3.0,12
3375,Interpolated_3250914,98.93399047851562,30.58797264099121,0.0,0.3177248239517212,3.0,12
3376,Interpolated_3250917,98.93425750732422,30.588014602661133,0.16990259289741516,0.6009673476219177,3.0,12
3377,Interpolated_3250920,98.93452453613281,30.588058471679688,0.0,0.47131508588790894,3.0,12
3378,Interpolated_3250923,98.9347915649414,30.58810043334961,0.0,0.4488513469696045,3.0,12
3379,Interpolated_3250926,98.93510437011719,30.588150024414062,0.0,0.28103601932525635,3.0,12
3380,Interpolated_3250929,98.93546295166016,30.588207244873047,0.0,0.42301201820373535,3.0,12
3381,Interpolated_3250932,98.935791015625,30.588258743286133,0.0,0.06666667014360428,1.0,12
3382,Interpolated_3250935,98.9361343383789,30.588314056396484,0.0,0.3628131151199341,3.0,12
3383,Interpolated_3253482,98.92008972167969,30.585891723632812,0.39195334911346436,0.705017626285553,3.0,12
3384,Interpolated_3253487,98.92073059082031,30.585994720458984,0.0,0.38037222623825073,3.0,12
3385,Interpolated_3253490,98.92108154296875,30.58605194091797,0.0,0.3019636869430542,3.0,12
3386,Interpolated_3253493,98.9214096069336,30.586101531982422,0.0,0.5125371813774109,3.0,12
3387,Interpolated_3253496,98.9217529296875,30.586156845092773,0.0,0.5168421268463135,3.0,12
3388,Interpolated_3253499,98.92208099365234,30.586210250854492,0.0,0.5213530659675598,3.0,12
3389,Interpolated_3253502,98.92245483398438,30.58626937866211,0.0,0.3448997735977173,3.0,12
3390,Interpolated_3253505,98.92283630371094,30.586328506469727,0.0,0.5117045640945435,3.0,12
3391,Interpolated_3253508,98.92314910888672,30.586380004882812,0.0,0.4638773202896118,3.0,12
3392,Interpolated_3253511,98.92343139648438,30.586423873901367,0.08003588020801544,0.5588569045066833,3.0,12
3393,Interpolated_3253514,98.9237289428711,30.586469650268555,0.0,0.3087039589881897,3.0,12
3394,Interpolated_3253517,98.92407989501953,30.58652687072754,0.0,0.30910927057266235,3.0,12
3395,Interpolated_3253520,98.9244155883789,30.586580276489258,0.0,0.34559768438339233,3.0,12
3396,Interpolated_3253523,98.92475128173828,30.586633682250977,0.00056031858548522,0.5216156244277954,3.0,12
3397,Interpolated_3253526,98.92513275146484,30.586694717407227,0.10125535726547241,0.5688000917434692,3.0,12
3398,Interpolated_3253529,98.92547607421875,30.586748123168945,0.10125535726547241,0.5688000917434692,3.0,12
3399,Interpolated_3253532,98.92581939697266,30.586803436279297,0.18998755514621735,0.6103789210319519,3.0,12
3400,Interpolated_3253535,98.9261474609375,30.586854934692383,0.10125535726547241,0.5688000917434692,3.0,12
3401,Interpolated_3253538,98.9265365600586,30.586917877197266,0.10478275269269943,0.5704529881477356,3.0,12
3402,Interpolated_3253541,98.92694854736328,30.58698272705078,0.2281228005886078,0.6282486319541931,3.0,12
3403,Interpolated_3253544,98.92735290527344,30.587045669555664,0.012601889669895172,0.5272581577301025,3.0,12
3404,Interpolated_3253547,98.92774200439453,30.587108612060547,0.10215950012207031,0.5692237615585327,3.0,12
3405,Interpolated_3253550,98.92809295654297,30.5871639251709,0.02342500537633896,0.5323297381401062,3.0,12
3406,Interpolated_3253553,98.92839813232422,30.58721351623535,0.0,0.4988195300102234,3.0,12
3407,Interpolated_3253556,98.9287109375,30.587263107299805,0.22748680412769318,0.6279506087303162,3.0,12
3408,Interpolated_3253559,98.92903137207031,30.587312698364258,0.07172802835702896,0.5549639463424683,3.0,12
3409,Interpolated_3253562,98.92938995361328,30.587369918823242,0.0,0.4110487699508667,3.0,12
3410,Interpolated_3253565,98.92976379394531,30.58742904663086,0.1215091198682785,0.5782907605171204,3.0,12
3411,Interpolated_3253568,98.9301986694336,30.587499618530273,0.0,0.4226990342140198,3.0,12
3412,Interpolated_3253571,98.93070220947266,30.58757781982422,0.0,0.4664776921272278,3.0,12
3413,Interpolated_3253574,98.93112182617188,30.587644577026367,0.0,0.3797933757305145,3.0,12
3414,Interpolated_3253577,98.93155670166016,30.58771324157715,0.0,0.3611637055873871,3.0,12
3415,Interpolated_3253580,98.9319076538086,30.5877685546875,0.085331492125988,0.5613383650779724,3.0,12
3416,Interpolated_3253583,98.93218231201172,30.587812423706055,0.0,0.3975369930267334,3.0,12
3417,Interpolated_3253586,98.93245697021484,30.58785629272461,0.0,0.3526468873023987,3.0,12
3418,Interpolated_3253589,98.93272399902344,30.587900161743164,0.0,0.3570594787597656,3.0,12
3419,Interpolated_3253592,98.93299102783203,30.587940216064453,0.0,0.3970842957496643,3.0,12
3420,Interpolated_3253595,98.93323516845703,30.587980270385742,0.0,0.4845588803291321,3.0,12
3421,Interpolated_3253598,98.9334945678711,30.588022232055664,0.0,0.20329248905181885,2.0,12
3422,Interpolated_3253601,98.93376159667969,30.588064193725586,0.5006986260414124,0.7559743523597717,3.0,12
3423,Interpolated_3253604,98.93402862548828,30.588106155395508,0.0,0.2163100391626358,3.0,12
3424,Interpolated_3253607,98.93431091308594,30.588151931762695,0.0,0.31602782011032104,3.0,12
3425,Interpolated_3253610,98.93456268310547,30.588191986083984,0.32545390725135803,0.673856794834137,3.0,12
3426,Interpolated_3253613,98.93486785888672,30.588239669799805,0.0,0.321632981300354,3.0,12
3427,Interpolated_3253616,98.93519592285156,30.588293075561523,0.30517202615737915,0.6643529534339905,3.0,12
3428,Interpolated_3253619,98.93553924560547,30.588346481323242,0.0,0.47052597999572754,3.0,12
3429,Interpolated_3253622,98.93585205078125,30.588396072387695,0.0,0.35384422540664673,3.0,12
3430,Interpolated_3253625,98.9361801147461,30.588449478149414,0.0,0.31526124477386475,3.0,12
3431,Interpolated_3256175,98.92049407958984,30.58608627319336,0.0,0.46537238359451294,3.0,12
3432,Interpolated_3256178,98.92084503173828,30.58614158630371,0.12197352945804596,0.5785083770751953,3.0,12
3433,Interpolated_3256181,98.92119598388672,30.586196899414062,0.0,0.43959587812423706,3.0,12
3434,Interpolated_3256184,98.92152404785156,30.58624839782715,0.0,0.48992353677749634,3.0,12
3435,Interpolated_3256187,98.921875,30.586305618286133,0.0,0.5149962902069092,3.0,12
3436,Interpolated_3256191,98.92233276367188,30.58637809753418,0.0,0.517537534236908,3.0,12
3437,Interpolated_3256194,98.92272186279297,30.58643913269043,0.0,0.5189538598060608,3.0,12
3438,Interpolated_3256197,98.92305755615234,30.58649253845215,0.10323116183280945,0.5697259306907654,3.0,12
3439,Interpolated_3256200,98.92334747314453,30.586538314819336,0.0,0.4481327533721924,3.0,12
3440,Interpolated_3256203,98.92365264892578,30.586585998535156,0.169504314661026,0.600780725479126,3.0,12
3441,Interpolated_3256206,98.92398071289062,30.586639404296875,0.0,0.50815349817276,3.0,12
3442,Interpolated_3256209,98.92433166503906,30.586694717407227,0.0,0.47463929653167725,3.0,12
3443,Interpolated_3256212,98.9246597290039,30.586746215820312,0.0,0.48234450817108154,3.0,12
3444,Interpolated_3256215,98.92506408691406,30.586811065673828,0.0,0.4667591452598572,3.0,12
3445,Interpolated_3256218,98.92543029785156,30.586870193481445,0.004865804221481085,0.5236331224441528,3.0,12
3446,Interpolated_3256221,98.92576599121094,30.58692169189453,0.0,0.4871627688407898,3.0,12
3447,Interpolated_3256224,98.92607879638672,30.586973190307617,0.0,0.5117045640945435,3.0,12
3448,Interpolated_3256227,98.92648315429688,30.5870361328125,0.10125535726547241,0.5688000917434692,3.0,12
3449,Interpolated_3256230,98.92689514160156,30.587100982666016,0.12128613889217377,0.5781862735748291,3.0,12
3450,Interpolated_3256233,98.92727661132812,30.587162017822266,0.008648495189845562,0.5254056453704834,3.0,12
3451,Interpolated_3256236,98.92766571044922,30.58722496032715,0.0,0.5067449808120728,3.0,12
3452,Interpolated_3256239,98.92800903320312,30.587278366088867,0.0,0.5099167823791504,3.0,12
3453,Interpolated_3256242,98.9283218383789,30.58732795715332,0.050511863082647324,0.5450223088264465,3.0,12
3454,Interpolated_3256245,98.92863464355469,30.587377548217773,0.0,0.3363089859485626,3.0,12
3455,Interpolated_3256248,98.92894744873047,30.587427139282227,0.0,0.5067449808120728,3.0,12
3456,Interpolated_3256251,98.9293441772461,30.58749008178711,0.08628041297197342,0.5617830157279968,3.0,12
3457,Interpolated_3256254,98.9297103881836,30.587549209594727,0.10301212221384048,0.5696232914924622,3.0,12
3458,Interpolated_3256257,98.93014526367188,30.587617874145508,0.0,0.2786315381526947,3.0,12
3459,Interpolated_3256260,98.93065643310547,30.587697982788086,0.0,0.28506022691726685,3.0,12
3460,Interpolated_3256263,98.93106079101562,30.5877628326416,0.0,0.36042818427085876,3.0,12
3461,Interpolated_3256266,98.93144989013672,30.587825775146484,0.08625802397727966,0.5617725253105164,3.0,12
3462,Interpolated_3256269,98.93180084228516,30.587881088256836,0.0,0.35730212926864624,3.0,12
3463,Interpolated_3256272,98.93209838867188,30.587928771972656,0.0,0.44370871782302856,3.0,12
3464,Interpolated_3256275,98.9323959350586,30.587974548339844,0.0,0.44567203521728516,3.0,12
3465,Interpolated_3256278,98.93266296386719,30.588016510009766,0.07138649374246597,0.5548039078712463,3.0,12
3466,Interpolated_3256281,98.93292236328125,30.588058471679688,0.0,0.36217087507247925,3.0,12
3467,Interpolated_3256284,98.93318939208984,30.58810043334961,0.0,0.40885621309280396,3.0,12
3468,Interpolated_3256287,98.93343353271484,30.5881404876709,0.0,0.3784354627132416,3.0,12
3469,Interpolated_3256290,98.93370819091797,30.588184356689453,0.01980411447584629,0.5306330323219299,3.0,12
3470,Interpolated_3256293,98.93397521972656,30.588226318359375,0.4332698583602905,0.7243780493736267,3.0,12
3471,Interpolated_3256296,98.93427276611328,30.588272094726562,0.0,0.30648452043533325,3.0,12
3472,Interpolated_3256299,98.93451690673828,30.58831214904785,0.0,0.31887203454971313,3.0,12
3473,Interpolated_3256302,98.93482208251953,30.588361740112305,0.0,0.4573898911476135,3.0,12
3474,Interpolated_3256305,98.93516540527344,30.588415145874023,0.0,0.23198643326759338,3.0,12
3475,Interpolated_3256308,98.93550109863281,30.588468551635742,0.0,0.25567254424095154,3.0,12
3476,Interpolated_3256311,98.93579864501953,30.588516235351562,0.0,0.35105282068252563,3.0,12
3477,Interpolated_3256314,98.93612670898438,30.58856773376465,0.0,0.4024055004119873,3.0,12
3478,Interpolated_3258826,98.91606140136719,30.585508346557617,0.0,0.423644483089447,3.0,12
3479,Interpolated_3258866,98.92062377929688,30.586233139038086,0.0,0.4462343454360962,3.0,12
3480,Interpolated_3258869,98.92097473144531,30.586288452148438,0.0,0.2881581485271454,3.0,12
3481,Interpolated_3258872,98.92131805419922,30.58634376525879,0.015602805651724339,0.5286643505096436,3.0,12
3482,Interpolated_3258875,98.9216537475586,30.586397171020508,0.0,0.48536932468414307,3.0,12
3483,Interpolated_3258878,98.92198944091797,30.586450576782227,0.05483591929078102,0.5470485091209412,3.0,12
3484,Interpolated_3258881,98.9223403930664,30.58650779724121,0.09887797385454178,0.5676860809326172,3.0,12
3485,Interpolated_3258884,98.92272186279297,30.586566925048828,0.030217643827199936,0.5355126857757568,3.0,12
3486,Interpolated_3258887,98.92305755615234,30.586620330810547,0.02342500537633896,0.5323297381401062,3.0,12
3487,Interpolated_3258890,98.92337036132812,30.586669921875,0.02512160688638687,0.5331247448921204,3.0,12
3488,Interpolated_3258893,98.92369079589844,30.586721420288086,0.0,0.5207333564758301,3.0,12
3489,Interpolated_3258896,98.92402648925781,30.586774826049805,0.0,0.4755663275718689,3.0,12
3490,Interpolated_3258899,98.92434692382812,30.58682632446289,0.0,0.30910927057266235,3.0,12
3491,Interpolated_3258902,98.92469024658203,30.58687973022461,0.0006494862027466297,0.521657407283783,3.0,12
3492,Interpolated_3258905,98.92510986328125,30.586946487426758,0.0,0.2812630534172058,3.0,12
3493,Interpolated_3258908,98.92549133300781,30.587007522583008,0.0,0.44838809967041016,3.0,12
3494,Interpolated_3258911,98.92581939697266,30.587059020996094,0.0,0.2616298794746399,3.0,12
3495,Interpolated_3258914,98.92613983154297,30.58711051940918,0.0,0.4871627688407898,3.0,12
3496,Interpolated_3258917,98.92658233642578,30.587181091308594,0.2835962474346161,0.6542428135871887,3.0,12
3497,Interpolated_3258920,98.92696380615234,30.58724021911621,0.004865804221481085,0.5236331224441528,3.0,12
3498,Interpolated_3258923,98.9273452758789,30.58730125427246,0.02342500537633896,0.5323297381401062,3.0,12
3499,Interpolated_3258926,98.92771911621094,30.587360382080078,0.0,0.30741453170776367,3.0,12
3500,Interpolated_3258929,98.92803955078125,30.587411880493164,0.0,0.2810194790363312,3.0,12
3501,Interpolated_3258932,98.92833709716797,30.587459564208984,0.0,0.2987700402736664,3.0,12
3502,Interpolated_3258935,98.92863464355469,30.587507247924805,0.0,0.4325021505355835,3.0,12
3503,Interpolated_3258938,98.92900085449219,30.58756446838379,0.0,0.5142879486083984,3.0,12
3504,Interpolated_3258941,98.92942810058594,30.587631225585938,0.0,0.31785112619400024,3.0,12
3505,Interpolated_3258944,98.92980194091797,30.587692260742188,0.23333345353603363,0.6306902766227722,3.0,12
3506,Interpolated_3258947,98.93024444580078,30.58776092529297,0.0,0.49005627632141113,3.0,12
3507,Interpolated_3258950,98.93073272705078,30.587839126586914,0.0,0.28506022691726685,3.0,12
3508,Interpolated_3258953,98.93112182617188,30.587900161743164,0.0,0.36700111627578735,3.0,12
3509,Interpolated_3258956,98.93148803710938,30.58795928955078,0.1258610337972641,0.5803300142288208,3.0,12
3510,Interpolated_3258959,98.93180084228516,30.588008880615234,0.0,0.3634006381034851,3.0,12
3511,Interpolated_3258962,98.93212127685547,30.588058471679688,0.0,0.4519948363304138,3.0,12
3512,Interpolated_3258965,98.93241882324219,30.588106155395508,0.0,0.48944002389907837,3.0,12
3513,Interpolated_3258968,98.93269348144531,30.588150024414062,0.08625802397727966,0.5617725253105164,3.0,12
3514,Interpolated_3258971,98.93295288085938,30.588191986083984,0.3655700385570526,0.6926547288894653,3.0,12
3515,Interpolated_3258974,98.93321228027344,30.588232040405273,0.26628655195236206,0.646131694316864,3.0,12
3516,Interpolated_3258977,98.93347930908203,30.588274002075195,0.0,0.4220963716506958,3.0,12
3517,Interpolated_3258980,98.93374633789062,30.58831787109375,0.5011760592460632,0.7561980485916138,3.0,12
3518,Interpolated_3258983,98.93402862548828,30.588363647460938,0.0,0.4984391927719116,3.0,12
3519,Interpolated_3258986,98.93431091308594,30.588407516479492,0.0,0.38610202074050903,3.0,12
3520,Interpolated_3258989,98.93458557128906,30.588451385498047,0.0,0.41585028171539307,3.0,12
3521,Interpolated_3258992,98.93492889404297,30.588504791259766,0.0,0.35308605432510376,3.0,12
3522,Interpolated_3258995,98.93525695800781,30.588558197021484,0.0,0.4392903447151184,3.0,12
3523,Interpolated_3258998,98.935546875,30.588603973388672,0.0,0.1397695243358612,2.0,12
3524,Interpolated_3259001,98.93586730957031,30.588653564453125,0.11270518600940704,0.5741653442382812,3.0,12
3525,Interpolated_3261521,98.91659545898438,30.585721969604492,0.0,0.4409027695655823,3.0,12
3526,Interpolated_3261553,98.92027282714844,30.586307525634766,0.0,0.4468405842781067,3.0,12
3527,Interpolated_3261558,98.9208755493164,30.586400985717773,0.0,0.31906789541244507,3.0,12
3528,Interpolated_3261561,98.92121887207031,30.586456298828125,0.0,0.366260826587677,3.0,12
3529,Interpolated_3261564,98.92156219482422,30.586511611938477,0.0,0.06666667014360428,1.0,12
3530,Interpolated_3261567,98.92189025878906,30.586563110351562,0.0,0.2635363042354584,3.0,12
3531,Interpolated_3261570,98.92223358154297,30.586618423461914,0.0,0.35462701320648193,3.0,12
3532,Interpolated_3261573,98.92259979248047,30.5866756439209,0.0,0.45922595262527466,3.0,12
3533,Interpolated_3261576,98.92295837402344,30.586732864379883,0.08003588020801544,0.5588569045066833,3.0,12
3534,Interpolated_3261579,98.92329406738281,30.5867862701416,0.08003588020801544,0.5588569045066833,3.0,12
3535,Interpolated_3261582,98.92362213134766,30.586837768554688,0.0,0.46823394298553467,3.0,12
3536,Interpolated_3261585,98.92394256591797,30.586889266967773,0.0,0.47902172803878784,3.0,12
3537,Interpolated_3261588,98.92425537109375,30.586938858032227,0.07783035188913345,0.5578234195709229,3.0,12
3538,Interpolated_3261591,98.92459869384766,30.586992263793945,0.0,0.271881639957428,3.0,12
3539,Interpolated_3261594,98.92501068115234,30.587059020996094,0.0,0.3653109669685364,3.0,12
3540,Interpolated_3261597,98.92543029785156,30.58712387084961,0.0,0.2812630534172058,3.0,12
3541,Interpolated_3261600,98.92576599121094,30.58717918395996,0.007307928055524826,0.5247774720191956,3.0,12
3542,Interpolated_3261603,98.92609405517578,30.587230682373047,0.0,0.5115506649017334,3.0,12
3543,Interpolated_3261606,98.92652893066406,30.587299346923828,0.004865804221481085,0.5236331224441528,3.0,12
3544,Interpolated_3261609,98.9269027709961,30.587358474731445,0.09793224185705185,0.5672429203987122,3.0,12
3545,Interpolated_3261612,98.92729187011719,30.587419509887695,0.004865804221481085,0.5236331224441528,3.0,12
3546,Interpolated_3261615,98.92765808105469,30.587478637695312,0.1032184436917305,0.5697199702262878,3.0,12
3547,Interpolated_3261618,98.92797088623047,30.587528228759766,0.002850183518603444,0.522688627243042,3.0,12
3548,Interpolated_3261621,98.92825317382812,30.58757209777832,0.0,0.36732542514801025,3.0,12
3549,Interpolated_3261624,98.92855072021484,30.58761978149414,0.0,0.3016505837440491,3.0,12
3550,Interpolated_3261627,98.92890930175781,30.587678909301758,0.06864506751298904,0.5535193085670471,3.0,12
3551,Interpolated_3261630,98.92937469482422,30.587751388549805,0.07284586876630783,0.5554877519607544,3.0,12
3552,Interpolated_3261633,98.92976379394531,30.587814331054688,0.20767810940742493,0.6186684966087341,3.0,12
3553,Interpolated_3261636,98.93018341064453,30.587879180908203,0.20864254236221313,0.6191204190254211,3.0,12
3554,Interpolated_3261639,98.93065643310547,30.587955474853516,0.394486665725708,0.7062047123908997,3.0,12
3555,Interpolated_3261642,98.93106842041016,30.58802032470703,0.23466575145721436,0.6313145756721497,3.0,12
3556,Interpolated_3261645,98.93141174316406,30.58807373046875,0.08625802397727966,0.5617725253105164,3.0,12
3557,Interpolated_3261648,98.93170928955078,30.588123321533203,0.1258610337972641,0.5803300142288208,3.0,12
3558,Interpolated_3261651,98.9320297241211,30.588172912597656,0.0,0.4724143147468567,3.0,12
3559,Interpolated_3261654,98.93233489990234,30.588220596313477,0.0,0.32277071475982666,3.0,12
3560,Interpolated_3261657,98.9326171875,30.588266372680664,0.0,0.4733006954193115,3.0,12
3561,Interpolated_3261660,98.9328842163086,30.588308334350586,0.0,0.4213433861732483,3.0,12
3562,Interpolated_3261663,98.93315124511719,30.588350296020508,0.12283112108707428,0.578910231590271,3.0,12
3563,Interpolated_3261666,98.93341064453125,30.58839225769043,0.6784505248069763,0.8392667174339294,3.0,12
3564,Interpolated_3261669,98.93368530273438,30.588436126708984,0.0,0.4047166705131531,3.0,12
3565,Interpolated_3261672,98.93397521972656,30.588481903076172,0.0,0.3147795796394348,3.0,12
3566,Interpolated_3261675,98.93425750732422,30.58852767944336,0.0,0.3681286573410034,3.0,12
3567,Interpolated_3261678,98.93455505371094,30.588573455810547,0.0,0.49379587173461914,3.0,12
3568,Interpolated_3261681,98.93489837646484,30.5886287689209,0.0,0.3056241571903229,3.0,12
3569,Interpolated_3261684,98.9352035522461,30.58867835998535,0.0,0.3486790060997009,3.0,12
3570,Interpolated_3261687,98.93550109863281,30.58872413635254,0.0,0.47370457649230957,3.0,12
3571,Interpolated_3261690,98.93582916259766,30.588775634765625,0.0,0.331147700548172,3.0,12
3572,Interpolated_3264248,98.92090606689453,30.58653450012207,0.16533023118972778,0.5988247990608215,3.0,12
3573,Interpolated_3264251,98.92123413085938,30.58658790588379,0.05394703894853592,0.5466319918632507,3.0,12
3574,Interpolated_3264254,98.92158508300781,30.58664321899414,0.0,0.24719808995723724,3.0,12
3575,Interpolated_3264257,98.92191314697266,30.586694717407227,0.0,0.37686407566070557,3.0,12
3576,Interpolated_3264260,98.9222640991211,30.586750030517578,0.2941778004169464,0.6592012047767639,3.0,12
3577,Interpolated_3264263,98.92261505126953,30.58680534362793,0.0,0.383644163608551,3.0,12
3578,Interpolated_3264266,98.9229736328125,30.586862564086914,0.0,0.5025240778923035,3.0,12
3579,Interpolated_3264269,98.92332458496094,30.5869197845459,0.0,0.3239704370498657,3.0,12
3580,Interpolated_3264272,98.92365264892578,30.586971282958984,0.0,0.5213530659675598,3.0,12
3581,Interpolated_3264275,98.92396545410156,30.587020874023438,0.1810615062713623,0.6061962842941284,3.0,12
3582,Interpolated_3264278,98.92427062988281,30.58707046508789,0.0,0.38048607110977173,3.0,12
3583,Interpolated_3264281,98.92463684082031,30.587127685546875,0.0,0.32272303104400635,3.0,12
3584,Interpolated_3264284,98.92505645751953,30.587194442749023,0.29145699739456177,0.6579262614250183,3.0,12
3585,Interpolated_3264287,98.92548370361328,30.587261199951172,0.004865804221481085,0.5236331224441528,3.0,12
3586,Interpolated_3264290,98.92582702636719,30.587316513061523,0.10295208543539047,0.5695951581001282,3.0,12
3587,Interpolated_3264293,98.92618560791016,30.587373733520508,0.12246426939964294,0.5787383317947388,3.0,12
3588,Interpolated_3264296,98.92660522460938,30.587440490722656,0.0,0.4481327533721924,3.0,12
3589,Interpolated_3264299,98.92696380615234,30.58749771118164,0.02512160688638687,0.5331247448921204,3.0,12
3590,Interpolated_3264302,98.9273452758789,30.587556838989258,0.1032184436917305,0.5697199702262878,3.0,12
3591,Interpolated_3264305,98.92770385742188,30.587614059448242,0.0,0.3720991015434265,3.0,12
3592,Interpolated_3264308,98.92799377441406,30.58765983581543,0.02342500537633896,0.5323297381401062,3.0,12
3593,Interpolated_3264311,98.92825317382812,30.58770179748535,0.0,0.3692302703857422,3.0,12
3594,Interpolated_3264314,98.92855072021484,30.587749481201172,0.0,0.3100548982620239,3.0,12
3595,Interpolated_3264317,98.9289779663086,30.58781623840332,0.20846445858478546,0.6190369725227356,3.0,12
3596,Interpolated_3264320,98.9294662475586,30.587894439697266,0.07284586876630783,0.5554877519607544,3.0,12
3597,Interpolated_3264323,98.92986297607422,30.58795738220215,0.12072251737117767,0.5779221653938293,3.0,12
3598,Interpolated_3264326,98.93026733398438,30.58802032470703,0.09039764106273651,0.5637122988700867,3.0,12
3599,Interpolated_3264329,98.93070983886719,30.588090896606445,0.0,0.4561275243759155,3.0,12
3600,Interpolated_3264332,98.93111419677734,30.58815574645996,0.0,0.37012094259262085,3.0,12
3601,Interpolated_3264335,98.93144226074219,30.588207244873047,0.1258610337972641,0.5803300142288208,3.0,12
3602,Interpolated_3264338,98.93173217773438,30.588253021240234,0.9928656816482544,0.9865978360176086,3.0,12
3603,Interpolated_3264341,98.93205261230469,30.58830451965332,0.0,0.4329340159893036,3.0,12
3604,Interpolated_3264344,98.93235778808594,30.58835220336914,0.0,0.322258323431015,3.0,12
3605,Interpolated_3264347,98.9326400756836,30.588397979736328,0.0,0.4219015836715698,3.0,12
3606,Interpolated_3264350,98.93291473388672,30.588441848754883,0.21436427533626556,0.6218015551567078,3.0,12
3607,Interpolated_3264353,98.93317413330078,30.588483810424805,0.0,0.4946898818016052,3.0,12
3608,Interpolated_3264356,98.93344116210938,30.588525772094727,0.6917355060577393,0.845491886138916,3.0,12
3609,Interpolated_3264359,98.9337158203125,30.58856773376465,0.09154435247182846,0.5642496347427368,3.0,12
3610,Interpolated_3264362,98.93401336669922,30.58861541748047,0.0891987755894661,0.5631505250930786,3.0,12
3611,Interpolated_3264365,98.9343032836914,30.58866310119629,0.0,0.35218578577041626,3.0,12
3612,Interpolated_3264368,98.93463897705078,30.588716506958008,0.16408176720142365,0.5982397794723511,3.0,12
3613,Interpolated_3264371,98.93497467041016,30.588768005371094,0.0,0.26660263538360596,3.0,12
3614,Interpolated_3264374,98.93525695800781,30.58881378173828,0.0,0.4605635404586792,3.0,12
3615,Interpolated_3264377,98.93556213378906,30.588863372802734,0.057432591915130615,0.548265278339386,3.0,12
3616,Interpolated_3266920,98.91851806640625,30.586284637451172,0.0,0.4632163643836975,3.0,12
3617,Interpolated_3266938,98.92094421386719,30.586668014526367,0.0,0.4288840889930725,3.0,12
3618,Interpolated_3266941,98.92125701904297,30.586719512939453,0.0,0.3624650537967682,3.0,12
3619,Interpolated_3266944,98.92161560058594,30.586774826049805,0.0,0.4766775369644165,3.0,12
3620,Interpolated_3266947,98.92195129394531,30.586828231811523,0.6978653073310852,0.8483642339706421,3.0,12
3621,Interpolated_3266950,98.92230987548828,30.586885452270508,0.04642312601208687,0.5431063771247864,3.0,12
3622,Interpolated_3266953,98.92263793945312,30.586936950683594,0.0999528244137764,0.5681897401809692,3.0,12
3623,Interpolated_3266956,98.9229965209961,30.586994171142578,0.0,0.3275548219680786,3.0,12
3624,Interpolated_3266959,98.92334747314453,30.587051391601562,0.20187228918075562,0.615947961807251,3.0,12
3625,Interpolated_3266962,98.92367553710938,30.58710289001465,0.10323116183280945,0.5697259306907654,3.0,12
3626,Interpolated_3266965,98.92398071289062,30.58715057373047,0.11731646209955215,0.5763261318206787,3.0,12
3627,Interpolated_3266968,98.92430114746094,30.587202072143555,0.0,0.4871627688407898,3.0,12
3628,Interpolated_3266971,98.92466735839844,30.587261199951172,0.0,0.45946747064590454,3.0,12
3629,Interpolated_3266974,98.92509460449219,30.58732795715332,0.0,0.5011753439903259,3.0,12
3630,Interpolated_3266977,98.92552185058594,30.5873966217041,0.00495179183781147,0.523673415184021,3.0,12
3631,Interpolated_3266980,98.9259033203125,30.58745574951172,0.004865804221481085,0.5236331224441528,3.0,12
3632,Interpolated_3266983,98.92626953125,30.587514877319336,0.12246426939964294,0.5787383317947388,3.0,12
3633,Interpolated_3266986,98.92665100097656,30.587575912475586,0.0,0.5117045640945435,3.0,12
3634,Interpolated_3266989,98.92700958251953,30.587631225585938,0.0,0.25775229930877686,3.0,12
3635,Interpolated_3266992,98.92738342285156,30.587690353393555,0.10456829518079758,0.5703524947166443,3.0,12
3636,Interpolated_3266995,98.92770385742188,30.58774185180664,0.0,0.28101131319999695,3.0,12
3637,Interpolated_3266998,98.927978515625,30.587785720825195,0.0,0.27788105607032776,3.0,12
3638,Interpolated_3267001,98.92823791503906,30.587827682495117,0.0,0.3282637894153595,3.0,12
3639,Interpolated_3267004,98.92857360839844,30.587881088256836,0.0,0.3596465587615967,3.0,12
3640,Interpolated_3267007,98.92903900146484,30.587953567504883,0.09349217265844345,0.5651623606681824,3.0,12
3641,Interpolated_3267010,98.92955780029297,30.588037490844727,0.06864506751298904,0.5535193085670471,3.0,12
3642,Interpolated_3267013,98.9299545288086,30.588098526000977,0.0,0.363075315952301,3.0,12
3643,Interpolated_3267016,98.93032836914062,30.588159561157227,0.17821285128593445,0.6048614382743835,3.0,12
3644,Interpolated_3267019,98.93077087402344,30.588228225708008,0.0,0.4570465087890625,3.0,12
3645,Interpolated_3267022,98.93115234375,30.588289260864258,0.0,0.36046552658081055,3.0,12
3646,Interpolated_3267025,98.93146514892578,30.58833885192871,0.0,0.3797933757305145,3.0,12
3647,Interpolated_3267028,98.93175506591797,30.58838653564453,0.1253458708524704,0.5800886154174805,3.0,12
3648,Interpolated_3267031,98.93207550048828,30.588436126708984,0.0,0.48323899507522583,3.0,12
3649,Interpolated_3267034,98.932373046875,30.588483810424805,0.23200178146362305,0.6300662755966187,3.0,12
3650,Interpolated_3267037,98.93265533447266,30.58852767944336,0.0,0.46922361850738525,3.0,12
3651,Interpolated_3267040,98.93292999267578,30.588571548461914,0.0,0.42243266105651855,3.0,12
3652,Interpolated_3267043,98.93321990966797,30.588619232177734,0.0,0.1396627426147461,2.0,12
3653,Interpolated_3267046,98.93346405029297,30.58865737915039,0.20940281450748444,0.6194766759872437,3.0,12
3654,Interpolated_3267049,98.93374633789062,30.588701248168945,0.0,0.4868934750556946,3.0,12
3655,Interpolated_3267052,98.93404388427734,30.588748931884766,0.0,0.4202713966369629,3.0,12
3656,Interpolated_3267055,98.93436431884766,30.58880043029785,0.0,0.2728287875652313,2.0,12
3657,Interpolated_3267058,98.9347152709961,30.588855743408203,0.9422098398208618,0.9628611207008362,3.0,12
3658,Interpolated_3267061,98.9350357055664,30.588905334472656,0.0,0.48823559284210205,3.0,12
3659,Interpolated_3267064,98.93531799316406,30.588951110839844,0.0,0.40210890769958496,3.0,12
3660,Interpolated_3267067,98.93562316894531,30.588998794555664,0.0,0.3332361578941345,3.0,12
3661,Interpolated_3269623,98.92041778564453,30.586711883544922,0.0,0.1800895482301712,2.0,12
3662,Interpolated_3269628,98.92097473144531,30.586801528930664,0.0,0.2668026089668274,3.0,12
3663,Interpolated_3269631,98.9212875366211,30.586851119995117,0.04347003623843193,0.5417225956916809,3.0,12
3664,Interpolated_3269634,98.9216537475586,30.5869083404541,0.0,0.2776064872741699,3.0,12
3665,Interpolated_3269637,98.92200469970703,30.586965560913086,0.5710265636444092,0.7889291644096375,3.0,12
3666,Interpolated_3269640,98.92235565185547,30.587020874023438,0.0,0.4681689739227295,3.0,12
3667,Interpolated_3269643,98.92266845703125,30.58707046508789,0.08169788122177124,0.5596356987953186,3.0,12
3668,Interpolated_3269646,98.92301940917969,30.587125778198242,0.0,0.46823394298553467,3.0,12
3669,Interpolated_3269649,98.92337799072266,30.587182998657227,0.01808932237327099,0.5298295021057129,3.0,12
3670,Interpolated_3269652,98.92371368408203,30.587236404418945,0.02512160688638687,0.5331247448921204,3.0,12
3671,Interpolated_3269655,98.92401123046875,30.587284088134766,0.004865804221481085,0.5236331224441528,3.0,12
3672,Interpolated_3269658,98.92432403564453,30.58733367919922,0.0,0.34002208709716797,3.0,12
3673,Interpolated_3269661,98.9247055053711,30.58739471435547,0.0,0.2877321243286133,3.0,12
3674,Interpolated_3269664,98.92511749267578,30.587459564208984,0.0,0.46792203187942505,3.0,12
3675,Interpolated_3269667,98.9255599975586,30.5875301361084,0.20941287279129028,0.6194813847541809,3.0,12
3676,Interpolated_3269670,98.92595672607422,30.58759307861328,0.004865804221481085,0.5236331224441528,3.0,12
3677,Interpolated_3269673,98.92632293701172,30.587650299072266,0.0064512318931519985,0.5243760347366333,3.0,12
3678,Interpolated_3269676,98.92668914794922,30.587709426879883,0.12245753407478333,0.5787351727485657,3.0,12
3679,Interpolated_3269679,98.92703247070312,30.587764739990234,0.0,0.25775229930877686,3.0,12
3680,Interpolated_3269682,98.92739868164062,30.58782196044922,0.19664078950881958,0.6134965419769287,3.0,12
3681,Interpolated_3269685,98.92769622802734,30.58786964416504,0.09793224185705185,0.5672429203987122,3.0,12
3682,Interpolated_3269688,98.92794799804688,30.587909698486328,0.05413682386279106,0.5467209219932556,3.0,12
3683,Interpolated_3269691,98.92823028564453,30.587953567504883,0.0,0.4173848032951355,3.0,12
3684,Interpolated_3269694,98.92861938476562,30.588016510009766,0.0,0.33965033292770386,3.0,12
3685,Interpolated_3269697,98.92910766601562,30.588092803955078,0.08739825338125229,0.562306821346283,3.0,12
3686,Interpolated_3269700,98.92963409423828,30.588176727294922,0.09193358570337296,0.5644320249557495,3.0,12
3687,Interpolated_3269703,98.93002319335938,30.588237762451172,0.0,0.3620964586734772,3.0,12
3688,Interpolated_3269706,98.93038177490234,30.588294982910156,0.21331168711185455,0.6213083267211914,3.0,12
3689,Interpolated_3269709,98.93081665039062,30.588363647460938,0.0,0.47106629610061646,3.0,12
3690,Interpolated_3269712,98.9311752319336,30.588420867919922,0.0,0.37937289476394653,3.0,12
3691,Interpolated_3269715,98.93148040771484,30.588470458984375,0.20360031723976135,0.6167576909065247,3.0,12
3692,Interpolated_3269718,98.93177795410156,30.588518142700195,0.9764799475669861,0.9789196848869324,3.0,12
3693,Interpolated_3269721,98.93208312988281,30.588565826416016,0.0,0.4845588803291321,3.0,12
3694,Interpolated_3269724,98.93238830566406,30.588613510131836,0.0,0.4880014657974243,3.0,12
3695,Interpolated_3269727,98.93265533447266,30.588655471801758,0.09404321014881134,0.5654205679893494,3.0,12
3696,Interpolated_3269730,98.9329605102539,30.58870506286621,0.0,0.4467856287956238,3.0,12
3697,Interpolated_3269733,98.9332504272461,30.5887508392334,0.0977049320936203,0.5671364068984985,3.0,12
3698,Interpolated_3269736,98.93348693847656,30.588788986206055,0.0,0.4700685143470764,3.0,12
3699,Interpolated_3269739,98.93378448486328,30.588836669921875,0.0,0.32802581787109375,3.0,12
3700,Interpolated_3269742,98.93409729003906,30.588884353637695,0.42022162675857544,0.7182638049125671,3.0,12
3701,Interpolated_3269745,98.93443298339844,30.588939666748047,0.0,0.49095618724823,3.0,12
3702,Interpolated_3269748,98.93477630615234,30.588993072509766,0.15900646150112152,0.595861554145813,3.0,12
3703,Interpolated_3269751,98.9350814819336,30.589040756225586,0.0,0.2962067127227783,3.0,12
3704,Interpolated_3269754,98.93537139892578,30.589088439941406,0.0,0.44720369577407837,3.0,12
3705,Interpolated_3272273,98.91577911376953,30.586105346679688,0.0,0.3484746813774109,3.0,12
3706,Interpolated_3272294,98.91790771484375,30.586442947387695,0.0,0.33207595348358154,3.0,12
3707,Interpolated_3272316,98.92079162597656,30.58690071105957,0.05645352974534035,0.5478065013885498,3.0,12
3708,Interpolated_3272319,98.92109680175781,30.586950302124023,0.0,0.34919238090515137,3.0,12
3709,Interpolated_3272322,98.92144012451172,30.587003707885742,0.0,0.3513808250427246,3.0,12
3710,Interpolated_3272325,98.92182159423828,30.587064743041992,0.0,0.16596966981887817,2.0,12
3711,Interpolated_3272328,98.92218780517578,30.587121963500977,0.0,0.4503013491630554,3.0,12
3712,Interpolated_3272331,98.92249298095703,30.58717155456543,0.0,0.4685550332069397,3.0,12
3713,Interpolated_3272334,98.92281341552734,30.587221145629883,0.020855680108070374,0.5311257839202881,3.0,12
3714,Interpolated_3272337,98.92317199707031,30.587278366088867,0.12411953508853912,0.5795139670372009,3.0,12
3715,Interpolated_3272340,98.92353820800781,30.587337493896484,0.0,0.2616298794746399,3.0,12
3716,Interpolated_3272343,98.9238510131836,30.587387084960938,0.032072991132736206,0.5363820791244507,3.0,12
3717,Interpolated_3272346,98.92414093017578,30.587432861328125,0.02371286042034626,0.5324646234512329,3.0,12
3718,Interpolated_3272350,98.92462158203125,30.587509155273438,0.0,0.48834943771362305,3.0,12
3719,Interpolated_3272353,98.92501068115234,30.587570190429688,0.0003345375298522413,0.5215098261833191,3.0,12
3720,Interpolated_3272356,98.9254379272461,30.58763885498047,0.31488150358200073,0.6689026951789856,3.0,12
3721,Interpolated_3272359,98.92586517333984,30.587705612182617,0.19664078950881958,0.6134965419769287,3.0,12
3722,Interpolated_3272362,98.92622375488281,30.5877628326416,0.0,0.32155388593673706,3.0,12
3723,Interpolated_3272365,98.92658233642578,30.587820053100586,0.0,0.46823394298553467,3.0,12
3724,Interpolated_3272368,98.92693328857422,30.587875366210938,0.0,0.5106375217437744,3.0,12
3725,Interpolated_3272371,98.92728424072266,30.58793067932129,0.20307064056396484,0.6165094971656799,3.0,12
3726,Interpolated_3272374,98.9275894165039,30.587980270385742,0.12480234354734421,0.5798339247703552,3.0,12
3727,Interpolated_3272377,98.92784881591797,30.58802032470703,0.0,0.42461955547332764,3.0,12
3728,Interpolated_3272380,98.9281234741211,30.58806610107422,0.11320152878761292,0.5743979215621948,3.0,12
3729,Interpolated_3272383,98.92851257324219,30.58812713623047,0.10215950012207031,0.5692237615585327,3.0,12
3730,Interpolated_3272386,98.92900085449219,30.588205337524414,0.0,0.5153359174728394,3.0,12
3731,Interpolated_3272389,98.92955017089844,30.58829116821289,0.06634896993637085,0.5524433851242065,3.0,12
3732,Interpolated_3272392,98.92996978759766,30.58835792541504,0.062079355120658875,0.5504426956176758,3.0,12
3733,Interpolated_3272395,98.93030548095703,30.588411331176758,0.20386692881584167,0.6168826222419739,3.0,12
3734,Interpolated_3272398,98.93071746826172,30.588476181030273,0.0,0.41705387830734253,3.0,12
3735,Interpolated_3272401,98.93108367919922,30.58853530883789,0.0,0.42993593215942383,3.0,12
3736,Interpolated_3272404,98.93138885498047,30.58858299255371,0.292639821767807,0.6584805250167847,3.0,12
3737,Interpolated_3272407,98.93169403076172,30.588632583618164,0.6004130840301514,0.8026993274688721,3.0,12
3738,Interpolated_3272410,98.9319839477539,30.58867835998535,0.21150709688663483,0.6204627156257629,3.0,12
3739,Interpolated_3272413,98.93231201171875,30.588729858398438,0.09361390769481659,0.5652194023132324,3.0,12
3740,Interpolated_3272416,98.93257904052734,30.58877182006836,0.4012908935546875,0.7093930840492249,3.0,12
3741,Interpolated_3272419,98.93286895751953,30.588817596435547,0.0,0.37126588821411133,3.0,12
3742,Interpolated_3272422,98.93318939208984,30.588869094848633,0.0,0.3441704511642456,3.0,12
3743,Interpolated_3272425,98.93342590332031,30.58890724182129,0.0,0.5203311443328857,3.0,12
3744,Interpolated_3272428,98.93372344970703,30.58895492553711,0.0,0.3857133984565735,3.0,12
3745,Interpolated_3272431,98.93402862548828,30.58900260925293,0.06320851296186447,0.5509718060493469,3.0,12
3746,Interpolated_3272434,98.93438720703125,30.589059829711914,0.0,0.39601874351501465,3.0,12
3747,Interpolated_3272437,98.93472290039062,30.589113235473633,0.0,0.28591305017471313,3.0,12
3748,Interpolated_3272440,98.93501281738281,30.58915901184082,0.0,0.4473385810852051,3.0,12
3749,Interpolated_3272443,98.93531799316406,30.589208602905273,0.0,0.35943251848220825,3.0,12
3750,Interpolated_3274963,98.91577911376953,30.586233139038086,0.12896396219730377,0.5817840099334717,3.0,12
3751,Interpolated_3274973,98.91693115234375,30.586414337158203,0.0,0.4980872869491577,3.0,12
3752,Interpolated_3274981,98.9176254272461,30.58652687072754,0.0,0.49575233459472656,3.0,12
3753,Interpolated_3275004,98.92058563232422,30.58699607849121,0.0,0.5052463412284851,3.0,12
3754,Interpolated_3275007,98.9209213256836,30.58704948425293,0.0,0.25870150327682495,3.0,12
3755,Interpolated_3275010,98.92124938964844,30.587100982666016,0.0,0.26189789175987244,2.0,12
3756,Interpolated_3275013,98.92161560058594,30.587158203125,0.0,0.2620811462402344,3.0,12
3757,Interpolated_3275016,98.9220199584961,30.587223052978516,0.0,0.281846284866333,3.0,12
3758,Interpolated_3275019,98.92233276367188,30.5872745513916,0.17436642944812775,0.6030590534210205,3.0,12
3759,Interpolated_3275022,98.9226303100586,30.58732032775879,0.0,0.3022643029689789,3.0,12
3760,Interpolated_3275025,98.9229736328125,30.58737564086914,0.0,0.26203906536102295,3.0,12
3761,Interpolated_3275028,98.92333984375,30.587432861328125,0.0,0.5067449808120728,3.0,12
3762,Interpolated_3275031,98.9236831665039,30.587488174438477,0.0,0.5122678279876709,3.0,12
3763,Interpolated_3275034,98.92398071289062,30.587535858154297,0.18860501050949097,0.6097310781478882,3.0,12
3764,Interpolated_3275037,98.92428588867188,30.587583541870117,0.0,0.5213530659675598,3.0,12
3765,Interpolated_3275040,98.9246597290039,30.587642669677734,0.1870679259300232,0.6090108156204224,3.0,12
3766,Interpolated_3275043,98.92503356933594,30.58770179748535,0.004865804221481085,0.5236331224441528,3.0,12
3767,Interpolated_3275046,98.92546081542969,30.587770462036133,0.07783035188913345,0.5578234195709229,3.0,12
3768,Interpolated_3275049,98.92587280273438,30.58783531188965,0.19664078950881958,0.6134965419769287,3.0,12
3769,Interpolated_3275052,98.92623138427734,30.587892532348633,0.0,0.3283543288707733,3.0,12
3770,Interpolated_3275055,98.92657470703125,30.587947845458984,0.07783035188913345,0.5578234195709229,3.0,12
3771,Interpolated_3275058,98.92693328857422,30.588003158569336,0.0,0.4248370826244354,3.0,12
3772,Interpolated_3275061,98.92727661132812,30.588058471679688,0.20767810940742493,0.6186684966087341,3.0,12
3773,Interpolated_3275064,98.92757415771484,30.588106155395508,0.10583088546991348,0.5709441304206848,3.0,12
3774,Interpolated_3275067,98.92782592773438,30.588146209716797,0.0,0.3811779320240021,3.0,12
3775,Interpolated_3275070,98.92813110351562,30.588193893432617,0.19485603272914886,0.6126602292060852,3.0,12
3776,Interpolated_3275073,98.92855072021484,30.588260650634766,0.10707732290029526,0.5715281963348389,3.0,12
3777,Interpolated_3275076,98.92906188964844,30.588342666625977,0.17907170951366425,0.605263888835907,3.0,12
3778,Interpolated_3275079,98.92961120605469,30.588428497314453,0.0773812010884285,0.557612955570221,3.0,12
3779,Interpolated_3275082,98.93000793457031,30.588491439819336,0.06750751286745071,0.5529862642288208,3.0,12
3780,Interpolated_3275085,98.93034362792969,30.588544845581055,0.0,0.428714394569397,3.0,12
3781,Interpolated_3275088,98.93074035644531,30.588607788085938,0.0,0.4163098931312561,3.0,12
3782,Interpolated_3275091,98.93109130859375,30.58866310119629,0.0,0.36002063751220703,3.0,12
3783,Interpolated_3275094,98.93140411376953,30.588712692260742,0.08485729247331619,0.5611161589622498,3.0,12
3784,Interpolated_3275097,98.93170928955078,30.588762283325195,0.8944380283355713,0.9404758214950562,3.0,12
3785,Interpolated_3275100,98.93199920654297,30.588808059692383,0.07849306613206863,0.5581339597702026,3.0,12
3786,Interpolated_3275103,98.93232727050781,30.58885955810547,0.4115961790084839,0.7142220139503479,3.0,12
3787,Interpolated_3275106,98.93260192871094,30.588903427124023,0.3464193344116211,0.6836809515953064,3.0,12
3788,Interpolated_3275109,98.9328842163086,30.58894920349121,0.0,0.3593626618385315,3.0,12
3789,Interpolated_3275112,98.93318939208984,30.58899688720703,0.8358729481697083,0.9130329489707947,3.0,12
3790,Interpolated_3275115,98.93346405029297,30.589040756225586,0.8090677261352539,0.9004723429679871,3.0,12
3791,Interpolated_3275118,98.93376922607422,30.589088439941406,0.0,0.36939340829849243,3.0,12
3792,Interpolated_3275121,98.93409729003906,30.589141845703125,0.0,0.4945163130760193,3.0,12
3793,Interpolated_3275124,98.9344482421875,30.589197158813477,0.0,0.43730926513671875,3.0,12
3794,Interpolated_3275127,98.93476104736328,30.58924674987793,0.0,0.4236072897911072,3.0,12
3795,Interpolated_3275130,98.93505096435547,30.589292526245117,0.0,0.13955172896385193,2.0,12
3796,Interpolated_3277646,98.91497039794922,30.586231231689453,0.4170702397823334,0.7167870998382568,3.0,12
3797,Interpolated_3277658,98.91642761230469,30.586462020874023,0.0,0.5140790939331055,3.0,12
3798,Interpolated_3277664,98.91704559326172,30.58656120300293,0.20760026574134827,0.6186320185661316,3.0,12
3799,Interpolated_3277668,98.9173812866211,30.58661460876465,0.0,0.5192278623580933,3.0,12
3800,Interpolated_3277692,98.92035675048828,30.587087631225586,0.0,0.17035380005836487,2.0,12
3801,Interpolated_3277696,98.92082977294922,30.5871639251709,0.0,0.2774193584918976,3.0,12
3802,Interpolated_3277699,98.92115020751953,30.58721351623535,0.0,0.4787219166755676,3.0,12
3803,Interpolated_3277702,98.92151641845703,30.587270736694336,0.0,0.5028804540634155,3.0,12
3804,Interpolated_3277705,98.92193603515625,30.587337493896484,0.0,0.34558331966400146,3.0,12
3805,Interpolated_3277708,98.92228698730469,30.587392807006836,0.2138068825006485,0.621540367603302,3.0,12
3806,Interpolated_3277711,98.92256164550781,30.587438583374023,0.0,0.37347427010536194,3.0,12
3807,Interpolated_3277714,98.92290496826172,30.587491989135742,0.0,0.4624475836753845,3.0,12
3808,Interpolated_3277717,98.92325592041016,30.587547302246094,0.0,0.5042406320571899,3.0,12
3809,Interpolated_3277720,98.92359924316406,30.587602615356445,0.04460810124874115,0.5422558784484863,3.0,12
3810,Interpolated_3277723,98.92390441894531,30.587650299072266,0.012957796454429626,0.5274249315261841,3.0,12
3811,Interpolated_3277726,98.9242172241211,30.58769989013672,0.0,0.47831881046295166,3.0,12
3812,Interpolated_3277729,98.92456817626953,30.587757110595703,0.10295208543539047,0.5695951581001282,3.0,12
3813,Interpolated_3277732,98.92493438720703,30.587814331054688,0.0,0.4871627688407898,3.0,12
3814,Interpolated_3277735,98.92533874511719,30.587879180908203,0.0,0.4168128967285156,3.0,12
3815,Interpolated_3277738,98.92574310302734,30.587942123413086,0.0,0.2572762668132782,3.0,12
3816,Interpolated_3277741,98.92610931396484,30.588001251220703,0.02342500537633896,0.5323297381401062,3.0,12
3817,Interpolated_3277744,98.92646026611328,30.588056564331055,0.10323116183280945,0.5697259306907654,3.0,12
3818,Interpolated_3277747,98.92680358886719,30.588109970092773,0.2117578089237213,0.6205801963806152,3.0,12
3819,Interpolated_3277750,98.92715454101562,30.588167190551758,0.2117578089237213,0.6205801963806152,3.0,12
3820,Interpolated_3277754,98.92755126953125,30.58823013305664,0.02144881710410118,0.5314037203788757,3.0,12
3821,Interpolated_3277757,98.92782592773438,30.588274002075195,0.0064512318931519985,0.5243760347366333,3.0,12
3822,Interpolated_3277760,98.92813873291016,30.58832359313965,0.10007277131080627,0.5682459473609924,3.0,12
3823,Interpolated_3277763,98.92859649658203,30.588396072387695,0.021265903487801552,0.5313180088996887,3.0,12
3824,Interpolated_3277766,98.92912292480469,30.58847999572754,0.0,0.5101228356361389,3.0,12
3825,Interpolated_3277769,98.92965698242188,30.588563919067383,0.06750751286745071,0.5529862642288208,3.0,12
3826,Interpolated_3277772,98.93003845214844,30.588624954223633,0.19856202602386475,0.6143968105316162,3.0,12
3827,Interpolated_3277775,98.93038177490234,30.58867835998535,0.0,0.3818346858024597,3.0,12
3828,Interpolated_3277778,98.93077087402344,30.5887393951416,0.0,0.46940553188323975,3.0,12
3829,Interpolated_3277781,98.93110656738281,30.58879280090332,0.0,0.4225163161754608,3.0,12
3830,Interpolated_3277784,98.9314193725586,30.588844299316406,0.0,0.4483630061149597,3.0,12
3831,Interpolated_3277787,98.93171691894531,30.588891983032227,0.12292957305908203,0.5789563655853271,3.0,12
3832,Interpolated_3277790,98.93201446533203,30.588939666748047,0.18268612027168274,0.6069575548171997,3.0,12
3833,Interpolated_3277793,98.93234252929688,30.588991165161133,0.7308230996131897,0.8638078570365906,3.0,12
3834,Interpolated_3277796,98.93262481689453,30.589035034179688,0.9928656816482544,0.9865978360176086,3.0,12
3835,Interpolated_3277799,98.93291473388672,30.589082717895508,0.0,0.35911208391189575,3.0,12
3836,Interpolated_3277802,98.93321228027344,30.589128494262695,0.0,0.4151790738105774,3.0,12
3837,Interpolated_3277805,98.93348693847656,30.58917236328125,0.0,0.42207396030426025,3.0,12
3838,Interpolated_3277808,98.93380737304688,30.589223861694336,0.0,0.2853110134601593,3.0,12
3839,Interpolated_3277811,98.93417358398438,30.58928108215332,0.3527475893497467,0.6866462826728821,3.0,12
3840,Interpolated_3277814,98.93450927734375,30.58933448791504,0.0,0.4109657108783722,3.0,12
3841,Interpolated_3277817,98.93479919433594,30.589380264282227,0.3254634439945221,0.6738612651824951,3.0,12
3842,Interpolated_3277820,98.93511199951172,30.589431762695312,0.0,0.4086269736289978,3.0,12
3843,Interpolated_3280337,98.91510009765625,30.586380004882812,0.0,0.3061937093734741,3.0,12
3844,Interpolated_3280342,98.91569519042969,30.586475372314453,0.3018641769886017,0.6628029346466064,3.0,12
3845,Interpolated_3280347,98.91633605957031,30.586576461791992,0.0,0.18506917357444763,2.0,12
3846,Interpolated_3280351,98.91679382324219,30.58664894104004,0.0,0.36601781845092773,3.0,12
3847,Interpolated_3280355,98.91715240478516,30.586706161499023,0.9163377285003662,0.9507377743721008,3.0,12
3848,Interpolated_3280358,98.91738891601562,30.58674430847168,0.0,0.37133702635765076,3.0,12
3849,Interpolated_3280364,98.91795349121094,30.586833953857422,0.27333447337150574,0.6494342684745789,3.0,12
3850,Interpolated_3280369,98.91854858398438,30.58692741394043,0.2630382180213928,0.6446095705032349,3.0,12
3851,Interpolated_3280387,98.92095947265625,30.587310791015625,0.0,0.3537105321884155,3.0,12
3852,Interpolated_3280390,98.92127990722656,30.58736228942871,0.0,0.37409842014312744,3.0,12
3853,Interpolated_3280393,98.92169189453125,30.587427139282227,0.0,0.47958242893218994,3.0,12
3854,Interpolated_3280396,98.92210388183594,30.587493896484375,0.2941778004169464,0.6592012047767639,3.0,12
3855,Interpolated_3280399,98.92241668701172,30.587543487548828,0.036735910922288895,0.538567066192627,3.0,12
3856,Interpolated_3280402,98.92272186279297,30.58759117126465,0.0,0.4987616539001465,3.0,12
3857,Interpolated_3280405,98.92304992675781,30.587644577026367,0.0,0.36294806003570557,3.0,12
3858,Interpolated_3280408,98.92340087890625,30.58769989013672,0.19103187322616577,0.6108682751655579,3.0,12
3859,Interpolated_3280411,98.9237289428711,30.587751388549805,0.08390329033136368,0.5606691241264343,3.0,12
3860,Interpolated_3280414,98.92402648925781,30.587797164916992,0.0,0.5110443830490112,3.0,12
3861,Interpolated_3280417,98.92436218261719,30.58785057067871,0.0,0.475483238697052,3.0,12
3862,Interpolated_3280420,98.92472076416016,30.587909698486328,0.1810615062713623,0.6061962842941284,3.0,12
3863,Interpolated_3280423,98.92509460449219,30.587966918945312,0.02512160688638687,0.5331247448921204,3.0,12
3864,Interpolated_3280426,98.92549133300781,30.588031768798828,0.0,0.2616162896156311,3.0,12
3865,Interpolated_3280429,98.9258804321289,30.588092803955078,0.0,0.2859962582588196,3.0,12
3866,Interpolated_3280432,98.92623901367188,30.588150024414062,0.09499289095401764,0.5658655762672424,3.0,12
3867,Interpolated_3280435,98.92658233642578,30.58820343017578,0.10707732290029526,0.5715281963348389,3.0,12
3868,Interpolated_3280438,98.92691040039062,30.5882568359375,0.10295208543539047,0.5695951581001282,3.0,12
3869,Interpolated_3280441,98.92725372314453,30.58831024169922,0.0,0.5162349343299866,3.0,12
3870,Interpolated_3280444,98.92753601074219,30.588356018066406,0.0,0.3831635117530823,3.0,12
3871,Interpolated_3280447,98.92781829833984,30.58839988708496,0.0,0.4062952399253845,3.0,12
3872,Interpolated_3280450,98.92816162109375,30.588455200195312,0.0,0.45833927392959595,3.0,12
3873,Interpolated_3280453,98.92863464355469,30.588529586791992,0.22792603075504303,0.6281564235687256,3.0,12
3874,Interpolated_3280456,98.92919921875,30.588619232177734,0.017162539064884186,0.5293952226638794,3.0,12
3875,Interpolated_3280459,98.92969512939453,30.58869743347168,0.06921416521072388,0.5537859797477722,3.0,12
3876,Interpolated_3280462,98.93006134033203,30.588756561279297,0.1215091198682785,0.5782907605171204,3.0,12
3877,Interpolated_3280465,98.93040466308594,30.58881187438965,0.0,0.3816491365432739,3.0,12
3878,Interpolated_3280468,98.93077850341797,30.588871002197266,0.2149888277053833,0.6220942139625549,3.0,12
3879,Interpolated_3280471,98.93111419677734,30.58892250061035,0.6945931911468506,0.8468309640884399,3.0,12
3880,Interpolated_3280474,98.93142700195312,30.588973999023438,0.0,0.5070496201515198,3.0,12
3881,Interpolated_3280477,98.93173217773438,30.589021682739258,0.0,0.5117793679237366,3.0,12
3882,Interpolated_3280480,98.93203735351562,30.589069366455078,0.010894221253693104,0.5264579653739929,3.0,12
3883,Interpolated_3280483,98.93235778808594,30.589120864868164,0.09353338927030563,0.5651816725730896,3.0,12
3884,Interpolated_3280486,98.93265533447266,30.589168548583984,0.7012652158737183,0.8499574065208435,3.0,12
3885,Interpolated_3280489,98.93295288085938,30.589216232299805,0.0059251305647194386,0.5241295099258423,3.0,12
3886,Interpolated_3280492,98.93324279785156,30.589262008666992,0.0,0.37844032049179077,3.0,12
3887,Interpolated_3280495,98.93353271484375,30.58930778503418,0.0,0.4216291904449463,3.0,12
3888,Interpolated_3280498,98.9338607788086,30.589359283447266,0.0,0.42208194732666016,3.0,12
3889,Interpolated_3280501,98.9342269897461,30.589418411254883,0.35954225063323975,0.6898301839828491,3.0,12
3890,Interpolated_3280504,98.93456268310547,30.5894718170166,0.0,0.24248048663139343,3.0,12
3891,Interpolated_3280507,98.93485260009766,30.58951759338379,0.0,0.4597933888435364,3.0,12
3892,Interpolated_3283026,98.91503143310547,30.586498260498047,0.21594932675361633,0.6225442886352539,3.0,12
3893,Interpolated_3283029,98.91535186767578,30.5865478515625,0.0,0.48410409688949585,3.0,12
3894,Interpolated_3283040,98.91671752929688,30.58676528930664,0.3387048840522766,0.6800660490989685,3.0,12
3895,Interpolated_3283044,98.9170913696289,30.586824417114258,0.5921693444252014,0.7988364100456238,3.0,12
3896,Interpolated_3283047,98.9173355102539,30.586862564086914,0.06261347234249115,0.5506929755210876,3.0,12
3897,Interpolated_3283057,98.91834259033203,30.587024688720703,0.0,0.3502374291419983,3.0,12
3898,Interpolated_3283075,98.9207534790039,30.587406158447266,0.0,0.5182849168777466,3.0,12
3899,Interpolated_3283079,98.92118072509766,30.587474822998047,0.2518745958805084,0.6393784284591675,3.0,12
3900,Interpolated_3283082,98.92156219482422,30.587535858154297,0.0,0.24650397896766663,3.0,12
3901,Interpolated_3283085,98.9219970703125,30.587604522705078,0.0,0.4502395987510681,3.0,12
3902,Interpolated_3283088,98.92234802246094,30.58765983581543,0.0,0.31376737356185913,3.0,12
3903,Interpolated_3283091,98.92265319824219,30.58770751953125,0.0,0.2318720668554306,3.0,12
3904,Interpolated_3283094,98.9229736328125,30.587759017944336,0.0,0.30233514308929443,3.0,12
3905,Interpolated_3283097,98.92330932617188,30.587812423706055,0.18942761421203613,0.6101165413856506,3.0,12
3906,Interpolated_3283100,98.92363739013672,30.58786392211914,0.16445496678352356,0.5984146595001221,3.0,12
3907,Interpolated_3283103,98.92394256591797,30.587913513183594,0.06350260227918625,0.5511096119880676,3.0,12
3908,Interpolated_3283106,98.92427062988281,30.58796501159668,0.1810615062713623,0.6061962842941284,3.0,12
3909,Interpolated_3283109,98.92463684082031,30.588024139404297,0.05229915678501129,0.5458598136901855,3.0,12
3910,Interpolated_3283112,98.92499542236328,30.58807945251465,0.021265903487801552,0.5313180088996887,3.0,12
3911,Interpolated_3283115,98.92537689208984,30.5881404876709,0.1810615062713623,0.6061962842941284,3.0,12
3912,Interpolated_3283118,98.92576599121094,30.58820152282715,0.0,0.3639172613620758,3.0,12
3913,Interpolated_3283121,98.92613220214844,30.588260650634766,0.10629389435052872,0.5711610913276672,3.0,12
3914,Interpolated_3283124,98.9264907836914,30.58831787109375,0.10707732290029526,0.5715281963348389,3.0,12
3915,Interpolated_3283127,98.92680358886719,30.588367462158203,0.11611518263816833,0.5757632255554199,3.0,12
3916,Interpolated_3283130,98.92713165283203,30.58841896057129,0.2283671498298645,0.6283631324768066,3.0,12
3917,Interpolated_3283133,98.92745208740234,30.588470458984375,0.18999214470386505,0.6103810667991638,3.0,12
3918,Interpolated_3283136,98.92772674560547,30.58851432800293,0.2283671498298645,0.6283631324768066,3.0,12
3919,Interpolated_3283139,98.92804718017578,30.588563919067383,0.010031547397375107,0.5260537266731262,3.0,12
3920,Interpolated_3283142,98.92852020263672,30.588640213012695,0.0,0.5213530659675598,3.0,12
3921,Interpolated_3283145,98.92906951904297,30.588727951049805,0.0,0.5026200413703918,3.0,12
3922,Interpolated_3283148,98.92958068847656,30.588808059692383,0.0,0.49926692247390747,3.0,12
3923,Interpolated_3283151,98.92997741699219,30.588871002197266,0.062079355120658875,0.5504426956176758,3.0,12
3924,Interpolated_3283154,98.93030548095703,30.58892250061035,0.2110936939716339,0.6202690005302429,3.0,12
3925,Interpolated_3283157,98.93067169189453,30.58898162841797,0.31448501348495483,0.6687169075012207,3.0,12
3926,Interpolated_3283160,98.9310073852539,30.589035034179688,0.21068258583545685,0.6200763583183289,3.0,12
3927,Interpolated_3283163,98.93135070800781,30.589088439941406,0.11568918824195862,0.5755636096000671,3.0,12
3928,Interpolated_3283166,98.93165588378906,30.58913803100586,0.0,0.41081172227859497,3.0,12
3929,Interpolated_3283169,98.93195343017578,30.589183807373047,0.0,0.4325505495071411,3.0,12
3930,Interpolated_3283172,98.9322738647461,30.589235305786133,0.09179048985242844,0.5643649697303772,3.0,12
3931,Interpolated_3283175,98.93257141113281,30.589282989501953,0.7043204307556152,0.8513890504837036,3.0,12
3932,Interpolated_3283178,98.93287658691406,30.589330673217773,0.0,0.3620964586734772,3.0,12
3933,Interpolated_3283181,98.93317413330078,30.589378356933594,0.0,0.4711024761199951,3.0,12
3934,Interpolated_3283184,98.9334716796875,30.589426040649414,0.1948009580373764,0.6126344203948975,3.0,12
3935,Interpolated_3283187,98.93380737304688,30.589479446411133,0.0,0.4660269618034363,3.0,12
3936,Interpolated_3283190,98.93417358398438,30.589536666870117,0.3782062530517578,0.6985759139060974,3.0,12
3937,Interpolated_3283193,98.93449401855469,30.589588165283203,0.21587300300598145,0.6225085258483887,3.0,12
3938,Interpolated_3283196,98.93479919433594,30.589637756347656,0.0,0.34520721435546875,3.0,12
3939,Interpolated_3285717,98.91517639160156,30.58664894104004,0.0,0.35303205251693726,3.0,12
3940,Interpolated_3285720,98.91551971435547,30.586702346801758,0.0,0.4133074879646301,3.0,12
3941,Interpolated_3285728,98.9165267944336,30.586862564086914,0.0,0.37146705389022827,3.0,12
3942,Interpolated_3285734,98.91709899902344,30.58695411682129,0.0,0.48124265670776367,3.0,12
3943,Interpolated_3285737,98.91735076904297,30.586994171142578,0.0,0.3628259301185608,3.0,12
3944,Interpolated_3285747,98.91840362548828,30.587162017822266,0.0,0.31956326961517334,3.0,12
3945,Interpolated_3285763,98.92049407958984,30.587493896484375,0.014651472680270672,0.5282185673713684,3.0,12
3946,Interpolated_3285767,98.92098999023438,30.58757209777832,0.0,0.5040223598480225,3.0,12
3947,Interpolated_3285770,98.92130279541016,30.587621688842773,0.0,0.3331484794616699,3.0,12
3948,Interpolated_3285773,98.92172241210938,30.587688446044922,0.0,0.38553404808044434,3.0,12
3949,Interpolated_3285776,98.92213439941406,30.587753295898438,0.17436642944812775,0.6030590534210205,3.0,12
3950,Interpolated_3285779,98.9224624633789,30.587804794311523,0.0,0.2376558482646942,3.0,12
3951,Interpolated_3285782,98.92278289794922,30.58785629272461,0.2050500214099884,0.6174370050430298,3.0,12
3952,Interpolated_3285785,98.92310333251953,30.587907791137695,0.0,0.318835973739624,3.0,12
3953,Interpolated_3285788,98.92343139648438,30.58795928955078,0.0,0.48650264739990234,3.0,12
3954,Interpolated_3285791,98.92375946044922,30.5880126953125,0.0,0.49392372369766235,3.0,12
3955,Interpolated_3285794,98.924072265625,30.58806037902832,0.2888277471065521,0.656694233417511,3.0,12
3956,Interpolated_3285797,98.9244155883789,30.588115692138672,0.08390329033136368,0.5606691241264343,3.0,12
3957,Interpolated_3285800,98.92477416992188,30.588172912597656,0.02342500537633896,0.5323297381401062,3.0,12
3958,Interpolated_3285803,98.92514038085938,30.58823013305664,0.1849076747894287,0.6079985499382019,3.0,12
3959,Interpolated_3285806,98.92552947998047,30.588293075561523,0.1833350956439972,0.6072616577148438,3.0,12
3960,Interpolated_3285809,98.92589569091797,30.58835220336914,0.0,0.36866194009780884,3.0,12
3961,Interpolated_3285812,98.92626953125,30.588409423828125,0.0,0.322189062833786,3.0,12
3962,Interpolated_3285815,98.9266128540039,30.588464736938477,0.11111925542354584,0.5734221935272217,3.0,12
3963,Interpolated_3285818,98.92691802978516,30.58851432800293,0.12245753407478333,0.5787351727485657,3.0,12
3964,Interpolated_3285821,98.92723846435547,30.588563919067383,0.0,0.4173848032951355,3.0,12
3965,Interpolated_3285824,98.92754364013672,30.588611602783203,0.0,0.40635013580322266,3.0,12
3966,Interpolated_3285827,98.9278335571289,30.588659286499023,0.02342500537633896,0.5323297381401062,3.0,12
3967,Interpolated_3285830,98.92823028564453,30.588722229003906,0.08291023224592209,0.5602037906646729,3.0,12
3968,Interpolated_3285833,98.92875671386719,30.58880615234375,0.1849076747894287,0.6079985499382019,3.0,12
3969,Interpolated_3285836,98.92930603027344,30.588891983032227,0.06864506751298904,0.5535193085670471,3.0,12
3970,Interpolated_3285839,98.92975616455078,30.588964462280273,0.06750751286745071,0.5529862642288208,3.0,12
3971,Interpolated_3285842,98.93010711669922,30.589019775390625,0.0,0.2916284203529358,3.0,12
3972,Interpolated_3285845,98.9304428100586,30.589073181152344,0.0,0.4858183264732361,3.0,12
3973,Interpolated_3285848,98.93080139160156,30.589130401611328,0.21349728107452393,0.6213952898979187,3.0,12
3974,Interpolated_3285851,98.93114471435547,30.589183807373047,0.0,0.5126858353614807,3.0,12
3975,Interpolated_3285854,98.93147277832031,30.589235305786133,0.0,0.44985413551330566,3.0,12
3976,Interpolated_3285857,98.93177032470703,30.589284896850586,0.0,0.462554931640625,3.0,12
3977,Interpolated_3285860,98.93209075927734,30.58933448791504,0.0,0.395962119102478,3.0,12
3978,Interpolated_3285863,98.93241119384766,30.589385986328125,0.6945931911468506,0.8468309640884399,3.0,12
3979,Interpolated_3285866,98.93269348144531,30.58942985534668,0.9412108063697815,0.9623929858207703,3.0,12
3980,Interpolated_3285869,98.93299102783203,30.5894775390625,0.07945088297128677,0.5585827827453613,3.0,12
3981,Interpolated_3285872,98.93330383300781,30.589527130126953,0.0,0.4209657311439514,3.0,12
3982,Interpolated_3285875,98.93362426757812,30.58957862854004,0.0,0.3588777184486389,3.0,12
3983,Interpolated_3285878,98.9339828491211,30.58963394165039,0.0,0.28661856055259705,3.0,12
3984,Interpolated_3285881,98.93431854248047,30.58968734741211,0.0,0.4256330132484436,3.0,12
3985,Interpolated_3285884,98.93463897705078,30.589738845825195,0.0,0.37475693225860596,3.0,12
3986,Interpolated_3288402,98.91468811035156,30.586698532104492,0.0,0.3788834512233734,3.0,12
3987,Interpolated_3288409,98.91544342041016,30.58681869506836,0.0,0.3541220426559448,3.0,12
3988,Interpolated_3288415,98.9162368774414,30.586944580078125,0.0,0.39543986320495605,3.0,12
3989,Interpolated_3288423,98.91703033447266,30.58707046508789,0.020681288093328476,0.531044065952301,3.0,12
3990,Interpolated_3288427,98.9173812866211,30.587125778198242,0.0,0.44032520055770874,3.0,12
3991,Interpolated_3288452,98.92036437988281,30.587600708007812,0.0,0.48042982816696167,3.0,12
3992,Interpolated_3288455,98.92076110839844,30.587663650512695,0.6393852233886719,0.8209611773490906,3.0,12
3993,Interpolated_3288458,98.92110443115234,30.587718963623047,0.0,0.2633505165576935,2.0,12
3994,Interpolated_3288461,98.92144775390625,30.587772369384766,0.0,0.24719808995723724,3.0,12
3995,Interpolated_3288464,98.921875,30.587839126586914,0.03304455056786537,0.5368373394012451,3.0,12
3996,Interpolated_3288467,98.9222412109375,30.58789825439453,0.36690181493759155,0.6932787895202637,3.0,12
3997,Interpolated_3288470,98.92257690429688,30.58795166015625,0.0,0.34685009717941284,3.0,12
3998,Interpolated_3288473,98.92289733886719,30.588003158569336,0.0,0.5030967593193054,3.0,12
3999,Interpolated_3288476,98.9232177734375,30.58805274963379,0.057372551411390305,0.548237144947052,3.0,12
4000,Interpolated_3288479,98.92354583740234,30.588106155395508,0.19450737535953522,0.6124968528747559,3.0,12
4001,Interpolated_3288482,98.92388153076172,30.588159561157227,0.09827669709920883,0.5674043297767639,3.0,12
4002,Interpolated_3288485,98.92420196533203,30.588211059570312,0.0,0.3154163956642151,3.0,12
4003,Interpolated_3288488,98.92455291748047,30.588266372680664,0.0,0.32218772172927856,3.0,12
4004,Interpolated_3288491,98.92491149902344,30.58832359313965,0.0,0.47647368907928467,3.0,12
4005,Interpolated_3288494,98.92527770996094,30.588380813598633,0.07783035188913345,0.5578234195709229,3.0,12
4006,Interpolated_3288497,98.9256591796875,30.588441848754883,0.0,0.3683750033378601,3.0,12
4007,Interpolated_3288500,98.92601013183594,30.588497161865234,0.0,0.2859814465045929,3.0,12
4008,Interpolated_3288503,98.92638397216797,30.58855628967285,0.0,0.3100379705429077,3.0,12
4009,Interpolated_3288506,98.92671203613281,30.58860969543457,0.04819566756486893,0.5439369678497314,3.0,12
4010,Interpolated_3288509,98.92700958251953,30.58865737915039,0.021974919363856316,0.5316502451896667,3.0,12
4011,Interpolated_3288512,98.92735290527344,30.58871078491211,0.0,0.3239036798477173,3.0,12
4012,Interpolated_3288515,98.92764282226562,30.588756561279297,0.0,0.5213530659675598,3.0,12
4013,Interpolated_3288518,98.927978515625,30.588809967041016,0.203037828207016,0.6164941191673279,3.0,12
4014,Interpolated_3288521,98.92845916748047,30.588886260986328,0.0,0.503533124923706,3.0,12
4015,Interpolated_3288524,98.92900085449219,30.588972091674805,0.0,0.503533124923706,3.0,12
4016,Interpolated_3288527,98.92950439453125,30.589052200317383,0.021265903487801552,0.5313180088996887,3.0,12
4017,Interpolated_3288530,98.92990112304688,30.589115142822266,0.0,0.5087252855300903,3.0,12
4018,Interpolated_3288533,98.93024444580078,30.589168548583984,0.0,0.37364333868026733,3.0,12
4019,Interpolated_3288536,98.93057250976562,30.589221954345703,0.07789814472198486,0.5578551888465881,3.0,12
4020,Interpolated_3288539,98.9309310913086,30.589279174804688,0.12372712045907974,0.5793300867080688,3.0,12
4021,Interpolated_3288542,98.93128204345703,30.589332580566406,0.0,0.5017827153205872,3.0,12
4022,Interpolated_3288545,98.93159484863281,30.589384078979492,0.0,0.28472015261650085,3.0,12
4023,Interpolated_3288548,98.93190002441406,30.589431762695312,0.0,0.48678886890411377,3.0,12
4024,Interpolated_3288551,98.93222045898438,30.5894832611084,0.41909170150756836,0.7177343368530273,3.0,12
4025,Interpolated_3288554,98.93252563476562,30.58953285217285,0.24496988952159882,0.6361429691314697,3.0,12
4026,Interpolated_3288557,98.93280792236328,30.589576721191406,0.7264446020126343,0.8617561459541321,3.0,12
4027,Interpolated_3288560,98.93311309814453,30.58962631225586,0.0,0.36269474029541016,3.0,12
4028,Interpolated_3288563,98.9334487915039,30.589677810668945,0.0,0.37010157108306885,3.0,12
4029,Interpolated_3288566,98.93377685546875,30.589731216430664,0.0,0.4960705637931824,3.0,12
4030,Interpolated_3288569,98.93413543701172,30.589786529541016,0.0,0.47807180881500244,3.0,12
4031,Interpolated_3288572,98.93446350097656,30.589839935302734,0.0,0.2558591067790985,3.0,12
4032,Interpolated_3288575,98.93479919433594,30.589893341064453,0.0,0.4602302312850952,3.0,12
4033,Interpolated_3291100,98.91565704345703,30.58698081970215,0.0,0.3304556608200073,3.0,12
4034,Interpolated_3291104,98.91616821289062,30.58706283569336,0.0,0.31387603282928467,3.0,12
4035,Interpolated_3291107,98.91648864746094,30.587112426757812,0.0,0.4106496572494507,3.0,12
4036,Interpolated_3291124,98.91812896728516,30.587373733520508,0.0,0.4220775067806244,3.0,12
4037,Interpolated_3291143,98.92050170898438,30.587749481201172,0.0,0.48636192083358765,3.0,12
4038,Interpolated_3291146,98.92090606689453,30.587814331054688,0.0,0.4871060252189636,3.0,12
4039,Interpolated_3291149,98.92123413085938,30.587865829467773,0.0,0.4969143867492676,3.0,12
4040,Interpolated_3291152,98.92159271240234,30.587923049926758,0.0,0.47568613290786743,3.0,12
4041,Interpolated_3291155,98.9219970703125,30.587987899780273,0.0,0.4787219166755676,3.0,12
4042,Interpolated_3291158,98.9223403930664,30.588043212890625,0.0,0.283927321434021,3.0,12
4043,Interpolated_3291161,98.92269134521484,30.588098526000977,0.10377634316682816,0.5699813961982727,3.0,12
4044,Interpolated_3291164,98.92300415039062,30.58814811706543,0.0,0.4826207160949707,3.0,12
4045,Interpolated_3291167,98.9233169555664,30.588197708129883,0.0,0.4846814274787903,3.0,12
4046,Interpolated_3291170,98.92365264892578,30.5882511138916,0.0,0.48211604356765747,3.0,12
4047,Interpolated_3291173,98.92400360107422,30.588306427001953,0.0,0.305232971906662,3.0,12
4048,Interpolated_3291176,98.92433166503906,30.588359832763672,0.20187228918075562,0.615947961807251,3.0,12
4049,Interpolated_3291179,98.92467498779297,30.58841323852539,0.07783035188913345,0.5578234195709229,3.0,12
4050,Interpolated_3291182,98.92503356933594,30.588470458984375,0.311768501996994,0.6674439907073975,3.0,12
4051,Interpolated_3291185,98.9254150390625,30.588531494140625,0.0,0.30976027250289917,3.0,12
4052,Interpolated_3291188,98.92577362060547,30.58858871459961,0.0,0.3692302703857422,3.0,12
4053,Interpolated_3291191,98.92613220214844,30.58864402770996,0.0,0.33553147315979004,3.0,12
4054,Interpolated_3291194,98.92647552490234,30.588699340820312,0.20710596442222595,0.6184003949165344,3.0,12
4055,Interpolated_3291197,98.92680358886719,30.5887508392334,0.18998755514621735,0.6103789210319519,3.0,12
4056,Interpolated_3291200,98.92713928222656,30.588804244995117,0.0,0.28299009799957275,3.0,12
4057,Interpolated_3291203,98.92745971679688,30.588855743408203,0.02144881710410118,0.5314037203788757,3.0,12
4058,Interpolated_3291206,98.92778015136719,30.58890724182129,0.09793224185705185,0.5672429203987122,3.0,12
4059,Interpolated_3291209,98.92818450927734,30.588970184326172,0.0892338827252388,0.5631669759750366,3.0,12
4060,Interpolated_3291212,98.92869567871094,30.589052200317383,0.0,0.5026200413703918,3.0,12
4061,Interpolated_3291215,98.92921447753906,30.589134216308594,0.18450458347797394,0.6078096628189087,3.0,12
4062,Interpolated_3291218,98.92965698242188,30.589204788208008,0.06634896993637085,0.5524433851242065,3.0,12
4063,Interpolated_3291221,98.93003845214844,30.589265823364258,0.0,0.36447709798812866,3.0,12
4064,Interpolated_3291224,98.93035888671875,30.58931541442871,0.2066745012998581,0.6181982159614563,3.0,12
4065,Interpolated_3291227,98.93071746826172,30.589372634887695,0.1435653269290924,0.5886260271072388,3.0,12
4066,Interpolated_3291230,98.93107604980469,30.589427947998047,0.7259289026260376,0.8615145087242126,3.0,12
4067,Interpolated_3291233,98.93140411376953,30.589481353759766,0.0,0.41081172227859497,3.0,12
4068,Interpolated_3291236,98.93171691894531,30.58953094482422,0.0,0.48691678047180176,3.0,12
4069,Interpolated_3291239,98.93202209472656,30.58957862854004,0.18241415917873383,0.6068301200866699,3.0,12
4070,Interpolated_3291242,98.93232727050781,30.589628219604492,0.0,0.49622029066085815,3.0,12
4071,Interpolated_3291245,98.93263244628906,30.589675903320312,0.0,0.3714573383331299,3.0,12
4072,Interpolated_3291248,98.93291473388672,30.5897216796875,0.9243423342704773,0.9544886350631714,3.0,12
4073,Interpolated_3291251,98.9332504272461,30.58977508544922,0.4161413013935089,0.7163518071174622,3.0,12
4074,Interpolated_3291254,98.93360137939453,30.58983039855957,0.25953230261802673,0.6429667472839355,3.0,12
4075,Interpolated_3291257,98.93394470214844,30.58988380432129,0.010065890848636627,0.5260698199272156,3.0,12
4076,Interpolated_3291260,98.93427276611328,30.589937210083008,0.0,0.1846928894519806,2.0,12
4077,Interpolated_3291263,98.93461608886719,30.58999252319336,0.0,0.4889259934425354,3.0,12
4078,Interpolated_3293780,98.91454315185547,30.586931228637695,0.0,0.42228859663009644,3.0,12
4079,Interpolated_3293792,98.91597747802734,30.587160110473633,0.0,0.44412320852279663,3.0,12
4080,Interpolated_3293796,98.91641998291016,30.587230682373047,0.0,0.3777320384979248,3.0,12
4081,Interpolated_3293804,98.91716003417969,30.58734703063965,0.0,0.21069267392158508,2.0,12
4082,Interpolated_3293807,98.91744995117188,30.587392807006836,0.0,0.4355682134628296,3.0,12
4083,Interpolated_3293832,98.9203872680664,30.587860107421875,0.0,0.5048267841339111,3.0,12
4084,Interpolated_3293835,98.9207992553711,30.58792495727539,0.018338127061724663,0.5299460887908936,3.0,12
4085,Interpolated_3293838,98.92115020751953,30.587982177734375,0.16548974812030792,0.5988995432853699,3.0,12
4086,Interpolated_3293841,98.92147827148438,30.58803367614746,0.0,0.3652455508708954,3.0,12
4087,Interpolated_3293844,98.92185974121094,30.58809471130371,0.03745408356189728,0.5389035940170288,3.0,12
4088,Interpolated_3293847,98.9222183227539,30.588151931762695,0.09336446970701218,0.5651025176048279,3.0,12
4089,Interpolated_3293850,98.92256164550781,30.588205337524414,0.0,0.4477536380290985,3.0,12
4090,Interpolated_3293853,98.92288208007812,30.5882568359375,0.0,0.5035804510116577,3.0,12
4091,Interpolated_3293856,98.92320251464844,30.588308334350586,0.0,0.4987616539001465,3.0,12
4092,Interpolated_3293859,98.92353820800781,30.588361740112305,0.0,0.5117045640945435,3.0,12
4093,Interpolated_3293862,98.92389678955078,30.588417053222656,0.08003588020801544,0.5588569045066833,3.0,12
4094,Interpolated_3293865,98.92423248291016,30.588470458984375,0.07783035188913345,0.5578234195709229,3.0,12
4095,Interpolated_3293868,98.92456817626953,30.588523864746094,0.0,0.3680892586708069,3.0,12
4096,Interpolated_3293871,98.92491149902344,30.588579177856445,0.0,0.46823394298553467,3.0,12
4097,Interpolated_3293874,98.92528533935547,30.588638305664062,0.0,0.28602662682533264,3.0,12
4098,Interpolated_3293877,98.9256591796875,30.58869743347168,0.0,0.3275548219680786,3.0,12
4099,Interpolated_3293880,98.92601013183594,30.588754653930664,0.0,0.36954477429389954,3.0,12
4100,Interpolated_3293883,98.92635345458984,30.588808059692383,0.0064512318931519985,0.5243760347366333,3.0,12
4101,Interpolated_3293886,98.92668914794922,30.5888614654541,0.0,0.36781632900238037,3.0,12
4102,Interpolated_3293889,98.92703247070312,30.58891487121582,0.10382035374641418,0.570002019405365,3.0,12
4103,Interpolated_3293892,98.92737579345703,30.588970184326172,0.026179280132055283,0.5336203575134277,3.0,12
4104,Interpolated_3293895,98.9277114868164,30.58902359008789,0.0,0.4871627688407898,3.0,12
4105,Interpolated_3293898,98.92811584472656,30.589088439941406,0.0,0.4871627688407898,3.0,12
4106,Interpolated_3293901,98.92858123779297,30.589160919189453,0.02028811164200306,0.5308598279953003,3.0,12
4107,Interpolated_3293904,98.92909240722656,30.589242935180664,0.0,0.5042406320571899,3.0,12
4108,Interpolated_3293907,98.92953491210938,30.589311599731445,0.1622811108827591,0.5973960161209106,3.0,12
4109,Interpolated_3293910,98.92993927001953,30.58937644958496,0.17953179776668549,0.6054794788360596,3.0,12
4110,Interpolated_3293913,98.93028259277344,30.589431762695312,0.0,0.42420685291290283,3.0,12
4111,Interpolated_3293916,98.93061828613281,30.5894832611084,0.27618616819381714,0.6507705450057983,3.0,12
4112,Interpolated_3293919,98.93096923828125,30.589540481567383,0.21331168711185455,0.6213083267211914,3.0,12
4113,Interpolated_3293922,98.93130493164062,30.5895938873291,0.11005114763975143,0.5729216933250427,3.0,12
4114,Interpolated_3293925,98.93162536621094,30.589645385742188,0.5528913140296936,0.7804312109947205,3.0,12
4115,Interpolated_3293928,98.93193054199219,30.589693069458008,0.18268612027168274,0.6069575548171997,3.0,12
4116,Interpolated_3293931,98.93223571777344,30.589740753173828,0.0,0.359591007232666,3.0,12
4117,Interpolated_3293934,98.93254852294922,30.58979034423828,0.0,0.3667321801185608,3.0,12
4118,Interpolated_3293937,98.93284606933594,30.5898380279541,0.21127699315547943,0.6203548908233643,3.0,12
4119,Interpolated_3293940,98.93315887451172,30.589889526367188,0.8882266879081726,0.937565267086029,3.0,12
4120,Interpolated_3293943,98.93352508544922,30.589946746826172,0.0,0.27954989671707153,3.0,12
4121,Interpolated_3293946,98.93387603759766,30.590002059936523,0.0,0.3309604823589325,3.0,12
4122,Interpolated_3293949,98.93421173095703,30.590055465698242,0.0,0.3440353572368622,3.0,12
4123,Interpolated_3293952,98.9345474243164,30.59010887145996,0.0,0.36301010847091675,3.0,12
4124,Interpolated_3296473,98.91487121582031,30.587112426757812,0.0,0.41429492831230164,3.0,12
4125,Interpolated_3296483,98.91613006591797,30.587312698364258,0.0,0.44151854515075684,3.0,12
4126,Interpolated_3296486,98.91645050048828,30.58736228942871,0.0,0.4204064607620239,3.0,12
4127,Interpolated_3296489,98.91671752929688,30.587406158447266,0.0,0.464660108089447,3.0,12
4128,Interpolated_3296494,98.91719818115234,30.587482452392578,0.047371406108140945,0.5435507297515869,3.0,12
4129,Interpolated_3296497,98.91748809814453,30.587528228759766,0.0,0.32807111740112305,3.0,12
4130,Interpolated_3296515,98.9195785522461,30.587860107421875,0.0,0.3567568063735962,3.0,12
4131,Interpolated_3296524,98.9206771850586,30.588035583496094,0.0,0.4766768217086792,3.0,12
4132,Interpolated_3296527,98.92105865478516,30.58809471130371,0.0,0.4663277268409729,3.0,12
4133,Interpolated_3296530,98.92137908935547,30.588146209716797,0.0,0.5028804540634155,3.0,12
4134,Interpolated_3296533,98.92172241210938,30.58820152282715,0.0,0.44287896156311035,3.0,12
4135,Interpolated_3296536,98.92208862304688,30.588258743286133,0.003956192638725042,0.523206889629364,3.0,12
4136,Interpolated_3296539,98.92243194580078,30.588314056396484,0.0,0.4810640215873718,3.0,12
4137,Interpolated_3296542,98.92276000976562,30.58836555480957,0.0,0.4799001216888428,3.0,12
4138,Interpolated_3296545,98.92308807373047,30.588417053222656,0.11906737834215164,0.577146589756012,3.0,12
4139,Interpolated_3296548,98.92342376708984,30.588470458984375,0.0,0.3095383048057556,3.0,12
4140,Interpolated_3296551,98.92378234863281,30.58852767944336,0.0124931326135993,0.5272071957588196,3.0,12
4141,Interpolated_3296554,98.92412567138672,30.58858299255371,0.12866327166557312,0.5816431045532227,3.0,12
4142,Interpolated_3296557,98.9244613647461,30.58863639831543,0.10295208543539047,0.5695951581001282,3.0,12
4143,Interpolated_3296560,98.92479705810547,30.58868980407715,0.20201729238033295,0.6160159111022949,3.0,12
4144,Interpolated_3296563,98.9251708984375,30.588748931884766,0.10013268142938614,0.5682740211486816,3.0,12
4145,Interpolated_3296566,98.92554473876953,30.588808059692383,0.0,0.3683750033378601,3.0,12
4146,Interpolated_3296569,98.9259033203125,30.588865280151367,0.01238781027495861,0.5271578431129456,3.0,12
4147,Interpolated_3296572,98.9262466430664,30.588918685913086,0.0,0.3639172613620758,3.0,12
4148,Interpolated_3296575,98.92658233642578,30.588972091674805,0.2117578089237213,0.6205801963806152,3.0,12
4149,Interpolated_3296578,98.92691802978516,30.589025497436523,0.10323116183280945,0.5697259306907654,3.0,12
4150,Interpolated_3296581,98.92727661132812,30.589082717895508,0.0,0.48552536964416504,3.0,12
4151,Interpolated_3296584,98.92762756347656,30.58913803100586,0.0,0.50654137134552,3.0,12
4152,Interpolated_3296587,98.92803955078125,30.589202880859375,0.02342500537633896,0.5323297381401062,3.0,12
4153,Interpolated_3296590,98.92847442626953,30.589271545410156,0.11159714311361313,0.5736461281776428,3.0,12
4154,Interpolated_3296593,98.92896270751953,30.5893497467041,0.0,0.5033977627754211,3.0,12
4155,Interpolated_3296596,98.92941284179688,30.589420318603516,0.0,0.5153436064720154,3.0,12
4156,Interpolated_3296599,98.92982482910156,30.589487075805664,0.20743808150291443,0.618556022644043,3.0,12
4157,Interpolated_3296602,98.9301986694336,30.58954620361328,0.21271881461143494,0.6210305094718933,3.0,12
4158,Interpolated_3296605,98.9305191040039,30.589597702026367,0.27466943860054016,0.6500598192214966,3.0,12
4159,Interpolated_3296608,98.93086242675781,30.58965301513672,0.206467404961586,0.618101179599762,3.0,12
4160,Interpolated_3296611,98.93120574951172,30.589706420898438,0.0,0.4505956768989563,3.0,12
4161,Interpolated_3296614,98.93152618408203,30.58975601196289,0.8653814792633057,0.9268602728843689,3.0,12
4162,Interpolated_3296617,98.93183135986328,30.589805603027344,0.04814198613166809,0.5439118146896362,3.0,12
4163,Interpolated_3296620,98.93212890625,30.589853286743164,0.0,0.421139121055603,3.0,12
4164,Interpolated_3296623,98.93244934082031,30.58990478515625,0.0,0.35838037729263306,3.0,12
4165,Interpolated_3296626,98.93276977539062,30.589954376220703,0.012206677347421646,0.5270729660987854,3.0,12
4166,Interpolated_3296629,98.93309783935547,30.59000587463379,0.0,0.3602225184440613,3.0,12
4167,Interpolated_3296632,98.9334487915039,30.590063095092773,0.9309582114219666,0.9575887322425842,3.0,12
4168,Interpolated_3296635,98.93379974365234,30.590118408203125,0.0,0.3933544158935547,3.0,12
4169,Interpolated_3296638,98.93415069580078,30.590173721313477,0.0,0.3217560052871704,3.0,12
4170,Interpolated_3296641,98.93447875976562,30.590225219726562,0.0,0.3330397307872772,3.0,12
4171,Interpolated_3299165,98.91515350341797,30.5872859954834,0.0,0.3984065651893616,3.0,12
4172,Interpolated_3299172,98.91605377197266,30.587427139282227,0.0,0.3551715016365051,3.0,12
4173,Interpolated_3299177,98.91656494140625,30.587509155273438,0.0,0.46980518102645874,3.0,12
4174,Interpolated_3299181,98.91693115234375,30.587568283081055,0.0,0.40813902020454407,3.0,12
4175,Interpolated_3299184,98.91724395751953,30.587615966796875,0.2024260014295578,0.6162074208259583,3.0,12
4176,Interpolated_3299187,98.91753387451172,30.587663650512695,0.0,0.4360944330692291,3.0,12
4177,Interpolated_3299190,98.9178466796875,30.58771324157715,0.39480262994766235,0.7063527703285217,3.0,12
4178,Interpolated_3299208,98.91993713378906,30.588045120239258,0.0,0.19929559528827667,2.0,12
4179,Interpolated_3299213,98.92057037353516,30.588146209716797,0.0,0.39355945587158203,3.0,12
4180,Interpolated_3299216,98.92096710205078,30.588207244873047,0.0,0.3075619339942932,3.0,12
4181,Interpolated_3299219,98.92129516601562,30.588260650634766,0.0,0.40115541219711304,3.0,12
4182,Interpolated_3299222,98.92161560058594,30.58831214904785,0.0,0.497955858707428,3.0,12
4183,Interpolated_3299225,98.92196655273438,30.588367462158203,0.0,0.4795529246330261,3.0,12
4184,Interpolated_3299228,98.92230224609375,30.588420867919922,0.0,0.33792078495025635,3.0,12
4185,Interpolated_3299231,98.9226303100586,30.588472366333008,0.0,0.2909494936466217,3.0,12
4186,Interpolated_3299234,98.92295837402344,30.588525772094727,0.0,0.3718906044960022,3.0,12
4187,Interpolated_3299237,98.92330932617188,30.588579177856445,0.09499289095401764,0.5658655762672424,3.0,12
4188,Interpolated_3299240,98.92366027832031,30.58863639831543,0.0,0.4480101466178894,3.0,12
4189,Interpolated_3299243,98.92401885986328,30.588693618774414,0.0,0.5094092488288879,3.0,12
4190,Interpolated_3299246,98.92435455322266,30.588747024536133,0.0019418441224843264,0.5222629904747009,3.0,12
4191,Interpolated_3299249,98.92469787597656,30.58880043029785,0.021265903487801552,0.5313180088996887,3.0,12
4192,Interpolated_3299252,98.92506408691406,30.58885955810547,0.10125535726547241,0.5688000917434692,3.0,12
4193,Interpolated_3299255,98.92544555664062,30.588918685913086,0.0,0.30816274881362915,3.0,12
4194,Interpolated_3299258,98.92579650878906,30.58897590637207,0.10295208543539047,0.5695951581001282,3.0,12
4195,Interpolated_3299261,98.9261474609375,30.589031219482422,0.007307928055524826,0.5247774720191956,3.0,12
4196,Interpolated_3299264,98.92646789550781,30.589082717895508,0.0,0.4574280381202698,3.0,12
4197,Interpolated_3299267,98.92680358886719,30.589134216308594,0.2835962474346161,0.6542428135871887,3.0,12
4198,Interpolated_3299270,98.92716217041016,30.58919334411621,0.21932561695575714,0.6241263747215271,3.0,12
4199,Interpolated_3299273,98.92752838134766,30.589250564575195,0.0,0.517537534236908,3.0,12
4200,Interpolated_3299276,98.92793273925781,30.58931541442871,0.11159714311361313,0.5736461281776428,3.0,12
4201,Interpolated_3299279,98.92835998535156,30.58938217163086,0.11320152878761292,0.5743979215621948,3.0,12
4202,Interpolated_3299282,98.9288330078125,30.58945655822754,0.03718709200620651,0.5387784838676453,3.0,12
4203,Interpolated_3299285,98.92928314208984,30.589529037475586,0.23661573231220245,0.6322283148765564,3.0,12
4204,Interpolated_3299288,98.92970275878906,30.589595794677734,0.1631295382976532,0.5977935791015625,3.0,12
4205,Interpolated_3299291,98.93011474609375,30.58966064453125,0.06347347050905228,0.5510959625244141,3.0,12
4206,Interpolated_3299294,98.93043518066406,30.589712142944336,0.09137466549873352,0.5641701221466064,3.0,12
4207,Interpolated_3299297,98.93077087402344,30.589763641357422,0.09389718621969223,0.5653521418571472,3.0,12
4208,Interpolated_3299300,98.93110656738281,30.589818954467773,0.0942448228597641,0.5655150413513184,3.0,12
4209,Interpolated_3299303,98.93142700195312,30.589868545532227,0.0,0.5127183794975281,3.0,12
4210,Interpolated_3299306,98.93172454833984,30.589916229248047,0.045476626604795456,0.5426628589630127,3.0,12
4211,Interpolated_3299309,98.93202209472656,30.589963912963867,0.0,0.4533747434616089,3.0,12
4212,Interpolated_3299312,98.9323501586914,30.590015411376953,0.0,0.35434210300445557,3.0,12
4213,Interpolated_3299315,98.93270111083984,30.590070724487305,0.0,0.3691694140434265,3.0,12
4214,Interpolated_3299318,98.93303680419922,30.590124130249023,0.0,0.41354304552078247,3.0,12
4215,Interpolated_3299321,98.9333724975586,30.590179443359375,0.16053006052970886,0.5965754985809326,3.0,12
4216,Interpolated_3299324,98.93373107910156,30.590234756469727,0.0,0.3012275695800781,3.0,12
4217,Interpolated_3299327,98.93407440185547,30.590290069580078,0.38023510575294495,0.6995266079902649,3.0,12
4218,Interpolated_3299331,98.93451690673828,30.590360641479492,0.0,0.34869593381881714,3.0,12
4219,Interpolated_3301853,98.91495513916016,30.58738136291504,0.2317190170288086,0.629933774471283,3.0,12
4220,Interpolated_3301862,98.91608428955078,30.587560653686523,0.11327505111694336,0.574432373046875,3.0,12
4221,Interpolated_3301866,98.91647338867188,30.587623596191406,0.10199413448572159,0.5691462755203247,3.0,12
4222,Interpolated_3301869,98.91676330566406,30.587669372558594,0.0,0.37859609723091125,3.0,12
4223,Interpolated_3301872,98.91708374023438,30.587718963623047,0.05024601146578789,0.544897735118866,3.0,12
4224,Interpolated_3301875,98.91738891601562,30.5877685546875,0.0,0.501132071018219,3.0,12
4225,Interpolated_3301879,98.91778564453125,30.587831497192383,0.0,0.4860963821411133,3.0,12
4226,Interpolated_3301886,98.91852569580078,30.587949752807617,0.0,0.5117536187171936,3.0,12
4227,Interpolated_3301902,98.92046356201172,30.5882568359375,0.0,0.3294001817703247,3.0,12
4228,Interpolated_3301905,98.92086029052734,30.588319778442383,0.0,0.27192485332489014,3.0,12
4229,Interpolated_3301908,98.92119598388672,30.5883731842041,0.0,0.49327218532562256,3.0,12
4230,Interpolated_3301911,98.9215087890625,30.588422775268555,0.0,0.2658197283744812,3.0,12
4231,Interpolated_3301914,98.9218521118164,30.588478088378906,0.0,0.5121214389801025,3.0,12
4232,Interpolated_3301917,98.92218017578125,30.588529586791992,0.0,0.5073050260543823,3.0,12
4233,Interpolated_3301920,98.92249298095703,30.588579177856445,0.0,0.46358340978622437,3.0,12
4234,Interpolated_3301923,98.92282104492188,30.588632583618164,0.0,0.2577856183052063,3.0,12
4235,Interpolated_3301926,98.92317962646484,30.588687896728516,0.0,0.27751272916793823,3.0,12
4236,Interpolated_3301929,98.92353820800781,30.5887451171875,0.0,0.508614182472229,3.0,12
4237,Interpolated_3301932,98.92390441894531,30.588804244995117,0.0,0.41830092668533325,3.0,12
4238,Interpolated_3301935,98.92424774169922,30.588857650756836,0.047248147428035736,0.5434929728507996,3.0,12
4239,Interpolated_3301938,98.92459106445312,30.588912963867188,0.10295208543539047,0.5695951581001282,3.0,12
4240,Interpolated_3301941,98.92495727539062,30.588970184326172,0.10707732290029526,0.5715281963348389,3.0,12
4241,Interpolated_3301944,98.92534637451172,30.589031219482422,0.0,0.2620735168457031,3.0,12
4242,Interpolated_3301947,98.92570495605469,30.589088439941406,0.009945686906576157,0.5260134935379028,3.0,12
4243,Interpolated_3301950,98.9260482788086,30.589143753051758,0.2899932861328125,0.6572403907775879,3.0,12
4244,Interpolated_3301953,98.9263687133789,30.589195251464844,0.0,0.5093611478805542,3.0,12
4245,Interpolated_3301956,98.92668914794922,30.589244842529297,0.0,0.2983201742172241,3.0,12
4246,Interpolated_3301959,98.92704010009766,30.58930015563965,0.0,0.42285823822021484,3.0,12
4247,Interpolated_3301962,98.92740631103516,30.589359283447266,0.0,0.32720625400543213,3.0,12
4248,Interpolated_3301965,98.92779541015625,30.589420318603516,0.02342500537633896,0.5323297381401062,3.0,12
4249,Interpolated_3301968,98.92823791503906,30.58949089050293,0.0,0.5051757097244263,3.0,12
4250,Interpolated_3301971,98.92870330810547,30.58956527709961,0.0,0.49416905641555786,3.0,12
4251,Interpolated_3301974,98.92915344238281,30.589635848999023,0.03896879032254219,0.5396133661270142,3.0,12
4252,Interpolated_3301977,98.9295654296875,30.589702606201172,0.0,0.5026200413703918,3.0,12
4253,Interpolated_3301980,98.92999267578125,30.58976936340332,0.1631295382976532,0.5977935791015625,3.0,12
4254,Interpolated_3301983,98.93035888671875,30.589826583862305,0.3066712021827698,0.6650554537773132,3.0,12
4255,Interpolated_3301986,98.93067169189453,30.58987808227539,0.729760468006134,0.863309919834137,3.0,12
4256,Interpolated_3301989,98.9310073852539,30.58993148803711,0.0,0.5154537558555603,3.0,12
4257,Interpolated_3301992,98.93133544921875,30.589982986450195,0.13567353785037994,0.584928035736084,3.0,12
4258,Interpolated_3301995,98.93163299560547,30.590030670166016,0.0,0.45412158966064453,3.0,12
4259,Interpolated_3301998,98.93191528320312,30.59007453918457,0.0,0.48806387186050415,3.0,12
4260,Interpolated_3302001,98.93223571777344,30.590126037597656,0.0,0.3667222857475281,3.0,12
4261,Interpolated_3302004,98.93260192871094,30.59018325805664,0.0,0.37037843465805054,3.0,12
4262,Interpolated_3302007,98.93295288085938,30.590240478515625,0.0,0.3176816701889038,3.0,12
4263,Interpolated_3302010,98.93331146240234,30.590295791625977,0.8879460692405701,0.9374337792396545,3.0,12
4264,Interpolated_3302013,98.93366241455078,30.59035301208496,0.0,0.4396972060203552,3.0,12
4265,Interpolated_3302016,98.93401336669922,30.590408325195312,0.059776388108730316,0.5493635535240173,3.0,12
4266,Interpolated_3304543,98.91500854492188,30.58751678466797,0.0,0.2831035852432251,3.0,12
4267,Interpolated_3304552,98.91610717773438,30.587692260742188,0.09360067546367645,0.5652132034301758,3.0,12
4268,Interpolated_3304557,98.91659545898438,30.587770462036133,0.0,0.4083162546157837,3.0,12
4269,Interpolated_3304560,98.91690826416016,30.587820053100586,0.20798924565315247,0.6188142895698547,3.0,12
4270,Interpolated_3304563,98.91722106933594,30.58786964416504,0.0,0.43998509645462036,3.0,12
4271,Interpolated_3304566,98.91752624511719,30.587919235229492,0.0,0.3501584827899933,3.0,12
4272,Interpolated_3304577,98.91866302490234,30.588098526000977,0.0,0.3726060390472412,3.0,12
4273,Interpolated_3304584,98.91943359375,30.588220596313477,0.0,0.29756587743759155,3.0,12
4274,Interpolated_3304590,98.92021942138672,30.588346481323242,0.0,0.4971822500228882,3.0,12
4275,Interpolated_3304594,98.9207534790039,30.588430404663086,0.0,0.4829692840576172,3.0,12
4276,Interpolated_3304597,98.92109680175781,30.588485717773438,0.0,0.4875415563583374,3.0,12
4277,Interpolated_3304600,98.92141723632812,30.588537216186523,0.0,0.5072757601737976,3.0,12
4278,Interpolated_3304603,98.92174530029297,30.58858871459961,0.005102015566080809,0.5237438082695007,3.0,12
4279,Interpolated_3304606,98.92206573486328,30.588638305664062,0.0,0.26233723759651184,3.0,12
4280,Interpolated_3304609,98.92237091064453,30.588687896728516,0.007359698880463839,0.5248017311096191,3.0,12
4281,Interpolated_3304612,98.92269134521484,30.5887393951416,0.0,0.4768034815788269,3.0,12
4282,Interpolated_3304615,98.92304992675781,30.588796615600586,0.0,0.23257684707641602,3.0,12
4283,Interpolated_3304618,98.92341613769531,30.58885383605957,0.035653434693813324,0.5380598306655884,3.0,12
4284,Interpolated_3304621,98.92378234863281,30.588912963867188,0.0,0.49794089794158936,3.0,12
4285,Interpolated_3304624,98.92414093017578,30.58896827697754,0.0,0.5094092488288879,3.0,12
4286,Interpolated_3304627,98.92448425292969,30.58902359008789,0.0,0.2985133230686188,3.0,12
4287,Interpolated_3304630,98.92484283447266,30.589080810546875,0.19103187322616577,0.6108682751655579,3.0,12
4288,Interpolated_3304633,98.92523956298828,30.589143753051758,0.0,0.3275197744369507,3.0,12
4289,Interpolated_3304636,98.92559814453125,30.58919906616211,0.0,0.3799975514411926,3.0,12
4290,Interpolated_3304639,98.92593383789062,30.58925437927246,0.10323116183280945,0.5697259306907654,3.0,12
4291,Interpolated_3304642,98.92626953125,30.589305877685547,0.11611518263816833,0.5757632255554199,3.0,12
4292,Interpolated_3304645,98.92658233642578,30.58935546875,0.0,0.32000866532325745,3.0,12
4293,Interpolated_3304648,98.92691802978516,30.58940887451172,0.19640813767910004,0.6133875250816345,3.0,12
4294,Interpolated_3304651,98.9272689819336,30.589466094970703,0.0,0.28177618980407715,3.0,12
4295,Interpolated_3304654,98.9276351928711,30.589523315429688,0.0,0.36872440576553345,3.0,12
4296,Interpolated_3304657,98.92809295654297,30.589595794677734,0.0,0.5099773406982422,3.0,12
4297,Interpolated_3304660,98.9285659790039,30.589670181274414,0.0,0.4907124638557434,3.0,12
4298,Interpolated_3304663,98.92901611328125,30.58974266052246,0.0,0.4958900213241577,3.0,12
4299,Interpolated_3304666,98.92942810058594,30.589807510375977,0.0,0.5147705078125,3.0,12
4300,Interpolated_3304669,98.92985534667969,30.589876174926758,0.07172802835702896,0.5549639463424683,3.0,12
4301,Interpolated_3304672,98.93025207519531,30.58993911743164,0.16841751337051392,0.600271463394165,3.0,12
4302,Interpolated_3304675,98.93057250976562,30.589990615844727,0.4876950681209564,0.7498810291290283,3.0,12
4303,Interpolated_3304678,98.930908203125,30.590044021606445,0.2110936939716339,0.6202690005302429,3.0,12
4304,Interpolated_3304681,98.93123626708984,30.59009552001953,0.0,0.4769511818885803,3.0,12
4305,Interpolated_3304684,98.93154907226562,30.59014320373535,0.5864526033401489,0.7961575984954834,3.0,12
4306,Interpolated_3304687,98.93181610107422,30.590187072753906,0.0,0.4158364236354828,3.0,12
4307,Interpolated_3304690,98.93212890625,30.59023666381836,0.0,0.4519006013870239,3.0,12
4308,Interpolated_3304693,98.93250274658203,30.590295791625977,0.0,0.24716246128082275,3.0,12
4309,Interpolated_3304696,98.93287658691406,30.590354919433594,0.0,0.4971764087677002,3.0,12
4310,Interpolated_3304699,98.93324279785156,30.59041404724121,0.37883272767066956,0.6988694667816162,3.0,12
4311,Interpolated_3304702,98.93359375,30.590469360351562,0.3235780596733093,0.6729778051376343,3.0,12
4312,Interpolated_3304705,98.93394470214844,30.590524673461914,0.0,0.3171231150627136,3.0,12
4313,Interpolated_3307243,98.91622924804688,30.587839126586914,0.0,0.4182239770889282,3.0,12
4314,Interpolated_3307247,98.9166259765625,30.587902069091797,0.0,0.38799893856048584,3.0,12
4315,Interpolated_3307252,98.91714477539062,30.58798599243164,0.0,0.2906798720359802,3.0,12
4316,Interpolated_3307255,98.91746520996094,30.588037490844727,0.0,0.33176174759864807,3.0,12
4317,Interpolated_3307269,98.91888427734375,30.5882625579834,0.0,0.39317524433135986,3.0,12
4318,Interpolated_3307274,98.91943359375,30.588348388671875,0.26242536306381226,0.644322395324707,3.0,12
4319,Interpolated_3307277,98.91983032226562,30.58841323852539,0.0,0.5149009227752686,3.0,12
4320,Interpolated_3307282,98.92051696777344,30.58852195739746,0.0,0.49372512102127075,3.0,12
4321,Interpolated_3307285,98.92086029052734,30.58857536315918,0.0,0.48836618661880493,3.0,12
4322,Interpolated_3307288,98.92119598388672,30.5886287689209,0.0,0.4615437984466553,3.0,12
4323,Interpolated_3307291,98.92152404785156,30.588682174682617,0.18394604325294495,0.6075479388237,3.0,12
4324,Interpolated_3307294,98.92184448242188,30.58873176574707,0.0,0.23167161643505096,3.0,12
4325,Interpolated_3307297,98.92214965820312,30.58877944946289,0.0,0.5042715072631836,3.0,12
4326,Interpolated_3307300,98.92245483398438,30.588829040527344,0.0,0.5024452209472656,3.0,12
4327,Interpolated_3307303,98.92279052734375,30.588882446289062,0.0,0.479552686214447,3.0,12
4328,Interpolated_3307306,98.92317199707031,30.588943481445312,0.06350260227918625,0.5511096119880676,3.0,12
4329,Interpolated_3307309,98.92354583740234,30.58900260925293,0.08029308170080185,0.5589774250984192,3.0,12
4330,Interpolated_3307312,98.92390441894531,30.58905792236328,0.09499289095401764,0.5658655762672424,3.0,12
4331,Interpolated_3307315,98.92425537109375,30.589115142822266,0.08275708556175232,0.5601320266723633,3.0,12
4332,Interpolated_3307318,98.92460632324219,30.589170455932617,0.0,0.5108886957168579,3.0,12
4333,Interpolated_3307321,98.92498016357422,30.589229583740234,0.02342500537633896,0.5323297381401062,3.0,12
4334,Interpolated_3307324,98.92535400390625,30.589290618896484,0.0,0.2980060577392578,3.0,12
4335,Interpolated_3307327,98.92571258544922,30.589345932006836,0.036735910922288895,0.538567066192627,3.0,12
4336,Interpolated_3307330,98.92604064941406,30.589397430419922,0.017162539064884186,0.5293952226638794,3.0,12
4337,Interpolated_3307333,98.92636108398438,30.589448928833008,0.07526852935552597,0.5566229820251465,3.0,12
4338,Interpolated_3307336,98.92668151855469,30.589500427246094,0.11514642089605331,0.5753092765808105,3.0,12
4339,Interpolated_3307339,98.9270248413086,30.589553833007812,0.0,0.36977171897888184,3.0,12
4340,Interpolated_3307342,98.9273681640625,30.589609146118164,0.0,0.3084889054298401,3.0,12
4341,Interpolated_3307345,98.92777252197266,30.589672088623047,0.019501376897096634,0.5304911732673645,3.0,12
4342,Interpolated_3307348,98.92825317382812,30.589750289916992,0.12317316234111786,0.579070508480072,3.0,12
4343,Interpolated_3307351,98.92872619628906,30.589824676513672,0.0,0.5201017260551453,3.0,12
4344,Interpolated_3307354,98.92916107177734,30.589893341064453,0.0,0.4948214292526245,3.0,12
4345,Interpolated_3307357,98.92958068847656,30.5899600982666,0.017840517684817314,0.5297129154205322,3.0,12
4346,Interpolated_3307360,98.93000030517578,30.59002685546875,0.0,0.5087252855300903,3.0,12
4347,Interpolated_3307363,98.93035888671875,30.590084075927734,0.0,0.43731868267059326,3.0,12
4348,Interpolated_3307366,98.93069458007812,30.590137481689453,0.09152756631374359,0.5642417669296265,3.0,12
4349,Interpolated_3307369,98.93103790283203,30.590190887451172,0.18957187235355377,0.6101841330528259,3.0,12
4350,Interpolated_3307372,98.93135833740234,30.590242385864258,0.9823495149612427,0.981670081615448,3.0,12
4351,Interpolated_3307375,98.931640625,30.590288162231445,0.0,0.4620627760887146,3.0,12
4352,Interpolated_3307378,98.93192291259766,30.59033203125,0.0,0.3901837468147278,3.0,12
4353,Interpolated_3307381,98.9322738647461,30.590389251708984,0.10639642179012299,0.5712091326713562,3.0,12
4354,Interpolated_3307384,98.93266296386719,30.590450286865234,0.0,0.397038996219635,3.0,12
4355,Interpolated_3307387,98.93304443359375,30.59050941467285,0.0,0.44506320357322693,3.0,12
4356,Interpolated_3307390,98.93341064453125,30.59056854248047,0.19292449951171875,0.6117551326751709,3.0,12
4357,Interpolated_3307393,98.93375396728516,30.59062385559082,0.0,0.24184128642082214,3.0,12
4358,Interpolated_3307396,98.93408203125,30.590675354003906,0.0,0.3142439126968384,3.0,12
4359,Interpolated_3309933,98.916259765625,30.58797264099121,0.0,0.410239040851593,3.0,12
4360,Interpolated_3309936,98.91655731201172,30.58802032470703,0.39488914608955383,0.706393301486969,3.0,12
4361,Interpolated_3309939,98.91686248779297,30.58806800842285,0.0,0.2681870758533478,3.0,12
4362,Interpolated_3309944,98.91738891601562,30.588151931762695,0.0,0.2861255407333374,3.0,12
4363,Interpolated_3309956,98.91857147216797,30.588340759277344,0.519444465637207,0.7647584080696106,3.0,12
4364,Interpolated_3309959,98.91889190673828,30.588390350341797,0.13986659049987793,0.58689284324646,3.0,12
4365,Interpolated_3309965,98.91957092285156,30.588499069213867,0.0,0.27125483751296997,3.0,12
4366,Interpolated_3309973,98.92064666748047,30.58867073059082,0.0,0.2580726742744446,3.0,12
4367,Interpolated_3309976,98.92095947265625,30.588720321655273,0.2287149280309677,0.6285260915756226,3.0,12
4368,Interpolated_3309979,98.92129516601562,30.58877182006836,0.0,0.2919631004333496,3.0,12
4369,Interpolated_3309982,98.921630859375,30.588825225830078,0.0,0.2670333981513977,3.0,12
4370,Interpolated_3309985,98.92192840576172,30.58887481689453,0.0,0.28917887806892395,3.0,12
4371,Interpolated_3309988,98.92222595214844,30.58892059326172,0.06350260227918625,0.5511096119880676,3.0,12
4372,Interpolated_3309991,98.92254638671875,30.588972091674805,0.0,0.5122678279876709,3.0,12
4373,Interpolated_3309994,98.92290496826172,30.58902931213379,0.0,0.5148398876190186,3.0,12
4374,Interpolated_3309997,98.92330169677734,30.58909034729004,0.18194352090358734,0.606609582901001,3.0,12
4375,Interpolated_3310000,98.92366790771484,30.589149475097656,0.0,0.5196104049682617,3.0,12
4376,Interpolated_3310003,98.92401885986328,30.589204788208008,0.0,0.4935383200645447,3.0,12
4377,Interpolated_3310006,98.92436981201172,30.589262008666992,0.2888277471065521,0.656694233417511,3.0,12
4378,Interpolated_3310009,98.92472076416016,30.589317321777344,0.09946195781230927,0.567959725856781,3.0,12
4379,Interpolated_3310012,98.92509460449219,30.58937644958496,0.2310423105955124,0.6296166777610779,3.0,12
4380,Interpolated_3310015,98.92546081542969,30.589433670043945,0.0,0.30893224477767944,3.0,12
4381,Interpolated_3310018,98.92581176757812,30.58949089050293,0.0,0.5174921751022339,3.0,12
4382,Interpolated_3310021,98.92613983154297,30.589542388916016,0.0,0.3821517825126648,3.0,12
4383,Interpolated_3310024,98.92644500732422,30.589590072631836,0.0,0.23879575729370117,2.0,12
4384,Interpolated_3310027,98.92677307128906,30.589643478393555,0.0,0.46765583753585815,3.0,12
4385,Interpolated_3310030,98.9271240234375,30.589698791503906,0.0,0.41135719418525696,3.0,12
4386,Interpolated_3310033,98.92747497558594,30.589754104614258,0.0,0.346230149269104,3.0,12
4387,Interpolated_3310036,98.92793273925781,30.589826583862305,0.1961117535829544,0.6132486462593079,3.0,12
4388,Interpolated_3310039,98.92842102050781,30.58990478515625,0.17248564958572388,0.6021777391433716,3.0,12
4389,Interpolated_3310042,98.92887115478516,30.589975357055664,0.10707732290029526,0.5715281963348389,3.0,12
4390,Interpolated_3310045,98.92930603027344,30.590044021606445,0.20804062485694885,0.618838369846344,3.0,12
4391,Interpolated_3310048,98.92973327636719,30.590112686157227,0.0,0.5074585676193237,3.0,12
4392,Interpolated_3310051,98.93013763427734,30.590177536010742,0.07284586876630783,0.5554877519607544,3.0,12
4393,Interpolated_3310054,98.93048858642578,30.59023094177246,0.0,0.2674661874771118,3.0,12
4394,Interpolated_3310057,98.93082427978516,30.59028434753418,0.12673655152320862,0.5807402729988098,3.0,12
4395,Interpolated_3310060,98.93116760253906,30.59033966064453,0.08581167459487915,0.5615633726119995,3.0,12
4396,Interpolated_3310063,98.93148040771484,30.590389251708984,0.0,0.4262498617172241,3.0,12
4397,Interpolated_3310066,98.93175506591797,30.59043312072754,0.0,0.3743998408317566,3.0,12
4398,Interpolated_3310069,98.93206024169922,30.590482711791992,0.0,0.4197426438331604,3.0,12
4399,Interpolated_3310072,98.93244934082031,30.590543746948242,0.29120537638664246,0.6578083634376526,3.0,12
4400,Interpolated_3310075,98.9328384399414,30.590606689453125,0.5372792482376099,0.7731155753135681,3.0,12
4401,Interpolated_3310078,98.9332046508789,30.59066390991211,0.8913476467132568,0.939027726650238,3.0,12
4402,Interpolated_3310081,98.93354797363281,30.59071922302246,0.0,0.20443668961524963,2.0,12
4403,Interpolated_3310087,98.9342269897461,30.5908260345459,0.16784778237342834,0.6000044941902161,3.0,12
4404,Interpolated_3312626,98.91658020019531,30.588151931762695,0.0,0.315885454416275,3.0,12
4405,Interpolated_3312629,98.91687774658203,30.588199615478516,0.38500869274139404,0.7017634510993958,3.0,12
4406,Interpolated_3312637,98.91768646240234,30.588327407836914,0.16933578252792358,0.6007017493247986,3.0,12
4407,Interpolated_3312640,98.91796112060547,30.58837127685547,0.0,0.43022143840789795,3.0,12
4408,Interpolated_3312643,98.91826629638672,30.58841896057129,0.0,0.4141913652420044,3.0,12
4409,Interpolated_3312648,98.9188003540039,30.588504791259766,0.32011401653289795,0.6713545918464661,3.0,12
4410,Interpolated_3312656,98.91974639892578,30.588655471801758,0.0,0.3859224319458008,3.0,12
4411,Interpolated_3312659,98.920166015625,30.588722229003906,0.0,0.44485998153686523,3.0,12
4412,Interpolated_3312662,98.92053985595703,30.58877944946289,0.0,0.493671178817749,3.0,12
4413,Interpolated_3312666,98.92095184326172,30.58884620666504,0.17486290633678436,0.6032916903495789,3.0,12
4414,Interpolated_3312669,98.9212646484375,30.588895797729492,0.0,0.47877079248428345,3.0,12
4415,Interpolated_3312672,98.92160034179688,30.58894920349121,0.0,0.2777414321899414,3.0,12
4416,Interpolated_3312675,98.92191314697266,30.588998794555664,0.14351685345172882,0.5886033177375793,3.0,12
4417,Interpolated_3312678,98.92220306396484,30.58904457092285,0.08205989748239517,0.5598053336143494,3.0,12
4418,Interpolated_3312681,98.92253875732422,30.58909797668457,0.0,0.5087761282920837,3.0,12
4419,Interpolated_3312684,98.92290496826172,30.589157104492188,0.0019418441224843264,0.5222629904747009,3.0,12
4420,Interpolated_3312687,98.92329406738281,30.589218139648438,0.0,0.3455581068992615,3.0,12
4421,Interpolated_3312690,98.92366027832031,30.589277267456055,0.0,0.488727867603302,3.0,12
4422,Interpolated_3312693,98.92401885986328,30.589332580566406,0.0,0.3393472135066986,3.0,12
4423,Interpolated_3312696,98.92436218261719,30.589387893676758,0.015194491483271122,0.5284730195999146,3.0,12
4424,Interpolated_3312699,98.92471313476562,30.58944320678711,0.20941287279129028,0.6194813847541809,3.0,12
4425,Interpolated_3312702,98.92508697509766,30.589502334594727,0.0,0.5140483975410461,3.0,12
4426,Interpolated_3312705,98.92545318603516,30.589561462402344,0.29145699739456177,0.6579262614250183,3.0,12
4427,Interpolated_3312708,98.9258041381836,30.589616775512695,0.0,0.2704181969165802,3.0,12
4428,Interpolated_3312711,98.92613220214844,30.58966827392578,0.06350260227918625,0.5511096119880676,3.0,12
4429,Interpolated_3312714,98.92642211914062,30.5897159576416,0.11588113009929657,0.5756535530090332,3.0,12
4430,Interpolated_3312717,98.92675018310547,30.589767456054688,0.0,0.5097910761833191,3.0,12
4431,Interpolated_3312720,98.92711639404297,30.589826583862305,0.0,0.27198630571365356,3.0,12
4432,Interpolated_3312723,98.9274673461914,30.589881896972656,0.0,0.3273003101348877,3.0,12
4433,Interpolated_3312726,98.92794036865234,30.589956283569336,0.0,0.49544405937194824,3.0,12
4434,Interpolated_3312729,98.92841339111328,30.59003257751465,0.040529415011405945,0.5403446555137634,3.0,12
4435,Interpolated_3312732,98.92887115478516,30.590103149414062,0.05483591929078102,0.5470485091209412,3.0,12
4436,Interpolated_3312735,98.92931365966797,30.590173721313477,0.35303378105163574,0.6867803931236267,3.0,12
4437,Interpolated_3312738,98.92974853515625,30.590242385864258,0.10707732290029526,0.5715281963348389,3.0,12
4438,Interpolated_3312741,98.9301528930664,30.590307235717773,0.18080812692642212,0.6060775518417358,3.0,12
4439,Interpolated_3312744,98.93050384521484,30.590362548828125,0.0,0.3622649610042572,3.0,12
4440,Interpolated_3312747,98.93084716796875,30.590415954589844,0.0,0.4616967439651489,3.0,12
4441,Interpolated_3312750,98.93119049072266,30.590471267700195,0.0,0.4591537117958069,3.0,12
4442,Interpolated_3312753,98.9314956665039,30.59052085876465,0.0,0.5076296329498291,3.0,12
4443,Interpolated_3312756,98.93177032470703,30.590564727783203,0.0,0.30282971262931824,3.0,12
4444,Interpolated_3312759,98.93209075927734,30.590614318847656,0.0,0.3692689538002014,3.0,12
4445,Interpolated_3312762,98.93247985839844,30.59067726135254,0.09058450162410736,0.5637998580932617,3.0,12
4446,Interpolated_3312765,98.9328842163086,30.590740203857422,0.0,0.40384775400161743,3.0,12
4447,Interpolated_3312768,98.93324279785156,30.590797424316406,0.07482460141181946,0.5564149618148804,3.0,12
4448,Interpolated_3315315,98.91649627685547,30.588266372680664,0.0,0.32344555854797363,3.0,12
4449,Interpolated_3315318,98.91679382324219,30.588314056396484,0.0,0.45329219102859497,3.0,12
4450,Interpolated_3315324,98.91741943359375,30.58841323852539,0.0,0.4094844162464142,3.0,12
4451,Interpolated_3315328,98.91778564453125,30.588470458984375,0.0,0.45753079652786255,3.0,12
4452,Interpolated_3315331,98.91808319091797,30.588518142700195,0.0,0.33614712953567505,3.0,12
4453,Interpolated_3315335,98.91851043701172,30.588586807250977,0.0,0.481076180934906,3.0,12
4454,Interpolated_3315338,98.9188461303711,30.588640213012695,0.3927134871482849,0.7053738236427307,3.0,12
4455,Interpolated_3315346,98.91978454589844,30.588788986206055,0.0,0.40417686104774475,3.0,12
4456,Interpolated_3315350,98.9203109741211,30.5888729095459,0.10903608798980713,0.5724460482597351,3.0,12
4457,Interpolated_3315353,98.92063903808594,30.588924407958984,0.0,0.316079318523407,3.0,12
4458,Interpolated_3315356,98.92094421386719,30.588972091674805,0.0,0.3689953684806824,3.0,12
4459,Interpolated_3315359,98.9212417602539,30.589019775390625,0.0,0.4857829213142395,3.0,12
4460,Interpolated_3315362,98.92157745361328,30.589073181152344,0.0,0.43952715396881104,3.0,12
4461,Interpolated_3315365,98.92189025878906,30.589122772216797,0.33822572231292725,0.6798415184020996,3.0,12
4462,Interpolated_3315368,98.92220306396484,30.58917236328125,0.002806172240525484,0.5226680040359497,3.0,12
4463,Interpolated_3315371,98.92254638671875,30.5892276763916,0.0,0.5062028169631958,3.0,12
4464,Interpolated_3315374,98.92291259765625,30.58928680419922,0.06560064852237701,0.5520927309989929,3.0,12
4465,Interpolated_3315377,98.92330169677734,30.58934783935547,0.2405584454536438,0.6340758204460144,3.0,12
4466,Interpolated_3315380,98.92366027832031,30.589405059814453,0.04611797258257866,0.5429633855819702,3.0,12
4467,Interpolated_3315383,98.92401123046875,30.589460372924805,0.0,0.3668949007987976,3.0,12
4468,Interpolated_3315386,98.92434692382812,30.589513778686523,0.19450737535953522,0.6124968528747559,3.0,12
4469,Interpolated_3315389,98.9247055053711,30.589570999145508,0.25619012117385864,0.6414006352424622,3.0,12
4470,Interpolated_3315392,98.92508697509766,30.589632034301758,0.0,0.5092902183532715,3.0,12
4471,Interpolated_3315395,98.92546081542969,30.589689254760742,0.0,0.41593030095100403,3.0,12
4472,Interpolated_3315398,98.92579650878906,30.58974266052246,0.0,0.3191254734992981,3.0,12
4473,Interpolated_3315401,98.92610931396484,30.589794158935547,0.05636512488126755,0.5477650761604309,3.0,12
4474,Interpolated_3315404,98.92640686035156,30.589841842651367,0.08029308170080185,0.5589774250984192,3.0,12
4475,Interpolated_3315407,98.92675018310547,30.589895248413086,0.10861289501190186,0.5722477436065674,3.0,12
4476,Interpolated_3315410,98.92711639404297,30.58995246887207,0.0,0.36855649948120117,3.0,12
4477,Interpolated_3315413,98.9274673461914,30.590009689331055,0.11320152878761292,0.5743979215621948,3.0,12
4478,Interpolated_3315416,98.92794036865234,30.590084075927734,0.0,0.298035204410553,3.0,12
4479,Interpolated_3315419,98.92841339111328,30.590158462524414,0.040529415011405945,0.5403446555137634,3.0,12
4480,Interpolated_3315422,98.92887878417969,30.590232849121094,0.017840517684817314,0.5297129154205322,3.0,12
4481,Interpolated_3315425,98.92933654785156,30.59030532836914,0.0,0.48793357610702515,3.0,12
4482,Interpolated_3315428,98.92977142333984,30.590373992919922,0.0,0.5174921751022339,3.0,12
4483,Interpolated_3315431,98.93017578125,30.590438842773438,0.17232003808021545,0.602100133895874,3.0,12
4484,Interpolated_3315434,98.93053436279297,30.590496063232422,0.0,0.3558533787727356,3.0,12
4485,Interpolated_3315437,98.93087005615234,30.590547561645508,0.0,0.4162571430206299,3.0,12
4486,Interpolated_3315440,98.93119812011719,30.590600967407227,0.0,0.4622589945793152,3.0,12
4487,Interpolated_3315443,98.93150329589844,30.59065055847168,0.0,0.3480691909790039,3.0,12
4488,Interpolated_3315446,98.93179321289062,30.590694427490234,0.27984803915023804,0.6524864435195923,3.0,12
4489,Interpolated_3315449,98.93212890625,30.590749740600586,0.32329288125038147,0.6728441715240479,3.0,12
4490,Interpolated_3315452,98.9325180053711,30.590810775756836,0.3971002697944641,0.7074294090270996,3.0,12
4491,Interpolated_3315455,98.93292236328125,30.59087371826172,0.0,0.3415435552597046,3.0,12
4492,Interpolated_3315458,98.93327331542969,30.590930938720703,0.0,0.350394606590271,3.0,12
4493,Interpolated_3315461,98.93360137939453,30.59098243713379,0.0,0.3170696198940277,3.0,12
4494,Interpolated_3318004,98.91641998291016,30.588382720947266,0.060931622982025146,0.5499048829078674,3.0,12
4495,Interpolated_3318008,98.91681671142578,30.58844566345215,0.05159497633576393,0.545529842376709,3.0,12
4496,Interpolated_3318012,98.91722869873047,30.588510513305664,0.37474703788757324,0.6969549655914307,3.0,12
4497,Interpolated_3318016,98.91761016845703,30.588571548461914,0.0,0.35465556383132935,3.0,12
4498,Interpolated_3318019,98.91789245605469,30.5886173248291,0.0,0.34638339281082153,3.0,12
4499,Interpolated_3318023,98.91831970214844,30.58868408203125,0.0,0.43617796897888184,3.0,12
4500,Interpolated_3318026,98.91867065429688,30.5887393951416,0.0,0.508414089679718,3.0,12
4501,Interpolated_3318029,98.91902160644531,30.588794708251953,0.0,0.4800640940666199,3.0,12
4502,Interpolated_3318039,98.92020416259766,30.5889835357666,0.0,0.2516910433769226,3.0,12
4503,Interpolated_3318042,98.9205322265625,30.589035034179688,0.0,0.2759397029876709,3.0,12
4504,Interpolated_3318045,98.92082977294922,30.589082717895508,0.0,0.36791518330574036,3.0,12
4505,Interpolated_3318048,98.92113494873047,30.58913230895996,0.0,0.4809234142303467,3.0,12
4506,Interpolated_3318051,98.92144012451172,30.58917999267578,0.0,0.36185264587402344,3.0,12
4507,Interpolated_3318054,98.92176818847656,30.589231491088867,0.0,0.47764790058135986,3.0,12
4508,Interpolated_3318057,98.92208099365234,30.589282989501953,0.0,0.18392854928970337,2.0,12
4509,Interpolated_3318060,98.92243957519531,30.589338302612305,0.032072991132736206,0.5363820791244507,3.0,12
4510,Interpolated_3318063,98.92279815673828,30.58939552307129,0.04369772598147392,0.5418292880058289,3.0,12
4511,Interpolated_3318066,98.92317962646484,30.58945655822754,0.20366975665092468,0.616790235042572,3.0,12
4512,Interpolated_3318069,98.92354583740234,30.589513778686523,0.2888277471065521,0.656694233417511,3.0,12
4513,Interpolated_3318072,98.92388916015625,30.589569091796875,0.0,0.5035804510116577,3.0,12
4514,Interpolated_3318075,98.92422485351562,30.589622497558594,0.07767719775438309,0.5577516555786133,3.0,12
4515,Interpolated_3318078,98.9245834350586,30.589679718017578,0.0,0.46776384115219116,3.0,12
4516,Interpolated_3318081,98.92497253417969,30.589740753173828,0.11159714311361313,0.5736461281776428,3.0,12
4517,Interpolated_3318084,98.92535400390625,30.589801788330078,0.11320152878761292,0.5743979215621948,3.0,12
4518,Interpolated_3318087,98.9256820678711,30.589853286743164,0.0,0.3617127537727356,3.0,12
4519,Interpolated_3318090,98.9260025024414,30.58990478515625,0.017162539064884186,0.5293952226638794,3.0,12
4520,Interpolated_3318093,98.92630004882812,30.58995246887207,0.08029308170080185,0.5589774250984192,3.0,12
4521,Interpolated_3318096,98.9266357421875,30.59000587463379,0.44153866171836853,0.7282527089118958,3.0,12
4522,Interpolated_3318099,98.92700958251953,30.590065002441406,0.0,0.3316720128059387,3.0,12
4523,Interpolated_3318102,98.92735290527344,30.590118408203125,0.0,0.5096820592880249,3.0,12
4524,Interpolated_3318105,98.92777252197266,30.590185165405273,0.08275708556175232,0.5601320266723633,3.0,12
4525,Interpolated_3318108,98.9282455444336,30.590259552001953,0.11159714311361313,0.5736461281776428,3.0,12
4526,Interpolated_3318111,98.92872619628906,30.590335845947266,0.0,0.5086449384689331,3.0,12
4527,Interpolated_3318114,98.92919921875,30.590412139892578,0.025616034865379333,0.5333564281463623,3.0,12
4528,Interpolated_3318117,98.92964935302734,30.590482711791992,0.27049726247787476,0.6481047868728638,3.0,12
4529,Interpolated_3318120,98.9300765991211,30.590551376342773,0.0,0.46283280849456787,3.0,12
4530,Interpolated_3318123,98.9304428100586,30.590608596801758,0.12031114846467972,0.5777294039726257,3.0,12
4531,Interpolated_3318126,98.93077087402344,30.590660095214844,0.0,0.4536939263343811,3.0,12
4532,Interpolated_3318129,98.93109130859375,30.59071159362793,0.10196793079376221,0.569133996963501,3.0,12
4533,Interpolated_3318132,98.93141174316406,30.590763092041016,0.06769246608018875,0.5530729293823242,3.0,12
4534,Interpolated_3318135,98.93170166015625,30.590808868408203,0.0,0.4270195960998535,3.0,12
4535,Interpolated_3318138,98.93203735351562,30.590862274169922,0.0,0.5208348631858826,3.0,12
4536,Interpolated_3318141,98.93241882324219,30.590923309326172,0.41762280464172363,0.7170460224151611,3.0,12
4537,Interpolated_3318144,98.93283081054688,30.590988159179688,0.0,0.38984745740890503,3.0,12
4538,Interpolated_3318147,98.93318176269531,30.59104347229004,0.42772290110588074,0.7217788100242615,3.0,12
4539,Interpolated_3318150,98.93353271484375,30.59109878540039,0.0,0.40415918827056885,3.0,12
4540,Interpolated_3320695,98.91653442382812,30.58852767944336,0.0074903336353600025,0.5248629450798035,3.0,12
4541,Interpolated_3320698,98.91683959960938,30.588577270507812,0.0,0.41492587327957153,3.0,12
4542,Interpolated_3320702,98.91724395751953,30.588642120361328,0.11335721611976624,0.5744708776473999,3.0,12
4543,Interpolated_3320706,98.9176254272461,30.588701248168945,0.07031814008951187,0.5543032884597778,3.0,12
4544,Interpolated_3320709,98.91792297363281,30.588748931884766,0.1499095857143402,0.5915988683700562,3.0,12
4545,Interpolated_3320713,98.91836547851562,30.58881950378418,0.0,0.37382271885871887,3.0,12
4546,Interpolated_3320716,98.91874694824219,30.588878631591797,0.19219651818275452,0.6114140152931213,3.0,12
4547,Interpolated_3320719,98.91907501220703,30.588932037353516,0.0,0.3965316712856293,3.0,12
4548,Interpolated_3320723,98.91951751708984,30.58900260925293,0.0,0.443251371383667,3.0,12
4549,Interpolated_3320727,98.91997528076172,30.589075088500977,0.0,0.3647473454475403,3.0,12
4550,Interpolated_3320731,98.9204330444336,30.589147567749023,0.0,0.29344698786735535,3.0,12
4551,Interpolated_3320735,98.92082977294922,30.589210510253906,0.0,0.4637974500656128,3.0,12
4552,Interpolated_3320738,98.92112731933594,30.589258193969727,0.08342501521110535,0.5604450106620789,3.0,12
4553,Interpolated_3320741,98.92142486572266,30.589305877685547,0.0,0.29634058475494385,3.0,12
4554,Interpolated_3320744,98.9217529296875,30.589357376098633,0.0,0.4863560199737549,3.0,12
4555,Interpolated_3320747,98.92208862304688,30.58941078186035,0.03643368184566498,0.5384254455566406,3.0,12
4556,Interpolated_3320750,98.92244720458984,30.589468002319336,0.0,0.3051101565361023,3.0,12
4557,Interpolated_3320753,98.92280578613281,30.58952522277832,0.2331313192844391,0.6305955648422241,3.0,12
4558,Interpolated_3320756,98.92320251464844,30.589588165283203,0.5422459244728088,0.775442898273468,3.0,12
4559,Interpolated_3320759,98.9235610961914,30.589645385742188,0.036735910922288895,0.538567066192627,3.0,12
4560,Interpolated_3320762,98.92389678955078,30.589698791503906,0.1711558997631073,0.6015546321868896,3.0,12
4561,Interpolated_3320765,98.92422485351562,30.589750289916992,0.08449744433164597,0.5609475374221802,3.0,12
4562,Interpolated_3320768,98.92459106445312,30.58980941772461,0.0,0.3696426749229431,3.0,12
4563,Interpolated_3320771,98.92499542236328,30.589872360229492,0.017162539064884186,0.5293952226638794,3.0,12
4564,Interpolated_3320774,98.92536926269531,30.58993148803711,0.0,0.501757025718689,3.0,12
4565,Interpolated_3320777,98.92570495605469,30.589984893798828,0.0,0.3697643280029297,3.0,12
4566,Interpolated_3320780,98.92601776123047,30.59003448486328,0.0,0.2991465926170349,3.0,12
4567,Interpolated_3320783,98.92630004882812,30.59008026123047,0.08029308170080185,0.5589774250984192,3.0,12
4568,Interpolated_3320786,98.92665100097656,30.59013557434082,0.012601889669895172,0.5272581577301025,3.0,12
4569,Interpolated_3320789,98.92703247070312,30.59019660949707,0.0,0.3221012055873871,3.0,12
4570,Interpolated_3320792,98.92737579345703,30.59025001525879,0.0,0.26407575607299805,3.0,12
4571,Interpolated_3320795,98.92776489257812,30.590312957763672,0.0,0.5125371813774109,3.0,12
4572,Interpolated_3320798,98.92822265625,30.59038543701172,0.12660324573516846,0.5806778073310852,3.0,12
4573,Interpolated_3320801,98.92872619628906,30.590465545654297,0.0,0.41782334446907043,3.0,12
4574,Interpolated_3320804,98.9292221069336,30.590543746948242,0.023524858057498932,0.5323765277862549,3.0,12
4575,Interpolated_3320807,98.9296646118164,30.590614318847656,0.12806592881679535,0.5813632011413574,3.0,12
4576,Interpolated_3320810,98.93009948730469,30.590682983398438,0.03304455056786537,0.5368373394012451,3.0,12
4577,Interpolated_3320813,98.93046569824219,30.590740203857422,0.0,0.4103209376335144,3.0,12
4578,Interpolated_3320816,98.93077850341797,30.590789794921875,0.0,0.27784040570259094,3.0,12
4579,Interpolated_3320819,98.93109893798828,30.59084129333496,0.0,0.42446714639663696,3.0,12
4580,Interpolated_3320822,98.93141174316406,30.590890884399414,0.2517319917678833,0.6393116116523743,3.0,12
4581,Interpolated_3320825,98.93171691894531,30.590938568115234,0.05878918617963791,0.5489009618759155,3.0,12
4582,Interpolated_3320828,98.93206024169922,30.590993881225586,0.21425805985927582,0.6217517852783203,3.0,12
4583,Interpolated_3320831,98.93245697021484,30.59105682373047,0.30578193068504333,0.6646387577056885,3.0,12
4584,Interpolated_3320834,98.932861328125,30.591121673583984,0.0,0.3459920287132263,3.0,12
4585,Interpolated_3320837,98.93321990966797,30.591176986694336,0.35044920444488525,0.6855692863464355,3.0,12
4586,Interpolated_3323383,98.91636657714844,30.5886287689209,0.15021663904190063,0.591742753982544,3.0,12
4587,Interpolated_3323387,98.91675567626953,30.58869171142578,0.0,0.4926568269729614,3.0,12
4588,Interpolated_3323390,98.91706085205078,30.5887393951416,0.0,0.2909420430660248,3.0,12
4589,Interpolated_3323393,98.91735076904297,30.58878517150879,0.0,0.3322678208351135,3.0,12
4590,Interpolated_3323396,98.91764831542969,30.58883285522461,0.0,0.4430828392505646,3.0,12
4591,Interpolated_3323400,98.91806030273438,30.588899612426758,0.2717618942260742,0.6486973762512207,3.0,12
4592,Interpolated_3323403,98.91841888427734,30.58895492553711,0.34236761927604675,0.6817823648452759,3.0,12
4593,Interpolated_3323407,98.91890716552734,30.589033126831055,0.08651191741228104,0.561891496181488,3.0,12
4594,Interpolated_3323410,98.91923522949219,30.58908462524414,0.0,0.438352108001709,3.0,12
4595,Interpolated_3323413,98.91954803466797,30.589134216308594,0.0,0.44607263803482056,3.0,12
4596,Interpolated_3323417,98.91999053955078,30.589204788208008,0.0,0.06666667014360428,1.0,12
4597,Interpolated_3323420,98.92032623291016,30.58926010131836,0.054670557379722595,0.5469710230827332,3.0,12
4598,Interpolated_3323423,98.92061614990234,30.589305877685547,0.0,0.49842602014541626,3.0,12
4599,Interpolated_3323426,98.9209213256836,30.589353561401367,0.8005802631378174,0.8964952230453491,3.0,12
4600,Interpolated_3323429,98.92122650146484,30.589401245117188,0.0,0.47697991132736206,3.0,12
4601,Interpolated_3323432,98.9215316772461,30.58945083618164,0.3737029731273651,0.6964657306671143,3.0,12
4602,Interpolated_3323435,98.92185974121094,30.589502334594727,0.0,0.2622358500957489,3.0,12
4603,Interpolated_3323438,98.92222595214844,30.589561462402344,0.0,0.21479354798793793,2.0,12
4604,Interpolated_3323441,98.9225845336914,30.589616775512695,0.0,0.5148398876190186,3.0,12
4605,Interpolated_3323444,98.92295837402344,30.589677810668945,0.0,0.503533124923706,3.0,12
4606,Interpolated_3323447,98.92335510253906,30.589740753173828,0.0,0.49388235807418823,3.0,12
4607,Interpolated_3323450,98.9237060546875,30.58979606628418,0.0425042025744915,0.5412700176239014,3.0,12
4608,Interpolated_3323453,98.92401885986328,30.589845657348633,0.21408139169216156,0.6216689944267273,3.0,12
4609,Interpolated_3323456,98.92435455322266,30.58989906311035,0.0,0.31902360916137695,3.0,12
4610,Interpolated_3323459,98.92475891113281,30.589962005615234,0.0,0.3275548219680786,3.0,12
4611,Interpolated_3323462,98.92514038085938,30.590023040771484,0.07783035188913345,0.5578234195709229,3.0,12
4612,Interpolated_3323465,98.92549896240234,30.59008026123047,0.0,0.3373769223690033,3.0,12
4613,Interpolated_3323468,98.92582702636719,30.590131759643555,0.18436618149280548,0.6077448129653931,3.0,12
4614,Interpolated_3323471,98.92610931396484,30.590177536010742,0.0,0.2378196269273758,3.0,12
4615,Interpolated_3323474,98.9264144897461,30.590227127075195,0.05483591929078102,0.5470485091209412,3.0,12
4616,Interpolated_3323477,98.92681121826172,30.590290069580078,0.08264806866645813,0.5600809454917908,3.0,12
4617,Interpolated_3323480,98.92716979980469,30.59034538269043,0.0,0.37985876202583313,3.0,12
4618,Interpolated_3323483,98.9275131225586,30.59040069580078,0.0,0.3228229284286499,3.0,12
4619,Interpolated_3323486,98.92790222167969,30.59046173095703,0.0,0.18441621959209442,2.0,12
4620,Interpolated_3323489,98.92839050292969,30.590539932250977,0.19450737535953522,0.6124968528747559,3.0,12
4621,Interpolated_3323492,98.92890167236328,30.590621948242188,0.22792603075504303,0.6281564235687256,3.0,12
4622,Interpolated_3323495,98.92938995361328,30.5906982421875,0.11159714311361313,0.5736461281776428,3.0,12
4623,Interpolated_3323498,98.9298324584961,30.59076690673828,0.0,0.46146994829177856,3.0,12
4624,Interpolated_3323501,98.93024444580078,30.59083366394043,0.0,0.3086790442466736,3.0,12
4625,Interpolated_3323504,98.93058776855469,30.59088897705078,0.0,0.5091418623924255,3.0,12
4626,Interpolated_3323507,98.93089294433594,30.5909366607666,0.0,0.4183197617530823,3.0,12
4627,Interpolated_3323510,98.93121337890625,30.590986251831055,0.14149004220962524,0.5876535773277283,3.0,12
4628,Interpolated_3323513,98.93153381347656,30.59103775024414,0.5899802446365356,0.7978106141090393,3.0,12
4629,Interpolated_3323516,98.93185424804688,30.591089248657227,0.5679277181625366,0.7874770760536194,3.0,12
4630,Interpolated_3323519,98.93222045898438,30.59114646911621,0.41762280464172363,0.7170460224151611,3.0,12
4631,Interpolated_3323522,98.9326400756836,30.59121322631836,0.0,0.24765457212924957,3.0,12
4632,Interpolated_3323525,98.93302154541016,30.59127426147461,0.16925042867660522,0.6006617546081543,3.0,12
4633,Interpolated_3326075,98.91658020019531,30.588790893554688,0.0,0.26457399129867554,3.0,12
4634,Interpolated_3326078,98.9168930053711,30.58884048461914,0.0,0.29544925689697266,3.0,12
4635,Interpolated_3326081,98.91718292236328,30.588886260986328,0.15806682407855988,0.5954212546348572,3.0,12
4636,Interpolated_3326084,98.91746520996094,30.588932037353516,0.0,0.4650167226791382,3.0,12
4637,Interpolated_3326090,98.91810607910156,30.589033126831055,0.3544575273990631,0.6874475479125977,3.0,12
4638,Interpolated_3326093,98.91846466064453,30.58909034729004,0.6452215313911438,0.8236960172653198,3.0,12
4639,Interpolated_3326096,98.91883087158203,30.589149475097656,0.0,0.3143045902252197,3.0,12
4640,Interpolated_3326099,98.91915893554688,30.589200973510742,0.1642335057258606,0.5983108878135681,3.0,12
4641,Interpolated_3326102,98.91947174072266,30.589250564575195,0.0,0.32733315229415894,3.0,12
4642,Interpolated_3326105,98.9197769165039,30.58930015563965,0.0,0.5185732245445251,3.0,12
4643,Interpolated_3326108,98.92010498046875,30.589351654052734,0.0,0.3206425607204437,3.0,12
4644,Interpolated_3326111,98.92042541503906,30.58940315246582,0.0,0.4430857300758362,3.0,12
4645,Interpolated_3326114,98.92072296142578,30.589448928833008,0.0,0.5155676007270813,3.0,12
4646,Interpolated_3326117,98.92102813720703,30.58949851989746,0.0,0.31518787145614624,3.0,12
4647,Interpolated_3326120,98.92132568359375,30.58954620361328,0.11793885380029678,0.5766177773475647,3.0,12
4648,Interpolated_3326123,98.92163848876953,30.589595794677734,0.0,0.5118207931518555,3.0,12
4649,Interpolated_3326126,98.9219970703125,30.589651107788086,0.0,0.4163122773170471,3.0,12
4650,Interpolated_3326129,98.92235565185547,30.589710235595703,0.596345067024231,0.8007931113243103,3.0,12
4651,Interpolated_3326132,98.92272186279297,30.589767456054688,0.20187228918075562,0.615947961807251,3.0,12
4652,Interpolated_3326135,98.9231185913086,30.58983039855957,0.2065649777650833,0.6181468963623047,3.0,12
4653,Interpolated_3326138,98.92350006103516,30.58989143371582,0.0425042025744915,0.5412700176239014,3.0,12
4654,Interpolated_3326141,98.923828125,30.589942932128906,0.0,0.33543235063552856,3.0,12
4655,Interpolated_3326144,98.92414093017578,30.58999252319336,0.11320152878761292,0.5743979215621948,3.0,12
4656,Interpolated_3326147,98.92450714111328,30.590051651000977,0.09203153103590012,0.5644779205322266,3.0,12
4657,Interpolated_3326150,98.92491149902344,30.59011459350586,0.08649779856204987,0.561884880065918,3.0,12
4658,Interpolated_3326153,98.9252700805664,30.590173721313477,0.0,0.4883071184158325,3.0,12
4659,Interpolated_3326156,98.92562866210938,30.590229034423828,0.08722207695245743,0.562224268913269,3.0,12
4660,Interpolated_3326159,98.92593383789062,30.59027862548828,0.36953818798065186,0.6945141553878784,3.0,12
4661,Interpolated_3326162,98.92621612548828,30.590322494506836,0.0,0.32813334465026855,3.0,12
4662,Interpolated_3326165,98.92657470703125,30.59037971496582,0.18974816799163818,0.6102667450904846,3.0,12
4663,Interpolated_3326168,98.92696380615234,30.590442657470703,0.0,0.5112413167953491,3.0,12
4664,Interpolated_3326171,98.92730712890625,30.590496063232422,0.0,0.3560243248939514,3.0,12
4665,Interpolated_3326174,98.92765045166016,30.59054946899414,0.10382035374641418,0.570002019405365,3.0,12
4666,Interpolated_3326177,98.92804718017578,30.590612411499023,0.0,0.4346165657043457,3.0,12
4667,Interpolated_3326180,98.9285659790039,30.590694427490234,0.0,0.3198177218437195,3.0,12
4668,Interpolated_3326183,98.92908477783203,30.590776443481445,0.0,0.5035804510116577,3.0,12
4669,Interpolated_3326186,98.92955780029297,30.590852737426758,0.03718709200620651,0.5387784838676453,3.0,12
4670,Interpolated_3326189,98.92999267578125,30.59092140197754,0.0,0.5035804510116577,3.0,12
4671,Interpolated_3326192,98.93038177490234,30.59098243713379,0.0,0.3028285801410675,3.0,12
4672,Interpolated_3326195,98.93071746826172,30.59103775024414,0.05483591929078102,0.5470485091209412,3.0,12
4673,Interpolated_3326198,98.9310073852539,30.591083526611328,0.736741840839386,0.8665813207626343,3.0,12
4674,Interpolated_3326201,98.93133544921875,30.591135025024414,0.0,0.3672332167625427,3.0,12
4675,Interpolated_3326204,98.93165588378906,30.5911865234375,0.46662694215774536,0.7400087714195251,3.0,12
4676,Interpolated_3326207,98.93201446533203,30.59124183654785,0.0967373177409172,0.5666829943656921,3.0,12
4677,Interpolated_3326210,98.93240356445312,30.591304779052734,0.44364917278289795,0.729241669178009,3.0,12
4678,Interpolated_3326213,98.93281555175781,30.59136962890625,0.0,0.31632286310195923,3.0,12
4679,Interpolated_3328764,98.91649627685547,30.588905334472656,0.0,0.4639872908592224,3.0,12
4680,Interpolated_3328767,98.91680908203125,30.58895492553711,0.0,0.4970252513885498,3.0,12
4681,Interpolated_3328770,98.91709899902344,30.58900260925293,0.0037087874952703714,0.5230909585952759,3.0,12
4682,Interpolated_3328773,98.9173812866211,30.589046478271484,0.0,0.2592160999774933,3.0,12
4683,Interpolated_3328776,98.91769409179688,30.589096069335938,0.0,0.4385530352592468,3.0,12
4684,Interpolated_3328779,98.91803741455078,30.58915138244629,0.0,0.35668137669563293,3.0,12
4685,Interpolated_3328782,98.91839599609375,30.589208602905273,0.0,0.47116971015930176,3.0,12
4686,Interpolated_3328785,98.91873931884766,30.589263916015625,0.0,0.5180518627166748,3.0,12
4687,Interpolated_3328788,98.91908264160156,30.589317321777344,0.0,0.35057777166366577,3.0,12
4688,Interpolated_3328791,98.91938018798828,30.589365005493164,0.0,0.3314633071422577,3.0,12
4689,Interpolated_3328794,98.91968536376953,30.589412689208984,0.0,0.27679598331451416,3.0,12
4690,Interpolated_3328797,98.91999816894531,30.58946418762207,1.0,0.989940881729126,3.0,12
4691,Interpolated_3328800,98.92032623291016,30.589515686035156,0.0,0.38128000497817993,3.0,12
4692,Interpolated_3328803,98.92062377929688,30.589563369750977,0.0,0.37605857849121094,3.0,12
4693,Interpolated_3328806,98.92093658447266,30.58961296081543,0.3083457946777344,0.6658401489257812,3.0,12
4694,Interpolated_3328809,98.9212417602539,30.58966064453125,0.0,0.5183573365211487,3.0,12
4695,Interpolated_3328812,98.92153930664062,30.58970832824707,0.0,0.5121155977249146,3.0,12
4696,Interpolated_3328815,98.921875,30.58976173400879,0.0,0.28298723697662354,3.0,12
4697,Interpolated_3328818,98.92224884033203,30.589820861816406,0.0638711005449295,0.5512822866439819,3.0,12
4698,Interpolated_3328821,98.92261505126953,30.589879989624023,0.0,0.519730269908905,3.0,12
4699,Interpolated_3328824,98.92301940917969,30.589942932128906,0.0,0.37626051902770996,3.0,12
4700,Interpolated_3328827,98.92341613769531,30.59000587463379,0.1674487590789795,0.5998175144195557,3.0,12
4701,Interpolated_3328830,98.92374420166016,30.590057373046875,0.0,0.5149295330047607,3.0,12
4702,Interpolated_3328833,98.9240493774414,30.590106964111328,0.0425042025744915,0.5412700176239014,3.0,12
4703,Interpolated_3328836,98.92440795898438,30.59016227722168,0.0,0.3468168079853058,3.0,12
4704,Interpolated_3328839,98.92479705810547,30.590225219726562,0.116583913564682,0.5759828686714172,3.0,12
4705,Interpolated_3328842,98.92516326904297,30.59028434753418,0.0,0.46622800827026367,3.0,12
4706,Interpolated_3328845,98.92552185058594,30.59033966064453,0.11581206321716309,0.5756211876869202,3.0,12
4707,Interpolated_3328848,98.92584991455078,30.59039306640625,0.0,0.3105688989162445,3.0,12
4708,Interpolated_3328851,98.92613983154297,30.590438842773438,0.0,0.4235665202140808,3.0,12
4709,Interpolated_3328854,98.92648315429688,30.590492248535156,0.0,0.33716145157814026,3.0,12
4710,Interpolated_3328857,98.92686462402344,30.590553283691406,0.029558109119534492,0.5352036356925964,3.0,12
4711,Interpolated_3328860,98.9272232055664,30.59061050415039,0.06051720678806305,0.5497106909751892,3.0,12
4712,Interpolated_3328863,98.92756652832031,30.59066390991211,0.0,0.38713061809539795,3.0,12
4713,Interpolated_3328866,98.92791748046875,30.590721130371094,0.19552522897720337,0.6129738092422485,3.0,12
4714,Interpolated_3328869,98.92839813232422,30.590795516967773,0.0,0.3582184910774231,3.0,12
4715,Interpolated_3328872,98.92893981933594,30.590883255004883,0.0,0.49337542057037354,3.0,12
4716,Interpolated_3328875,98.92942810058594,30.590959548950195,0.0,0.5027943253517151,3.0,12
4717,Interpolated_3328878,98.92987060546875,30.59103012084961,0.0892338827252388,0.5631669759750366,3.0,12
4718,Interpolated_3328881,98.9302749633789,30.591094970703125,0.0,0.3283543288707733,3.0,12
4719,Interpolated_3328884,98.93063354492188,30.59115219116211,0.0,0.3340762257575989,3.0,12
4720,Interpolated_3328887,98.9309310913086,30.591197967529297,0.0,0.32884323596954346,3.0,12
4721,Interpolated_3328890,98.9312515258789,30.591249465942383,0.0,0.4697861671447754,3.0,12
4722,Interpolated_3328893,98.93157958984375,30.59130096435547,0.5769385099411011,0.7916994094848633,3.0,12
4723,Interpolated_3328896,98.93193817138672,30.591358184814453,0.0,0.3602792024612427,3.0,12
4724,Interpolated_3328899,98.93232727050781,30.591421127319336,0.0,0.3210534453392029,3.0,12
4725,Interpolated_3328902,98.9327392578125,30.59148597717285,0.22168073058128357,0.6252299547195435,3.0,12
4726,Interpolated_3331454,98.91651153564453,30.58903694152832,0.2706937789916992,0.6481968760490417,3.0,12
4727,Interpolated_3331458,98.91692352294922,30.589101791381836,0.0,0.37808167934417725,3.0,12
4728,Interpolated_3331461,98.91718292236328,30.589143753051758,0.0,0.3790988028049469,3.0,12
4729,Interpolated_3331464,98.91748809814453,30.589191436767578,0.0,0.32158032059669495,3.0,12
4730,Interpolated_3331467,98.91783905029297,30.589248657226562,0.0,0.3191441297531128,3.0,12
4731,Interpolated_3331470,98.918212890625,30.58930778503418,0.5278379321098328,0.7686914801597595,3.0,12
4732,Interpolated_3331473,98.91854858398438,30.5893611907959,0.0,0.48128074407577515,3.0,12
4733,Interpolated_3331476,98.91889953613281,30.58941650390625,0.1404288113117218,0.5871562957763672,3.0,12
4734,Interpolated_3331479,98.9192123413086,30.589466094970703,0.20458535850048065,0.6172192692756653,3.0,12
4735,Interpolated_3331482,98.91950225830078,30.58951187133789,0.0,0.3733203411102295,3.0,12
4736,Interpolated_3331485,98.9197998046875,30.58955955505371,0.0,0.5044978857040405,3.0,12
4737,Interpolated_3331488,98.92012023925781,30.589609146118164,0.0,0.24526375532150269,2.0,12
4738,Interpolated_3331491,98.92044067382812,30.58966064453125,0.0,0.37358230352401733,3.0,12
4739,Interpolated_3331494,98.92074584960938,30.589710235595703,0.0,0.4562481641769409,3.0,12
4740,Interpolated_3331497,98.92105865478516,30.589759826660156,0.6814770102500916,0.8406848907470703,3.0,12
4741,Interpolated_3331500,98.92134857177734,30.589805603027344,0.0,0.3669622242450714,3.0,12
4742,Interpolated_3331503,98.92166137695312,30.589855194091797,0.04666340723633766,0.5432189702987671,3.0,12
4743,Interpolated_3331506,98.92200469970703,30.58991050720215,0.0,0.494686484336853,3.0,12
4744,Interpolated_3331509,98.9223861694336,30.5899715423584,0.0,0.5148398876190186,3.0,12
4745,Interpolated_3331512,98.92277526855469,30.59003257751465,0.20627711713314056,0.618012011051178,3.0,12
4746,Interpolated_3331515,98.9231948852539,30.590099334716797,0.1732567399740219,0.6025390625,3.0,12
4747,Interpolated_3331518,98.9235610961914,30.59015655517578,0.21567405760288239,0.62241530418396,3.0,12
4748,Interpolated_3331521,98.92386627197266,30.590206146240234,0.0,0.5103418827056885,3.0,12
4749,Interpolated_3331524,98.9241943359375,30.59025764465332,0.06350260227918625,0.5511096119880676,3.0,12
4750,Interpolated_3331527,98.924560546875,30.590316772460938,0.23372218012809753,0.6308724284172058,3.0,12
4751,Interpolated_3331530,98.92493438720703,30.590375900268555,0.6547400951385498,0.8281562924385071,3.0,12
4752,Interpolated_3331533,98.92530059814453,30.59043312072754,0.0,0.49348974227905273,3.0,12
4753,Interpolated_3331536,98.92564392089844,30.59048843383789,0.0,0.45951372385025024,3.0,12
4754,Interpolated_3331539,98.92595672607422,30.590538024902344,0.02342500537633896,0.5323297381401062,3.0,12
4755,Interpolated_3331542,98.92626953125,30.590587615966797,0.0,0.42405974864959717,3.0,12
4756,Interpolated_3331545,98.92664337158203,30.590646743774414,0.017840517684817314,0.5297129154205322,3.0,12
4757,Interpolated_3331548,98.9270248413086,30.59070587158203,0.04355398938059807,0.5417619347572327,3.0,12
4758,Interpolated_3331551,98.92738342285156,30.590763092041016,0.0,0.27667105197906494,3.0,12
4759,Interpolated_3331554,98.9277114868164,30.590816497802734,0.0,0.3659459948539734,3.0,12
4760,Interpolated_3331557,98.9280776977539,30.59087371826172,0.2429652065038681,0.6352035999298096,3.0,12
4761,Interpolated_3331560,98.92860412597656,30.590957641601562,0.0,0.3809592127799988,3.0,12
4762,Interpolated_3331563,98.92912292480469,30.591039657592773,0.022016258910298347,0.5316696166992188,3.0,12
4763,Interpolated_3331566,98.92960357666016,30.591115951538086,0.0,0.501690685749054,3.0,12
4764,Interpolated_3331569,98.93002319335938,30.591182708740234,0.0,0.5079454183578491,3.0,12
4765,Interpolated_3331572,98.93041229248047,30.591243743896484,0.0,0.3354337811470032,3.0,12
4766,Interpolated_3331575,98.93074798583984,30.591297149658203,0.0,0.2776627838611603,3.0,12
4767,Interpolated_3331578,98.93106079101562,30.591346740722656,0.0,0.3596233129501343,3.0,12
4768,Interpolated_3331581,98.931396484375,30.591400146484375,0.0,0.29248103499412537,3.0,12
4769,Interpolated_3331584,98.9317398071289,30.591455459594727,0.0,0.37824034690856934,3.0,12
4770,Interpolated_3331587,98.93212890625,30.591516494750977,0.0,0.4970335364341736,3.0,12
4771,Interpolated_3331590,98.93253326416016,30.591581344604492,0.0,0.3018842041492462,3.0,12
4772,Interpolated_3334145,98.91664123535156,30.58918571472168,0.0,0.4177100658416748,3.0,12
4773,Interpolated_3334148,98.91693115234375,30.589231491088867,0.0,0.4521535038948059,3.0,12
4774,Interpolated_3334152,98.91729736328125,30.58928871154785,0.0,0.23067882657051086,3.0,12
4775,Interpolated_3334156,98.91775512695312,30.5893611907959,0.0,0.520416796207428,3.0,12
4776,Interpolated_3334159,98.91813659667969,30.58942222595215,0.48400840163230896,0.7481535077095032,3.0,12
4777,Interpolated_3334162,98.91846466064453,30.589475631713867,0.0,0.3919646739959717,3.0,12
4778,Interpolated_3334166,98.91893768310547,30.589550018310547,0.0,0.476260244846344,3.0,12
4779,Interpolated_3334169,98.91924285888672,30.589599609375,0.0,0.3937050700187683,3.0,12
4780,Interpolated_3334172,98.9195327758789,30.589643478393555,0.0,0.4271996021270752,3.0,12
4781,Interpolated_3334175,98.9198226928711,30.589691162109375,0.27013638615608215,0.647935688495636,3.0,12
4782,Interpolated_3334178,98.92013549804688,30.589740753173828,0.08122774958610535,0.5594154000282288,3.0,12
4783,Interpolated_3334181,98.92046356201172,30.589792251586914,0.0,0.17475974559783936,2.0,12
4784,Interpolated_3334184,98.92076873779297,30.589841842651367,0.2944941520690918,0.6593494415283203,3.0,12
4785,Interpolated_3334187,98.92107391357422,30.58989143371582,0.0,0.4513048529624939,3.0,12
4786,Interpolated_3334190,98.92137145996094,30.589937210083008,0.0,0.3361392021179199,3.0,12
4787,Interpolated_3334193,98.92168426513672,30.58998680114746,0.04722525179386139,0.54348224401474,3.0,12
4788,Interpolated_3334196,98.92201232910156,30.59004020690918,0.0,0.5148398876190186,3.0,12
4789,Interpolated_3334199,98.92240142822266,30.59010124206543,0.0,0.4910861849784851,3.0,12
4790,Interpolated_3334202,98.92279815673828,30.590164184570312,0.20366759598255157,0.6167892217636108,3.0,12
4791,Interpolated_3334205,98.92323303222656,30.590232849121094,0.0,0.503533124923706,3.0,12
4792,Interpolated_3334208,98.923583984375,30.590288162231445,0.15501579642295837,0.5939915776252747,3.0,12
4793,Interpolated_3334211,98.92389678955078,30.5903377532959,0.0,0.3273003101348877,3.0,12
4794,Interpolated_3334214,98.92422485351562,30.590389251708984,0.1986280381679535,0.6144277453422546,3.0,12
4795,Interpolated_3334217,98.92457580566406,30.59044647216797,0.43335050344467163,0.7244158387184143,3.0,12
4796,Interpolated_3334220,98.9249496459961,30.590505599975586,0.2239997237920761,0.6263166069984436,3.0,12
4797,Interpolated_3334223,98.92530822753906,30.59056282043457,0.32012635469436646,0.6713603734970093,3.0,12
4798,Interpolated_3334226,98.92565155029297,30.59061622619629,0.17494164407253265,0.6033285856246948,3.0,12
4799,Interpolated_3334229,98.92597198486328,30.590667724609375,0.0,0.4484652280807495,3.0,12
4800,Interpolated_3334232,98.92630767822266,30.590721130371094,0.10518941283226013,0.5706435441970825,3.0,12
4801,Interpolated_3334235,98.92666625976562,30.590778350830078,0.022016258910298347,0.5316696166992188,3.0,12
4802,Interpolated_3334238,98.92706298828125,30.59084129333496,0.0034883487969636917,0.5229876637458801,3.0,12
4803,Interpolated_3334241,98.92742156982422,30.590898513793945,0.0,0.3220975399017334,3.0,12
4804,Interpolated_3334244,98.927734375,30.5909481048584,0.0,0.3603305220603943,3.0,12
4805,Interpolated_3334247,98.92809295654297,30.591005325317383,0.32642367482185364,0.6743112206459045,3.0,12
4806,Interpolated_3334250,98.92863464355469,30.591089248657227,0.1961117535829544,0.6132486462593079,3.0,12
4807,Interpolated_3334253,98.92914581298828,30.591171264648438,0.0,0.5050714015960693,3.0,12
4808,Interpolated_3334256,98.92961883544922,30.591245651245117,0.0,0.5211867094039917,3.0,12
4809,Interpolated_3334259,98.93004608154297,30.5913143157959,0.0,0.5189651846885681,3.0,12
4810,Interpolated_3334262,98.93042755126953,30.591373443603516,0.0,0.508614182472229,3.0,12
4811,Interpolated_3334265,98.9307632446289,30.591428756713867,0.0,0.5043401718139648,3.0,12
4812,Interpolated_3334268,98.93109130859375,30.591480255126953,0.0,0.3932430148124695,3.0,12
4813,Interpolated_3334271,98.93143463134766,30.591533660888672,0.36293697357177734,0.6914209127426147,3.0,12
4814,Interpolated_3334274,98.93180084228516,30.59159278869629,0.0,0.4743768572807312,3.0,12
4815,Interpolated_3334277,98.93219757080078,30.591655731201172,0.0,0.3631240725517273,3.0,12
4816,Interpolated_3334280,98.93262481689453,30.59172248840332,0.0,0.4249505400657654,3.0,12
4817,Interpolated_3336836,98.91675567626953,30.589332580566406,0.039801955223083496,0.540003776550293,3.0,12
4818,Interpolated_3336839,98.91703796386719,30.58937644958496,0.0,0.37041717767715454,3.0,12
4819,Interpolated_3336842,98.91732025146484,30.589420318603516,0.0,0.3959989547729492,3.0,12
4820,Interpolated_3336845,98.91766357421875,30.589475631713867,0.0,0.36188387870788574,3.0,12
4821,Interpolated_3336848,98.91804504394531,30.589536666870117,0.0,0.41261106729507446,3.0,12
4822,Interpolated_3336853,98.91862487792969,30.589628219604492,0.03246070072054863,0.5365637540817261,3.0,12
4823,Interpolated_3336856,98.9189682006836,30.589683532714844,0.0,0.3515973687171936,3.0,12
4824,Interpolated_3336859,98.91927337646484,30.589731216430664,0.3651350140571594,0.6924508810043335,3.0,12
4825,Interpolated_3336862,98.9195556640625,30.58977699279785,0.0,0.23953720927238464,2.0,12
4826,Interpolated_3336865,98.91984558105469,30.58982276916504,0.0,0.4840724468231201,3.0,12
4827,Interpolated_3336868,98.92017364501953,30.589874267578125,0.0,0.23631170392036438,3.0,12
4828,Interpolated_3336871,98.92049407958984,30.58992576599121,0.0,0.15012170374393463,2.0,12
4829,Interpolated_3336874,98.9207992553711,30.58997344970703,0.39096322655677795,0.7045536637306213,3.0,12
4830,Interpolated_3336877,98.92110443115234,30.590023040771484,0.0,0.39544016122817993,3.0,12
4831,Interpolated_3336880,98.92140197753906,30.590070724487305,0.5384758114814758,0.7736762762069702,3.0,12
4832,Interpolated_3336883,98.92169952392578,30.590118408203125,0.0,0.5151366591453552,3.0,12
4833,Interpolated_3336886,98.92202758789062,30.59016990661621,0.036735910922288895,0.538567066192627,3.0,12
4834,Interpolated_3336889,98.92243194580078,30.590234756469727,0.11057177931070328,0.5731656551361084,3.0,12
4835,Interpolated_3336892,98.92283630371094,30.59029769897461,0.440873920917511,0.7279412150382996,3.0,12
4836,Interpolated_3336895,98.92326354980469,30.59036636352539,0.03896879032254219,0.5396133661270142,3.0,12
4837,Interpolated_3336898,98.92362213134766,30.590423583984375,0.1546553075313568,0.5938226580619812,3.0,12
4838,Interpolated_3336901,98.92391967773438,30.590469360351562,0.0,0.5118207931518555,3.0,12
4839,Interpolated_3336904,98.92424774169922,30.59052276611328,0.11159714311361313,0.5736461281776428,3.0,12
4840,Interpolated_3336907,98.92459106445312,30.590576171875,0.20187228918075562,0.615947961807251,3.0,12
4841,Interpolated_3336910,98.92496490478516,30.590635299682617,0.03283136337995529,0.5367374420166016,3.0,12
4842,Interpolated_3336913,98.92532348632812,30.5906925201416,0.0,0.3998670279979706,3.0,12
4843,Interpolated_3336916,98.92566680908203,30.590747833251953,0.0,0.37513041496276855,3.0,12
4844,Interpolated_3336919,98.92601013183594,30.590801239013672,0.6455269455909729,0.8238391280174255,3.0,12
4845,Interpolated_3336922,98.92635345458984,30.590856552124023,0.0,0.37215566635131836,3.0,12
4846,Interpolated_3336925,98.92670440673828,30.590911865234375,0.0,0.5212813019752502,3.0,12
4847,Interpolated_3336928,98.92710876464844,30.59097671508789,0.19630293548107147,0.6133382320404053,3.0,12
4848,Interpolated_3336931,98.92745208740234,30.59103012084961,0.0,0.3298652172088623,3.0,12
4849,Interpolated_3336934,98.92774963378906,30.59107780456543,0.0,0.35052746534347534,3.0,12
4850,Interpolated_3336937,98.92811584472656,30.591135025024414,0.006091509014368057,0.5242074728012085,3.0,12
4851,Interpolated_3336940,98.92865753173828,30.591222763061523,0.036735910922288895,0.538567066192627,3.0,12
4852,Interpolated_3336943,98.9291763305664,30.591304779052734,0.04355398938059807,0.5417619347572327,3.0,12
4853,Interpolated_3336946,98.92964935302734,30.591379165649414,0.29717910289764404,0.6606075763702393,3.0,12
4854,Interpolated_3336949,98.93006134033203,30.59144401550293,0.0,0.34140199422836304,3.0,12
4855,Interpolated_3336952,98.9304428100586,30.59150505065918,0.0,0.3183833062648773,3.0,12
4856,Interpolated_3336955,98.93079376220703,30.59156036376953,0.0,0.5009319186210632,3.0,12
4857,Interpolated_3336958,98.93113708496094,30.591615676879883,0.0,0.2905043363571167,3.0,12
4858,Interpolated_3336961,98.9314956665039,30.591670989990234,0.0,0.41426151990890503,3.0,12
4859,Interpolated_3336964,98.93187713623047,30.591732025146484,0.0,0.4723166227340698,3.0,12
4860,Interpolated_3336967,98.9322738647461,30.591794967651367,0.015010940842330456,0.5283870100975037,3.0,12
4861,Interpolated_3339525,98.91667175292969,30.589447021484375,0.0,0.4825330376625061,3.0,12
4862,Interpolated_3339528,98.9169692993164,30.589492797851562,0.0,0.4448375701904297,3.0,12
4863,Interpolated_3339532,98.91735076904297,30.589553833007812,0.7057248950004578,0.8520471453666687,3.0,12
4864,Interpolated_3339537,98.9179458618164,30.589649200439453,0.0,0.2916073203086853,3.0,12
4865,Interpolated_3339542,98.91854095458984,30.58974266052246,0.0,0.2903018593788147,3.0,12
4866,Interpolated_3339545,98.91889190673828,30.589799880981445,0.027827544137835503,0.5343927145004272,3.0,12
4867,Interpolated_3339550,98.91940307617188,30.589879989624023,0.0,0.39027178287506104,3.0,12
4868,Interpolated_3339554,98.91979217529297,30.589941024780273,0.0,0.4897620677947998,3.0,12
4869,Interpolated_3339558,98.92022705078125,30.590011596679688,0.013764375820755959,0.5278028845787048,3.0,12
4870,Interpolated_3339561,98.9205322265625,30.590059280395508,0.0,0.2480195164680481,3.0,12
4871,Interpolated_3339566,98.92102813720703,30.590139389038086,0.46268194913864136,0.7381601929664612,3.0,12
4872,Interpolated_3339569,98.92132568359375,30.590187072753906,0.0,0.4784590005874634,3.0,12
4873,Interpolated_3339572,98.92162322998047,30.590234756469727,0.018685130402445793,0.5301086902618408,3.0,12
4874,Interpolated_3339575,98.92193603515625,30.590282440185547,0.0,0.49149417877197266,3.0,12
4875,Interpolated_3339578,98.92232513427734,30.59034538269043,0.15751618146896362,0.5951632261276245,3.0,12
4876,Interpolated_3339581,98.92272186279297,30.590408325195312,0.0013680423144251108,0.5219941139221191,3.0,12
4877,Interpolated_3339584,98.92316436767578,30.590476989746094,0.4270515441894531,0.721464216709137,3.0,12
4878,Interpolated_3339587,98.92353820800781,30.590538024902344,0.4270515441894531,0.721464216709137,3.0,12
4879,Interpolated_3339590,98.9238510131836,30.590587615966797,0.2138068825006485,0.621540367603302,3.0,12
4880,Interpolated_3339593,98.92415618896484,30.590635299682617,0.0,0.5212813019752502,3.0,12
4881,Interpolated_3339596,98.92448425292969,30.590688705444336,0.23372218012809753,0.6308724284172058,3.0,12
4882,Interpolated_3339599,98.92485809326172,30.59074592590332,0.13717833161354065,0.5856331586837769,3.0,12
4883,Interpolated_3339602,98.92523193359375,30.590805053710938,0.0,0.4417264461517334,3.0,12
4884,Interpolated_3339605,98.92559051513672,30.590862274169922,0.19741836190223694,0.6138609051704407,3.0,12
4885,Interpolated_3339608,98.92594909667969,30.59092140197754,0.0,0.3442825376987457,3.0,12
4886,Interpolated_3339611,98.92628479003906,30.590974807739258,0.0,0.3271685242652893,3.0,12
4887,Interpolated_3339614,98.92662811279297,30.591028213500977,0.09658912569284439,0.5666135549545288,3.0,12
4888,Interpolated_3339617,98.92701721191406,30.591089248657227,0.04302699863910675,0.5415149927139282,3.0,12
4889,Interpolated_3339620,98.9273681640625,30.591144561767578,0.0,0.31604528427124023,3.0,12
4890,Interpolated_3339623,98.92766571044922,30.5911922454834,0.0,0.26738032698631287,3.0,12
4891,Interpolated_3339626,98.92799377441406,30.591243743896484,0.0,0.43975597620010376,3.0,12
4892,Interpolated_3339629,98.92850494384766,30.591325759887695,0.0,0.5017415881156921,3.0,12
4893,Interpolated_3339632,98.92904663085938,30.591411590576172,0.0,0.4969143867492676,3.0,12
4894,Interpolated_3339635,98.92952728271484,30.591487884521484,0.11159714311361313,0.5736461281776428,3.0,12
4895,Interpolated_3339638,98.92996215820312,30.591556549072266,0.0,0.38393574953079224,3.0,12
4896,Interpolated_3339641,98.93033599853516,30.591615676879883,0.0,0.3681804835796356,3.0,12
4897,Interpolated_3339644,98.93070220947266,30.5916748046875,0.0,0.48250746726989746,3.0,12
4898,Interpolated_3339647,98.93106842041016,30.591732025146484,0.0,0.3864925503730774,3.0,12
4899,Interpolated_3339650,98.93144226074219,30.5917911529541,0.042463500052690506,0.5412509441375732,3.0,12
4900,Interpolated_3339654,98.93195343017578,30.59187126159668,0.22654525935649872,0.6275094151496887,3.0,12
4901,Interpolated_3342212,98.9164047241211,30.58953094482422,0.0,0.46120208501815796,3.0,12
4902,Interpolated_3342215,98.91669464111328,30.58957862854004,0.0,0.46855229139328003,3.0,12
4903,Interpolated_3342218,98.91698455810547,30.589624404907227,0.0,0.18328529596328735,2.0,12
4904,Interpolated_3342221,98.91727447509766,30.589670181274414,0.0,0.27310097217559814,3.0,12
4905,Interpolated_3342224,98.91759490966797,30.5897216796875,0.0,0.44193392992019653,3.0,12
4906,Interpolated_3342227,98.91796112060547,30.589778900146484,0.0,0.30518561601638794,3.0,12
4907,Interpolated_3342231,98.91845703125,30.58985710144043,0.0,0.2515878677368164,3.0,12
4908,Interpolated_3342234,98.91880798339844,30.589914321899414,0.016831181943416595,0.5292399525642395,3.0,12
4909,Interpolated_3342238,98.91922760009766,30.589981079101562,0.0,0.45971471071243286,3.0,12
4910,Interpolated_3342241,98.9195327758789,30.590028762817383,0.0,0.30314236879348755,3.0,12
4911,Interpolated_3342248,98.92027282714844,30.590147018432617,0.0,0.5057884454727173,3.0,12
4912,Interpolated_3342251,98.92058563232422,30.59019660949707,0.0,0.2758232355117798,3.0,12
4913,Interpolated_3342256,98.92107391357422,30.590274810791016,0.0,0.38041532039642334,3.0,12
4914,Interpolated_3342259,98.9213638305664,30.590320587158203,0.0,0.16940495371818542,2.0,12
4915,Interpolated_3342262,98.9216537475586,30.59036636352539,0.3183501362800598,0.6705280542373657,3.0,12
4916,Interpolated_3342265,98.92196655273438,30.590415954589844,0.0,0.27771681547164917,3.0,12
4917,Interpolated_3342268,98.92234802246094,30.590476989746094,0.07976583391427994,0.5587303638458252,3.0,12
4918,Interpolated_3342271,98.9227523803711,30.59054183959961,0.034285008907318115,0.5374186038970947,3.0,12
4919,Interpolated_3342274,98.92320251464844,30.59061050415039,0.0,0.5148398876190186,3.0,12
4920,Interpolated_3342277,98.9235610961914,30.590667724609375,0.2899932861328125,0.6572403907775879,3.0,12
4921,Interpolated_3342280,98.92387390136719,30.590717315673828,0.0,0.48649758100509644,3.0,12
4922,Interpolated_3342283,98.92417907714844,30.59076690673828,0.0,0.3930470943450928,3.0,12
4923,Interpolated_3342286,98.92450714111328,30.5908203125,0.1961117535829544,0.6132486462593079,3.0,12
4924,Interpolated_3342289,98.92488861083984,30.590879440307617,0.2239997237920761,0.6263166069984436,3.0,12
4925,Interpolated_3342292,98.9252700805664,30.590940475463867,0.09400797635316849,0.5654040575027466,3.0,12
4926,Interpolated_3342295,98.9256362915039,30.59099769592285,0.11293300241231918,0.574272096157074,3.0,12
4927,Interpolated_3342298,98.92601776123047,30.5910587310791,0.0,0.515177845954895,3.0,12
4928,Interpolated_3342301,98.92635345458984,30.59111213684082,0.0,0.39576512575149536,3.0,12
4929,Interpolated_3342304,98.92667388916016,30.591163635253906,0.10596101731061935,0.57100510597229,3.0,12
4930,Interpolated_3342307,98.92704010009766,30.59122085571289,0.11320152878761292,0.5743979215621948,3.0,12
4931,Interpolated_3342310,98.92737579345703,30.59127426147461,0.0,0.4080851078033447,3.0,12
4932,Interpolated_3342313,98.92767333984375,30.59132194519043,0.0,0.34429264068603516,3.0,12
4933,Interpolated_3342316,98.92801666259766,30.59137535095215,0.0,0.3298652172088623,3.0,12
4934,Interpolated_3342319,98.92853546142578,30.591459274291992,0.05636512488126755,0.5477650761604309,3.0,12
4935,Interpolated_3342322,98.92909240722656,30.5915470123291,0.06234164163470268,0.5505656003952026,3.0,12
4936,Interpolated_3342325,98.92958068847656,30.591623306274414,0.0,0.501863956451416,3.0,12
4937,Interpolated_3342328,98.93000793457031,30.591691970825195,0.0,0.38148635625839233,3.0,12
4938,Interpolated_3342331,98.93037414550781,30.591751098632812,0.0,0.35515493154525757,3.0,12
4939,Interpolated_3342334,98.93075561523438,30.591812133789062,0.0,0.40797460079193115,3.0,12
4940,Interpolated_3342337,98.93114471435547,30.591873168945312,0.0,0.4238141179084778,3.0,12
4941,Interpolated_3342340,98.9315185546875,30.59193229675293,0.0,0.444790780544281,3.0,12
4942,Interpolated_3344899,98.91614532470703,30.589618682861328,0.0,0.4428038001060486,3.0,12
4943,Interpolated_3344904,98.91661071777344,30.589693069458008,0.3460713326931,0.6835178732872009,3.0,12
4944,Interpolated_3344907,98.91690063476562,30.589738845825195,0.0,0.3669937252998352,3.0,12
4945,Interpolated_3344911,98.91730499267578,30.58980369567871,0.0,0.2888238728046417,3.0,12
4946,Interpolated_3344914,98.91761016845703,30.58985137939453,0.0,0.5041455030441284,3.0,12
4947,Interpolated_3344917,98.91797637939453,30.58991050720215,0.0,0.35221385955810547,3.0,12
4948,Interpolated_3344922,98.91860961914062,30.590009689331055,0.2048284262418747,0.617333173751831,3.0,12
4949,Interpolated_3344925,98.9189453125,30.590063095092773,0.0,0.44593220949172974,3.0,12
4950,Interpolated_3344928,98.91927337646484,30.590116500854492,0.12044191360473633,0.5777906775474548,3.0,12
4951,Interpolated_3344931,98.9195785522461,30.590164184570312,0.0,0.21224236488342285,2.0,12
4952,Interpolated_3344946,98.92111206054688,30.590408325195312,0.0,0.5193904042243958,3.0,12
4953,Interpolated_3344949,98.92139434814453,30.5904541015625,0.0,0.3019730746746063,3.0,12
4954,Interpolated_3344952,98.92169189453125,30.590499877929688,0.0,0.4812853932380676,3.0,12
4955,Interpolated_3344955,98.92200469970703,30.59054946899414,0.0,0.5121155977249146,3.0,12
4956,Interpolated_3344958,98.92237854003906,30.590608596801758,0.42337608337402344,0.719741940498352,3.0,12
4957,Interpolated_3344961,98.92279052734375,30.590675354003906,0.12077479064464569,0.577946662902832,3.0,12
4958,Interpolated_3344964,98.92322540283203,30.590744018554688,0.04216915741562843,0.541113018989563,3.0,12
4959,Interpolated_3344967,98.92357635498047,30.59079933166504,0.0,0.3630565106868744,3.0,12
4960,Interpolated_3344970,98.92388916015625,30.590848922729492,0.5982931852340698,0.8017059564590454,3.0,12
4961,Interpolated_3344973,98.92418670654297,30.590896606445312,0.2835962474346161,0.6542428135871887,3.0,12
4962,Interpolated_3344976,98.9245376586914,30.590951919555664,0.0,0.4699532985687256,3.0,12
4963,Interpolated_3344979,98.92493438720703,30.591014862060547,0.1778687834739685,0.6047002077102661,3.0,12
4964,Interpolated_3344982,98.9253158569336,30.591075897216797,0.04043477773666382,0.5403003096580505,3.0,12
4965,Interpolated_3344985,98.92570495605469,30.591136932373047,0.0,0.3748447895050049,3.0,12
4966,Interpolated_3344988,98.92608642578125,30.591197967529297,0.22773903608322144,0.6280688047409058,3.0,12
4967,Interpolated_3344991,98.92639923095703,30.59124755859375,0.6901718378067017,0.8447591662406921,3.0,12
4968,Interpolated_3344994,98.92671966552734,30.591299057006836,0.0,0.47574859857559204,3.0,12
4969,Interpolated_3344997,98.92705535888672,30.591352462768555,0.0,0.2772350013256073,3.0,12
4970,Interpolated_3345000,98.92738342285156,30.59140396118164,0.0,0.35867631435394287,3.0,12
4971,Interpolated_3345003,98.92768096923828,30.59145164489746,0.0,0.4236711263656616,3.0,12
4972,Interpolated_3345006,98.92804718017578,30.591508865356445,0.0,0.364873468875885,3.0,12
4973,Interpolated_3345009,98.9285888671875,30.591594696044922,0.10323116183280945,0.5697259306907654,3.0,12
4974,Interpolated_3345012,98.92914581298828,30.591684341430664,0.0,0.4846292734146118,3.0,12
4975,Interpolated_3345015,98.92963409423828,30.591760635375977,0.0,0.4087051451206207,3.0,12
4976,Interpolated_3345018,98.93004608154297,30.591825485229492,0.3177824318408966,0.6702620387077332,3.0,12
4977,Interpolated_3345021,98.930419921875,30.591886520385742,0.42510169744491577,0.720550537109375,3.0,12
4978,Interpolated_3345024,98.93083190917969,30.591949462890625,0.0,0.4551725387573242,3.0,12
4979,Interpolated_3345027,98.93122100830078,30.592012405395508,0.0,0.5024200081825256,3.0,12
4980,Interpolated_3345030,98.93164825439453,30.592079162597656,0.7864588499069214,0.8898780941963196,3.0,12
4981,Interpolated_3347593,98.9165267944336,30.589807510375977,0.24256400763988495,0.635015606880188,3.0,12
4982,Interpolated_3347597,98.91692352294922,30.58987045288086,0.0,0.4078652858734131,3.0,12
4983,Interpolated_3347601,98.91732788085938,30.589933395385742,0.0,0.31134483218193054,3.0,12
4984,Interpolated_3347604,98.91763305664062,30.589982986450195,0.0,0.5206830501556396,3.0,12
4985,Interpolated_3347607,98.91799926757812,30.590042114257812,0.0,0.3401818871498108,3.0,12
4986,Interpolated_3347613,98.91875457763672,30.590160369873047,0.0,0.2761629521846771,3.0,12
4987,Interpolated_3347616,98.91909790039062,30.5902156829834,0.0,0.2874148488044739,3.0,12
4988,Interpolated_3347619,98.91943359375,30.590269088745117,0.0,0.3401772379875183,3.0,12
4989,Interpolated_3347636,98.92115020751953,30.59054183959961,0.0,0.44338274002075195,3.0,12
4990,Interpolated_3347639,98.92143249511719,30.590585708618164,0.0,0.19135703146457672,2.0,12
4991,Interpolated_3347642,98.92172241210938,30.590633392333984,0.21340174973011017,0.6213505268096924,3.0,12
4992,Interpolated_3347645,98.92205810546875,30.590686798095703,0.0,0.37558186054229736,3.0,12
4993,Interpolated_3347648,98.92240142822266,30.590740203857422,0.1987462043762207,0.614483118057251,3.0,12
4994,Interpolated_3347651,98.9228286743164,30.590808868408203,0.18409766256809235,0.6076189875602722,3.0,12
4995,Interpolated_3347654,98.92325592041016,30.590877532958984,0.0,0.5148398876190186,3.0,12
4996,Interpolated_3347657,98.92359924316406,30.590930938720703,0.418117880821228,0.717278003692627,3.0,12
4997,Interpolated_3347660,98.92391204833984,30.590980529785156,0.0745520070195198,0.5562872290611267,3.0,12
4998,Interpolated_3347663,98.9242172241211,30.59103012084961,0.0,0.3201924264431,3.0,12
4999,Interpolated_3347666,98.92459869384766,30.591089248657227,0.0,0.341471791267395,3.0,12
5000,Interpolated_3347669,98.92501068115234,30.591154098510742,0.746185839176178,0.8710066676139832,3.0,12
5001,Interpolated_3347672,98.92537689208984,30.59121322631836,0.16712960600852966,0.5996679663658142,3.0,12
5002,Interpolated_3347675,98.92575073242188,30.591272354125977,0.19887837767601013,0.6145450472831726,3.0,12
5003,Interpolated_3347678,98.92611694335938,30.591331481933594,0.10323116183280945,0.5697259306907654,3.0,12
5004,Interpolated_3347681,98.92644500732422,30.59138298034668,0.0,0.3570006489753723,3.0,12
5005,Interpolated_3347684,98.92675018310547,30.5914306640625,0.12585848569869995,0.5803288221359253,3.0,12
5006,Interpolated_3347687,98.92706298828125,30.591480255126953,0.0,0.4853364825248718,3.0,12
5007,Interpolated_3347690,98.92738342285156,30.59153175354004,0.0,0.5011069178581238,3.0,12
5008,Interpolated_3347693,98.92769622802734,30.591581344604492,0.0,0.3028848171234131,3.0,12
5009,Interpolated_3347696,98.9281005859375,30.591646194458008,0.0,0.2986784875392914,3.0,12
5010,Interpolated_3347699,98.92867279052734,30.59173583984375,0.04460810124874115,0.5422558784484863,3.0,12
5011,Interpolated_3347702,98.92921447753906,30.591821670532227,0.0,0.3585103750228882,3.0,12
5012,Interpolated_3347705,98.9297103881836,30.591899871826172,0.0,0.46723854541778564,3.0,12
5013,Interpolated_3347708,98.93009948730469,30.591962814331055,0.0,0.34799760580062866,3.0,12
5014,Interpolated_3347711,98.93049621582031,30.592023849487305,0.0,0.400129497051239,3.0,12
5015,Interpolated_3347715,98.9310531616211,30.592113494873047,0.39865732192993164,0.7081590294837952,3.0,12
5016,Interpolated_3350280,98.9162826538086,30.58989715576172,0.0,0.28611820936203003,3.0,12
5017,Interpolated_3350286,98.91683959960938,30.589984893798828,0.0,0.43629568815231323,3.0,12
5018,Interpolated_3350293,98.91753387451172,30.59009552001953,0.0,0.3021106719970703,3.0,12
5019,Interpolated_3350296,98.91788482666016,30.590150833129883,0.46947625279426575,0.7413439154624939,3.0,12
5020,Interpolated_3350299,98.91830444335938,30.59021759033203,0.0,0.4747442603111267,3.0,12
5021,Interpolated_3350302,98.9186782836914,30.59027671813965,0.0,0.46394020318984985,3.0,12
5022,Interpolated_3350305,98.91903686523438,30.590333938598633,0.11855616420507431,0.5769070386886597,3.0,12
5023,Interpolated_3350321,98.92076110839844,30.590608596801758,0.0,0.3520091474056244,3.0,12
5024,Interpolated_3350324,98.9210205078125,30.590648651123047,0.0,0.37355750799179077,3.0,12
5025,Interpolated_3350328,98.92137908935547,30.59070587158203,0.0,0.2372855544090271,2.0,12
5026,Interpolated_3350331,98.92166137695312,30.59075164794922,0.33833497762680054,0.6798927187919617,3.0,12
5027,Interpolated_3350334,98.92198181152344,30.590801239013672,0.2998758852481842,0.6618712544441223,3.0,12
5028,Interpolated_3350337,98.92230987548828,30.59085464477539,0.9874613285064697,0.9840654134750366,3.0,12
5029,Interpolated_3350340,98.92271423339844,30.590919494628906,0.08260723948478699,0.5600618124008179,3.0,12
5030,Interpolated_3350343,98.92315673828125,30.59099006652832,0.15444937348365784,0.5937261581420898,3.0,12
5031,Interpolated_3350346,98.92351531982422,30.591045379638672,0.1939520239830017,0.6122366189956665,3.0,12
5032,Interpolated_3350349,98.92384338378906,30.59109878540039,0.014181847684085369,0.5279985070228577,3.0,12
5033,Interpolated_3350352,98.92415618896484,30.591148376464844,0.11588698625564575,0.5756562948226929,3.0,12
5034,Interpolated_3350355,98.92454528808594,30.591209411621094,0.0,0.40753862261772156,3.0,12
5035,Interpolated_3350358,98.92495727539062,30.59127426147461,0.1961117535829544,0.6132486462593079,3.0,12
5036,Interpolated_3350361,98.9253158569336,30.591331481933594,0.0,0.48512929677963257,3.0,12
5037,Interpolated_3350364,98.92566680908203,30.591386795043945,0.19530339539051056,0.6128698587417603,3.0,12
5038,Interpolated_3350367,98.92603302001953,30.591445922851562,0.0,0.2818189859390259,3.0,12
5039,Interpolated_3350370,98.92635345458984,30.591495513916016,0.1059212014079094,0.5709864497184753,3.0,12
5040,Interpolated_3350373,98.92666625976562,30.59154510498047,0.33507001399993896,0.6783627867698669,3.0,12
5041,Interpolated_3350376,98.92697143554688,30.591594696044922,0.5834763646125793,0.7947629690170288,3.0,12
5042,Interpolated_3350379,98.92728424072266,30.591644287109375,0.06402997672557831,0.5513567328453064,3.0,12
5043,Interpolated_3350382,98.92760467529297,30.59169578552246,0.0,0.48106223344802856,3.0,12
5044,Interpolated_3350385,98.9280014038086,30.59175682067871,0.0,0.4848390817642212,3.0,12
5045,Interpolated_3350388,98.9285888671875,30.59185218811035,0.05829551815986633,0.5486696362495422,3.0,12
5046,Interpolated_3350391,98.92913055419922,30.591936111450195,0.124090276658535,0.5795002579689026,3.0,12
5047,Interpolated_3350394,98.92962646484375,30.592016220092773,0.02130190096795559,0.5313348770141602,3.0,12
5048,Interpolated_3350397,98.93004608154297,30.59208106994629,0.0,0.2625490128993988,2.0,12
5049,Interpolated_3350400,98.9304428100586,30.592145919799805,0.4568443298339844,0.7354247570037842,3.0,12
5050,Interpolated_3350405,98.9312973022461,30.5922794342041,0.0,0.4992474913597107,3.0,12
5051,Interpolated_3352975,98.91675567626953,30.590099334716797,0.0,0.3669445812702179,3.0,12
5052,Interpolated_3352982,98.91744995117188,30.5902099609375,0.0,0.37903183698654175,3.0,12
5053,Interpolated_3352985,98.91779327392578,30.59026527404785,0.0,0.5110644698143005,3.0,12
5054,Interpolated_3352988,98.9182357788086,30.590333938598633,0.0,0.33205878734588623,3.0,12
5055,Interpolated_3352992,98.9187240600586,30.590412139892578,0.28601396083831787,0.6553757190704346,3.0,12
5056,Interpolated_3352995,98.91910552978516,30.590473175048828,0.0,0.34702232480049133,3.0,12
5057,Interpolated_3353017,98.92133331298828,30.59082794189453,0.27593815326690674,0.6506543159484863,3.0,12
5058,Interpolated_3353021,98.92169952392578,30.590885162353516,0.008972475305199623,0.5255574584007263,3.0,12
5059,Interpolated_3353024,98.92202758789062,30.5909366607666,0.0,0.2979522943496704,3.0,12
5060,Interpolated_3353027,98.92234802246094,30.590988159179688,0.0,0.3752579092979431,3.0,12
5061,Interpolated_3353030,98.92276000976562,30.591054916381836,0.0,0.3319891691207886,3.0,12
5062,Interpolated_3353033,98.92318725585938,30.591121673583984,0.0,0.46409857273101807,3.0,12
5063,Interpolated_3353036,98.92355346679688,30.59117889404297,0.0,0.4623837471008301,3.0,12
5064,Interpolated_3353039,98.92389678955078,30.59123420715332,0.0,0.515426754951477,3.0,12
5065,Interpolated_3353042,98.92423248291016,30.59128761291504,0.0,0.4261009097099304,3.0,12
5066,Interpolated_3353045,98.92465209960938,30.591354370117188,0.18952658772468567,0.6101629137992859,3.0,12
5067,Interpolated_3353048,98.9250259399414,30.591413497924805,0.0,0.4606333374977112,3.0,12
5068,Interpolated_3353051,98.92537689208984,30.591468811035156,0.0,0.39824390411376953,3.0,12
5069,Interpolated_3353054,98.92570495605469,30.591522216796875,0.0,0.48976409435272217,3.0,12
5070,Interpolated_3353057,98.9260482788086,30.591575622558594,0.0,0.519325315952301,3.0,12
5071,Interpolated_3353060,98.92636108398438,30.591625213623047,0.08374962955713272,0.5605971217155457,3.0,12
5072,Interpolated_3353063,98.92668151855469,30.591676712036133,0.30062344670295715,0.6622215509414673,3.0,12
5073,Interpolated_3353066,98.9269790649414,30.59172248840332,0.0,0.47664427757263184,3.0,12
5074,Interpolated_3353069,98.92729949951172,30.591773986816406,0.29761451482772827,0.6608116030693054,3.0,12
5075,Interpolated_3353072,98.9276351928711,30.591829299926758,0.0,0.3753160238265991,3.0,12
5076,Interpolated_3353075,98.9281005859375,30.591901779174805,0.24326005578041077,0.6353417634963989,3.0,12
5077,Interpolated_3353078,98.92872619628906,30.59200096130371,0.020699605345726013,0.5310526490211487,3.0,12
5078,Interpolated_3353081,98.92923736572266,30.59208106994629,0.0,0.3282637894153595,3.0,12
5079,Interpolated_3353084,98.9297103881836,30.5921573638916,0.0,0.5080262422561646,3.0,12
5080,Interpolated_3353087,98.93013000488281,30.592222213745117,0.05630826577544212,0.5477384328842163,3.0,12
5081,Interpolated_3355666,98.91686248779297,30.59024429321289,0.0,0.30393531918525696,3.0,12
5082,Interpolated_3355676,98.9179916381836,30.590423583984375,0.0,0.45326322317123413,3.0,12
5083,Interpolated_3355679,98.91844177246094,30.590496063232422,0.0,0.48274868726730347,3.0,12
5084,Interpolated_3355705,98.92119598388672,30.590932846069336,0.15361696481704712,0.5933361053466797,3.0,12
5085,Interpolated_3355710,98.92164611816406,30.591005325317383,0.3302174210548401,0.6760889291763306,3.0,12
5086,Interpolated_3355713,98.92195892333984,30.591054916381836,0.0,0.268365740776062,3.0,12
5087,Interpolated_3355716,98.92227172851562,30.59110450744629,0.6278334856033325,0.8155481815338135,3.0,12
5088,Interpolated_3355719,98.92265319824219,30.59116554260254,0.0,0.35867375135421753,3.0,12
5089,Interpolated_3355722,98.923095703125,30.59123420715332,0.19363172352313995,0.6120865345001221,3.0,12
5090,Interpolated_3355725,98.92347717285156,30.59129524230957,0.20127928256988525,0.6156700849533081,3.0,12
5091,Interpolated_3355728,98.92383575439453,30.591352462768555,0.0,0.42048507928848267,3.0,12
5092,Interpolated_3355731,98.92418670654297,30.591407775878906,0.0,0.3807128667831421,3.0,12
5093,Interpolated_3355734,98.92460632324219,30.591474533081055,0.3478427231311798,0.684347927570343,3.0,12
5094,Interpolated_3355737,98.92498016357422,30.591533660888672,0.0,0.3590015172958374,3.0,12
5095,Interpolated_3355740,98.92532348632812,30.591588973999023,0.15602245926856995,0.5944632887840271,3.0,12
5096,Interpolated_3355743,98.92562866210938,30.591636657714844,0.23071081936359406,0.6294613480567932,3.0,12
5097,Interpolated_3355746,98.92594909667969,30.59168815612793,0.1903231143951416,0.6105361580848694,3.0,12
5098,Interpolated_3355749,98.92626190185547,30.591737747192383,0.15920387208461761,0.5959540605545044,3.0,12
5099,Interpolated_3355752,98.92658996582031,30.59178924560547,0.19020062685012817,0.6104787588119507,3.0,12
5100,Interpolated_3355755,98.92688751220703,30.59183692932129,0.4125145673751831,0.7146523594856262,3.0,12
5101,Interpolated_3355758,98.92721557617188,30.591888427734375,0.0,0.3210115134716034,3.0,12
5102,Interpolated_3355761,98.92756652832031,30.591943740844727,0.14771944284439087,0.5905725955963135,3.0,12
5103,Interpolated_3355764,98.92802429199219,30.592018127441406,0.04893571883440018,0.5442837476730347,3.0,12
5104,Interpolated_3355767,98.92867279052734,30.592119216918945,0.12598225474357605,0.5803868174552917,3.0,12
5105,Interpolated_3355770,98.9291763305664,30.592199325561523,0.02823624014854431,0.5345842242240906,3.0,12
5106,Interpolated_3355773,98.92964172363281,30.592273712158203,0.39738062024116516,0.7075607776641846,3.0,12
5107,Interpolated_3355778,98.93048858642578,30.5924072265625,0.0,0.2968028783798218,3.0,12
5108,Interpolated_3358357,98.9169692993164,30.590389251708984,0.0,0.5075172185897827,3.0,12
5109,Interpolated_3358368,98.91837310791016,30.590612411499023,0.0,0.43852677941322327,3.0,12
5110,Interpolated_3358374,98.91914367675781,30.590734481811523,0.0,0.31853675842285156,3.0,12
5111,Interpolated_3358395,98.9212417602539,30.591068267822266,0.0,0.3802102208137512,3.0,12
5112,Interpolated_3358399,98.92159271240234,30.591123580932617,0.0,0.3851155638694763,3.0,12
5113,Interpolated_3358402,98.9218978881836,30.59117317199707,0.5648581385612488,0.7860386967658997,3.0,12
5114,Interpolated_3358405,98.92220306396484,30.59122085571289,0.07601087540388107,0.5569708347320557,3.0,12
5115,Interpolated_3358408,98.92255401611328,30.591278076171875,0.0,0.3752441108226776,3.0,12
5116,Interpolated_3358411,98.9229965209961,30.591346740722656,0.0,0.5201035141944885,3.0,12
5117,Interpolated_3358414,98.92337799072266,30.591407775878906,0.0,0.39546212553977966,3.0,12
5118,Interpolated_3358417,98.92377471923828,30.59147071838379,0.0,0.40958571434020996,3.0,12
5119,Interpolated_3358420,98.92415618896484,30.59153175354004,0.04717297479510307,0.5434577465057373,3.0,12
5120,Interpolated_3358423,98.9245834350586,30.591598510742188,0.0,0.30079972743988037,3.0,12
5121,Interpolated_3358426,98.92493438720703,30.59165382385254,0.04850031062960625,0.5440797209739685,3.0,12
5122,Interpolated_3358429,98.92527770996094,30.59170913696289,0.0,0.412727952003479,3.0,12
5123,Interpolated_3358432,98.92559051513672,30.591758728027344,0.0,0.4438053369522095,3.0,12
5124,Interpolated_3358435,98.9258804321289,30.59180450439453,0.0,0.2968241572380066,3.0,12
5125,Interpolated_3358438,98.9261703491211,30.59185218811035,0.0,0.3047523498535156,3.0,12
5126,Interpolated_3358441,98.92649841308594,30.591903686523438,0.0,0.29669979214668274,3.0,12
5127,Interpolated_3358444,98.92681121826172,30.59195327758789,0.0,0.4667620062828064,3.0,12
5128,Interpolated_3358447,98.92713928222656,30.592004776000977,0.4473106563091278,0.7309573888778687,3.0,12
5129,Interpolated_3358450,98.92749786376953,30.59206199645996,0.0,0.31772470474243164,3.0,12
5130,Interpolated_3358453,98.92797088623047,30.59213638305664,0.0,0.3327517509460449,3.0,12
5131,Interpolated_3358457,98.92879486083984,30.592267990112305,0.0,0.3896738886833191,3.0,12
5132,Interpolated_3358460,98.92926025390625,30.59234046936035,0.0,0.3726269006729126,3.0,12
5133,Interpolated_3358463,98.9297866821289,30.592424392700195,0.3394603431224823,0.6804200410842896,3.0,12
5134,Interpolated_3358466,98.93043518066406,30.592527389526367,0.08149944990873337,0.559542715549469,3.0,12
5135,Interpolated_3361057,98.9183120727539,30.590730667114258,0.0,0.456712007522583,3.0,12
5136,Interpolated_3361071,98.92005920410156,30.591007232666016,0.0,0.37122637033462524,3.0,12
5137,Interpolated_3361088,98.92154693603516,30.591245651245117,0.0,0.3976631760597229,3.0,12
5138,Interpolated_3361091,98.92184448242188,30.591293334960938,0.0,0.4270789623260498,3.0,12
5139,Interpolated_3361094,98.92214965820312,30.591341018676758,0.6275227069854736,0.8154025673866272,3.0,12
5140,Interpolated_3361097,98.9224624633789,30.59139060974121,0.20198436081409454,0.6160004734992981,3.0,12
5141,Interpolated_3361100,98.92289733886719,30.591459274291992,0.0,0.3190036416053772,3.0,12
5142,Interpolated_3361103,98.92328643798828,30.591522216796875,0.04774652048945427,0.5437265038490295,3.0,12
5143,Interpolated_3361106,98.9237060546875,30.59158706665039,0.6363522410392761,0.8195399641990662,3.0,12
5144,Interpolated_3361109,98.92411041259766,30.591651916503906,0.0,0.2911123037338257,3.0,12
5145,Interpolated_3361112,98.9245376586914,30.591720581054688,0.0,0.34777262806892395,3.0,12
5146,Interpolated_3361115,98.92489624023438,30.59177589416504,0.0,0.4537423849105835,3.0,12
5147,Interpolated_3361118,98.92522430419922,30.591829299926758,0.4347108006477356,0.7250532507896423,3.0,12
5148,Interpolated_3361121,98.925537109375,30.59187889099121,0.0,0.2955458462238312,3.0,12
5149,Interpolated_3361124,98.92581176757812,30.591922760009766,0.3568836450576782,0.6885843873023987,3.0,12
5150,Interpolated_3361127,98.92610931396484,30.591968536376953,0.5709147453308105,0.7888767719268799,3.0,12
5151,Interpolated_3361130,98.92642974853516,30.59202003479004,0.0,0.4884999394416809,3.0,12
5152,Interpolated_3361133,98.92674255371094,30.592069625854492,0.10213342308998108,0.5692115426063538,3.0,12
5153,Interpolated_3361136,98.92707061767578,30.592121124267578,0.2285568118095398,0.6284520030021667,3.0,12
5154,Interpolated_3361139,98.92744445800781,30.592182159423828,0.0,0.41363251209259033,3.0,12
5155,Interpolated_3361142,98.92788696289062,30.592252731323242,0.05491325631737709,0.5470847487449646,3.0,12
5156,Interpolated_3361145,98.92855834960938,30.592357635498047,0.553207278251648,0.7805792689323425,3.0,12
5157,Interpolated_3361149,98.92920684814453,30.59246063232422,0.3496459126472473,0.685192883014679,3.0,12
5158,Interpolated_3361152,98.92981719970703,30.592557907104492,0.0,0.3690640330314636,3.0,12
5159,Interpolated_3363732,98.91658020019531,30.59058380126953,0.0,0.5050123333930969,3.0,12
5160,Interpolated_3363761,98.92012786865234,30.591148376464844,0.037566911429166794,0.5389564633369446,3.0,12
5161,Interpolated_3363780,98.92178344726562,30.59140968322754,0.43314915895462036,0.7243214845657349,3.0,12
5162,Interpolated_3363784,98.92218780517578,30.591474533081055,0.0,0.4752046465873718,3.0,12
5163,Interpolated_3363787,98.9225082397461,30.59152603149414,0.04216915741562843,0.541113018989563,3.0,12
5164,Interpolated_3363790,98.92293548583984,30.59159278869629,0.5298148393630981,0.7696178555488586,3.0,12
5165,Interpolated_3363793,98.92333984375,30.591657638549805,0.0,0.4669502377510071,3.0,12
5166,Interpolated_3363796,98.92378234863281,30.59172821044922,0.3434055745601654,0.6822687387466431,3.0,12
5167,Interpolated_3363799,98.9242172241211,30.591796875,0.0,0.5123381614685059,3.0,12
5168,Interpolated_3363802,98.92461395263672,30.591859817504883,0.03810853138566017,0.5392102599143982,3.0,12
5169,Interpolated_3363805,98.92495727539062,30.5919132232666,0.0,0.37017112970352173,3.0,12
5170,Interpolated_3363809,98.92538452148438,30.591981887817383,0.0,0.4516093134880066,3.0,12
5171,Interpolated_3363812,98.92566680908203,30.59202766418457,0.0,0.2882247865200043,3.0,12
5172,Interpolated_3363815,98.92595672607422,30.592073440551758,0.35132789611816406,0.685981035232544,3.0,12
5173,Interpolated_3363818,98.92628479003906,30.592124938964844,0.007457007188349962,0.5248473286628723,3.0,12
5174,Interpolated_3363821,98.92659759521484,30.59217643737793,0.24150316417217255,0.6345185041427612,3.0,12
5175,Interpolated_3363824,98.92689514160156,30.592222213745117,0.0,0.35933369398117065,3.0,12
5176,Interpolated_3363827,98.9272689819336,30.592281341552734,0.0,0.5116026401519775,3.0,12
5177,Interpolated_3363830,98.92766571044922,30.592344284057617,0.0867939218878746,0.5620236396789551,3.0,12
5178,Interpolated_3363833,98.92830657958984,30.59244728088379,0.0,0.5075709819793701,3.0,12
5179,Interpolated_3363836,98.9288330078125,30.592529296875,0.0,0.34780353307724,3.0,12
5180,Interpolated_3363842,98.93023681640625,30.592750549316406,0.0,0.36345213651657104,3.0,12
5181,Interpolated_3366474,98.92222595214844,30.59160804748535,0.0,0.4219311475753784,3.0,12
5182,Interpolated_3366477,98.92256164550781,30.591663360595703,0.0,0.4767310619354248,3.0,12
5183,Interpolated_3366480,98.92298126220703,30.59173011779785,0.17806237936019897,0.6047909259796143,3.0,12
5184,Interpolated_3366483,98.92341613769531,30.591798782348633,0.0,0.21285519003868103,2.0,12
5185,Interpolated_3366486,98.92388916015625,30.591873168945312,0.0,0.4320012927055359,3.0,12
5186,Interpolated_3366489,98.92430877685547,30.59193992614746,0.0,0.4459984600543976,3.0,12
5187,Interpolated_3366492,98.9246826171875,30.591999053955078,0.5671039819717407,0.787091076374054,3.0,12
5188,Interpolated_3366495,98.92500305175781,30.592050552368164,0.2822672724723816,0.6536200642585754,3.0,12
5189,Interpolated_3366498,98.9253158569336,30.592098236083984,0.0,0.47028231620788574,3.0,12
5190,Interpolated_3366501,98.92561340332031,30.592145919799805,0.0,0.3026600182056427,3.0,12
5191,Interpolated_3366504,98.92591094970703,30.592193603515625,0.0,0.2573285698890686,3.0,12
5192,Interpolated_3366507,98.92625427246094,30.592248916625977,0.0,0.33854052424430847,3.0,12
5193,Interpolated_3366510,98.92658996582031,30.592302322387695,0.0,0.40676558017730713,3.0,12
5194,Interpolated_3366513,98.9268569946289,30.592344284057617,0.0,0.4819909930229187,3.0,12
5195,Interpolated_3366516,98.9272232055664,30.5924015045166,0.0,0.42128199338912964,3.0,12
5196,Interpolated_3366519,98.9276351928711,30.59246826171875,0.0,0.41170328855514526,3.0,12
5197,Interpolated_3366523,98.928466796875,30.592599868774414,0.3009279668331146,0.6623642444610596,3.0,12
5198,Interpolated_3369139,98.92007446289062,30.591394424438477,0.0,0.3507547378540039,3.0,12
5199,Interpolated_3369163,98.92218017578125,30.59172821044922,0.00889615435153246,0.5255216956138611,3.0,12
5200,Interpolated_3369166,98.9224853515625,30.591777801513672,0.14240677654743195,0.5880831480026245,3.0,12
5201,Interpolated_3369169,98.92292022705078,30.591846466064453,0.15867547690868378,0.5957064628601074,3.0,12
5202,Interpolated_3369172,98.92337799072266,30.5919189453125,0.3922479450702667,0.7051556706428528,3.0,12
5203,Interpolated_3369175,98.92384338378906,30.59199333190918,0.5314651727676392,0.7703911662101746,3.0,12
5204,Interpolated_3369178,98.92426300048828,30.592060089111328,0.0,0.30422893166542053,3.0,12
5205,Interpolated_3369181,98.92462921142578,30.592117309570312,0.0,0.43276751041412354,3.0,12
5206,Interpolated_3369184,98.92493438720703,30.592166900634766,0.0,0.2816499173641205,3.0,12
5207,Interpolated_3369187,98.92525482177734,30.59221839904785,0.0,0.3979671597480774,3.0,12
5208,Interpolated_3369190,98.9255599975586,30.592266082763672,0.0,0.2620031237602234,3.0,12
5209,Interpolated_3369193,98.92588806152344,30.59231948852539,0.0,0.417538046836853,3.0,12
5210,Interpolated_3369196,98.9262466430664,30.592374801635742,0.25937408208847046,0.642892599105835,3.0,12
5211,Interpolated_3369199,98.92656707763672,30.592426300048828,0.0,0.3389272093772888,3.0,12
5212,Interpolated_3369202,98.92684936523438,30.592470169067383,0.0,0.32312554121017456,3.0,12
5213,Interpolated_3369205,98.92721557617188,30.592529296875,0.40219247341156006,0.7098155617713928,3.0,12
5214,Interpolated_3371853,98.92222595214844,30.59186553955078,0.2139853537082672,0.6216239929199219,3.0,12
5215,Interpolated_3371856,98.92256927490234,30.5919189453125,0.0,0.46119600534439087,3.0,12
5216,Interpolated_3371859,98.92303466796875,30.59199333190918,0.14361417293548584,0.5886489152908325,3.0,12
5217,Interpolated_3371863,98.92364501953125,30.592090606689453,0.13679011166095734,0.5854512453079224,3.0,12
5218,Interpolated_3371869,98.9244384765625,30.59221649169922,0.0,0.283976674079895,3.0,12
5219,Interpolated_3371872,98.92477416992188,30.592267990112305,0.0,0.35892266035079956,3.0,12
5220,Interpolated_3371876,98.9251937866211,30.592336654663086,0.0,0.5124173164367676,3.0,12
5221,Interpolated_3371881,98.92573547363281,30.592422485351562,0.0,0.3466992974281311,3.0,12
5222,Interpolated_3371884,98.92610931396484,30.59248161315918,0.0,0.40978914499282837,3.0,12
5223,Interpolated_3374543,98.92229461669922,30.592002868652344,0.597173810005188,0.801181435585022,3.0,12
5224,Interpolated_3374546,98.92266845703125,30.592063903808594,0.0004390964168123901,0.5215588212013245,3.0,12
5225,Interpolated_3374549,98.92314910888672,30.592140197753906,0.0,0.5083948373794556,3.0,12
5226,Interpolated_3374552,98.9236068725586,30.59221076965332,0.3584967851638794,0.6893402934074402,3.0,12
5227,Interpolated_3374562,98.9248046875,30.5924015045166,0.0,0.47293907403945923,3.0,12
5228,Interpolated_3374567,98.92536926269531,30.592491149902344,0.4653684198856354,0.7394190430641174,3.0,12
5229,Interpolated_3377235,98.92265319824219,30.59218978881836,0.0,0.38396739959716797,3.0,12
5230,Interpolated_3377238,98.92311096191406,30.592260360717773,0.5932889580726624,0.7993610501289368,3.0,12
5231,Interpolated_3377241,98.92354583740234,30.592330932617188,0.4095842242240906,0.7132792472839355,3.0,12
5232,Interpolated_3379923,98.9224624633789,30.59228515625,0.0,0.4685972332954407,3.0,12
5233,Interpolated_3379928,98.92321014404297,30.592405319213867,0.0,0.5003107786178589,3.0,12
5234,Interpolated_3379935,98.9240951538086,30.592544555664062,0.0,0.39293092489242554,3.0,12
5235,Interpolated_3382618,98.92327117919922,30.59254264831543,0.059214036911726,0.5491000413894653,3.0,12
5236,Interpolated_3385299,98.92213439941406,30.59248924255371,0.0,0.36358875036239624,3.0,12
5237,Interpolated_3387988,98.92208099365234,30.592609405517578,0.0,0.43888914585113525,3.0,12
5238,Interpolated_3387992,98.92256164550781,30.59268569946289,0.0,0.44249826669692993,3.0,12
5239,Interpolated_3387995,98.92298889160156,30.592754364013672,0.0,0.3465433716773987,3.0,12
5240,Interpolated_3390679,98.9222640991211,30.59276580810547,0.0,0.19390779733657837,2.0,12
