0,1,2,3,4,5,6,7,8,9,10,11,12,13,14,15,16,17,18,19,20,21,22,23,24,25,26,27,28,29,30,31,32,33,34,35,36,37,38,39,40,41,42,43,44,45,46,47,48,49,50,51,52,53,54,55,56,57,58,59,60,61,62,63,64,65,66,67,68,69,70,71,72,73,74,75,76,77,78,79,80,81,82,83,84,85,86,87,88,89,90,91,92,93,94,95,96,97,98,99,100,101,102,103,104,105,106,107,108,109,110,111,112,113,114,115,116,117,118,119,120,121,122,123,124,125,126,127,128,129,130,131,132,133,134,135,136,137,138,139,140,141,142,143,144,145,146,147,148,149,150,151,152,153,154,155,156,157,158,159,160,161,162,163,164,165,166,167,168,169,170,171,172,173,174,175,176,177,178,179,180,181,182,183,184,185,186,187,188,189,190,191,192,193,194,195,196,197,198,199
-1.455141994,-0.578054407,0.125460354,0.362376558,2.733070893,0.811907551,1.640268826,1.332473394,-0.46455101,-2.25502947,-2.070630906,0.696503533,1.794414011,0.935544375,1.576986731,1.326312086,2.171647483,0.439912617,-0.576492597,0.867783031,0.528044189,-1.860218096,2.055012604,-1.687731173,-1.262184978,-0.767581194,-1.617333292,-0.363505317,0.965374928,0.518540471,-0.112963972,-1.989805475,0.6152437,-0.380367901,-1.171257099,-5.051862064,-0.082930252,0.022678533,1.014544211,-0.882574932,-0.707834738,0.731470423,-1.540375369,-0.590520782,1.137696208,-1.37365984,2.787302805,-3.263421559,-2.400937906,0.121498523,0.227872533,-1.27850997,-0.056167791,-0.115288814,-7.827347439,-3.148101025,-1.441946476,-0.52992901,0.77421713,3.084469963,-3.611740399,-0.825983797,0.186915175,0.523080342,-2.344579303,-0.977420249,-0.015271275,0.12787983,0.692224102,-0.154640412,-3.218908277,-2.520586725,-0.484995857,1.411308123,2.29307196,0.84877098,-2.684955569,-0.087215147,-0.398655111,0.136326048,-0.304280565,-2.471301192,-0.761688532,-0.055814271,0.37904864,1.001781988,0.509775469,-3.672563798,1.819073826,0.917395176,2.370615949,-1.318341002,2.567289988,-0.89892111,-1.028371459,5.813428653,-1.345565579,1.18849366,-0.526331296,0.021969376,-0.485580149,-0.882031524,-0.325252171,0.102272449,-0.74656305,0.96669679,-3.417776368,-1.54749665,0.350615733,1.699879994,0.271722336,-0.307982601,-7.585333024,-0.704028059,2.053206555,2.086192455,0.522718328,0.49910112,-1.686769971,1.266627994,-5.243414307,-1.884656259,0.915429996,-1.075255207,-1.214242034,-2.85519437,0.546117037,-0.941209919,1.06281172,0.051591856,0.220893166,-0.148760874,-1.825361464,-2.792624262,-1.572124191,-0.39382332,0.552422222,1.817079763,1.063754759,-0.341992432,-0.576834677,1.490786563,0.855937178,-0.395352931,0.213446331,-3.77189157,-2.097103685,-3.60477588,1.797375225,0.451341009,-1.268217436,-1.223771611,2.011595518,-3.93070784,-3.578516929,0.43818012,-1.091641532,2.61283987,-0.476763019,-2.072481255,0.981206279,-0.577186598,1.033270862,-0.002814565,1.340023854,0.298305146,-1.056338212,-0.300190697,-1.536017672,-0.510345437,0.864818111,-0.302001066,0.130219895,-0.677255317,-4.710426451,-1.182966208,0.618026961,-0.039771674,-1.73966317,-2.726670093,-1.307582036,-4.771110464,1.936613117,1.832290422,-1.772038241,1.803037306,0.222491364,-0.735741029,-2.305828142,0.885563243,-0.916050764,0.566813983,1.224787452,-1.722384373,0.083854462,0.380666133,1.273182955,0.639457459,0.993196055,-0.703647104
-2.583,-0.903,0.286,0.68,5.084999999,1.574,3.072,2.594,-0.798,-4.177,-3.733999999,1.318,3.338,1.709,2.987,2.372,4.141,0.946,-0.979,1.629,0.97,-3.512,3.83,-2.958999999,-2.131999999,-1.239,-2.945,-0.669,1.868,0.999,-0.256,-3.693999999,1.279,-0.531,-2.195,-9.311999999,-0.202,0.036,1.887,-1.629,-1.288,1.406,-3.024,-1.215,1.959,-2.383999999,4.830999999,-5.842999999,-4.355,0.222,0.345,-2.27,-0.099,-0.243,-14.586,-6.068,-2.852,-1.29,1.395,5.413999999,-6.530999999,-1.631,0.325,0.993,-4.443,-1.731,-0.096,0.389,1.175,-0.217,-6.18,-5.011,-1.205,2.646,3.664999999,1.535,-4.815999999,-0.199,-0.855,0.223,-0.586,-4.647,-1.303,-0.192,0.788,1.718,0.776,-7.155,3.288,1.124,4.005999999,-2.379,4.209999999,-1.654,-2.173,10.836,-2.31,2.196999999,-1.134,0.027,-0.954,-1.746,-0.705,0.094,-1.412,1.764,-6.367,-2.814,0.545,3.089,0.553,-0.639,-14.218,-1.324,3.325999999,3.505999999,0.889,0.952,-3.375,2.262,-9.652999999,-3.651,1.757,-1.878,-2.027,-4.990999999,0.925999999,-1.759999999,1.876999998,0.004999999,0.299999999,-0.303,-3.413999999,-5.178999999,-2.924,-0.843,0.989,3.289999999,1.978,-1.001,-1.254,2.672,1.423,-0.838,0.224,-7.184,-3.956,-6.954,2.866,0.556,-2.525,-2.227,3.138,-7.288999999,-6.405999999,0.721,-1.905,5.037,-0.625,-3.586,1.754999998,-1.088,1.851999999,-0.127000001,2.404999998,0.498,-2.025999999,-0.591,-2.883999999,-1.097,1.544,-0.624,0.165,-1.44,-8.955,-2.356,0.748,-0.295,-3.451,-5.201,-2.44,-8.931,3.063999999,2.772999999,-3.395,2.834999999,0.174,-1.463,-4.267,1.445,-1.652,1.334,2.504,-2.880999999,0.054999999,0.694,2.263999999,1.114999999,1.767999998,-1.366
-3.066456937,-0.75766908,0.499717991,0.909747814,6.643387559,2.222710133,4.060206253,3.690315187,-0.892744536,-5.444935758,-4.619475735,1.773509157,4.366140495,2.15973719,4.005837306,2.859060599,5.669409908,1.551838233,-1.056483051,2.172071144,1.245071928,-4.72040473,5.055434885,-3.428483685,-2.258356673,-1.163344467,-3.68243257,-0.859014396,2.628118382,1.405628863,-0.453050264,-4.823284161,1.996971759,-0.267699345,-2.914837787,-11.98883524,-0.378667606,0.03567091,2.454596947,-2.112203931,-1.639585214,1.9381248,-4.333330104,-1.865167367,2.185022948,-2.734778401,5.47712396,-7.043813149,-5.392187696,0.283889198,0.262751131,-2.719621842,-0.122785903,-0.393287573,-19.26064949,-8.452170462,-4.141793522,-2.396273034,1.730994266,6.307255984,-8.106873786,-2.370152665,0.37367273,1.346234886,-6.037874638,-2.063894856,-0.292634389,0.870731409,1.26348868,-0.121176745,-8.553357075,-7.306381582,-2.307877683,3.524513095,3.363458013,1.898018903,-5.870862187,-0.349979748,-1.398912021,0.220829461,-0.819693419,-6.227699325,-1.443232957,-0.468113605,1.22893202,1.897663046,0.608069822,-10.16532286,4.050891183,0.064831725,4.239246817,-2.945106705,4.180525457,-2.118641433,-3.483295242,14.25993961,-2.56697272,2.866984181,-1.866820213,-0.001818722,-1.388277217,-2.556405118,-1.172215359,-0.110342777,-1.908219651,2.215761257,-8.366422532,-3.53202421,0.453946341,3.87874458,0.830233922,-1.010544341,-18.91099611,-1.753536117,3.16254803,3.681297711,0.958583505,1.296507423,-5.011842416,2.736411565,-12.40195282,-5.123210093,2.437565409,-2.167805304,-2.097176571,-5.768417038,1.006501772,-2.342444823,2.234635789,-0.215511412,0.125521372,-0.466378241,-4.547387856,-6.80074816,-3.857963982,-1.373165692,1.203733918,4.112359448,2.592062243,-2.184232973,-2.076486225,3.25528077,1.445981714,-1.351598304,-0.132861803,-9.801478273,-5.314641086,-9.709070948,2.63021614,0.050743538,-3.691549307,-2.814707764,2.681109539,-9.503183282,-7.831581297,0.721354458,-2.177445069,6.962629323,-0.186217934,-4.042690064,2.145261572,-1.471175729,2.272681612,-0.461821016,2.966727861,0.517005398,-2.830341035,-0.86196843,-3.874678472,-1.799405593,1.875473521,-0.96900016,0.032767282,-2.314370251,-12.25269638,-3.460763011,0.008616956,-0.92342755,-5.04777514,-7.129052175,-3.218233748,-11.86313293,2.76022347,2.122198274,-4.696379128,2.449125854,-0.358964653,-2.159659177,-5.579736788,1.409071274,-2.045577479,2.40702878,3.801020635,-3.001585048,-0.168954775,0.878011835,2.733714797,1.289347079,2.146342429,-1.945256306
-3.01,-0.235,0.743,1.079,7.595,2.767,4.686,4.605,-0.837,-6.248,-4.876,2.076,4.95,2.353,4.676,2.933,6.809,2.285,-0.9,2.554,1.377,-5.531,5.85,-3.274,-1.792,-0.658,-3.964,-0.958,3.274,1.766,-0.73,-5.469,2.694,0.318,-3.456,-13.455,-0.589,0.044,2.791,-2.408,-1.847,2.357,-5.419,-2.523,1.987,-2.585,5.114,-7.16,-5.727,0.322,0.037,-2.764,-0.158,-0.591,-22.279,-10.373,-5.267,-3.663,1.884,6.084,-8.68,-3.062,0.358,1.612,-7.25,-2.096,-0.596,1.5,1.05,0.061,-10.429,-9.395,-3.678,4.143,1.829,1.983,-6.126,-0.528,-2.018,0.155,-1.012,-7.346,-1.318,-0.868,1.665,1.655,0.123,-12.785,4.281,-1.895,3.436,-3.118,2.916,-2.35,-4.953,16.442,-2.281,3.297,-2.698,-0.077,-1.844,-3.322,-1.715,-0.466,-2.265,2.405,-9.603,-3.841,0.125,4.186,1.046,-1.452,-22.025,-1.987,1.981,2.952,0.829,1.536,-6.599,2.742,-13.913,-6.351,2.997,-2.092,-1.655,-5.58,0.879,-2.751,2.239000001,-0.586,-0.246,-0.653,-5.311,-7.816,-4.484,-1.96,1.252,4.424,2.95,-3.697,-3.004,3.341,1.019,-1.954,-0.812,-11.753,-6.219,-11.956,1.484,-0.871,-4.715,-3.149,1.02,-10.852,-8.21,0.505,-2.009,8.421,0.644,-3.723,2.250000001,-1.768,2.375,-0.965,3.133000001,0.38,-3.527,-1.134,-4.593,-2.587,1.94,-1.331,-0.227,-3.242,-14.837,-4.501,-1.358,-1.852,-6.589,-8.634,-3.703,-13.782,1.444,0.323,-5.678,1.008,-1.315,-2.909,-6.463,0.936,-2.191,3.662,5.073,-2.367,-0.533,0.942,2.795,1.222,2.207000001,-2.482
-2.604420237,0.506355185,0.982765843,1.222880703,8.225455518,3.231188987,5.081065983,5.339517395,-0.748937682,-6.853148901,-4.750341797,2.259244119,5.224515834,2.387612212,5.088513156,2.811216632,7.670440856,3.154582573,-0.639414817,2.857113471,1.410109101,-6.049480879,6.389706202,-2.779246331,-0.981396653,0.085435357,-3.997933353,-1.003946654,3.850495139,2.115339764,-1.102347191,-5.800749715,3.281353731,1.077754469,-3.972152317,-14.28439252,-0.805940313,0.083604351,3.012463817,-2.623585603,-2.018155901,2.711851524,-6.262069034,-3.181280048,1.599438798,-2.175809821,4.299178523,-6.669872395,-5.695418495,0.352061549,-0.251825839,-2.606254666,-0.234014642,-0.856343342,-24.30759891,-11.98345285,-6.202330792,-4.880698067,1.984802784,5.240915129,-8.754211683,-3.735758172,0.312402255,1.832689369,-8.252995967,-1.997258901,-0.982386865,2.178652535,0.680267179,0.244570249,-11.97297666,-11.28930532,-5.154190988,4.634828359,-0.289559336,1.884574475,-5.992996531,-0.717632926,-2.69286232,0.060903453,-1.17531563,-8.199885601,-1.110596636,-1.35662973,2.056270717,1.173567535,-0.502512919,-15.14309926,4.22983553,-4.242618887,2.135399165,-3.056162904,1.060641948,-2.441703784,-6.549878382,17.92440116,-1.698873588,3.623523542,-3.583446422,-0.207117034,-2.381462805,-4.057677779,-2.314087061,-0.906715174,-2.533909109,2.454529903,-10.37305413,-3.948326614,-0.358803345,4.193084308,1.146092991,-1.980623834,-24.14838986,-2.05377692,0.374091568,1.823869851,0.626882378,1.682116395,-8.137406104,2.388260014,-14.8103166,-7.418458191,3.491305078,-1.869574523,-1.021944646,-4.984706427,0.670187559,-3.071091635,2.046035274,-1.055664573,-0.724012605,-0.876813873,-5.846432665,-8.471392711,-4.963644694,-2.571483123,1.213826368,4.440316213,3.132829692,-5.284359777,-3.985729072,3.10233423,0.298997371,-2.651803278,-1.718637528,-13.26066273,-6.782232727,-13.85760691,-0.018558503,-1.931133421,-5.5543677,-3.444407429,-1.286348641,-11.75330163,-8.053238853,0.163841401,-1.574612637,9.520923793,1.59468534,-3.038614576,2.210428228,-2.031717823,2.285341292,-1.566505626,3.070597679,0.131914186,-4.193595796,-1.42943827,-5.168990836,-3.419445894,1.857528711,-1.701787058,-0.552834236,-4.151453175,-17.05197489,-5.489228131,-3.01231468,-2.970100771,-8.141817416,-9.899700785,-3.993234962,-15.04974345,-0.289799754,-1.992156097,-6.377775438,-0.940076624,-2.576508654,-3.793144912,-7.206550175,0.254814107,-2.217048747,4.938441655,6.276740034,-1.377405432,-0.958802053,0.91196809,2.621183441,1.008893038,2.075624953,-3.028130355
-1.966564973,1.353064065,1.189674986,1.337113656,8.619531968,3.628673316,5.264905681,5.889211642,-0.67120956,-7.329691417,-4.362347943,2.336878652,5.245350898,2.27178329,5.264176687,2.57787329,8.308897474,4.101020892,-0.318741717,3.096967595,1.366763191,-6.342711835,6.69247755,-2.091073936,0.033224346,0.94520876,-3.855679514,-1.007369524,4.361010254,2.456199763,-1.541758073,-5.921823815,3.696894461,1.910577939,-4.449987999,-14.6961148,-1.035258454,0.151694992,3.170767107,-2.789259728,-2.169767879,3.018362824,-6.897753152,-3.885762117,1.06171562,-1.622260425,3.228776114,-5.806707729,-5.43988157,0.36097057,-0.569065781,-2.325140508,-0.339601122,-1.176116232,-25.52807465,-13.38048206,-6.955008324,-6.04559933,2.047398088,3.98509475,-8.498068622,-4.399950301,0.243192225,2.011071569,-9.05443109,-1.821970573,-1.429480639,2.868141255,0.237871667,0.429567863,-13.23717361,-12.94645661,-6.655878634,5.007238167,-2.699348274,1.690389988,-5.628553791,-0.917090756,-3.418163443,-0.049513255,-1.313016888,-8.817889805,-0.879471652,-1.898897188,2.38938769,0.550410327,-1.159984095,-17.19669747,3.936077505,-6.788997856,0.544910036,-2.809410191,-1.095064768,-2.430422075,-8.192949041,18.83046795,-0.907052807,3.877963214,-4.480300825,-0.389288129,-3.007189105,-4.758689949,-2.965518333,-1.409862734,-2.736168359,2.388726475,-10.74443188,-3.927787251,-0.948668827,3.939638674,1.133142102,-2.553208743,-25.43673153,-2.02359036,-1.436038958,0.552318621,0.358885271,1.714448024,-9.570449778,1.713144713,-15.27887703,-8.32263293,3.914293404,-1.619822491,-0.315572609,-4.17947806,0.423870996,-3.303910378,1.711564209,-1.565728518,-1.249730364,-1.140680374,-6.216159934,-8.851618842,-5.35739341,-3.194627107,1.107006846,4.233552996,3.175268587,-6.851875334,-5.013641926,2.616303459,-0.653337207,-3.412070229,-2.76795847,-14.35912818,-7.079343689,-15.46088394,-1.650321308,-2.967817389,-6.190793078,-3.768832188,-4.034585206,-12.33366238,-7.498597789,-0.29804599,-0.988468207,10.34357836,2.544406623,-2.151212518,2.066874075,-2.260975329,2.054082128,-2.216510781,2.846578339,-0.207894544,-4.851457168,-1.745021412,-5.659028262,-4.287168053,1.662439043,-2.073264601,-0.9062609,-5.003307113,-18.97080896,-6.411185855,-4.845116498,-4.246627864,-9.660837757,-10.93696249,-4.101759688,-15.79025408,-2.180936029,-4.573674971,-6.804128891,-3.108003045,-4.075200102,-4.784020829,-7.861302271,-0.548308442,-2.134938805,6.157894941,7.374037584,-0.14760316,-1.411895483,0.809586963,2.277313499,0.695217956,1.808714474,-3.598466012
-1.194496857,2.203239361,1.335270933,1.407550367,8.811455072,3.970081983,5.228657253,6.247824856,-0.627614739,-7.697423955,-3.799972863,2.317368454,5.04809094,1.990882778,5.205688139,2.283639583,8.765463507,5.047700578,0.039533485,3.272361936,1.263796986,-6.46764403,6.736566644,-1.321905863,1.138935928,1.817122833,-3.574181242,-0.971872098,4.798539643,2.782961082,-2.009026532,-5.918774139,3.885028526,2.727369122,-4.834384567,-14.82014915,-1.290940973,0.239177517,3.301460083,-2.916064756,-2.295748279,3.283726728,-7.37461319,-4.695550575,0.364216865,-1.007839064,2.008302971,-4.741846536,-5.054012307,0.328401905,-0.891520772,-1.968230208,-0.453386428,-1.528819375,-26.00040502,-14.64682287,-7.540229189,-7.205209561,2.056558529,2.450836162,-7.995989763,-5.057919516,0.149641543,2.139944117,-9.620210754,-1.595464583,-1.915330541,3.544814973,-0.209207343,0.637275108,-14.24463357,-14.3093152,-8.122637983,5.235825514,-5.196682074,1.486264908,-5.125401069,-1.128000982,-4.192120702,-0.170171357,-1.426213679,-9.186012787,-0.651859832,-2.459711207,2.657580711,-0.139177014,-1.757977631,-18.85957133,3.384714131,-9.426321348,-1.211408994,-2.400248303,-3.349215061,-2.338465106,-9.789063027,19.17824627,0.048245644,4.065431928,-5.346011007,-0.617804219,-3.714306848,-5.415363099,-3.669183378,-1.963804221,-2.885359364,2.207138909,-10.72747727,-3.819639483,-1.604432521,3.429441349,1.023895587,-3.111440741,-25.9366928,-1.976119128,-3.320109062,-0.669918058,0.001518036,1.604381749,-10.82705576,0.736522247,-15.39339884,-9.038580452,4.244163674,-1.437130565,0.39758202,-3.270559163,0.163121921,-3.429542808,1.266326998,-2.055431593,-1.77233403,-1.444702106,-6.462822388,-9.000809345,-5.700452905,-3.821206861,0.933708408,3.840050447,3.100355021,-8.345213437,-6.090461327,1.935681863,-1.801664471,-4.192044259,-3.877775966,-15.03570542,-7.17559095,-16.78356842,-3.265928051,-3.84816556,-6.610668297,-4.153571443,-7.110468956,-12.64653905,-6.589483739,-0.898627669,-0.34936977,10.96261351,3.408999446,-1.159755745,1.83439819,-2.44075292,1.712546777,-2.870259833,2.50303075,-0.626495582,-5.507840094,-2.071092702,-6.101056603,-5.18829983,1.367651859,-2.437362379,-1.25455758,-5.766047135,-20.59880046,-7.245834525,-6.805032239,-5.670532667,-11.0724812,-11.71308799,-4.01971074,-16.06750229,-4.052857362,-7.267824345,-6.957966613,-5.274179925,-5.755251641,-5.826117496,-8.41842152,-1.423000914,-1.92639855,7.262229604,8.32767264,1.279174355,-1.86879049,0.655419054,1.801305728,0.313443833,1.445453332,-4.198565362
-0.386,2.955,1.391,1.42,8.835,4.266,4.963,6.409,-0.642,-7.976,-3.151,2.209,4.668,1.53,4.915,1.979,9.081,5.918,0.413,3.382,1.118,-6.481,6.5,-0.584,2.223,2.597,-3.19,-0.901,5.156,3.09,-2.465,-5.878,3.79,3.439,-5.07,-14.786,-1.587,0.337,3.44,-3.015,-2.39,3.515,-7.741,-5.67,-0.503,-0.416,0.743,-3.646,-4.631,0.234,-1.196,-1.583,-0.554,-1.893,-25.784,-15.865,-7.973,-8.407,1.997,0.772,-7.332,-5.713,0.031,2.212,-9.916,-1.343,-2.418,4.185,-0.593,0.889,-15.018,-15.32,-9.494,5.296,-7.578,1.358,-4.576,-1.352,-5.013,-0.295,-1.516,-9.29,-0.455,-3.004,2.854,-0.82,-2.205,-20.045,2.56,-12.047,-3.01,-1.851,-5.5,-2.188,-11.245,18.985,1.121,4.191,-6.138,-0.887,-4.496,-6.018,-4.425,-2.557,-2.995,1.909,-10.332,-3.664,-2.286,2.666,0.835,-3.597,-25.694,-1.991,-5.149,-1.65,-0.469,1.323,-11.836,-0.522,-15.228,-9.541,4.459,-1.416,1.051,-2.364,-0.089,-3.428,0.741,-2.464,-2.241,-1.789,-6.629,-8.963,-6.028,-4.443,0.696,3.296,2.931,-9.71,-7.219,1.113,-3.11,-4.949,-4.966,-15.277,-7.136,-17.843,-4.72,-4.439,-6.8,-4.63,-10.4,-12.745,-5.369,-1.656,0.244,11.451,4.104,-0.163,1.528,-2.556,1.292,-3.483,2.082,-1.111,-6.17,-2.398,-6.533,-6.121,0.986,-2.786,-1.565,-6.408,-21.941,-7.972,-8.841,-7.231,-12.303,-12.195,-3.738,-15.945,-5.729,-9.921,-6.84,-7.217,-7.561,-6.864,-8.869,-2.319,-1.573,8.193,9.1,2.86,-2.306,0.47,1.231,-0.104,1.025,-4.834
0.353054953,3.493193471,1.320057394,1.354606404,8.722534712,4.515536241,4.453290921,6.355641866,-0.736476528,-8.17886484,-2.507120187,2.013394158,4.137687286,0.871782928,4.388560014,1.719599545,9.287991603,6.635619481,0.774157499,3.420571982,0.948263763,-6.437076857,5.956089483,0.014515566,3.16828776,3.185008259,-2.744347737,-0.797614325,5.417480868,3.367888742,-2.857973788,-5.888384775,3.34342959,3.953513999,-5.107561127,-14.71340149,-1.938548505,0.432065634,3.622405122,-3.092145102,-2.443930851,3.708136214,-8.040982559,-6.850438683,-1.546836974,0.067164537,-0.461679461,-2.686751182,-4.266282507,0.056235022,-1.471644537,-1.223718056,-0.622791759,-2.249341776,-24.92899088,-17.11087227,-8.251110932,-9.662609937,1.860713251,-0.905671911,-6.598709265,-6.364670264,-0.114296293,2.213212047,-9.908581423,-1.094288241,-2.914049421,4.747732586,-0.844151303,1.201100271,-15.54065583,-15.92577298,-10.72150179,5.158375691,-9.641421073,1.397766667,-4.083465266,-1.596375944,-5.876761779,-0.417944429,-1.584999252,-9.1216782,-0.317079398,-3.494350619,2.961500923,-1.399180462,-2.398370938,-20.64147349,1.449584994,-14.54907243,-4.745544749,-1.20860441,-7.347692089,-1.998623866,-12.45467435,18.2597712,2.255650858,4.250633991,-6.808235593,-1.19712821,-5.344616371,-6.55609624,-5.240301067,-3.177567295,-3.079250399,1.487925766,-9.581520372,-3.513731416,-2.949146824,1.658043951,0.574338547,-3.949456168,-24.73084931,-2.147978727,-6.808480378,-2.201775073,-1.062507707,0.815436468,-12.55960764,-2.047618254,-14.86698787,-9.794441303,4.545471859,-1.640839999,1.556070361,-1.590050067,-0.311919056,-3.276082421,0.16264261,-2.726065603,-2.596985599,-2.17921299,-6.763227213,-8.787629467,-6.380296919,-5.052865698,0.391087021,2.635667105,2.679748422,-10.87366191,-8.397546082,0.209639627,-4.549754141,-5.634962322,-5.939757393,-15.06545353,-7.037724969,-18.64731908,-5.87648158,-4.626789183,-6.753884165,-5.245600851,-13.77262395,-12.69024156,-3.89910073,-2.600373193,0.699342846,11.87455162,4.52809657,0.718285923,1.156729862,-2.591314509,0.818697456,-4.003790249,1.622435127,-1.654261923,-6.847733473,-2.723002087,-6.997987569,-7.081344141,0.524357718,-3.113643549,-1.800557364,-6.888065133,-22.99583896,-8.569675837,-10.86532514,-8.894008064,-13.25447674,-12.34773279,-3.255295977,-15.4891284,-7.036055712,-12.37872483,-6.47380263,-8.742325118,-9.442086857,-7.8436922,-9.207487447,-3.184954995,-1.073758145,8.871227971,9.62618037,4.533037835,-2.702731316,0.270414435,0.599356867,-0.529671512,0.582987069,-5.515451552
0.884,3.65,1.053,1.169,8.502,4.672,3.665,6.028,-0.926,-8.295,-1.976,1.706,3.48,-0.01,3.603,1.582,9.386,7.126,1.075,3.367,0.782,-6.381,5.06,0.382,3.84,3.499,-2.298,-0.662,5.532,3.592,-3.086,-6.049,2.427,4.168,-4.923,-14.684,-2.365,0.495,3.887,-3.134,-2.439,3.815,-8.302,-8.205,-2.761,0.345,-1.499,-2.02,-4.065,-0.231,-1.757,-0.972,-0.652,-2.587,-23.45,-18.434,-8.304,-10.84,1.669,-2.388,-5.924,-6.997,-0.291,2.103,-9.57,-0.897,-3.374,5.123,-0.888,1.57,-15.64,-16.097,-11.805,4.775,-11.192,1.723,-3.794,-1.891,-6.77,-0.533,-1.642,-8.698,-0.27,-3.884,2.922,-1.713,-2.191,-20.44,0.057,-16.853,-6.385,-0.619,-8.701,-1.78,-13.261,16.981,3.358,4.204,-7.287,-1.572,-6.249,-7.016,-6.152,-3.812,-3.155,0.916,-8.556,-3.473,-3.533,0.436,0.215,-4.1,-22.978,-2.527,-8.244,-2.167,-1.732,-0.076,-13.095,-3.844,-14.437,-9.724,4.525,-2.155,1.736,-1.176,-0.495,-2.938,-0.456,-2.757999999,-2.749999999,-2.643000001,-6.938,-8.546,-6.818,-5.648,-0.003,1.886,2.318,-11.691,-9.606,-0.677,-6.121,-6.181,-6.663,-14.369,-7.007,-19.169,-6.637,-4.378,-6.505,-6.112,-17.031,-12.577,-2.318,-3.81,0.95,12.272,4.514,1.275,0.706,-2.53,0.299,-4.356999999,1.151,-2.272,-7.561,-3.071,-7.56,-8.057,-0.034,-3.425,-1.907,-7.128,-23.736,-9.024,-12.643,-10.532,-13.733,-12.13,-2.602,-14.779,-7.814,-14.483,-5.975,-9.767,-11.369,-8.717,-9.442,-3.965,-0.498,9.137,9.734,6.16,-3.049,0.06,-0.08,-0.956,0.141,-6.274
1.082219771,3.290761354,0.536002818,0.842131222,8.204160187,4.698962831,2.586890391,5.404095657,-1.197044691,-8.316173846,-1.64774478,1.289106231,2.740901576,-1.123765612,2.565499173,1.611299212,9.374521995,7.328282139,1.272837057,3.200061911,0.638744875,-6.353008704,3.806053198,0.464331702,4.14391061,3.49336985,-1.909636888,-0.510701222,5.464621805,3.737629383,-3.068334567,-6.429715012,0.987149316,4.008270205,-4.528853113,-14.77127636,-2.866543374,0.498628284,4.251086487,-3.126252616,-2.374367928,3.785829766,-8.549162616,-9.63529254,-4.073511728,0.350368245,-2.275535078,-1.755979968,-4.111731693,-0.632868002,-2.099285918,-0.901700376,-0.654892758,-2.893821357,-21.42464013,-19.84940869,-8.062889013,-11.75962731,1.433999976,-3.478060991,-5.432579634,-7.586013344,-0.49669033,1.853279541,-8.910177424,-0.789523031,-3.788152419,5.20794433,-0.686966507,1.987286714,-15.17184461,-15.83374102,-12.7432959,4.136739687,-12.07298403,2.411719869,-3.829284299,-2.256392563,-7.660237632,-0.629614071,-1.690164995,-8.074814647,-0.334411973,-4.153341773,2.694041208,-1.629942682,-1.487932305,-19.30448049,-1.56751376,-18.88100215,-7.878105972,-0.226150427,-9.410022084,-1.533956057,-13.531457,15.18552145,4.323511355,4.013760372,-7.518670289,-2.023860849,-7.184887166,-7.381827893,-7.16806755,-4.437668209,-3.232033561,0.180015509,-7.380641113,-3.617707694,-3.986541025,-0.930474805,-0.259884619,-4.002614086,-20.44812611,-3.162181341,-9.436709725,-1.459355282,-2.408448034,-1.469413427,-13.54602927,-5.852722574,-14.06710246,-9.280573602,4.422452026,-2.972744427,1.459001357,-1.298854197,-0.632453016,-2.388832448,-1.100707834,-2.506856125,-2.637746253,-3.194540303,-7.216919267,-8.309243264,-7.388672023,-6.220155418,-0.50046508,1.078956855,1.820654339,-12.03644943,-10.7725871,-1.446572796,-7.793553042,-6.517179575,-7.015332253,-13.19228543,-7.143575474,-19.39553706,-6.957066896,-3.703689642,-6.111546983,-7.294720126,-19.94096595,-12.4981804,-0.779537177,-5.339826082,0.945693926,12.66273304,3.949632413,1.337664424,0.169777083,-2.358470579,-0.261582525,-4.48785347,0.694299941,-2.963454677,-8.31503645,-3.462779427,-8.267632613,-9.028723139,-0.698800072,-3.72096677,-1.852232814,-7.067120534,-24.11875467,-9.315431061,-13.93977241,-11.98763427,-13.59877352,-11.53158501,-1.811649502,-13.90482592,-7.958448237,-16.07700782,-5.489061983,-10.25934161,-13.25406831,-9.429076111,-9.602894503,-4.627305885,0.056092748,8.862680676,9.293538758,7.57158758,-3.342510443,-0.15063039,-0.790576082,-1.373855759,-0.27281257,-7.121946542
0.913,2.468,-0.189,0.461,7.876,4.647,1.322,4.656,-1.429,-8.27,-1.526,0.899,2.069,-2.397,1.427,1.705,9.286,7.236,1.367,2.914,0.498,-6.383,2.364,0.342,4.167,3.252,-1.61,-0.428,5.28,3.795,-2.86,-6.973,-0.72,3.527,-4.06,-15.054,-3.362,0.441,4.645,-3.071,-2.33,3.609,-8.815,-10.849,-5.162,0.145,-2.753,-1.832,-4.398,-1.066,-2.531,-1.028,-0.718,-3.144,-19.219,-21.26,-7.535,-12.196,1.102,-4.017,-5.201,-8.091,-0.697,1.513,-8.086,-0.755,-4.232,4.998,-0.358,2.445,-14.263,-15.234,-13.483,3.409,-12.275,3.358,-4.169,-2.653,-8.448,-0.679,-1.704,-7.439,-0.482,-4.401,2.344,-1.219,-0.448,-17.49,-3.201,-20.541,-9.034,-0.067,-9.483,-1.241,-13.284,13.176,5.045,3.691,-7.526,-2.495,-8.079,-7.632,-8.151,-4.997,-3.289,-0.652,-6.306,-3.859,-4.315,-2.236,-0.792,-3.711,-17.575,-3.903,-10.452,-0.255,-2.991,-3.22,-13.909,-7.748,-13.854,-8.559,4.242,-4.032,0.863,-1.836,-0.728,-1.66,-1.737,-2.061,-2.342,-3.772,-7.604,-8.126,-8.067,-6.735,-1.065,0.274,1.218,-11.936,-11.637,-2.023,-9.387,-6.591,-6.983,-11.703,-7.392,-19.411,-6.971,-2.715,-5.697,-8.61,-22.188,-12.506,0.576,-7.103,0.677,13.016,3.013,0.985,-0.4,-2.077,-0.841,-4.45,0.291,-3.639,-9.046,-3.875,-9.087,-9.958,-1.428,-3.977,-1.71,-6.753,-24.066,-9.401,-14.673,-13.078,-13.026,-10.674,-0.899,-12.989,-7.575,-17.013,-5.189,-10.285,-14.756,-9.893,-9.796,-5.241,0.445,8.133,8.454,8.551,-3.601,-0.308,-1.485,-1.748,-0.589999999,-7.976
0.392985502,1.300718668,-1.044533969,0.12472889,7.558307613,4.570846491,0.004665944,3.972333083,-1.510328898,-8.185916913,-1.585455154,0.670193304,1.597109082,-3.724420886,0.358353379,1.750754586,9.155269745,6.866908443,1.367939124,2.523131906,0.343381721,-6.494033441,0.928653401,0.129919068,4.030412308,2.883406067,-1.418668016,-0.486858485,5.064497435,3.774085287,-2.548458342,-7.589809559,-2.401203399,2.821265947,-3.648108299,-15.57870302,-3.766526875,0.325510609,4.993147214,-2.972330967,-2.381224526,3.292792543,-9.124873559,-11.58411987,-5.735740341,-0.177168587,-2.924913353,-2.143231951,-4.879123515,-1.443019153,-3.071626691,-1.329049312,-0.91701721,-3.325349233,-17.20166356,-22.54524357,-6.772119461,-11.98581267,0.634758813,-3.913102938,-5.261459585,-8.480874019,-0.855316459,1.144743226,-7.267539804,-0.75389898,-4.781968549,4.526486317,-0.043412798,2.929515207,-13.10265619,-14.41941651,-13.9766281,2.768259311,-11.86088253,4.411845988,-4.735682065,-3.032435933,-9.046884161,-0.654214919,-1.660084998,-6.966811116,-0.660053218,-4.732775003,1.955043943,-0.602663318,0.715314389,-15.33224921,-4.610414765,-21.75841334,-9.680514488,-0.125493587,-9.000177666,-0.882780771,-12.6025464,11.28431101,5.452973965,3.261177176,-7.355161848,-2.920933803,-8.858327486,-7.755825878,-8.963549064,-5.435725082,-3.303859261,-1.497808373,-5.556703952,-4.077857559,-4.538903256,-3.288751535,-1.314066538,-3.298191872,-14.82653686,-4.577987278,-11.35420374,1.218353089,-3.378747619,-5.117992824,-14.15700922,-9.210340856,-13.85055105,-7.684499531,3.996319409,-5.251790936,0.141610492,-2.596866939,-0.792509352,-0.807553647,-2.332059897,-1.53372536,-1.970217258,-4.305254294,-8.08036053,-8.024279151,-8.804657498,-7.161371835,-1.652877846,-0.47011907,0.553728557,-11.47509965,-11.96657369,-2.357532974,-10.71887178,-6.376324139,-6.595619888,-10.08564479,-7.664885101,-19.31045462,-6.836411775,-1.552797838,-5.370171313,-9.837443646,-23.53450595,-12.61307468,1.629082814,-8.957260115,0.172469551,13.29285698,1.939272076,0.35645943,-0.946094496,-1.700659638,-1.416619933,-4.31538139,-0.028504576,-4.210417101,-9.689118988,-4.276382968,-9.961744892,-10.81000425,-2.16879798,-4.172225698,-1.566877846,-6.266832629,-23.52654646,-9.238770617,-14.8289501,-13.65892226,-12.24449875,-9.698953366,0.11055684,-12.13705935,-6.818313572,-17.21741547,-5.196362844,-9.942904961,-15.56592531,-10.03827857,-10.11469154,-5.862680965,0.558330208,7.089846352,7.418851593,8.936180484,-3.845094687,-0.365635452,-2.116675147,-2.045773826,-0.758104547,-8.751013001
-0.344,-0.011,-1.906,-0.127,7.251,4.455,-1.219,3.414,-1.473,-8.065,-1.771,0.596,1.292,-4.95,-0.533,1.744,8.994,6.283,1.289,2.107,0.215,-6.692,-0.38,-0.053,3.812,2.466,-1.338,-0.647,4.892,3.749,-2.216,-8.192,-3.924,2.04,-3.29,-16.257,-4.062,0.152,5.283,-2.826,-2.504,2.888,-9.468,-11.895,-5.882,-0.522,-2.858,-2.587,-5.457,-1.749,-3.703,-1.693,-1.211,-3.494,-15.463,-23.603,-5.929,-11.264,0.122,-3.307,-5.516,-8.78,-0.958,0.789,-6.531,-0.711,-5.433,3.881,0.167,3.404,-11.86,-13.51,-14.253,2.261,-11.037,5.43,-5.364,-3.371,-9.49,-0.554,-1.572,-6.661,-0.767,-5.165,1.57,0.082,1.823,-13.1,-5.695,-22.545,-9.863,-0.28,-8.173,-0.467,-11.686,9.694,5.632,2.759,-7.068,-3.28,-9.5,-7.792,-9.615,-5.748,-3.283,-2.299,-5.128,-4.199,-4.684,-4.087,-1.798,-2.815,-12.387,-5.116,-12.12,2.787,-3.503,-6.955,-14.278,-10.213,-13.966,-6.761,3.753,-6.551,-0.557,-3.417,-0.856,0.07,-2.88,-0.997,-1.589,-4.767,-8.595,-7.972,-9.534,-7.507,-2.241,-1.125,-0.13,-10.826,-11.829,-2.487,-11.749,-5.936,-5.951,-8.43,-7.902,-19.137,-6.626,-0.378,-5.116,-10.859,-24.132,-12.714,2.33,-10.68,-0.427,13.472,0.905,-0.412,-1.448,-1.29,-1.98,-4.121,-0.279,-4.684,-10.245,-4.648,-10.828,-11.584,-2.877,-4.326,-1.455,-5.717,-22.593,-8.815,-14.521,-13.768,-11.394,-8.698,1.13,-11.355,-5.83,-16.906,-5.399,-9.37,-15.759,-9.893,-10.527,-6.398,0.464,5.894,6.332,8.833,-4.087,-0.348,-2.673,-2.271,-0.829,-9.45
-1.150843806,-1.274670648,-2.656010627,-0.273838566,6.945635183,4.27611853,-2.221421844,3.004052785,-1.374936776,-7.894968019,-2.031348005,0.636775231,1.085124631,-5.927063235,-1.171520535,1.704186453,8.807680591,5.558594196,1.140195017,1.745779152,0.164344434,-6.977560871,-1.479521134,-0.117402832,3.571976165,2.058253431,-1.371187815,-0.846308781,4.814877754,3.79796979,-1.927142063,-8.7095663,-5.211170338,1.316045351,-2.957511004,-16.98226047,-4.252055576,-0.081423629,5.519410933,-2.627468324,-2.649549252,2.445319358,-9.828220053,-11.8948233,-5.760581805,-0.806919372,-2.635706511,-3.078277899,-6.03014297,-1.989731216,-4.397166018,-2.003434487,-1.531239615,-3.709028556,-14.01420355,-24.3485019,-5.16026558,-10.21672199,-0.32779612,-2.39293897,-5.846674343,-9.022698736,-1.001083167,0.473270951,-5.921770103,-0.555658065,-6.155458435,3.153379692,0.215512247,3.825358046,-10.68224026,-12.60937285,-14.35324447,1.896834489,-10.02812772,6.281671382,-5.885855234,-3.652858023,-9.834004856,-0.386621196,-1.463195017,-6.487140187,-0.705991279,-5.685624025,1.217520795,0.714698615,2.731378478,-11.01381555,-6.404948455,-22.92593814,-9.670647402,-0.405636304,-7.225998946,-0.014039551,-10.74275246,8.522033665,5.695304736,2.216456415,-6.721975887,-3.563277245,-9.996693672,-7.7847346,-10.14483187,-5.9411818,-3.240896127,-3.011237974,-4.957455496,-4.170495943,-4.773422477,-4.671062467,-2.228678628,-2.300568949,-10.35275684,-5.482417597,-12.70338192,4.308401385,-3.309444957,-8.550332584,-14.27328035,-10.8057594,-14.1003997,-5.880762172,3.574332355,-7.854027535,-1.114593101,-4.159974694,-0.949839026,0.873133905,-3.382570846,-0.503421745,-1.244272775,-5.145238947,-9.093838058,-7.928688565,-10.19163731,-7.788118958,-2.815280926,-1.676262648,-0.795934352,-10.15804285,-11.35460858,-2.465371928,-12.47872093,-5.350032858,-5.155473404,-6.802393948,-8.0581899,-18.9134322,-6.382814078,0.66872728,-4.882877505,-11.6079096,-24.21494812,-12.70424315,2.652097163,-12.06923832,-0.979237441,13.53598228,0.048126924,-1.199402732,-1.896628908,-0.91199832,-2.526302507,-3.890668455,-0.483722933,-5.084459019,-10.7276455,-4.975241453,-11.62848642,-12.28780669,-3.51779071,-4.463328747,-1.385325969,-5.201845827,-21.39089395,-8.131579611,-13.87611343,-13.49434966,-10.57698586,-7.738214419,2.072459034,-10.627694,-4.733104234,-16.3320172,-5.637884196,-8.695254428,-15.50308309,-9.51689945,-10.97390994,-6.730797653,0.256509252,4.695528683,5.309240207,8.397151433,-4.334351608,-0.294749277,-3.150331607,-2.435806403,-0.870341885,-10.09450689
-1.943528256,-2.408625828,-3.25314572,-0.313518834,6.64115738,4.049794181,-2.96137322,2.741693674,-1.234755645,-7.638557021,-2.360066603,0.761604766,0.932152105,-6.597467289,-1.547090288,1.639434474,8.600327484,4.774343829,0.915620886,1.457027324,0.231900346,-7.347390815,-2.363093734,-0.09634745,3.343592529,1.669108835,-1.541386601,-1.048215053,4.811800073,3.951527251,-1.680525512,-9.144223735,-6.245950171,0.666248131,-2.65707332,-17.70927609,-4.360892716,-0.379771661,5.714139347,-2.379463464,-2.769459229,1.973124557,-10.20392785,-11.61803177,-5.445384796,-0.995786857,-2.336049616,-3.599750156,-6.536338468,-2.181529215,-5.124353766,-2.215492426,-1.814542774,-3.973019589,-12.82749622,-24.74884355,-4.517243602,-8.940492044,-0.658967426,-1.348965791,-6.185093412,-9.227901052,-0.996425037,0.19510561,-5.45565476,-0.27133803,-6.902795507,2.398728988,0.120637061,4.14866092,-9.648903288,-11.75770059,-14.29196869,1.667494467,-8.990353009,6.879350598,-6.209711065,-3.869027562,-10.11058318,-0.172885227,-1.359664873,-6.435216581,-0.448114197,-6.258276656,0.909873546,1.256645469,3.403778371,-9.168469627,-6.763992341,-22.89612003,-9.153488687,-0.46986814,-6.305547915,0.430820846,-9.904862901,7.766458457,5.717285672,1.645493751,-6.341526711,-3.770128775,-10.35333205,-7.751025501,-10.56696208,-6.027543646,-3.196032183,-3.622939264,-4.980335901,-3.990429261,-4.814778332,-5.059936471,-2.603732607,-1.769655146,-8.751397685,-5.689121042,-13.05583172,5.710343507,-2.770847169,-9.833079855,-14.18300218,-11.05264027,-14.2602558,-5.110840636,3.446485639,-9.107230513,-1.487372,-4.775221501,-1.091638868,1.540658695,-3.845205988,-0.069431933,-0.940098618,-5.446445791,-9.542557242,-7.880343426,-10.75052872,-8.016275931,-3.377076034,-2.13541155,-1.424890373,-9.542331655,-10.62590051,-2.330151912,-12.93429121,-4.678889034,-4.282146683,-5.270161808,-8.121554042,-18.63348957,-6.116357191,1.547765978,-4.596553518,-12.1208652,-23.96168655,-12.6008101,2.591754851,-13.08611462,-1.448891181,13.46585566,-0.589637163,-1.940690139,-2.291908725,-0.613907448,-3.050933821,-3.630472163,-0.654584419,-5.415772645,-11.13932086,-5.248451277,-12.3398,-12.92950759,-4.085329708,-4.591703043,-1.338529949,-4.752584794,-20.0343791,-7.225574139,-12.95090672,-12.95301304,-9.8371902,-6.838945349,2.913272243,-9.954902189,-3.589732571,-15.61074566,-5.799863632,-7.978775048,-14.95401558,-8.998674991,-11.41340531,-6.808837801,-0.041066533,3.583557499,4.413712063,7.71730515,-4.584926705,-0.235459029,-3.546958822,-2.549150458,-0.908639345,-10.69212275
-2.653741563,-3.35862531,-3.674777479,-0.248214897,6.338351946,3.801327181,-3.418784246,2.620219567,-1.061208576,-7.252160081,-2.761984205,0.941856908,0.794847923,-6.924783635,-1.665317019,1.55498067,8.375566976,4.012408343,0.605279141,1.242734769,0.45547665,-7.797249339,-3.042663902,-0.053379394,3.15339372,1.295153715,-1.877031589,-1.222524102,4.843063697,4.228310759,-1.458384523,-9.515539323,-7.026550326,0.078552239,-2.403822862,-18.40816804,-4.41779648,-0.748945024,5.880573375,-2.086489266,-2.815396379,1.469143535,-10.5971671,-11.07888805,-4.988569462,-1.064027215,-2.035618718,-4.151076644,-6.922965224,-2.343318169,-5.85436434,-2.302093901,-1.999081964,-4.274487929,-11.86549887,-24.78365873,-4.025557749,-7.50890203,-0.828947418,-0.348992767,-6.475235818,-9.410660321,-0.95981159,-0.055376796,-5.141174094,0.145106066,-7.624237266,1.662956577,-0.080255021,4.328424583,-8.822787065,-10.97938743,-14.07700571,1.560368202,-8.062613549,7.145992656,-6.262840895,-4.012197893,-10.34513125,0.063289012,-1.288047192,-6.501405261,0.018754703,-6.840538829,0.655273533,1.689310816,3.830098607,-7.6275442,-6.813511434,-22.44202904,-8.35105552,-0.463185896,-5.538535735,0.816047004,-9.285464995,7.39602164,5.762617329,1.053037639,-5.94281795,-3.90193388,-10.57782759,-7.70105594,-10.8888751,-6.020431233,-3.167897479,-4.130492741,-5.131505216,-3.669204333,-4.811757104,-5.267140261,-2.923934901,-1.230914569,-7.593709249,-5.759343595,-13.12777678,6.937958452,-1.865873896,-10.75922935,-14.05698099,-11.02101166,-14.4787121,-4.51217032,3.336640954,-10.26236227,-1.649827653,-5.233430684,-1.295606536,2.020886992,-4.274243045,0.297534861,-0.67011461,-5.681687361,-9.911757678,-7.81957793,-11.19267298,-8.201806543,-3.931586247,-2.520369461,-2.002165228,-9.025441373,-9.713083758,-2.114631195,-13.14782827,-3.978064247,-3.395752662,-3.901032592,-8.088419483,-18.28357874,-5.827728306,2.244506282,-4.177012215,-12.46019656,-23.53636421,-12.45099017,2.150866357,-13.73227183,-1.827151195,13.24193305,-0.990036598,-2.584680656,-2.635993023,-0.438093853,-3.549351807,-3.342046131,-0.800655961,-5.676709353,-11.47934122,-5.459192482,-12.94697453,-13.51721572,-4.580969861,-4.71422812,-1.287719325,-4.383747337,-18.63468465,-6.142599433,-11.78390342,-12.26523064,-9.203760629,-6.0076801,3.643232048,-9.340145648,-2.44674465,-14.82287173,-5.78319323,-7.263410063,-14.26447204,-8.434132007,-11.80770675,-6.59556548,-0.423582928,2.632202884,3.69570343,6.865124218,-4.834038903,-0.197186557,-3.861618406,-2.619175649,-0.960116238,-11.24693219
-3.213,-4.07,-3.898,-0.08,6.038,3.556,-3.573,2.633,-0.863,-6.692,-3.242,1.149,0.635,-6.872,-1.531,1.456,8.137,3.355,0.199,1.105,0.873,-8.323,-3.53,-0.052,3.028,0.933,-2.407,-1.339,4.869,4.647,-1.243,-9.843,-7.551,-0.459,-2.213,-19.049,-4.452,-1.195,6.032,-1.753,-2.739,0.931,-11.01,-10.291,-4.442,-0.987,-1.811,-4.732,-7.137,-2.494,-6.557,-2.236,-2.023,-4.602,-11.091,-24.432,-3.711,-5.995,-0.795,0.433,-6.661,-9.586,-0.907,-0.288,-4.987,0.697,-8.269,0.992,-0.35,4.319,-8.267,-10.299,-13.716,1.563,-7.384,7.004,-5.972,-4.075,-10.563,0.298,-1.275,-6.682,0.707,-7.39,0.462,1.994,4.0,-6.455,-6.594,-21.549,-7.302,-0.376,-5.052,1.09,-8.998,7.38,5.896,0.446,-5.542,-3.96,-10.678,-7.645,-11.118,-5.933,-3.176,-4.53,-5.346,-3.217,-4.768,-5.306,-3.19,-0.693,-6.891,-5.716,-12.869,7.936,-0.572,-11.284,-13.945,-10.778,-14.789,-4.146,3.212,-11.271,-1.576,-5.505,-1.576,2.262,-4.676,0.59,-0.428,-5.862,-10.172,-7.739,-11.5,-8.355,-4.484,-2.849,-2.513,-8.654,-8.686,-1.852,-13.151,-3.303,-2.561,-2.763,-7.955,-17.85,-5.518,2.744,-3.544,-12.688,-23.103,-12.302,1.331,-14.009,-2.105,12.844,-1.134,-3.08,-2.931,-0.427,-4.017,-3.027,-0.931,-5.866,-11.747,-5.599,-13.435,-14.059,-5.006,-4.834,-1.206,-4.11,-17.303,-4.928,-10.413,-11.552,-8.706,-5.252,4.253,-8.787,-1.351,-14.049,-5.486,-6.592,-13.587,-7.919,-12.119,-6.054,-0.886,1.916,3.206,5.912,-5.077,-0.207,-4.093,-2.654,-1.041,-11.763
-3.56984223,-4.5028408,-3.906108639,0.186694777,5.742637029,3.335936904,-3.414792381,2.773006468,-0.651337257,-5.929146464,-3.798194746,1.357364147,0.423218128,-6.420147887,-1.157575027,1.34727138,7.889669815,2.861171158,-0.307065337,1.042392817,1.504867762,-8.916575793,-3.836807877,-0.141774897,2.982728196,0.578346704,-3.148034421,-1.373270069,4.854202512,5.215823755,-1.019320279,-10.14240539,-7.818717888,-0.954739855,-2.093429591,-19.60892317,-4.488390702,-1.719752742,6.178496317,-1.382380961,-2.502966071,0.359343269,-11.44152164,-9.273679994,-3.855442772,-0.747443198,-1.723150815,-5.345034681,-7.14458992,-2.64886158,-7.208378231,-1.997018403,-1.839869251,-4.942577679,-10.4719086,-23.69105413,-3.589407122,-4.466044355,-0.528731617,0.859784437,-6.697780266,-9.765650041,-0.851258398,-0.510116591,-4.996754772,1.381356018,-8.794583388,0.422656132,-0.655014592,4.089527236,-8.023500143,-9.729703432,-13.22085325,1.664391389,-7.063542442,6.404688564,-5.288105406,-4.054695207,-10.78433384,0.511008754,-1.340645524,-6.971812041,1.618599001,-7.871538936,0.335415039,2.157861247,3.911325208,-5.692313653,-6.14087886,-20.22040751,-6.051310855,-0.200942789,-4.941315263,1.211109916,-9.124550014,7.680933181,6.164185203,-0.168406764,-5.151843433,-3.947554452,-10.66210959,-7.591891069,-11.26192606,-5.778130618,-3.2359845,-4.819109127,-5.570245849,-2.648749626,-4.68757609,-5.192129171,-3.403142302,-0.161229386,-6.640473449,-5.582443237,-12.24808397,8.662310125,1.114453283,-11.37718136,-13.88303749,-10.38717722,-15.21285105,-4.058898823,3.045652685,-12.09583694,-1.256039333,-5.579738174,-1.94064403,2.229199957,-5.056344525,0.803905696,-0.207505537,-5.997562717,-10.30229238,-7.634127988,-11.6607125,-8.483900299,-5.036414592,-3.136882409,-2.946647871,-8.464094277,-7.60648561,-1.573392156,-12.9710373,-2.699557153,-1.830453264,-1.910866116,-7.725195146,-17.32393881,-5.186659798,3.035058671,-2.637505138,-12.85289766,-22.78852614,-12.19244074,0.150234389,-13.92914195,-2.280537841,12.26556713,-1.014014765,-3.396609525,-3.179379505,-0.60978916,-4.44892988,-2.68695182,-1.053007735,-5.985171604,-11.94327607,-5.662542488,-13.79282102,-14.55927063,-5.363889129,-4.954451175,-1.071972957,-3.939878195,-16.1345073,-3.628964718,-8.878609099,-10.91880677,-8.366631282,-4.579589473,4.733297541,-8.299168437,-0.345515864,-13.35486506,-4.831810307,-5.995059923,-13.0402151,-7.532364123,-12.31770951,-5.1681626,-1.426398312,1.490018273,2.973601655,4.924905817,-5.309791786,-0.284455649,-4.241026777,-2.660586222,-1.162842426,-12.24495395
-3.741738284,-4.677862304,-3.708122619,0.537705726,5.461829161,3.150640443,-2.982510571,3.031406999,-0.447561533,-4.994702806,-4.401145785,1.552536508,0.165459471,-5.624347572,-0.595453551,1.232142275,7.644458003,2.496638386,-0.890912732,1.039030728,2.300933777,-9.553880418,-3.975056376,-0.316370034,2.987315346,0.223176917,-4.066819119,-1.324637919,4.780297927,5.901066514,-0.782899164,-10.41499384,-7.835229825,-1.402744063,-2.027872927,-20.09372356,-4.534566613,-2.307555722,6.317510116,-0.973879059,-2.114338982,-0.232738305,-11.87889325,-8.070972584,-3.270942908,-0.357835603,-1.770216696,-6.00354832,-6.990187827,-2.808765546,-7.809987515,-1.593699633,-1.465111996,-5.276940205,-9.996173175,-22.63238738,-3.636218486,-2.967247671,-0.059735803,0.941956894,-6.587394556,-9.948215849,-0.795954269,-0.719319512,-5.153383101,2.169373702,-9.191691018,-0.045094028,-0.975572139,3.668922302,-8.048480405,-9.238412441,-12.62104976,1.858938698,-7.089118379,5.41700105,-4.260608385,-3.967257212,-11.00852932,0.696714744,-1.478862178,-7.359375091,2.713070219,-8.279266992,0.268995718,2.191976349,3.595388312,-5.289693066,-5.471687414,-18.53536368,-4.671749542,0.060201241,-5.174471091,1.178599799,-9.620458239,8.232896884,6.541872332,-0.781735785,-4.771616486,-3.875719408,-10.54044715,-7.546215731,-11.32904161,-5.568123029,-3.347935121,-5.002544227,-5.795902687,-1.999057857,-4.576403726,-4.950841913,-3.566750587,0.372417615,-6.781300153,-5.384631964,-11.3110201,9.128490921,3.117986011,-11.06938174,-13.85185192,-9.898505643,-15.72560129,-4.237514103,2.834268149,-12.74475113,-0.746043502,-5.526127921,-2.371447944,1.956254599,-5.419394441,0.949022362,-0.002557055,-6.095206126,-10.31558544,-7.512145761,-11.68833625,-8.587685845,-5.578580214,-3.39060549,-3.308616014,-8.449429103,-6.505164158,-1.301933009,-12.61864759,-2.175226163,-1.207937012,-1.345620684,-7.434006717,-16.71648602,-4.826929562,3.122613009,-1.479521208,-12.95013111,-22.57164356,-12.12651991,-1.306321583,-13.55282141,-2.381019198,11.55680973,-0.671432637,-3.590644549,-3.385011585,-0.962217092,-4.838672433,-2.323626459,-1.167405261,-6.047051845,-12.07595665,-5.657116977,-14.02534651,-15.0079194,-5.667019286,-5.080380462,-0.886245555,-3.856920067,-15.16027559,-2.300739309,-7.232903551,-10.40939949,-8.181490758,-3.998240788,5.075500843,-7.880693534,0.542121334,-12.74676042,-3.846298466,-5.453596994,-12.60708062,-7.286636578,-12.40738274,-4.007503237,-2.055044187,1.329747662,2.93850313,3.953727547,-5.531089392,-0.418997256,-4.310699805,-2.641341902,-1.318471645,-12.69972961
-3.763109591,-4.63049316,-3.319250191,0.956493354,5.206923958,3.006479531,-2.325990556,3.398963376,-0.275562905,-3.934622584,-5.014581242,1.722892853,-0.123530997,-4.557824481,0.096115563,1.113588518,7.41370874,2.204029439,-1.524180086,1.075477279,3.19349999,-10.20684336,-3.956672257,-0.555602591,3.000164226,-0.141459453,-5.117856876,-1.198233406,4.633118795,6.658553269,-0.53191979,-10.6583368,-7.607454559,-1.793466138,-1.992656946,-20.51624618,-4.593811864,-2.938489678,6.443301857,-0.525675301,-1.591208749,-0.829085085,-12.30629066,-6.73278352,-2.728637266,0.161968116,-1.934819646,-6.723726076,-6.73745048,-2.970971261,-8.369593557,-1.041626254,-0.929570767,-5.584215767,-9.656829621,-21.34580743,-3.816908604,-1.538417012,0.568050021,0.726667525,-6.343088908,-10.12902148,-0.741980972,-0.910740304,-5.434766545,3.025895299,-9.459290776,-0.420350107,-1.295422361,3.100888171,-8.276980985,-8.780593166,-11.9503808,2.142474147,-7.418684046,4.138827681,-2.963123529,-3.833300507,-11.22979621,0.85315993,-1.677001582,-7.831723381,3.939476189,-8.614540462,0.253300666,2.113267053,3.091713332,-5.174852364,-4.599042171,-16.59123981,-3.242773842,0.403431883,-5.687856212,1.001687258,-10.40976235,8.963086386,6.985837398,-1.385229725,-4.397217003,-3.757550485,-10.3237569,-7.511327049,-11.32790384,-5.315052316,-3.508091358,-5.086581042,-6.025934881,-1.307362772,-4.44083973,-4.609782667,-3.684718255,0.919297215,-7.238470788,-5.149075718,-10.12263323,9.359165545,5.344011741,-10.40578024,-13.81841083,-9.358491271,-16.29108151,-4.653875649,2.580367102,-13.23668443,-0.11831996,-5.432169712,-2.843879306,1.493951948,-5.768822934,1.038544963,0.192863262,-6.160911283,-10.23327338,-7.383148736,-11.60267079,-8.663297261,-6.097143379,-3.61449114,-3.608417783,-8.593184367,-5.404834839,-1.05875937,-12.1001702,-1.728009071,-0.685224735,-1.05515494,-7.124166999,-16.04362125,-4.430438234,3.015341215,-0.112217997,-12.96152525,-22.39404443,-12.09989084,-2.936960371,-12.95178374,-2.440872746,10.78177068,-0.159280109,-3.739626435,-3.552112218,-1.446763409,-5.179360378,-1.938760236,-1.273250389,-6.067272137,-12.15451708,-5.59315509,-14.14143746,-15.39117475,-5.929966472,-5.216933447,-0.654912793,-3.838519196,-14.39547312,-1.000569981,-5.530809231,-10.05225479,-8.139863373,-3.51587224,5.271024619,-7.535753285,1.288122877,-12.21619295,-2.580502106,-4.936320585,-12.23671792,-7.177725295,-12.39978658,-2.662552035,-2.785334334,1.391295251,3.018826296,3.044115293,-5.740233741,-0.592561363,-4.308256469,-2.59752477,-1.496041336,-13.13483061
-3.668063558,-4.395641177,-2.75439702,1.426583105,4.989318927,2.909854473,-1.494603331,3.866493593,-0.159275921,-2.794695764,-5.602238412,1.856762595,-0.429054056,-3.29334312,0.858289687,0.994573168,7.209781397,1.926167226,-2.178602617,1.132353759,4.114940866,-10.84741082,-3.793445399,-0.839419544,2.979691538,-0.524528617,-6.255998667,-0.999071128,4.398419644,7.444133127,-0.26453576,-10.86996647,-7.142136047,-2.117267523,-1.964175332,-20.88922135,-4.6694223,-3.592727444,6.550076011,-0.035907256,-0.951616119,-1.413550201,-12.70787162,-5.30867734,-2.268745836,0.792183622,-2.199789181,-7.521927392,-6.44969987,-3.132739396,-8.894887179,-0.356192718,-0.264039826,-5.843491087,-9.447015274,-19.92075521,-4.097100986,-0.21958485,1.310855342,0.260602007,-5.97789356,-10.30338537,-0.690232897,-1.079472963,-5.818911363,3.915855217,-9.596302598,-0.712062732,-1.598312674,2.428958541,-8.644347784,-8.311780029,-11.24254854,2.510943306,-8.010627441,2.667574231,-1.468750449,-3.673402201,-11.44233846,0.978363543,-1.922453777,-8.375974924,5.247043127,-8.878635382,0.278949893,1.938484348,2.439642402,-5.275865052,-3.534975546,-14.48469811,-1.843682189,0.8248413,-6.418132564,0.68933618,-11.41691497,9.798939785,7.452932999,-1.970124967,-4.024546622,-3.606058591,-10.02271602,-7.490583267,-11.26703193,-5.030903196,-3.712748566,-5.077218329,-6.263310073,-0.613034834,-4.287213817,-4.196489785,-3.760889666,1.490770902,-7.937347855,-4.902190995,-8.74717124,9.378444476,7.698655594,-9.43078762,-13.74967745,-8.813593926,-16.87319934,-5.280451447,2.286417556,-13.59029815,0.555076195,-5.385785237,-3.333439526,0.892947113,-6.108294909,1.085631805,0.384761382,-6.200644299,-10.07670299,-7.257229135,-11.42344875,-8.707643601,-6.578713016,-3.812837078,-3.855498607,-8.878625487,-4.328292676,-0.865042811,-11.42163292,-1.356038283,-0.254251923,-1.027811128,-6.838384455,-15.32122509,-3.988772626,2.721558597,1.422603872,-12.86878655,-22.19744677,-12.10825681,-4.640122644,-12.19755915,-2.494432741,10.0042508,0.469999799,-3.920984719,-3.684870559,-2.025989801,-5.46409968,-1.534070203,-1.369597767,-6.061441428,-12.18841616,-5.481062102,-14.14990584,-15.69521181,-6.167270246,-5.369267102,-0.384053306,-3.862178386,-13.85544134,0.214256004,-3.827099146,-9.876086634,-8.231246434,-3.140542035,5.311109998,-7.268595951,1.868610989,-11.75475449,-1.085258841,-4.411987781,-11.87830135,-7.201742649,-12.30661444,-1.223569951,-3.630789744,1.631352738,3.13301657,2.241812193,-5.936555544,-0.787104638,-4.239892595,-2.530378011,-1.683711136,-13.55775113
-3.490463801,-4.007774166,-2.028189878,1.931549448,4.820486643,2.867201947,-0.537357282,4.42486709,-0.122713348,-1.620608033,-6.127828277,1.942407448,-0.736434598,-1.903330645,1.632446736,0.878055502,7.045066214,1.605911394,-2.825956071,1.190310798,4.997652208,-11.44750777,-3.497039051,-1.147857056,2.884241613,-0.935027772,-7.436320381,-0.732057883,4.061862113,8.213664452,0.021132262,-11.04737272,-6.445848276,-2.364402006,-1.918834567,-21.22528521,-4.7647087,-4.250489568,6.631962843,0.497332838,-0.213559186,-1.969947601,-13.06775502,-3.847999817,-1.931654823,1.513086187,-2.548131687,-8.414734262,-6.190127777,-3.291329906,-9.393496657,0.447375012,0.500725585,-6.033781343,-9.359963776,-18.4464443,-4.442529528,0.948853243,2.125030379,-0.409945527,-5.504643704,-10.46661475,-0.641606276,-1.220563599,-6.283926224,4.804231943,-9.60159807,-0.929047703,-1.867956247,1.696547652,-9.086133675,-7.787467202,-10.5312065,2.960399781,-8.823708555,1.100324102,0.149786661,-3.508118306,-11.64034823,1.070320534,-2.202639088,-8.979318387,6.58509705,-9.072748802,0.336613429,1.684233681,1.678373818,-5.521073722,-2.290971498,-12.31194774,-0.553855636,1.32060952,-7.302173143,0.250272556,-12.5666751,10.66803718,7.900036794,-2.527646034,-3.64950766,-3.434222268,-9.647941979,-7.487349598,-11.15491164,-4.727593908,-3.958253515,-4.98019388,-6.511003111,0.044560471,-4.121835338,-3.738424526,-3.799064153,2.098209962,-8.803577237,-4.670361778,-7.248450403,9.209976674,10.08844477,-8.188141434,-13.61258317,-8.310267463,-17.43587882,-6.090096132,1.95483791,-13.82400487,1.202187573,-5.474978996,-3.815643623,0.203797838,-6.441469072,1.103413182,0.579138813,-6.220359069,-9.867184087,-7.144480132,-11.17034738,-8.717599115,-7.009840563,-3.989920212,-4.05924608,-9.289094304,-3.298373667,-0.742016149,-10.58876339,-1.057573696,0.092896739,-1.252363526,-6.619392784,-14.56510146,-3.49346823,2.249233043,3.08343839,-12.653479,-21.92355162,-12.14736491,-6.314310378,-11.36153031,-2.576016193,9.288015277,1.164366194,-4.212208847,-3.787451799,-2.662516705,-5.68596581,-1.111255716,-1.455498541,-6.045154455,-12.18709904,-5.331221577,-14.05951835,-15.90614158,-6.393446463,-5.542556243,-0.079731554,-3.905470602,-13.55570795,1.286323083,-2.176533546,-9.909892499,-8.445333752,-2.880460089,5.186814191,-7.083544318,2.259603757,-11.35411238,0.588757377,-3.849333404,-11.48101342,-7.354999589,-12.13949482,0.219319723,-4.605072046,2.007081737,3.199609911,1.592725859,-6.119374751,-0.98459454,-4.111765998,-2.441130995,-1.869643405,-13.97597918
-3.264,-3.501,-1.155,2.455,4.712,2.885,0.497,5.065,-0.19,-0.458,-6.555,1.968,-1.031,-0.46,2.36,0.767,6.932,1.186,-3.438,1.23,5.774,-11.979,-3.079,-1.461,2.672,-1.382,-8.614,-0.402,3.609,8.923,0.327,-11.188,-5.525,-2.525,-1.833,-21.537,-4.883,-4.892,6.683,1.076,0.605,-2.482,-13.37,-2.4,-1.758,2.305,-2.963,-9.419,-6.022,-3.444,-9.873,1.354,1.334,-6.134,-9.389,-17.012,-4.819,1.926,2.967,-1.239,-4.936,-10.614,-0.597,-1.329,-6.808,5.656,-9.474,-1.08,-2.088,0.947,-9.538,-7.163,-9.85,3.487,-9.817,-0.466,1.82,-3.358,-11.818,1.127,-2.505,-9.629,7.903,-9.198,0.417,1.367,0.847,-5.839,-0.878,-10.169,0.547,1.887,-8.277,-0.307,-13.784,11.498,8.284,-3.049,-3.267999999,-3.255,-9.21,-7.505,-11.0,-4.417,-4.241,-4.801,-6.772,0.626,-3.951,-3.263,-3.803,2.753,-9.763,-4.48,-5.69,8.877,12.42,-6.721,-13.374,-7.895,-17.943,-7.056,1.588,-13.956,1.751,-5.788,-4.266,-0.523,-6.772,1.105,0.782,-6.226,-9.626,-7.055,-10.863,-8.69,-7.377,-4.15,-4.229,-9.808,-2.338,-0.711,-9.607,-0.831,0.364,-1.718,-6.51,-13.791,-2.936,1.606,4.829,-12.297,-21.514,-12.213,-7.858,-10.515,-2.72,8.697,1.872,-4.691,-3.864,-3.319,-5.838,-0.672,-1.53,-6.034,-12.16,-5.154,-13.879,-16.01,-6.623,-5.742,0.252,-3.946,-13.512,2.158,-0.634,-10.183,-8.772,-2.744,4.889,-6.985,2.437,-11.006,2.391,-3.217,-10.994,-7.634,-11.91,1.576,-5.722,2.476,3.137,1.143,-6.288,-1.166999999,-3.93,-2.331,-2.042,-14.397
-3.016535918,-2.923786206,-0.149088944,2.975078611,4.698673885,2.99363317,1.535043774,5.789047838,-0.414602488,0.608220592,-6.831787243,1.909337568,-1.30657194,0.935272372,2.945353551,0.654488039,6.847977382,0.600444107,-3.9868239,1.219421358,6.343321375,-12.43513813,-2.571179863,-1.732106807,2.286340132,-1.880315859,-9.721089345,-0.010921591,3.023021119,9.492676644,0.638377938,-11.30893441,-4.407154791,-2.589003197,-1.702087652,-21.80545907,-5.035392482,-5.474960123,6.711719515,1.691639714,1.447391268,-2.912647476,-13.58203988,-1.048279897,-1.799460545,3.128496757,-3.41948081,-10.52179054,-5.998773409,-3.595428564,-10.31983962,2.353891125,2.171421578,-6.120155882,-9.570522521,-15.7383903,-5.208921491,2.634399443,3.760582895,-2.174848139,-4.316283503,-10.74139869,-0.568007216,-1.40513613,-7.358462777,6.38492983,-9.200886621,-1.17987293,-2.239199355,0.188793254,-9.973663062,-6.437626513,-9.259879648,4.05828601,-10.93549187,-1.922725767,3.423155865,-3.240293002,-11.96896923,1.12518806,-2.81748291,-10.28299344,9.096396504,-9.24518193,0.475614285,0.989541958,-0.030452983,-6.200940645,0.632058516,-8.17615145,1.369378816,2.490848669,-9.291786234,-0.982785484,-14.99712193,12.16757421,8.536791788,-3.516632459,-2.900896669,-3.095189915,-8.741951055,-7.554480454,-10.80166629,-4.129548885,-4.552300173,-4.541532956,-7.041562328,1.057866462,-3.805603467,-2.830647585,-3.789790364,3.417889115,-10.77827813,-4.373371984,-4.146770424,8.388306235,14.53981773,-5.097211694,-13.01728682,-7.631601009,-18.36602343,-8.156421899,1.164133759,-13.97620797,2.094491638,-6.404541887,-4.651985112,-1.244019386,-7.097947917,1.083870789,0.97733252,-6.232778233,-9.378205233,-7.010984286,-10.53826224,-8.624981506,-7.649096292,-4.295182027,-4.369724649,-10.42917905,-1.511053455,-0.817689797,-8.533468082,-0.724227338,0.522901083,-2.46638654,-6.575020101,-13.03291897,-2.329005368,0.786458309,6.563811371,-11.79266132,-20.95008391,-12.31808207,-9.174912131,-9.750799061,-2.965091852,8.310327606,2.497168791,-5.428417772,-3.914580736,-3.965419942,-5.919137038,-0.235991032,-1.601023147,-6.058884985,-12.12202556,-4.969772983,-13.62025205,-15.98896177,-6.860403799,-5.968665545,0.604032572,-3.965973126,-13.76854796,2.739852594,0.693997906,-10.74006484,-9.240103989,-2.782910491,4.411670635,-6.9888886,2.350202737,-10.74450361,4.233592912,-2.51458416,-10.41120353,-8.033288379,-11.6589083,2.726546837,-6.977450281,2.958061094,2.863375769,0.945357767,-6.435623355,-1.339857176,-3.71819898,-2.212201711,-2.195237323,-14.84187758
-2.753,-2.383,0.975,3.448,4.908,3.319,2.404,6.644,-0.967,1.336,-6.844,1.693,-1.591,2.064,3.145,0.494,6.63,-0.251,-4.446,1.076,6.473,-12.895,-2.087,-1.807,1.612,-2.468,-10.597,0.45,2.278,9.702,0.874,-11.506,-3.205,-2.546,-1.598,-21.886,-5.264,-5.867,6.785,2.294,2.102,-3.142,-13.605,-0.014,-2.151,3.865,-3.86,-11.59,-6.134,-3.78,-10.636,3.458,2.814,-5.957,-10.113,-14.874,-5.661,2.852,4.299,-3.142,-3.817,-10.847,-0.609,-1.471,-7.859,6.7,-8.724,-1.269,-2.291,-0.709,-10.519,-5.787,-8.931,4.527,-12.067,-3.114,4.655,-3.159,-12.085,0.957,-3.13,-10.782,9.846,-9.164,0.327,0.5,-0.99,-6.749,1.922,-6.551,1.786,2.981,-10.344,-1.812,-16.147,12.36,8.491,-3.878,-2.669,-3.037,-8.367,-7.677,-10.523,-3.97,-4.863,-4.19,-7.284,1.131,-3.815,-2.634,-3.83,3.861,-11.959,-4.456,-2.74,7.696,16.054,-3.485,-12.592,-7.653,-18.707,-9.389,0.565,-13.762,1.986,-7.369,-4.909,-1.944,-7.395,0.955,1.061,-6.293,-9.164,-7.083,-10.302,-8.536,-7.725,-4.419,-4.469,-11.188,-1.045,-1.205,-7.633,-0.983,0.358,-3.748,-6.967,-12.398,-1.77,-0.266,7.975,-11.182,-20.372,-12.544,-10.19,-9.248,-3.367,8.267,2.768,-6.468,-3.923,-4.601,-5.952,0.105,-1.712,-6.212,-12.11,-4.839,-13.308,-15.81,-7.07,-6.207,0.965,-3.966,-14.483,2.816,1.495,-11.686,-10.034,-3.222,3.762,-7.157,1.843,-10.773,5.879,-1.866,-9.906,-8.539,-11.544,3.432,-8.295,3.222,2.297,1.078,-6.531,-1.603,-3.57,-2.141,-2.349,-15.386
-2.445401562,-1.959690224,2.160927405,3.81170014,5.431489352,3.946043808,2.939141776,7.639522971,-1.96903669,1.506775288,-6.512232587,1.25301355,-1.914661907,2.707835555,2.745857463,0.253146998,6.10545584,-1.394008242,-4.817394686,0.71937369,5.979216166,-13.47198401,-1.764423989,-1.559410502,0.57482107,-3.134574496,-11.09840525,0.967016066,1.378434248,9.366988414,0.934381818,-11.89340414,-2.074654791,-2.392823911,-1.59847453,-21.59483565,-5.588920764,-5.936154026,6.964451503,2.787748517,2.367149371,-3.072361589,-13.3606273,0.488714568,-2.859269745,4.371189938,-4.217538469,-12.45382876,-6.395137098,-4.025679911,-10.70620416,4.63507699,3.076942859,-5.665715185,-11.18439535,-14.6366272,-6.215690539,2.367808383,4.39117516,-4.030106701,-3.632250556,-10.93320548,-0.761911279,-1.550694669,-8.21757589,6.328510405,-8.020122519,-1.386089291,-2.244727171,-1.87714069,-11.32729166,-5.439273402,-9.036295157,4.728669095,-13.0637883,-3.904733904,5.224815637,-3.112267723,-12.16393158,0.533188298,-3.430486119,-10.95304199,9.842680966,-8.933438015,-0.222263237,-0.147259629,-2.083999015,-7.650075006,2.654218659,-5.483156702,1.715677914,3.183072689,-11.41458453,-2.772670531,-17.16867826,11.81023104,8.030063956,-4.087072302,-2.710373038,-3.165923798,-8.217608202,-7.918310676,-10.13666526,-4.032388724,-5.13988951,-3.745383099,-7.459152185,0.679567132,-4.10281914,-2.870857214,-4.011521662,3.839683383,-13.42190046,-4.81353745,-1.580068085,6.740746599,16.59248007,-2.080481066,-12.17983534,-8.05021933,-18.96876486,-10.69859708,-0.286881537,-13.21334084,1.239968704,-8.650005981,-4.991066845,-2.631845642,-7.640396687,0.625290691,0.913094392,-6.469238865,-9.037585794,-7.348622763,-10.27467112,-8.443047488,-7.515787779,-4.520451263,-4.520655157,-12.10316256,-1.143755284,-1.991072057,-7.200636909,-1.851178528,-0.326168697,-5.760423662,-7.793550777,-12.01103838,-1.372367336,-1.586360325,8.718131361,-10.53380743,-19.96528525,-12.96988099,-10.85073877,-9.134911689,-3.93452363,8.664370591,2.447634758,-7.765665869,-3.874826549,-5.245048597,-5.974490659,0.237193203,-1.918736543,-6.587002525,-12.17210211,-4.834699305,-12.99657914,-15.47037786,-7.20934157,-6.440068315,1.306971287,-3.973017918,-15.78437952,2.170107281,1.44557763,-13.08089885,-11.32203163,-4.234994869,2.977960736,-7.577761734,0.79021763,-11.27605328,7.050682553,-1.415726093,-9.713843534,-9.12748139,-11.70635036,3.510872527,-9.540629622,3.067684948,1.426523393,1.560086188,-6.544690732,-2.064375842,-3.583308298,-2.188365016,-2.536620659,-16.10736519
-1.957,-1.573,3.185,3.952999999,6.123,4.7,3.108,8.591,-3.23,1.154,-5.959,0.603,-2.284,2.767,1.807,-0.004,5.204,-2.52,-5.215,0.129,5.006,-14.331,-1.758,-1.083,-0.675,-3.652,-11.245,1.425,0.46,8.592,0.714,-12.58,-1.261,-2.156,-1.728,-20.718,-5.911,-5.643,7.232,2.939,2.236,-2.779,-12.92,0.413,-3.733,4.484,-4.42,-12.917,-6.604,-4.305,-10.431,5.664,2.967,-5.505,-12.618,-14.993,-6.814,1.163,4.04,-4.613,-3.919,-11.017,-0.976,-1.655,-8.323,5.277,-7.252,-1.538,-2.241,-3.306,-12.509,-5.656,-9.65,4.545,-13.693,-4.291,5.083,-3.088,-12.23,-0.076,-3.697,-10.686,9.034,-8.691,-1.256,-0.918,-3.37,-8.999,2.656,-4.951,1.302,2.948,-12.37,-3.58,-17.961,10.657,7.341,-4.159,-3.132000001,-3.525,-8.373,-8.312,-9.69,-4.293,-5.354,-3.264,-7.54,-0.152,-4.671,-3.627,-4.438,3.263,-15.165,-5.388,-0.687,5.475,16.125,-1.091,-11.925,-8.677,-19.127,-11.799,-1.209,-12.434,0.057,-9.947,-4.959,-3.385,-7.84,0.047999999,0.438999999,-6.828000001,-9.094,-7.865,-10.566,-8.379,-7.052,-4.629,-4.561,-13.085,-1.752,-3.097,-7.444,-3.366,-1.484,-8.279,-8.894,-11.994,-1.228,-3.071,8.541,-9.978,-19.938,-13.597,-11.174,-9.25,-4.471,9.371,1.618,-8.953,-3.779,-5.968000001,-6.062,0.030999999,-2.291000001,-7.222,-12.38,-5.04,-12.846,-15.104,-7.249,-6.662,1.54,-4.101,-17.573,0.712,0.387,-14.744,-13.052,-5.617,2.208,-8.4,-0.703,-12.193,7.466,-1.266,-10.139,-9.744,-12.103,3.132,-10.422,2.572,0.524,2.148,-6.479,-2.77,-3.803,-2.440000001,-2.821000001,-17.04
-1.219742811,-1.141973469,3.841810996,3.801561058,6.810841985,5.366220665,2.936056759,9.305605096,-4.491355885,0.380371417,-5.332224339,-0.208371991,-2.677553,2.215619424,0.478125194,-0.202842843,3.950061902,-3.283164158,-5.74761074,-0.665637809,3.784713363,-15.57340673,-2.161450732,-0.512748107,-1.912633154,-3.786699099,-11.10452664,1.720207939,-0.327515361,7.553579021,0.145944349,-13.60492624,-0.974660973,-1.865041769,-1.979973206,-19.11718793,-6.123549537,-5.004578982,7.550672226,2.562889938,1.761221721,-2.371713054,-12.3886288,-0.239198014,-4.55317817,4.086686545,-4.413540679,-12.83655671,-6.553271012,-4.573609664,-9.748189622,6.323253837,2.545026565,-5.731154895,-14.17284737,-15.83759556,-7.400452503,-0.669792624,3.303715915,-4.720342343,-4.76041759,-11.11790226,-1.188737908,-1.776228238,-8.095414451,3.663273837,-6.596491547,-1.727159777,-2.405291571,-4.929314358,-14.10945097,-6.637522187,-10.79410008,3.889407455,-13.75558934,-4.304911594,4.292086599,-3.081514542,-12.31104984,-0.76973066,-3.909191903,-9.93759209,7.48697983,-8.580436166,-2.768849372,-1.741183115,-4.889349481,-10.84303321,1.810776975,-4.89046142,0.690898904,2.158981841,-13.06184895,-3.980706439,-18.46269717,9.133271709,6.652126388,-4.114931052,-3.988940671,-4.125673653,-8.876672391,-8.876798065,-9.250787594,-4.698251876,-5.482871612,-2.800533822,-7.51341808,-1.153425917,-5.464078021,-4.915071178,-5.17869263,2.11206747,-17.14208461,-6.103731387,-0.067235778,3.868034433,14.72788531,-0.670476001,-11.96028052,-9.364198843,-19.17224206,-12.40558978,-2.02412796,-11.58618646,-1.266006141,-10.91332741,-4.886347246,-4.272985238,-8.005458093,-0.787702819,-0.408070576,-7.414038614,-9.412599979,-8.657177285,-11.23110417,-8.375085734,-6.396401193,-4.76838983,-4.618402633,-14.03930493,-2.746941366,-4.383132865,-8.474940289,-5.470984005,-3.01130881,-10.98377454,-10.07398545,-12.44380993,-1.420096669,-4.618592001,7.297103965,-9.658135501,-20.44347536,-14.38572298,-11.19205836,-9.416484696,-4.776545999,10.2654276,0.46642422,-9.625248447,-3.657978391,-6.82627412,-6.279284828,-0.603860895,-2.877046936,-8.100268549,-12.79070255,-5.516204534,-12.99457429,-14.85876935,-7.173330829,-6.866432131,1.590946611,-4.45800854,-19.68291894,-1.559483911,-1.705992599,-16.46682681,-15.0920781,-7.116876793,1.582743422,-9.735667962,-2.489896401,-13.41166029,6.930782575,-1.489690938,-11.41306786,-10.34404309,-12.61724127,2.492540545,-10.66391509,1.907433866,-0.085265761,2.573468994,-6.354596012,-3.727923902,-4.244599752,-2.956120174,-3.251412184,-18.16531374
-0.55,-0.747,4.167,3.51,7.458,5.83,2.55,9.752,-5.535,-0.685,-4.68,-1.071,-2.986,1.207,-0.997,-0.323,2.646,-3.523,-6.391,-1.494,2.569,-16.994,-2.808,0.07,-2.838,-3.501,-10.776,1.896,-0.909,6.429,-0.675,-14.733,-1.2,-1.532,-2.276,-16.989,-6.209,-4.173,7.887,1.81,1.039,-1.927,-11.861,-1.435,-5.227,3.268,-4.223,-12.312,-6.065,-4.775,-8.73,6.58,1.897,-6.353,-15.645,-17.025,-8.033,-2.779,2.269,-4.522,-5.98,-11.251,-1.383,-1.846,-7.6,1.773,-6.101,-1.97,-2.663,-6.594,-15.955,-8.303,-12.379,2.757,-13.274,-3.993,3.125,-3.128,-12.423,-1.484,-4.063,-8.87,5.492,-8.612,-4.507,-2.478,-6.613,-13.11,0.066,-5.276,-0.185,0.804,-13.397,-4.111,-18.809,7.447,6.054,-3.939,-5.159,-4.895,-9.682,-9.584,-8.894,-5.192,-5.526,-2.346,-7.409,-2.16,-6.318,-6.566,-6.149,0.505,-19.248,-6.957,0.238,1.946,12.571,-0.746,-12.31,-10.088,-19.182,-12.472,-2.836,-10.863,-2.431,-11.287,-4.791,-5.265,-8.143,-1.795,-1.508,-8.181,-9.969,-9.642,-12.117,-8.443,-5.622,-4.909,-4.647,-14.962,-3.993,-5.663,-10.107,-7.939,-4.809,-13.594,-11.272,-13.359,-2.018,-6.275,5.174,-9.711,-21.393,-15.21,-10.93,-9.686,-4.844,11.493,-0.713,-9.557,-3.565,-7.769,-6.611,-1.584,-3.625,-9.041,-13.379,-6.227,-13.388,-14.802,-7.009,-7.034,1.516,-5.041,-21.911,-4.413,-4.484,-18.17,-17.211,-8.676,1.051,-11.488,-4.487,-14.858,5.612,-2.083,-13.407,-10.955,-13.021,1.554,-10.219,1.354,-0.146,2.732,-6.234,-4.856,-4.859,-3.68,-3.793,-19.298
-0.269285062,-0.457190299,4.243561373,3.257392965,8.05211047,6.013779804,2.086766948,9.942893417,-6.165832787,-1.897357813,-4.032491162,-1.862927058,-3.118715514,-0.081137825,-2.36760123,-0.384949413,1.63714723,-3.152313979,-7.081227823,-2.156591075,1.602932381,-18.31808608,-3.499204938,0.580785291,-3.172619155,-2.807188496,-10.35760703,2.028600704,-1.232440218,5.389313521,-1.639913432,-15.6740559,-1.840175978,-1.18448825,-2.556525739,-14.6059263,-6.165722238,-3.31754158,8.211366949,0.899577947,0.170565823,-1.505387955,-11.43485678,-3.056658854,-5.694681108,2.17575213,-3.921203319,-11.48532822,-5.04075871,-4.855618655,-7.479764093,6.446146718,1.11068383,-7.298198528,-16.85669612,-18.41536973,-8.77538582,-4.72466268,1.043879151,-4.271884322,-7.32812017,-11.41932123,-1.547882059,-1.778620661,-6.933318385,-0.069958027,-5.766053539,-2.272670426,-2.905661357,-8.150612649,-17.83712887,-10.48421277,-14.25932016,1.196662435,-12.37401045,-3.439099866,1.901145681,-3.260059761,-12.57000292,-2.161518822,-4.155486662,-7.691751348,3.403747068,-8.755986339,-6.182163577,-2.997848362,-8.486030789,-15.67255932,-2.547121883,-6.08890961,-1.428707258,-1.079667835,-13.34742197,-4.203234292,-19.16709321,5.787003725,5.60933689,-3.608933215,-6.477929588,-5.734924825,-10.71188238,-10.38401743,-8.677946784,-5.718896055,-5.485097802,-1.864747146,-7.247899815,-3.032984162,-7.056761398,-8.379582878,-7.235022539,-1.387002069,-21.33580514,-7.932242491,0.195082495,-0.234313311,9.852340541,-1.189270958,-12.9419897,-10.82636754,-19.26199177,-12.04026539,-3.786723454,-10.40235428,-3.165351199,-10.87751509,-4.677041001,-6.312608353,-8.254642125,-2.863634917,-2.700648179,-9.055379163,-10.71167024,-10.69656522,-13.00757458,-8.585004133,-4.796564198,-5.008490984,-4.567856563,-15.85786243,-5.369095962,-6.748894337,-12.08839057,-10.5184211,-6.745713761,-15.84580828,-12.44225904,-14.69576606,-3.032492825,-8.095818303,2.454414666,-10.21803294,-22.62615233,-15.96673305,-10.40834315,-10.15566688,-4.711641544,13.19593099,-1.619484318,-8.632317531,-3.564513435,-8.727619542,-7.019512118,-2.777956354,-4.449967262,-9.819059919,-14.10147676,-7.105010688,-13.90990284,-14.96883472,-6.78793957,-7.134942806,1.396229647,-5.835298282,-24.08521474,-7.549031651,-7.518816156,-19.80090196,-19.14856521,-10.27513482,0.551594592,-13.49655246,-6.618664255,-16.44424733,3.73604111,-3.006105918,-15.87980832,-11.63434203,-13.04604318,0.260235411,-9.119607977,1.152667808,0.521213955,2.596416022,-6.19317416,-6.057326601,-5.578193912,-4.523312262,-4.379989435,-20.20913338
-0.335,-0.135,4.104,3.106,8.545,5.889,1.624,9.906,-6.241,-3.075,-3.448,-2.476,-3.148,-1.551,-3.448,-0.519,1.163,-2.195,-7.728,-2.479,1.07,-19.299,-4.17,0.869,-2.801,-1.723,-9.914,2.179,-1.264,4.58,-2.744,-16.192,-2.699,-0.93,-2.909,-12.211,-5.967,-2.542,8.506,-0.009,-0.766,-1.137,-11.232,-4.675,-5.903,0.989,-3.695,-10.429,-3.674,-4.786,-6.092,5.925,0.256,-8.416,-17.698,-19.93,-9.601,-5.97,-0.206,-4.221,-8.521,-11.582,-1.652,-1.48,-6.173,-1.556,-5.534,-2.586,-3.089,-9.551,-19.626,-12.941,-16.177,-0.608,-11.375,-2.863,0.917,-3.46,-12.721,-2.735,-4.172,-6.592,1.612,-8.956,-7.616,-3.271,-10.42,-18.301,-5.721,-7.297,-3.071,-3.361,-13.091,-4.486,-19.636,4.291,5.407,-3.114,-7.79,-6.531,-11.857,-11.191,-8.587,-6.229,-5.349,-1.278,-6.975,-3.692,-7.565,-10.212,-8.359,-3.317,-23.15,-8.894,-0.163,-2.549,6.794,-1.875,-13.706,-11.419,-19.544,-11.27,-4.891,-10.09,-3.3,-9.698,-4.549,-7.397,-8.331,-3.887,-3.832,-9.946,-11.584,-11.647,-13.642,-8.785,-3.957,-5.027,-4.244,-16.677,-6.824,-7.495,-14.202,-13.029,-8.555,-17.504,-13.469,-16.338,-4.253,-10.028,-0.529,-11.045,-23.937,-16.731,-9.637,-10.876,-4.408,15.235,-2.032,-6.997,-3.735,-9.67,-7.458,-4.035,-5.234999999,-10.196,-14.924,-8.056,-14.388,-15.346,-6.521,-7.111,1.283,-6.89,-26.195,-10.626,-10.438,-21.285,-20.628,-11.86,0.165,-15.554,-8.777,-17.989,1.407,-4.15,-18.502,-12.488,-12.375,-1.279,-7.491,1.28,1.859,2.286,-6.32,-7.266,-6.323,-5.388,-4.906999999,-20.662
-0.584832338,0.358128205,3.775234145,3.083396183,8.881785794,5.439598676,1.210259119,9.667166781,-5.667356278,-4.062798681,-2.9665788,-2.826831392,-3.141172796,-3.116641813,-4.08347728,-0.861659734,1.398779743,-0.721276069,-8.231082588,-2.302119653,1.102019661,-19.7613674,-4.765598576,0.797365711,-1.678500794,-0.274754607,-9.493405227,2.40889537,-0.968897422,4.126312237,-4.013099927,-16.12508204,-3.59379751,-0.889788789,-3.443206501,-10.03347798,-5.587147907,-1.921307193,8.753956683,-0.781697158,-1.704990566,-0.828911658,-11.36364272,-5.86253781,-5.806210502,-0.152829654,-3.729054457,-9.201204818,-2.243748614,-4.547011929,-4.664070075,5.026535329,-0.609391467,-9.56361012,-18.10654231,-21.48797144,-10.46290529,-6.067423473,-1.327987051,-4.558461902,-9.324402472,-11.69143635,-1.670344321,-0.869164968,-5.389414016,-2.421435967,-5.354178324,-2.858163087,-3.195650566,-10.79080735,-21.21511504,-15.43679077,-17.85950675,-2.461138023,-10.60957898,-2.470557622,0.383717991,-3.704885321,-12.83731485,-3.144548002,-4.097224177,-5.720427842,0.464382042,-9.169255707,-8.701159699,-3.307071448,-12.30966899,-20.76462386,-9.077338295,-8.823423529,-5.092267005,-5.881801924,-12.83290771,-5.125705347,-20.24260767,3.069525123,5.516851087,-2.464807998,-8.952712872,-7.182364422,-13.01031748,-11.91825803,-8.586318723,-6.681401555,-5.113332331,-0.535144239,-6.532569245,-4.08392095,-7.757310108,-11.95634586,-9.445976264,-5.030813411,-24.4554834,-9.659929417,-0.767157919,-4.855108901,3.588235659,-2.678193563,-14.40041908,-11.66405442,-20.12962912,-10.3635518,-6.145402831,-9.761471518,-2.740118924,-7.834111183,-4.407861093,-8.50471204,-8.36284315,-4.77299856,-4.777311915,-10.76894598,-12.53335947,-12.32930044,-13.79318203,-9.027662094,-3.138961468,-4.945627496,-3.558976552,-17.3637351,-8.323331788,-7.77905379,-16.25129931,-15.32429152,-9.983779767,-18.37685978,-14.20469169,-18.15923243,-5.404749426,-11.96294996,-3.478994776,-11.99834848,-25.11280462,-17.59471687,-8.623765601,-11.85753704,-4.007774366,17.42125835,-1.790030819,-4.870858938,-4.142248385,-10.57686878,-7.881045494,-5.214201058,-5.876954582,-9.981059747,-15.81227283,-8.9940102,-14.66693359,-15.90705877,-6.220650259,-6.92475256,1.204261633,-8.233915637,-28.27032739,-13.32698552,-12.90465387,-22.5553765,-21.41722492,-13.3915742,-0.001218546,-17.4495089,-10.83457745,-19.30221358,-1.2661533,-5.374519852,-20.94585584,-13.60165821,-10.76907336,-2.924577571,-5.514353996,1.660007803,3.737419687,1.962039007,-6.693115566,-8.433144222,-7.019377703,-6.193382275,-5.289000133,-20.4655979
-0.74,0.958,3.313,3.195,9.017,4.651,0.837,9.23,-4.5,-4.849,-2.527,-2.918,-2.983,-4.659,-4.18,-1.464,2.367,1.121,-8.477,-1.504,1.684,-19.788,-5.139,0.349,0.116,1.481,-9.112,2.798,-0.291,4.098,-5.491,-15.556,-4.495,-1.16,-4.211,-8.277,-5.03,-1.48,8.93,-1.326,-2.607,-0.526,-11.874,-6.51,-5.383,-1.3,-4.085,-7.874,-1.082,-4.137,-3.314,3.797,-1.459,-10.708,-18.143,-22.938,-11.323,-5.028,-2.279,-5.228,-9.737,-11.717,-1.624,0.073,-4.643,-2.573,-5.262,-3.082,-3.252,-11.94,-22.513,-17.82,-19.089,-4.252,-10.27,-2.276,0.193,-4.001,-12.885,-3.37,-3.925,-5.088,0.104,-9.434,-9.505,-3.173,-14.016,-22.931,-12.228,-10.424,-7.341,-8.468,-12.682,-6.043,-20.793,2.175,5.906,-1.746,-9.867999999,-7.658999999,-14.106,-12.512,-8.638,-7.066,-4.814,0.258,-5.929,-4.207,-7.608,-13.597,-10.396,-6.321,-25.208,-9.98,-1.469,-7.0,0.286,-3.471,-14.736,-11.332,-20.973,-9.578,-7.601,-9.303,-1.587,-5.461,-4.24,-9.614,-8.352999999,-5.484,-5.523,-11.487,-13.528,-12.67,-13.414,-9.319,-2.404,-4.827,-2.537,-17.894,-9.83,-7.532,-18.087,-17.322,-10.968,-18.42,-14.445,-20.063,-6.177,-13.678,-6.289,-12.862,-25.959,-18.539,-7.379,-12.997,-3.781,19.646,-0.899,-2.511,-4.787000001,-11.444,-8.257999999,-6.232999999,-6.359999999,-9.188,-16.722,-9.893,-14.715,-16.621,-5.927,-6.651,1.124,-9.75,-30.342,-15.476,-14.669,-23.598,-21.481,-14.927,0.127,-19.005,-12.618,-20.253,-4.032,-6.483,-22.979,-14.931,-8.354,-4.585,-3.503,2.269,5.969,1.808,-7.342,-9.547,-7.625,-6.938,-5.562,-19.62
-0.526085312,1.57499796,2.79681834,3.435555876,8.909257566,3.539256031,0.463976902,8.596538791,-2.830274934,-5.465873736,-2.059579894,-2.762251056,-2.558287529,-6.067407413,-3.637943153,-2.355737155,4.045098095,3.124074921,-8.349187916,0.032048671,2.778470289,-19.4975387,-5.14785164,-0.440828763,2.429119731,3.490211033,-8.761928818,3.410254613,0.83162927,4.551223933,-7.188923733,-14.61032954,-5.390883102,-1.812360857,-5.239789158,-7.109840094,-4.298767454,-1.230456786,8.989504448,-1.571473585,-3.440224744,-0.166472084,-12.74383199,-6.615320313,-4.626928272,-2.536306516,-4.761862902,-6.548133071,-0.527708325,-3.551427501,-2.181356695,2.300603729,-2.276241328,-11.84160315,-17.89581068,-24.15594315,-12.13636784,-3.010365297,-3.023634711,-6.119284541,-9.835595472,-11.64402958,-1.5555982,1.323965057,-3.968163539,-1.974668355,-5.313365048,-3.278275553,-3.313577616,-13.08412856,-23.46491342,-19.94254787,-19.7228775,-5.876713797,-10.42747582,-2.213520993,0.175036949,-4.372031869,-12.8413427,-3.426124409,-3.678847973,-4.65123059,0.58798663,-9.797752512,-10.14797691,-2.963670147,-15.42574457,-24.70259327,-14.77113126,-11.80533531,-9.614541247,-10.92239631,-12.65486123,-7.075086801,-21.0472133,1.668381847,6.499223978,-1.047323276,-10.48154064,-7.975569402,-15.10033504,-12.9404308,-8.713409541,-7.393081614,-4.512424063,0.945753405,-5.184765051,-4.10646403,-7.124151983,-15.14250183,-11.12440828,-7.01569975,-25.42021045,-9.59690996,-2.109883738,-8.83178846,-3.061988483,-4.131696563,-14.4363819,-10.21678656,-21.99397906,-9.129967648,-9.254735645,-8.656187365,0.029403854,-2.787045419,-4.013011263,-10.71291747,-8.332476677,-6.015838642,-6.101033097,-12.09582252,-14.55789565,-12.64269495,-12.5187395,-9.675732852,-1.827866837,-4.76161314,-1.275134437,-18.25629954,-11.31495115,-6.693972441,-19.61879594,-18.99164435,-11.47472653,-17.64002062,-13.98020698,-21.93171013,-6.263403374,-14.93053315,-8.912982368,-13.45378567,-26.29769076,-19.53630287,-5.922793442,-14.14272843,-4.00385526,21.83016603,0.633416949,-0.17213159,-5.63566216,-12.28614714,-8.58779717,-7.054573114,-6.713197412,-7.916367621,-17.6210579,-10.75494219,-14.53796132,-17.44758548,-5.702457626,-6.400511828,1.004098789,-11.27537435,-32.43734912,-16.88319408,-15.56084256,-24.4343636,-20.81400091,-16.52981666,0.623615874,-20.04420218,-13.96048198,-20.75528477,-6.63069527,-7.298740565,-24.40617163,-16.40273704,-5.347003516,-6.161931609,-1.782712544,3.108191934,8.342492808,1.953755972,-8.260045768,-10.61921268,-8.129904391,-7.650397027,-5.79612618,-18.19389718
0.197,2.22,2.373,3.779,8.525,2.242,-0.019,7.785,-0.748,-5.979,-1.562,-2.328,-1.935,-7.298,-2.278,-3.565,6.381,4.916,-7.733,2.437,4.404,-18.895,-4.761,-1.447,4.93,5.738,-8.371,4.228,2.462,5.543,-8.969,-13.342,-6.188,-2.845,-6.516,-6.583,-3.365,-1.186,8.819,-1.495,-4.177,0.276,-13.766,-6.29,-3.568,-3.89,-5.63,-5.426,-0.893,-2.757,-1.471,0.638,-3.053,-12.949,-17.442,-25.197,-12.822,-0.313,-3.448,-7.15,-9.778,-11.505,-1.548,2.755,-3.305,-0.651,-5.56,-3.535,-3.509,-14.297,-24.149,-21.586,-19.866,-7.174,-10.808,-2.088,0.232,-4.882000001,-12.724,-3.428,-3.492,-4.287,1.832,-10.264,-10.789,-2.829,-16.563,-26.024,-16.261,-12.644,-11.636,-12.971,-12.495,-7.97,-20.802,1.702,7.154,-0.405,-10.87,-8.255000001,-15.997,-13.227,-8.824,-7.724,-4.332,1.329,-4.303,-3.965,-6.385,-16.607,-11.633,-7.039,-25.143,-8.294,-2.569,-10.212,-6.264,-4.566,-13.365,-8.235,-23.122,-9.019,-10.832,-7.934,2.058,-0.066,-3.633999999,-11.837,-8.433000001,-6.444,-6.615,-12.676,-15.679,-12.319,-11.188,-10.136,-1.517,-4.87,-0.022,-18.458,-12.784,-5.19,-20.946,-20.447,-11.408,-16.103,-12.637,-23.533,-5.412,-15.513,-11.357,-13.75,-26.0,-20.635,-4.312,-15.063,-4.781,23.933,2.952,1.937,-6.582,-13.179,-8.973000001,-7.767,-7.058000001,-6.405,-18.536,-11.634,-14.168,-18.314,-5.671,-6.316,0.862,-12.609,-34.569,-17.164,-15.645,-25.176,-19.336,-18.193,1.595,-20.366,-14.768,-20.844,-8.911,-7.782,-25.086,-17.957,-1.968,-7.482,-0.597,4.225,10.607,2.292,-9.345,-11.718,-8.622,-8.4,-6.077000001,-16.34
1.455846116,2.902521108,2.185279009,4.197030134,7.859146345,0.920213423,-0.700855059,6.833278373,1.628232536,-6.467169908,-1.049841534,-1.59415943,-1.226094262,-8.340893795,0.006675932,-5.080516982,9.277543383,6.159188686,-6.569529374,5.735516539,6.530329853,-17.96187564,-3.994402484,-2.518042431,7.272373459,8.192014893,-7.864599042,5.199293973,4.591399465,7.070590268,-10.67349988,-11.79625231,-6.783403354,-4.189809692,-8.000660424,-6.676563363,-2.237726891,-1.352980443,8.330455417,-1.101566304,-4.812725342,0.799753121,-14.70783261,-5.666658983,-2.260537293,-5.347088508,-6.528211436,-4.672182018,-2.375713769,-1.753861063,-1.349312167,-1.069006853,-3.797139451,-14.00221908,-16.84930143,-26.14705165,-13.27271597,2.736594296,-3.453512311,-8.223456749,-9.715903813,-11.34692209,-1.685401234,4.213904804,-2.587935381,1.298746549,-6.034755439,-3.946132083,-3.949733372,-15.59358202,-24.6408763,-22.55583207,-19.66245293,-8.001647517,-11.07298516,-1.723577154,0.295661246,-5.569767473,-12.56779218,-3.504942093,-3.498143337,-3.87541734,3.673673308,-10.82351313,-11.56468521,-2.898905108,-17.46340944,-26.85335667,-16.37108658,-12.69971764,-13.13974262,-14.36524346,-11.92349241,-8.489382453,-19.92634222,2.392016858,7.72364649,0.163840442,-11.14182694,-8.622848365,-16.80807413,-13.39474977,-8.971423545,-8.131143819,-4.385133814,1.256280621,-3.293821642,-3.990450152,-5.495759748,-18.00287479,-11.96807494,-6.376191725,-24.43202697,-5.983983901,-2.755819486,-11.04323071,-9.122539384,-4.703641077,-11.49575293,-5.423971047,-24.2699995,-9.173502137,-12.04600772,-7.276112937,4.441350786,2.475057733,-3.031184807,-13.00824857,-8.773143505,-6.858878195,-7.169160051,-13.30963538,-16.92719536,-11.78538831,-9.524544427,-10.72093538,-1.556797787,-5.247582179,0.985885085,-18.50254489,-14.24935139,-3.016459826,-22.18691497,-21.79691215,-10.70407036,-13.91110946,-10.3622068,-24.63620604,-3.480858985,-15.29445815,-13.62624512,-13.78277422,-25.00505668,-21.87923128,-2.63389851,-15.56948908,-6.125396196,25.92549267,6.139943749,3.682625571,-7.509620602,-14.17792713,-9.513648331,-8.474605167,-7.511630179,-4.900187323,-19.48799689,-12.56997379,-13.64457548,-19.14835629,-5.932939552,-6.513881869,0.730215406,-13.58599212,-36.70791257,-16.02741422,-15.06605782,-25.9203806,-17.03769566,-19.87106198,3.081280734,-19.82212234,-15.00003018,-20.59351985,-10.76925366,-7.950433071,-24.94978172,-19.53479752,1.536034276,-8.391347853,-0.093977742,5.633794974,12.56400456,2.701389677,-10.47111101,-12.89163487,-9.193752347,-9.250785354,-6.478748776,-14.24338789
2.955,3.526,2.3,4.673,7.014,-0.293,-1.515,5.842,4.062,-7.029,-0.543,-0.627,-0.542,-9.256,2.948,-6.733,12.485,6.819,-5.023,9.51,8.875,-16.7,-2.942,-3.486,9.225,10.71,-7.223,6.216,6.922,8.891,-12.214,-10.056,-7.118,-5.586,-9.593,-7.202,-1.108,-1.708,7.608,-0.462,-5.431,1.326,-15.422,-4.851,-0.821,-6.78,-7.297,-4.197,-4.737,-0.705,-1.762,-2.65,-4.572,-14.931,-16.16,-27.036,-13.313,5.83,-3.082,-9.157,-9.696,-11.228,-2.017,5.56,-1.823,3.535,-6.699,-4.562,-4.605,-16.765,-24.874,-22.826,-19.167,-8.352,-10.97,-1.151,0.344,-6.332999999,-12.436,-3.743,-3.723,-3.389,5.778,-11.46,-12.484,-3.168,-18.072,-27.162,-15.302,-12.098,-13.981,-15.036,-10.845,-8.539,-18.543,3.617,8.112,0.665,-11.402,-9.107,-17.532,-13.41,-9.078,-8.68,-4.678,0.812,-2.213,-4.354,-4.594,-19.33,-12.268,-5.162,-23.325,-3.061,-2.664,-11.381,-11.559,-4.544,-9.106,-2.183,-25.275,-9.453,-12.833,-6.758,7.016,4.761,-2.278,-14.147,-9.318,-7.331,-7.799,-14.0,-18.192,-11.09,-7.654,-11.362,-1.917,-5.859,1.712,-18.359,-15.714,-0.472,-23.347,-22.987,-9.493,-11.254,-7.549,-25.133,-0.716,-14.418,-15.671,-13.65,-23.476,-23.22,-1.061,-15.728,-7.852,27.788,9.876,5.186,-8.333999999,-15.196,-10.196,-9.222,-8.082,-3.539,-20.418,-13.493,-13.01,-19.915,-6.432,-6.973,0.646,-14.225,-38.673,-13.755,-14.057,-26.619,-14.271,-21.435,4.824,-18.502,-14.758,-20.116,-12.184,-7.916,-24.167,-21.067,4.812,-8.89,-0.121,7.169,14.265,3.241,-11.514,-14.052,-9.858,-10.204,-7.014,-12.135
4.385120401,4.000708507,2.745525495,5.194948687,6.103824056,-1.29349259,-2.370539467,4.911814521,6.312222967,-7.740384637,-0.057462257,0.469548683,0.031968196,-10.10840613,6.202797111,-8.344698679,15.73277615,6.950363199,-3.286924858,13.28981853,11.12704821,-15.15149724,-1.731941983,-4.210269136,10.63101802,13.12520932,-6.447813379,7.17714376,9.124247235,10.72559222,-13.53595497,-8.226263579,-7.186858433,-6.777438114,-11.18766525,-7.947344795,-0.165479019,-2.217346352,6.768832764,0.321363789,-6.115226327,1.777692108,-15.812895,-3.927656397,0.614172343,-8.052154389,-7.815478968,-3.866160848,-7.64793862,0.223172002,-2.596069721,-3.959580636,-5.435749127,-15.67064803,-15.40692992,-27.87444821,-12.80500675,8.693397577,-2.427478032,-9.788473478,-9.747926672,-11.19265847,-2.566795452,6.685318062,-1.033632746,5.703446557,-7.498632947,-5.403613111,-5.407276243,-17.59996477,-24.80171897,-22.43031373,-18.41711308,-8.286878764,-10.34913997,-0.442339111,0.355994079,-7.057637604,-12.38182418,-4.195492955,-4.155096142,-2.828144781,7.809614363,-12.15563913,-13.52017807,-3.593633535,-18.33639619,-26.97058765,-13.39026957,-11.02898022,-14.06243963,-14.98932167,-9.238677647,-8.084874979,-16.83987874,5.180227832,8.241646968,1.109757119,-11.73447996,-9.704774311,-18.16930901,-13.24076009,-9.067390127,-9.41367177,-5.182872001,0.129334327,-1.120540411,-5.17140693,-3.820821555,-20.58326087,-12.66172165,-3.57780359,-21.887944,0.018374081,-2.308609627,-11.30812635,-13.51589201,-4.10777248,-6.520545032,1.056622028,-25.98349377,-9.723350195,-13.20729814,-6.440907828,9.603651722,6.749170526,-1.470725473,-15.1672445,-10.00050524,-7.909467144,-8.514097729,-14.73066712,-19.35456879,-10.29513263,-5.716490662,-11.98422178,-2.537113298,-6.639060491,2.178836971,-18.00375299,-17.17672486,2.103718156,-24.40570537,-23.94673178,-7.961987063,-8.34550645,-4.642722621,-24.97986645,2.553392307,-13.07141915,-17.43747744,-13.44484451,-21.62494771,-24.58518032,0.239439233,-15.66021886,-9.750405967,29.49485902,13.78134829,6.58337617,-8.998027581,-16.13212068,-10.97979007,-10.02984811,-8.748856649,-2.43076864,-21.26323326,-14.32690831,-12.32828116,-20.5941839,-7.081299911,-7.636076168,0.64014846,-14.58381859,-40.29067245,-10.75643991,-12.86342275,-27.20799949,-11.43714274,-22.75980498,6.528758006,-16.5752359,-14.18538216,-19.51349713,-13.15932017,-7.788958928,-22.96362528,-22.48534749,7.546097093,-9.019235366,-0.493284179,8.66372063,15.78947753,3.975600507,-12.37707088,-15.09876676,-10.60443476,-11.24233199,-7.675610796,-10.23510666
5.702334742,4.370627315,3.474658053,5.757896851,5.18416737,-2.065257797,-3.234258657,4.080776257,8.236857273,-8.566284868,0.41074815,1.527346564,0.508544284,-10.9145637,9.4980702,-9.861214075,18.81857382,6.66711159,-1.450447862,16.83298527,13.11334963,-13.50027132,-0.551762556,-4.676627358,11.5178717,15.28258567,-5.571931522,8.066478605,11.03033622,12.39320695,-14.65177527,-6.463330932,-7.15825874,-7.719152479,-12.7222843,-8.774063753,0.587763445,-2.834947568,5.891881214,1.085423007,-6.859832517,2.161854884,-15.90714673,-2.924791796,1.890163017,-9.104540548,-8.116053831,-3.619331633,-10.85001817,1.013331588,-3.722515893,-5.001390984,-6.370365957,-16.22140003,-14.61071264,-28.65196861,-11.83088757,11.17213676,-1.653156331,-10.12416504,-9.937945516,-11.21890646,-3.292614543,7.601775655,-0.241421622,7.630312764,-8.389012175,-6.417624667,-6.283384626,-18.10166344,-24.59995535,-21.47720269,-17.47110507,-8.012799022,-9.385693539,0.370876594,0.268468932,-7.723786218,-12.38962948,-4.827807385,-4.741830066,-2.212544877,9.603700049,-12.89339219,-14.63077471,-4.118730207,-18.30580226,-26.4852647,-10.99615051,-9.579174897,-13.3598334,-14.35427434,-7.199154564,-7.191717946,-15.01327299,6.819812241,8.060119268,1.508454374,-12.1426286,-10.38864639,-18.742651,-12.91868433,-8.947997531,-10.29203275,-5.842038141,-0.697151884,-0.047941605,-6.372203577,-3.299134328,-21.75024296,-13.14850639,-1.842625794,-20.31909316,3.026245641,-1.707483481,-10.86590207,-14.90416659,-3.432595416,-3.951428948,4.096832118,-26.3562951,-9.944176303,-13.2736779,-6.392873986,12.07182412,8.375861751,-0.65207877,-16.05929331,-10.7781913,-8.577457806,-9.288946769,-15.48518805,-20.40894774,-9.558187197,-3.887515646,-12.57645032,-3.350379326,-7.533621335,2.445627028,-17.47706895,-18.62867233,4.508262438,-25.35156251,-24.70474368,-6.334741613,-5.410316545,-1.85236772,-24.2720249,6.05146684,-11.34983853,-18.91132467,-13.17625611,-19.63675868,-25.90297322,1.20659788,-15.45795631,-11.70499445,30.98790957,17.64735898,7.816968087,-9.522543144,-16.97077918,-11.8322762,-10.88264365,-9.488501234,-1.682915469,-22.0262426,-15.07997471,-11.74745966,-21.19368263,-7.827678728,-8.438214467,0.712834174,-14.69456808,-41.56968734,-7.38500867,-11.69521776,-27.70823439,-8.774936558,-23.82031126,8.055325077,-14.29604759,-13.45250947,-18.81041273,-13.71989666,-7.579387697,-21.55460243,-23.73536028,9.688217526,-8.832738365,-1.196909503,10.12508583,17.08051836,4.811931576,-13.07364306,-16.01915915,-11.40966822,-12.3368326,-8.438777605,-8.675449305
6.928929889,4.712999862,4.421626451,6.358637851,4.295911437,-2.614187336,-4.087354846,3.371334221,9.718219818,-9.444026888,0.870586547,2.362072776,0.924870323,-11.67870909,12.57823216,-11.25871551,21.55694596,6.097006796,0.423484102,19.95431608,14.69505306,-11.96562216,0.3960986,-4.902044339,11.95827423,17.0295949,-4.635876862,8.888849896,12.51261877,13.7369955,-15.59029911,-4.936411939,-7.243759609,-8.418638218,-14.14507931,-9.562018056,1.196409638,-3.511793273,5.046468197,1.651824508,-7.637019527,2.506372536,-15.76165492,-1.85632224,2.847236262,-9.897441629,-8.269168906,-3.41480642,-14.10280485,1.685347025,-5.00863867,-5.816077898,-7.338797308,-16.59951585,-13.78889439,-29.35278871,-10.52741787,13.14024173,-0.939490641,-10.21212221,-10.34165871,-11.26819536,-4.135850248,8.350933944,0.532504914,9.186649453,-9.327880928,-7.532284405,-7.15880252,-18.32661075,-24.50017874,-20.09276326,-16.39233571,-7.772309825,-8.335932449,1.26736961,0.007541453,-8.335052868,-12.42661343,-5.583444465,-5.420384302,-1.56668032,11.03779902,-13.65644328,-15.76947682,-4.682697755,-18.05461145,-25.95832509,-8.485044058,-7.808495967,-11.86541397,-13.2902117,-4.849630532,-5.948356603,-13.26150589,8.25756121,7.520889106,1.871180149,-12.609702,-11.12493345,-19.28017425,-12.49128057,-8.74936713,-11.25433846,-6.590409339,-1.582772624,0.980393082,-7.839794039,-3.147532218,-22.81663147,-13.69527306,-0.184877379,-18.84966811,5.791633557,-0.878743556,-10.08466062,-15.62540705,-2.559976469,-1.582556813,6.797699623,-26.38234765,-10.09844733,-13.15927485,-6.684007923,14.29921649,9.571571793,0.148610984,-16.83246678,-11.61477347,-9.301710549,-10.08931539,-16.24711431,-21.37736365,-9.060373737,-2.351490291,-13.14346109,-4.288660336,-8.491359289,2.580639236,-16.83511642,-20.05904844,6.573281764,-26.17519901,-25.31420181,-4.844070714,-2.675886737,0.671997114,-23.13882171,9.515817739,-9.324731364,-20.087644,-12.83206591,-17.68943345,-27.10157538,1.806036034,-15.20547831,-13.6238595,32.2002501,21.30762952,8.780210414,-9.947804431,-17.71781274,-12.72261935,-11.75586342,-10.27639088,-1.402542752,-22.72588552,-15.78155968,-11.43663042,-21.72810354,-8.626457036,-9.312723533,0.856596443,-14.58263301,-42.56417014,-3.979586976,-10.75351642,-28.16162531,-6.482873404,-24.61600991,9.301812333,-11.9396053,-12.73637975,-18.01165103,-13.89534379,-7.272180224,-20.152028,-24.76578012,11.25383593,-8.386967273,-2.260969324,11.60365118,18.0465407,5.617309572,-13.6444185,-16.82223737,-12.24706321,-13.45566364,-9.274300719,-7.565766839
8.087,5.105,5.521,6.994,3.48,-2.946,-4.911,2.806,10.638,-10.311,1.331,2.789,1.318,-12.405,15.187,-12.513,23.762,5.367,2.272,22.468,15.733,-10.767,0.909,-4.903,12.024,18.213,-3.68,9.649,13.443,14.6,-16.38,-3.815,-7.655,-8.883,-15.404,-10.191,1.705,-4.199,4.302,1.842,-8.419,2.839,-15.433,-0.736,3.325,-10.391,-8.345,-3.211,-17.166,2.259,-6.322,-6.444,-8.304,-16.821,-12.959,-29.961,-9.031,14.47,-0.467,-10.1,-11.035,-11.302,-5.038,8.974,1.267,10.243,-10.273,-8.676,-7.959,-18.331,-24.734,-18.402,-15.244,-7.808,-7.456,2.226,-0.501,-8.895,-12.46,-6.406,-6.128,-0.915,11.989,-14.428,-16.89,-5.225,-17.657,-25.642,-6.222,-5.776,-9.569,-11.956,-2.313,-4.443,-11.783,9.215,6.577,2.208,-13.119,-11.88,-19.81,-12.006,-8.501,-12.24,-7.363,-2.443,1.94,-9.458,-3.485,-23.768,-14.269,1.167,-17.711,8.143,0.16,-8.994,-15.579,-1.531,0.402,9.019,-26.05,-10.169,-12.991,-7.385,16.164,10.266,0.902,-17.496,-12.474,-10.049,-10.881,-17.0,-22.282,-8.983000001,-1.293,-13.69,-5.284,-9.461,2.652,-16.134,-21.457,8.13,-26.867,-25.828,-3.723,-0.37,2.78,-21.709,12.684,-7.067,-20.961,-12.4,-15.961,-28.109,2.003,-14.987,-15.415,33.064,24.595,9.366,-10.314,-18.379,-13.62,-12.625,-11.088,-1.697000001,-23.381,-16.461,-11.565,-22.212,-9.433,-10.193,1.064,-14.273,-43.328,-0.879,-10.24,-28.61,-4.76,-25.146,10.166,-9.781,-12.214,-17.122,-13.715,-6.852,-18.968,-25.525,12.258,-7.738,-3.715,13.15,18.595,6.259,-14.13,-17.517,-13.09,-14.567,-10.153,-7.016
9.165219686,5.574849974,6.69564505,7.642165077,2.779636559,-3.053571401,-5.680506951,2.416749263,10.90853225,-11.10067844,1.781597898,2.683293005,1.697942268,-13.08077158,17.08615409,-13.58210175,25.26153346,4.57089769,4.000427801,24.1957577,16.12195315,-10.09137131,0.836634024,-4.708037719,11.76467499,18.70242033,-2.764480435,10.32903732,13.7276603,14.86104088,-17.0255712,-3.241294457,-8.525494947,-9.10892441,-16.43584612,-10.58395815,2.128137922,-4.844533983,3.727064075,1.535054791,-9.174177439,3.164081956,-14.98519209,0.390148826,3.218416892,-10.55738579,-8.386559163,-2.988950843,-19.82124772,2.727680145,-7.53821067,-6.910027813,-9.221128553,-16.8848761,-12.13818467,-30.4497108,-7.490424423,15.05348821,-0.369774307,-9.822661819,-12.05194151,-11.29318253,-5.937593258,9.482912361,1.923204634,10.70249075,-11.17774373,-9.776306443,-8.604089766,-18.16216241,-25.46111942,-16.52545619,-14.11269278,-8.293014591,-6.941694928,3.212653513,-1.286947883,-9.396163564,-12.46846458,-7.234729701,-6.799911093,-0.300738514,12.36572185,-15.18519825,-17.94115437,-5.68063803,-17.1777666,-25.71103514,-4.48379645,-3.547518162,-6.509826695,-10.51052581,0.246719591,-2.768842463,-10.74040587,9.492002655,5.225118735,2.504098392,-13.6468223,-12.61239989,-20.34056623,-11.50503686,-8.233828994,-13.18446753,-8.094879793,-3.193046181,2.787139902,-11.11105255,-4.383295765,-24.58448725,-14.82510235,2.035165228,-17.08441571,9.935669797,1.391600964,-7.629914539,-14.71735697,-0.403788898,1.828996043,10.6240604,-25.36815294,-10.16602569,-12.85874054,-8.515723541,17.57063288,10.40430673,1.561188247,-18.04249844,-13.31417579,-10.77911757,-11.62212679,-17.71618113,-23.12705331,-9.4476011,-0.852394759,-14.20897568,-6.265314895,-10.38653737,2.714315253,-15.44041995,-22.7952384,9.013803127,-27.41114437,-26.27411633,-3.153495387,1.293824882,4.346119907,-20.0971229,15.31772644,-4.673161299,-21.51687884,-11.89082923,-14.62152362,-28.85657941,1.769975425,-14.86032981,-16.98124004,33.50791586,27.34129698,9.47924898,-10.64401976,-18.94469659,-14.4851009,-13.45600094,-11.8906382,-2.622758636,-23.99413934,-17.12880075,-12.24323389,-22.64390527,-10.19715855,-11.01180306,1.322929501,-13.77651119,-43.88938227,1.609719049,-10.299592,-29.07094892,-3.792349722,-25.40283676,10.58638361,-8.042800421,-12.00924662,-16.17803903,-13.19570533,-6.325601261,-18.18285992,-25.96583748,12.69944817,-6.943941654,-5.546632694,14.77328182,18.64123396,6.625254446,-14.54957985,-18.09864442,-13.90313781,-15.63225917,-11.04154847,-7.102528169
10.01899259,5.954682113,7.820779278,8.206608756,2.246702183,-2.878902611,-6.347892862,2.273208776,10.56700012,-11.73084253,2.13462384,2.161707897,1.96663691,-13.62625791,18.11350345,-14.35420722,25.93993246,3.671540717,5.386841703,24.99187796,15.89352324,-9.994673903,0.239041249,-4.395387653,11.14379644,18.46157573,-2.029172448,10.82079037,13.41153358,14.5424995,-17.43751205,-3.247016163,-9.675655048,-9.052555706,-17.13384634,-10.83714956,2.360981885,-5.38358794,3.386285475,0.841897953,-9.855702424,3.392450145,-14.51278196,1.346487251,2.646634884,-10.41735352,-8.328701906,-2.82016582,-21.93920771,2.97941673,-8.56474764,-7.177819784,-10.01411774,-16.72293593,-11.34216207,-30.7485348,-6.104863312,14.86809603,-0.595558489,-9.36480996,-13.25729465,-11.26019212,-6.761076109,9.773356496,2.391488146,10.60050944,-11.97791715,-10.75700449,-8.993056427,-17.832805,-26.55233285,-14.56847513,-13.17898445,-9.121874704,-6.746984349,4.140951309,-2.201050436,-9.787091371,-12.4764894,-7.991328423,-7.36322619,0.157660233,12.20341895,-15.88084559,-18.85214799,-5.966768292,-16.64469679,-26.02967134,-3.192812775,-1.218253318,-2.932273981,-9.113860978,2.500296251,-1.040575432,-10.15235649,9.203589622,3.637865249,2.645172433,-14.14135623,-13.24935774,-20.80160393,-11.00967418,-7.984614358,-14.00711226,-8.721183327,-3.747067353,3.401188256,-12.68393726,-5.72378599,-25.224851,-15.27261908,2.444479134,-16.95027417,11.13495226,2.799315007,-6.056079086,-13.21244353,0.694242704,2.569307292,11.49154353,-24.42978145,-10.20965637,-12.70459962,-9.890691422,18.53089996,9.996187837,2.009125931,-18.39827814,-14.07177141,-11.42385191,-12.2401308,-18.32312253,-23.8448699,-10.33615012,-0.992326769,-14.64601214,-7.148663601,-11.19296875,2.768372873,-14.86359712,-23.98091735,9.078429774,-27.76773632,-26.58145162,-3.111765571,2.160887089,5.34553289,-18.36246086,17.2760735,-2.343694484,-21.70606833,-11.40788719,-13.80886657,-29.28968591,1.109413725,-14.77761302,-18.20539531,33.45067027,29.37773117,9.074995063,-10.89169729,-19.34372358,-15.24458315,-14.17661962,-12.61891844,-4.031889972,-24.50275953,-17.72017497,-13.34732856,-22.95839679,-10.84666594,-11.69924599,1.602476321,-13.04850806,-44.1744499,3.307623271,-10.84734794,-29.46521183,-3.71160939,-25.3540688,10.66561045,-6.737121016,-12.03318324,-15.3438946,-12.3050817,-5.788921285,-17.84950963,-26.06002155,12.5129267,-6.071987953,-7.574414744,16.3164331,18.13555851,6.688872963,-14.8369231,-18.50733051,-14.61622387,-16.585822,-11.88998764,-7.766762619
10.46997928,6.027352868,8.759598351,8.572046287,1.935546613,-2.351101009,-6.859164405,2.454521966,9.681160622,-12.11516558,2.282887878,1.400877929,1.998849807,-13.9447135,18.12365734,-14.69928162,25.69490884,2.598785687,6.176882319,24.71770445,15.11318644,-10.50068854,-0.771482421,-4.055558551,10.10274064,17.47676019,-1.634300353,10.99326725,12.57377751,13.70250228,-17.50237259,-3.836803211,-10.84773403,-8.659544545,-17.37968754,-11.09001811,2.268664691,-5.747945637,3.343885497,-0.068898664,-10.41288765,3.411259175,-14.11795711,1.924562391,1.784185223,-10.00368163,-8.079080553,-2.7989369,-23.41134796,2.875760063,-9.316775871,-7.195531371,-10.59906372,-16.24989123,-10.58630128,-30.77595115,-5.08626814,13.91056093,-1.045754502,-8.698385864,-14.47374815,-11.23285496,-7.431805431,9.711557101,2.544357388,10.00494246,-12.60489803,-11.54078133,-9.019173626,-17.34684117,-27.80657156,-12.63249911,-12.6471651,-10.11974422,-6.765706037,4.911339493,-3.049409381,-10.00525801,-12.52001131,-8.59304317,-7.742957927,0.322802947,11.5688052,-16.46160214,-19.5471348,-5.9958618,-16.07628808,-26.38471301,-2.183725736,1.109388726,0.868995687,-7.926457493,4.076890691,0.621757976,-10.00197359,8.543011701,2.031685093,2.491956695,-14.5437304,-13.71017912,-21.10311792,-10.53597173,-7.791585037,-14.62305621,-9.176946398,-4.018496961,3.642020056,-14.06168241,-7.340560497,-25.64234947,-15.50888294,2.470341829,-17.23912194,11.73260508,4.366782988,-4.342780176,-11.2896549,1.618245572,2.504382889,11.50344019,-23.34858286,-10.44762078,-12.43369552,-11.27331213,19.08269051,9.066716564,2.111071896,-18.47296857,-14.6777534,-11.90793701,-12.65463389,-18.73702501,-24.34977795,-11.47084895,-1.631272855,-14.93483199,-7.846749345,-11.80045562,2.801499893,-14.52344382,-24.90452006,8.181392154,-27.89057178,-26.65391643,-3.523218675,2.090141711,5.77809231,-16.55034753,18.44185427,-0.305246409,-21.47016469,-11.07770258,-13.6531557,-29.35683389,0.030984297,-14.66459769,-18.96462019,32.80708074,30.53332652,8.120015863,-10.9935515,-19.48942863,-15.81654933,-14.70497118,-13.19925305,-5.725538755,-24.82801385,-18.15147975,-14.69473383,-23.07397959,-11.30363323,-12.18463087,1.867036335,-12.03012945,-44.08362345,4.066820697,-11.74171676,-29.68919176,-4.636934517,-24.96064328,10.54709091,-5.823785246,-12.14376493,-14.81571615,-10.99824168,-5.360221484,-17.98930089,-25.78358996,11.61682327,-5.191544147,-9.574748582,17.58055956,17.0357871,6.443425744,-14.90434783,-18.66938349,-15.15022387,-17.35525101,-12.64418948,-8.916561286
10.339,5.575,9.375,8.623,1.901,-1.399,-7.16,3.04,8.318,-12.167,2.119,0.577,1.669,-13.939,16.968,-14.486,24.423,1.282,6.115,23.233,13.846,-11.634,-2.083,-3.779,8.582,15.733,-1.741,10.715,11.293,12.399,-17.106,-5.016,-11.784,-7.875,-17.054,-11.482,1.716,-5.869,3.665,-1.029,-10.795,3.107,-13.903,1.915,0.805,-9.349,-7.545,-3.02,-24.127,2.278,-9.709,-6.911,-10.892,-15.38,-9.886,-30.45,-4.647,12.175,-1.622,-7.795,-15.524,-11.241,-7.873,9.163,2.254,8.983,-12.99,-12.05,-8.575,-16.708,-29.023,-10.819,-12.722,-11.112,-6.892,5.424,-3.638,-9.987999999,-12.635,-8.957,-7.864,0.057,10.528,-16.874,-19.95,-5.68,-15.491,-26.563,-1.292,3.333,4.6,-7.109,4.605,2.098,-10.273,7.703,0.623,1.904999999,-14.795,-13.914,-21.155,-10.1,-7.693,-14.947,-9.397,-3.92,3.369,-15.129,-9.068,-25.79,-15.431,2.188,-17.882,11.719,6.078,-2.56,-9.173,2.223,1.515,10.541,-22.238,-11.028,-11.951,-12.427,19.263,7.64,1.731999999,-18.176,-15.063,-12.156,-12.785,-18.874,-24.556,-12.674,-2.688,-15.009,-8.272,-12.129,2.801,-14.54,-25.456,6.179,-27.733,-26.395,-4.314,0.939,5.643,-14.706,18.697,1.215,-20.75,-11.027,-14.285,-29.006,-1.456,-14.447,-19.135,31.49,30.634,6.58,-10.886,-19.295,-16.119,-14.959,-13.558,-7.505,-24.891,-18.339,-16.103,-22.909,-11.49,-12.397,2.081,-10.662,-43.517,3.738,-12.842,-29.639,-6.689,-24.183,10.374,-5.263,-12.199,-14.79,-9.23,-5.158,-18.624,-25.112,9.929,-4.372,-11.324,18.366,15.298,5.882,-14.664,-18.511,-15.426,-17.868,-13.25,-10.46
9.479279291,4.418380346,9.549068847,8.259696709,2.181851133,0.028215063,-7.209288107,4.070818251,6.516412457,-11.82584332,1.560939217,-0.169663657,0.886599256,-13.51047698,14.51310874,-13.60268901,22.04568098,-0.319044542,4.981402269,20.43074471,12.14146475,-13.41152282,-3.586275775,-3.647126134,6.562762883,13.22436863,-2.485535531,9.876493626,9.638148387,10.66684815,-16.13242887,-6.776219854,-12.26090624,-6.658459387,-16.06162096,-12.12321133,0.600658489,-5.693233199,4.397751783,-1.903511463,-10.95177531,2.392533295,-13.94891391,1.15737664,-0.147008626,-8.47912191,-6.626885393,-3.553473001,-23.98920137,1.08375821,-9.66443268,-6.283105522,-10.82305748,-14.03797843,-9.249962047,-29.70437699,-4.959403834,9.6824958,-2.242718751,-6.613157681,-16.25608904,-11.31295977,-8.028724277,8.015747798,1.433775884,7.581811987,-13.0776529,-12.22084035,-7.572641094,-15.90499485,-30.0292763,-9.229358917,-13.56029071,-11.95226503,-7.038469625,5.593362481,-3.816298552,-9.699267028,-12.85191541,-9.02099315,-7.672863567,-0.737565046,9.122513496,-17.0745262,-20.00101359,-4.944365191,-14.89383131,-26.40559959,-0.425188502,5.320428119,7.961880043,-6.80385111,3.778677714,3.290818596,-10.94175079,6.8587112,-0.414805219,0.771999587,-14.85699808,-13.80359719,-20.88102808,-9.736267837,-7.729859637,-14.91447661,-9.334412909,-3.397270033,2.495134561,-15.76191465,-10.77474531,-25.63336192,-14.93268752,1.656315114,-18.80098958,11.05680474,7.881763697,-0.784276733,-7.054274916,2.387076718,-0.491340366,8.514151761,-21.18025383,-12.03580274,-11.1503878,-13.15078058,19.08449632,5.732888681,0.769658134,-17.4409837,-15.17461995,-12.10779301,-12.56762093,-18.67078774,-24.3879232,-13.81293886,-4.100887296,-14.81029824,-8.358489768,-12.10936831,2.756372568,-14.9831988,-25.51863473,2.954513401,-27.26304853,-25.70399572,-5.419232899,-1.373551277,4.909884808,-12.89429464,17.92343954,2.022526671,-19.49968824,-11.33851042,-15.80061838,-28.16128404,-3.298065916,-14.0402678,-18.60707348,29.4062551,29.51794018,4.434255397,-10.51424182,-18.69611372,-16.08921521,-14.87520769,-13.64271864,-9.20677847,-24.62646846,-18.21175509,-17.42090462,-22.39288523,-11.35353464,-12.28079038,2.21778955,-8.92364233,-42.37394062,2.186625265,-14.02353488,-29.21677695,-9.941225413,-22.96802482,10.24974792,-5.053986941,-12.1108314,-15.40519669,-6.996100981,-5.265799716,-19.7568876,-23.9965907,7.402272582,-3.662247964,-12.63498048,18.49051867,12.89825046,4.99405476,-14.03937145,-17.98135337,-15.38419644,-18.07118556,-13.66777234,-12.32908673
7.877,2.536,9.242,7.446,2.751,1.899,-7.02,5.435,4.205,-11.137,0.629,-0.842,-0.297,-12.556,10.697,-12.021,18.588,-2.121,2.704,16.342,9.988,-15.817,-5.182,-3.705,4.192,9.985,-3.901,8.458,7.641,8.449,-14.461,-9.052,-12.192,-5.029,-14.408,-13.006,-1.047,-5.229,5.519,-2.691,-10.835,1.289,-14.251,-0.309,-1.047,-7.393,-5.199,-4.369,-22.963,-0.663,-9.141,-5.316,-10.379,-12.192,-8.66,-28.537,-6.034,6.57,-2.893,-5.06,-16.62,-11.471,-7.927,6.251,0.163,5.77,-12.865,-12.046,-6.005,-14.867,-30.767,-7.964,-15.125,-12.607,-7.191,5.392,-3.609,-9.21,-13.179,-8.806,-7.203,-1.998,7.297,-17.06,-19.707,-3.768,-14.236,-25.971,0.222,6.821,10.636,-7.079,1.557,4.195,-11.953,6.116,-1.081,-0.910000001,-14.775,-13.417,-20.261,-9.553,-7.954,-14.546,-9.016,-2.531,1.15,-15.803,-12.466,-25.189,-13.895,0.869,-19.881,9.602,9.585,0.881,-4.999,2.086,-3.498,5.45,-20.133,-13.302,-9.882,-13.387,18.465,3.336,-0.746000001,-16.299,-15.025,-11.764,-12.008,-18.147,-23.811,-14.935,-5.886,-14.314,-8.128,-11.716,2.666,-15.722,-24.951,-1.497,-26.509,-24.465,-6.808,-4.677,3.432,-11.259,16.006,2.056,-17.729,-11.918,-18.157,-26.653,-5.264,-13.319,-17.333,26.445,27.083,1.72,-9.858999999,-17.719,-15.742,-14.465,-13.486,-10.808,-24.024,-17.75,-18.622,-21.5,-10.946,-11.843,2.287,-6.952,-40.552,-0.658,-15.224,-28.35,-14.273,-21.21,10.119,-5.351,-12.007,-16.566,-4.457,-5.626,-21.316,-22.294,4.131,-3.029,-13.467,17.845,9.898,3.756,-13.0,-17.122,-15.045,-17.991,-13.916,-14.551
5.603741168,-0.00061779,8.473643824,6.196127138,3.549303518,4.133344475,-6.632411533,6.975902601,1.334254828,-10.1916946,-0.606665261,-1.477216661,-1.771951875,-11.02354847,5.584587348,-9.785933301,14.17862141,-3.997072633,-0.664118137,11.12167535,7.395807337,-18.78064934,-6.770304319,-3.965339745,1.670106548,6.118759075,-5.942310672,6.506502344,5.345853406,5.71275042,-12.03623277,-11.73660744,-11.56911703,-3.042263209,-12.16215402,-14.07763759,-3.131940864,-4.517773677,6.963835341,-3.426913434,-10.42557221,-0.133789777,-14.76869905,-2.356346624,-1.900660233,-6.100969649,-3.178226329,-5.396548363,-21.08922965,-2.851224307,-8.147874216,-4.050159612,-9.591065874,-9.863368475,-8.084380687,-26.99780277,-7.786453751,3.033413508,-3.570695908,-3.065433502,-16.62539527,-11.72985587,-7.631244186,3.917153897,-1.418273002,3.53197952,-12.38457534,-11.56108125,-3.929598109,-13.5423335,-31.22574709,-7.094331071,-17.28002857,-13.08073696,-7.344912748,4.837788854,-3.101452048,-8.620266843,-13.61166737,-8.371591533,-6.524067517,-3.596962655,5.012308116,-16.85196074,-19.11734019,-2.178596201,-13.47258272,-25.38124589,0.417114516,7.609411473,12.36952269,-7.932170336,-1.925807199,4.851506565,-13.21744627,5.550007931,-1.439483857,-3.08115097,-14.61954048,-12.83003034,-19.31528048,-9.647940762,-8.39820514,-13.90561913,-8.500217767,-1.449803792,-0.467209933,-15.15265113,-14.17704689,-24.50535191,-12.25604232,-0.175318261,-20.99762666,7.242703477,10.97827332,2.336192327,-3.034990904,1.357835139,-7.378830289,1.488281658,-19.02838159,-14.59338569,-8.036302736,-13.14942048,17.34593805,0.475391197,-2.719935584,-14.8301794,-14.65869757,-11.16269482,-11.15340828,-17.36142472,-22.83245952,-16.11941055,-8.044649142,-13.52764327,-7.644622933,-10.96398787,2.529793677,-16.57225487,-23.66872806,-7.062921863,-25.53118298,-22.6129049,-8.437313147,-8.692759722,1.086966992,-9.94659074,12.9208139,1.336046809,-15.4969703,-12.61696418,-21.21251933,-24.35799005,-7.098323285,-12.18470389,-15.33756001,22.58284324,23.35053734,-1.463211386,-8.932266232,-16.43614336,-15.13074161,-13.78069813,-13.15371326,-12.32319218,-23.11055508,-16.97148181,-19.71579922,-20.24569994,-10.3568713,-11.12712871,2.309983304,-4.930249663,-38.01201791,-4.758756959,-16.40081114,-27.02153078,-19.45504653,-18.85443228,9.879999109,-6.298157487,-12.06017539,-18.09790325,-1.821179932,-6.130602948,-23.1825618,-19.89893877,0.285556121,-2.416369646,-13.84722024,16.40636797,6.428690437,2.184568523,-11.56057092,-16.01532331,-14.46634731,-17.68918973,-14.03620706,-17.14397721
2.943,-2.902,7.426,4.663,4.454,6.539,-6.143,8.511,-1.946,-9.16,-1.978,-2.107,-3.335,-9.072,-0.314,-7.157,9.26,-5.769,-4.712,5.286,4.524,-22.05,-8.239,-4.347,-0.753,1.971,-8.351,4.248,2.885,2.615,-9.071,-14.614,-10.561,-0.842,-9.55,-15.222,-5.432,-3.673,8.569,-4.161,-9.819,-1.717,-15.403,-4.699,-2.717,-4.686,-0.68,-6.506,-18.656,-5.247,-6.866,-2.627,-8.612,-7.244,-7.464,-25.282,-9.913,-0.607,-4.258,-0.703,-16.42,-12.08,-7.263,1.241,-3.092,0.995,-11.758,-10.918,-1.584,-12.016,-31.474,-6.575,-19.685,-13.418,-7.46,4.073,-2.448,-8.04,-14.116,-7.849,-5.764,-5.309,2.392,-16.531,-18.386,-0.346,-12.628,-24.796,0.065,7.683,13.197,-9.153,-6.097,5.395,-14.54,5.182,-1.641,-5.539,-14.479,-12.175,-18.171,-10.003,-9.008,-13.148,-7.899,-0.341,-2.094,-13.978,-15.927,-23.708,-10.196,-1.393,-22.026,4.106,11.929,3.524,-1.165,0.396,-11.677,-2.896,-17.821,-15.673,-5.71,-12.596,15.86,-2.653,-4.928,-13.214,-14.184,-10.431,-10.15,-16.447,-21.586,-17.393,-10.441,-12.555,-7.055,-9.988,2.345,-17.338,-21.843,-13.269,-24.459,-20.303,-10.181,-12.958,-2.032,-9.035,9.009,0.081,-13.006,-13.246,-24.569,-21.435,-8.626,-10.688,-12.878,18.17,18.786,-4.822,-7.836,-15.015,-14.386,-12.964,-12.76,-13.776,-22.008,-15.993,-20.731,-18.765,-9.723,-10.261,2.319,-3.07,-34.971,-9.707,-17.528,-25.412,-25.014,-16.106,9.404,-7.843,-12.407,-19.742,0.675,-6.61,-25.125,-16.955,-3.8,-1.76,-13.929,14.427,2.82,0.472,-9.871,-14.815,-13.778,-17.291,-14.104,-19.995
0.199635676,-5.852042913,6.302399243,3.021396504,5.344802517,8.902307877,-5.646875482,9.860659785,-5.459383266,-8.21635835,-3.305917915,-2.765157019,-4.777283149,-6.886185377,-6.430382244,-4.4341165,4.304729203,-7.263939179,-8.976607415,-0.610066269,1.549396986,-25.34802065,-9.499157674,-4.749854075,-2.85058415,-2.097231217,-10.83575483,1.929333762,0.397360379,-0.657321727,-5.834553343,-17.45947084,-9.366555877,1.41733411,-6.821552261,-16.31560733,-7.708316701,-2.812811185,10.15474667,-4.943082342,-9.123473689,-3.296708479,-16.04376947,-7.04740385,-3.520001479,-3.240219778,2.127117773,-7.566577885,-15.98207217,-7.602467768,-5.501300749,-1.198009319,-7.607856571,-4.566336273,-6.762410176,-23.59974528,-12.09628917,-4.037756666,-4.93957007,1.908352337,-16.17036851,-12.50792444,-6.941568703,-1.525632935,-4.636077443,-1.703296631,-11.11709732,-10.27992519,0.757821854,-10.41319216,-31.60043435,-6.339557471,-22.00058373,-13.66783411,-7.51017043,3.236633902,-1.806886231,-7.573393979,-14.65503796,-7.374843639,-5.055173409,-6.901362281,-0.425514852,-16.18358046,-17.6748596,1.52630475,-11.75435655,-24.36204117,-0.854651684,7.105564791,13.22672934,-10.51277858,-10.36178273,5.940193925,-15.75468201,4.996379239,-1.838188377,-8.061025121,-14.44085698,-11.58649643,-16.97232086,-10.58505274,-9.715730387,-12.43241056,-7.326356646,0.614436312,-3.479752013,-12.49277883,-17.72522104,-22.92813628,-7.94495385,-2.704071096,-22.87944749,0.400867484,12.35579982,4.409802023,0.598638192,-0.610088838,-15.92653358,-7.223754866,-16.50287604,-16.33924331,-3.059391398,-11.91515531,14.1607138,-5.829069936,-7.135189918,-11.64257149,-13.71907295,-9.707278183,-9.156573151,-15.5452642,-20.22858563,-18.77143398,-12.9275268,-11.51092039,-6.510031701,-8.938069795,2.09259509,-17.85134802,-19.68815698,-19.59452055,-23.43151409,-17.74278192,-11.91646864,-17.02951011,-5.753614768,-8.560389488,4.673800228,-1.453865189,-10.48022466,-13.63683553,-27.83069617,-18.11517626,-9.724000734,-8.927660786,-10.24893887,13.60146502,13.91105827,-8.0591209,-6.68934592,-13.6356726,-13.64946721,-12.16839353,-12.42432167,-15.19852293,-20.85436524,-14.94716572,-21.69815239,-17.20870334,-9.180821079,-9.379613751,2.33514488,-1.564995139,-31.70027624,-15.02897019,-18.59550306,-23.73625055,-30.47319332,-13.21858976,8.581213582,-9.876523465,-13.14860749,-21.2546052,2.8238528,-6.909958572,-26.92012239,-13.66887978,-7.794532906,-1.02034347,-13.88775025,12.2047728,-0.596238154,-1.171141002,-8.107248848,-13.68145407,-13.11969262,-16.92382505,-14.19722445,-22.98324364
-2.446301168,-8.644307006,5.230276864,1.39538608,6.174492962,11.03592262,-5.177908057,10.88271626,-9.121413587,-7.474078058,-4.464840824,-3.49952538,-5.96066548,-4.545333492,-12.40322682,-1.866819222,-0.406492303,-8.382807045,-13.14159618,-6.216078307,-1.428830971,-28.48128361,-10.56744056,-5.091187037,-4.538624881,-5.902620017,-13.18520345,-0.29735741,-2.039262579,-3.986519668,-2.555600627,-20.12249258,-8.129018954,3.625870776,-4.168089128,-17.26871973,-9.781933607,-2.002723927,11.5726984,-5.808986425,-8.383453147,-4.776651836,-16.59452773,-9.252868964,-4.390402357,-1.81990188,5.058800202,-8.504476961,-13.26537046,-9.736538995,-4.188859535,0.14555857,-6.676540297,-2.055220911,-6.061250103,-22.0762743,-14.18321143,-7.096170838,-5.625564495,4.610448671,-15.9810322,-13.00824712,-6.71928827,-4.20766947,-5.889957524,-4.525698842,-10.54552543,-9.739270704,2.85516146,-8.883691902,-31.69630746,-6.3521626,-24.0953264,-13.85774358,-7.561471424,2.330911758,-1.283510928,-7.291809295,-15.20884022,-7.035767254,-4.489565623,-8.209988037,-3.404286641,-15.86085698,-17.07324067,3.241643869,-10.94534466,-24.13698374,-2.196716682,5.988085322,12.58038269,-11.91664071,-14.47429682,6.42867166,-16.91764035,4.883372949,-2.104809736,-10.48665927,-14.57111636,-11.15185713,-15.82506078,-11.41638521,-10.48809682,-11.84641032,-6.851336063,1.319475227,-4.48465122,-10.8321488,-19.55814432,-22.24250593,-5.691441872,-4.128095333,-23.62482751,-3.571321876,12.30740241,5.008561259,2.180752892,-1.641386392,-19.95485796,-11.33407681,-15.19369285,-16.53660192,-0.2741821,-11.27411641,12.29535993,-8.904893434,-9.191797834,-10.25940313,-13.35799922,-9.085986463,-8.284015428,-14.75813111,-18.88405389,-20.278043,-15.44680192,-10.45874184,-6.095432828,-7.906489818,1.691224045,-18.06864317,-17.3378808,-25.69289613,-22.55776158,-15.12988555,-13.61827795,-20.7260318,-9.808013068,-8.459201519,0.203882049,-3.061146485,-8.088333374,-13.74684961,-30.86769938,-14.63930774,-10.39745718,-7.046697668,-7.66424842,9.081564653,9.034262447,-11.05499298,-5.590470181,-12.43406259,-13.0303439,-11.50539887,-12.23919479,-16.64763391,-19.75755246,-13.93097261,-22.63609898,-15.67148102,-8.81780977,-8.562750959,2.323946518,-0.508497914,-28.43321784,-20.35930916,-19.64060882,-22.14920657,-35.58571482,-10.38498114,7.405252377,-12.25888587,-14.2797299,-22.53709387,4.560479611,-6.999532078,-28.4909415,-10.25261805,-11.54193461,-0.265732653,-13.86167122,9.947172075,-3.676977565,-2.636022885,-6.414645853,-12.73090856,-12.59936096,-16.66027318,-14.36863016,-26.08767918
-4.845715026,-11.09936555,4.318203917,-0.103597788,6.913987872,12.75890599,-4.754714408,11.4442243,-12.87070756,-7.031413208,-5.342412135,-4.361573792,-6.764354668,-2.102108866,-17.92232029,0.307426358,-4.640618065,-9.044093499,-16.92697866,-11.23226797,-4.330907864,-31.27702117,-11.48678603,-5.292498236,-5.768092275,-9.305869396,-15.20752615,-2.303451137,-4.362284118,-7.272211458,0.547238785,-22.47086516,-6.977707474,5.68478217,-1.766438801,-17.99981545,-11.48867416,-1.295218892,12.68179661,-6.791116144,-7.627457562,-6.07716248,-16.9620836,-11.20155903,-5.423269877,-0.472373249,7.926861799,-9.259781886,-10.67364152,-11.48466165,-3.046169014,1.327398145,-5.898942383,0.066144076,-5.471694153,-20.81581761,-16.06158755,-9.65617071,-6.332521554,7.235351466,-15.94112324,-13.57767686,-6.631833864,-6.648996838,-6.708219223,-7.460214037,-10.11492796,-9.370913068,4.475153367,-7.583531043,-31.85350806,-6.585053552,-25.88949774,-14.00979482,-7.703005366,1.323776093,-0.970280983,-7.258521192,-15.76172359,-6.906017043,-4.149138903,-9.087729136,-6.534118287,-15.60518814,-16.65244818,4.604793804,-10.30512038,-24.15636006,-3.775507685,4.452339165,11.38151766,-13.3031883,-18.27573953,6.758634179,-18.14050925,4.709701769,-2.49498964,-12.67075211,-14.93052378,-10.9467356,-14.82549521,-12.53323746,-11.3004096,-11.45985943,-6.531852048,1.69749747,-4.996143474,-9.111469779,-21.40649273,-21.71433284,-3.613663097,-5.709556206,-24.3672967,-7.486384016,11.86427863,5.347179999,3.48996327,-2.721465306,-23.66257108,-15.14542545,-14.04509908,-16.24539013,2.447637476,-10.83493426,10.28440737,-11.75037788,-10.96931462,-9.195977505,-13.18889856,-8.650671186,-7.631382395,-14.177659,-17.66797976,-21.93811499,-17.96392673,-9.448932077,-5.880795095,-6.971146173,1.04380736,-17.97715905,-14.90545803,-31.26074149,-21.93951709,-12.65948821,-15.28521478,-23.93124309,-13.90089461,-8.643314627,-4.140761777,-4.545412055,-5.985399955,-13.56453642,-33.61640705,-11.25050613,-10.68326815,-5.199128227,-5.31780218,4.767223115,4.411124576,-13.73402661,-4.632335388,-11.53512452,-12.62976947,-11.07615425,-12.29044906,-18.18641637,-18.81795176,-13.03253025,-23.5607477,-14.23399933,-8.709338028,-7.876472328,2.237031694,0.030722795,-25.39375399,-25.35962104,-20.71240116,-20.7909712,-40.16158689,-7.7828003,5.895263454,-14.84275663,-15.7686815,-23.52687165,5.855445363,-6.878210984,-29.79684976,-6.91951707,-14.92968578,0.408523567,-13.97971355,7.839140718,-6.32553854,-3.838995193,-4.930929835,-12.06862177,-12.31706507,-16.55931138,-14.66471236,-29.31226195
-6.849,-13.037,3.675,-1.364,7.534,13.89,-4.396,11.412,-16.646,-6.987,-5.826,-5.403,-7.067,0.391,-22.676,1.85,-8.164,-9.165,-20.052,-15.358,-7.077,-33.562,-12.3,-5.275,-6.489,-12.167,-16.71,-3.96,-6.509,-10.414,3.255,-24.372,-6.042,7.495,0.206,-18.427,-12.664,-0.743,13.34,-7.922,-6.884,-7.118,-17.053,-12.779,-6.714,0.755,10.543,-9.772,-8.375,-12.682,-2.191,2.271,-5.356,1.574,-5.105,-19.923,-17.619,-11.59,-7.077,9.615,-16.14,-14.213,-6.715,-8.693,-6.945,-10.495,-9.897,-9.25,5.384,-6.669,-32.164,-7.011,-27.303,-14.146,-8.024,0.183,-0.96,-7.537000001,-16.298,-7.06,-4.116,-9.387,-9.805,-15.459,-16.484,5.42,-9.938,-24.456,-5.406,2.619,9.752,-14.611,-21.607,6.828,-19.535,4.342,-3.063,-14.468,-15.58,-11.047,-14.07,-13.972,-12.128,-11.343,-6.426,1.671,-4.901,-7.446,-23.251,-21.407,-1.89,-7.493,-25.212,-11.02,11.106,5.452,4.434,-3.874,-26.95,-18.576,-13.209,-15.445,4.908,-10.76,8.148,-14.235,-12.339,-8.584,-13.3,-8.485000001,-7.298,-13.896,-16.696,-23.777,-20.444,-8.532,-5.936,-6.21,0.053,-17.564,-12.504,-35.994,-21.679,-10.527,-16.916,-26.528,-17.738,-9.025,-8.1,-5.711,-4.327,-13.078,-36.013,-8.192,-10.618,-3.539,-3.404,0.816,0.298,-16.02,-3.908,-11.064,-12.549,-10.982,-12.664,-19.878,-18.136,-12.34,-24.488,-12.977,-8.931,-7.387,2.026,-0.017,-22.806,-29.691,-21.86,-19.802,-44.01,-5.59,4.07,-17.481,-17.584,-24.161,6.679,-6.545,-30.797,-3.883,-17.845,0.907,-14.371,6.066,-8.444,-4.696,-3.794,-11.8,-12.373,-16.68,-15.132,-32.661
-8.325930074,-14.31743532,3.397314056,-2.314957242,8.016342486,14.26510358,-4.109912765,10.7014216,-20.37323581,-7.422843757,-5.824501437,-6.679887676,-6.76502341,2.863937927,-26.3922354,2.532960024,-10.78968895,-8.679744763,-22.27284861,-18.35836994,-9.61299706,-35.22239824,-13.05119106,-4.978323641,-6.653202223,-14.36658826,-17.53398027,-5.172545096,-8.435554408,-13.3203139,5.348800975,-25.77633206,-5.467955073,8.966063736,1.619289957,-18.49506693,-13.18703349,-0.380110752,13.41646322,-9.23907818,-6.184999755,-7.840423665,-16.82706097,-13.91761134,-8.350459004,1.808979129,12.73649237,-9.998091769,-6.499799282,-13.20957903,-1.728990891,2.90419659,-5.10707079,2.268275203,-5.062200242,-19.48579111,-18.78636991,-12.83286514,-7.892848338,11.58543401,-16.63658023,-14.91684591,-6.990964307,-10.20046675,-6.511142656,-13.61614006,-9.944471992,-9.43967686,5.377922742,-6.291658016,-32.73859187,-7.621055188,-28.27849365,-14.30199026,-8.62709886,-1.097179078,-1.308612458,-8.152913787,-16.80660238,-7.54997621,-4.44832381,-9.004783297,-13.19688138,-15.44341252,-16.63174096,5.516409002,-9.921596942,-25.09667777,-6.948643385,0.609377053,7.813594506,-15.79578417,-24.36611287,6.550455837,-21.20155853,3.664189578,-3.822491026,-15.77029705,-16.55256622,-11.49872629,-13.63779166,-15.73190024,-12.9321626,-11.54521781,-6.576641675,1.199276705,-4.153200243,-5.954664372,-25.08484347,-21.39004243,-0.696632473,-9.524248219,-26.27114665,-13.9182628,10.08132269,5.346216363,4.925623037,-5.127696941,-29.73918236,-21.57755189,-12.82747464,-14.1241839,6.909238219,-11.1971014,5.92886433,-16.22706924,-13.20763162,-8.527009246,-13.74862323,-8.64891959,-7.369167819,-13.96926326,-16.07018084,-25.80174892,-22.85256601,-7.750508815,-6.304761163,-5.703162729,-1.356276566,-16.86706667,-10.25030364,-39.64444116,-21.87139171,-8.942699659,-18.51970154,-28.45446597,-21.08475963,-9.564738977,-11.49234728,-6.42736634,-3.250083197,-12.29623085,-38.0456146,-5.693303503,-10.28815932,-2.182131473,-2.11193519,-2.609698378,-3.053240397,-17.81506273,-3.493206033,-11.11882802,-12.85561418,-11.29558769,-13.41272319,-21.77003022,-17.7871864,-11.91990872,-25.43689119,-11.97609255,-9.532980442,-7.145470147,1.656812677,-0.716333824,-20.89717744,-33.10890688,-23.12993307,-19.31423024,-46.99247148,-3.989049678,1.9374922,-20.07787676,-19.71943849,-24.44006286,7.017283839,-6.01310038,-31.49248583,-1.338070164,-20.22581762,1.163072805,-15.16228347,4.829620706,-9.918918002,-5.1296828,-3.116708337,-12.00659844,-12.83113602,-17.06387329,-15.79975013,-36.1255506
-9.226,-14.966,3.532,-3.049,8.388,13.79,-3.862,9.423,-23.927,-8.353,-5.334,-8.265,-5.828,5.176,-28.964,2.176,-12.52,-7.595,-23.497,-20.265,-11.988,-36.384,-13.79,-4.417,-6.223,-15.87,-17.661,-5.986,-10.174,-15.935,6.612,-26.968,-5.468,10.043,2.536,-18.257,-13.113,-0.165,12.829,-10.799,-5.576,-8.274,-16.458,-14.74,-10.389,2.613,14.408,-9.967,-5.025,-13.133,-1.716,3.173,-5.125,2.046,-5.403,-19.524,-19.669,-13.578,-8.883,13.0,-17.367,-15.715,-7.427,-11.104,-5.546,-16.801,-10.234,-9.954,4.377,-6.583,-33.763,-8.478,-28.851,-14.568,-9.668,-2.416,-1.923,-8.98,-17.295,-8.339,-5.108,-8.018,-16.649,-15.494,-17.128,4.825,-10.226,-26.238,-8.445,-1.45,5.692,-16.882,-26.681,5.904,-23.195,2.63,-4.624,-16.619,-17.769,-12.228,-13.539,-17.663,-13.618,-12.031,-6.965,0.392,-2.978,-4.771,-26.951,-21.757,-0.2,-11.854,-27.685,-16.211,8.718,5.042,4.901,-6.531,-32.04,-24.237,-13.002,-12.312,8.256,-12.234,3.761,-17.592,-13.625,-9.015000001,-14.468,-9.107,-7.873000001,-14.309,-15.838,-27.946,-25.157,-7.115,-6.925,-5.539,-3.169,-16.128,-8.276,-42.19,-22.582,-8.175,-20.147,-29.873,-23.946,-10.415,-14.452,-6.826,-2.815,-11.313,-39.911,-3.928,-9.981,-1.091,-1.607,-5.331,-5.413,-18.937,-3.394000001,-11.689,-13.482,-11.974,-14.457,-23.848,-17.747,-11.752,-26.439,-11.286,-10.463,-7.142,1.153,-2.109,-19.906,-35.749,-24.558,-19.424,-49.183,-3.179,-0.536,-22.743,-22.269,-24.62,6.921,-5.354,-32.053,0.595,-22.214,1.226,-16.47,4.396,-10.579,-5.091,-2.911,-12.674,-13.61,-17.682,-16.628,-39.648
-9.570655688,-15.07478787,4.064250729,-3.673720617,8.699758347,12.46949328,-3.604770641,7.786097609,-27.17308922,-9.753262058,-4.393561424,-10.17472019,-4.315507006,7.167376893,-30.40005072,0.731554065,-13.48238066,-5.979331359,-23.74079316,-21.25045309,-14.24492773,-37.23786191,-14.60812103,-3.639835722,-5.191981927,-16.70029431,-17.14769631,-6.470010005,-11.78322704,-18.23182181,6.893425996,-28.26292062,-6.225829625,10.72527542,3.062468183,-17.78387475,-12.59452219,-0.033017417,11.56488398,-12.64513692,-5.10160829,-8.512713339,-16.1534334,-15.40514356,-12.82791641,3.098309583,15.52164227,-9.700836518,-3.869179217,-12.59197047,-2.170419781,3.04226662,-5.365862738,0.898628938,-6.12861491,-20.00224635,-20.4162455,-14.09342776,-10.13357857,13.76798692,-18.22241038,-16.65461827,-7.945636432,-11.4023842,-4.265433641,-20.02045951,-10.71452346,-10.76792701,2.446272773,-7.570256342,-35.39333647,-9.644394918,-29.09256396,-15.02287309,-11.23932738,-3.670087265,-2.67384389,-9.87534321,-17.81133449,-9.333738098,-6.027316995,-6.581096112,-20.09578545,-15.54128639,-17.95473134,3.389703407,-10.76799443,-28.01521117,-9.987450811,-3.422748378,3.519256896,-17.90309962,-28.71748029,4.934820731,-25.54458145,1.254324999,-5.324658465,-17.10444058,-19.1037778,-13.100415,-13.7672798,-19.59385881,-14.11705859,-12.71147351,-7.555820933,-0.578297079,-1.6617283,-4.000518628,-28.88365963,-22.55529224,-0.492057397,-14.48974517,-29.57057687,-18.02384745,6.998269774,4.54541928,4.344319376,-8.133497908,-33.91807164,-26.65654973,-13.74321577,-10.10244997,8.837796934,-13.86558072,1.78757807,-18.26014741,-13.70365751,-9.979387275,-15.3606497,-9.782700948,-8.769844791,-14.79058718,-16.01597882,-30.11890819,-27.35464123,-6.631663455,-7.690690343,-5.793083343,-5.312291012,-15.61752124,-6.707571861,-43.75135587,-23.81238411,-8.416066249,-21.8455211,-31.03603605,-26.39116647,-11.69199405,-17.17548297,-7.106723641,-3.032228681,-10.26007133,-41.85368459,-2.983598074,-10.01165252,-0.192250774,-1.931222028,-7.197029179,-6.64797774,-19.27174204,-3.575582467,-12.71090604,-14.32473752,-12.92763017,-15.67233682,-26.06156904,-17.94477185,-11.8109847,-27.5415792,-10.93925337,-11.60454659,-7.353817836,0.533949067,-4.175266804,-19.98114161,-37.87321304,-26.16378891,-20.15826172,-50.73754172,-3.295920347,-3.378176833,-25.56461575,-25.28397439,-24.97035576,6.456524987,-4.668995042,-32.69216243,1.848475253,-24.02457929,1.165269083,-18.32341002,4.953333089,-10.35315671,-4.595327651,-3.145288558,-13.73403651,-14.57198635,-18.47476608,-17.55887748,-43.1451283
-9.592,-14.841,4.781,-4.194,9.053,10.636,-3.281,6.201000001,-29.994,-11.513,-3.128,-12.182,-2.576,8.673,-31.015,-1.358,-14.118,-4.08,-23.309,-21.788,-16.299,-37.998,-15.76,-2.759,-3.671,-17.029,-16.215,-6.655,-13.354,-20.269,6.305,-29.771,-7.743,11.196,3.29,-17.112,-11.999,0.098,9.845,-14.748,-4.789,-8.822,-16.043,-16.029,-15.463,3.251,16.226,-9.124,-2.868,-11.839,-3.009,2.535,-5.805,-0.899,-7.047,-20.731,-21.18,-14.692,-11.594,14.007,-19.036,-17.845,-8.344999999,-11.29,-2.964,-23.228,-11.3,-11.748,0.111,-8.882,-37.591,-11.109,-29.132,-15.645,-13.127,-4.852,-3.435,-10.781,-18.548,-10.304,-7.116,-4.98,-23.493,-15.581,-18.923,1.607,-11.358,-30.366,-11.691,-5.138,1.45,-18.86,-30.564,3.899,-28.222,-0.272,-5.971,-17.364,-20.358,-13.859,-14.319,-21.416,-14.523,-13.368,-8.309,-1.436,-0.465,-3.621,-30.832,-23.623,-1.375,-17.261,-31.923,-19.585,5.245,3.85,3.412,-9.969,-35.575,-28.865,-14.737,-7.811,8.883,-15.773,0.097,-18.427,-13.665,-11.23,-16.33,-10.53,-9.805,-15.289,-16.551,-32.205,-29.561,-6.321,-8.425,-6.481,-7.571,-15.519,-5.635,-44.797,-25.337,-9.492,-23.609,-32.334,-28.51,-13.174,-19.794,-7.482,-3.787,-9.337,-44.101,-2.657,-10.606,0.578,-2.653,-8.19,-6.995,-19.065,-3.908999999,-14.017,-15.272,-13.995,-16.887,-28.279,-18.225,-12.138,-28.842,-10.9,-12.686,-7.767,-0.255,-6.67,-20.898,-39.871,-27.912,-21.3,-51.93,-4.205,-6.55,-28.34,-28.544,-25.56,5.689,-4.121,-33.631,2.492,-25.962,1.016,-20.412,6.31,-9.634,-3.889,-3.714,-14.999,-15.5,-19.33,-18.532,-46.482
-9.524027483,-14.47308098,5.437637429,-4.590638476,9.533399279,8.682566412,-2.849589454,5.047446895,-32.29662427,-13.46760799,-1.689544368,-14.0612734,-0.970862139,9.559340204,-31.18199834,-3.59030401,-14.85706111,-2.168719416,-22.53137971,-22.35752437,-18.04038104,-38.81850557,-17.44290412,-1.929642375,-1.816850088,-17.04826476,-15.1081849,-6.574178263,-14.96265383,-22.10337699,5.03941449,-31.51181386,-9.919622141,11.61250483,3.297919394,-16.29222171,-11.67861037,0.300808002,7.948739231,-17.07756806,-4.658582208,-9.435412944,-16.22389834,-16.70754091,-18.05498345,3.094984507,16.66812895,-8.183558824,-1.885467232,-11.11787584,-4.105874253,1.662870099,-6.443991921,-2.998789502,-7.967501091,-21.52394179,-22.06428416,-15.64288034,-13.17014868,13.86827702,-19.66987703,-19.37463272,-8.468956724,-10.97902542,-1.904372067,-26.36164368,-11.92694248,-12.7746769,-2.042229329,-10.11091465,-40.23629203,-12.80943857,-29.09268855,-16.36782811,-15.06533957,-5.975436114,-4.098136208,-11.66858652,-19.6778675,-11.05493722,-8.261812437,-3.510538851,-26.77746292,-15.64980715,-19.85099862,-0.080364076,-11.79856243,-33.12717394,-13.67091185,-6.478817507,-0.375164811,-19.7557975,-32.26929856,3.02098942,-31.16248757,-1.745044609,-6.632104447,-17.53590452,-21.34255512,-14.26920785,-15.18702011,-23.07014585,-14.95971262,-13.81073972,-9.160751165,-1.939373517,0.372568592,-3.591044533,-32.73364698,-24.78785941,-2.605050733,-19.9621616,-34.66706884,-21.12494725,3.778078236,2.948874277,2.309268933,-11.99983072,-37.17586307,-30.86933017,-15.69650818,-5.804586626,8.673900372,-17.61332352,-1.238770719,-18.35121454,-13.71958998,-12.55411886,-17.29366245,-11.204163,-10.70312405,-15.70101327,-17.37144868,-34.10723295,-31.877371,-6.220879049,-8.962587407,-7.578219415,-9.701094758,-15.96390832,-5.134401405,-45.8083429,-26.92695131,-11.14453775,-25.40599308,-34.09095644,-30.38023084,-14.63035658,-22.39569764,-8.157408209,-4.908752574,-8.715030961,-46.77533833,-2.734276869,-11.92373382,1.250358959,-3.288417463,-8.363945839,-6.759546596,-18.6281795,-4.273364197,-15.4108444,-16.21982393,-15.01366598,-17.94217864,-30.34219576,-18.47248049,-12.78818123,-30.43356251,-11.13470326,-13.46606541,-8.359822821,-1.257249769,-9.281551632,-22.37743886,-42.08394867,-29.73350312,-22.59739131,-53.00822335,-5.708941085,-9.957390828,-30.86189804,-31.7833311,-26.41308858,4.711934039,-3.831384531,-35.01956347,2.601184857,-28.29426686,0.771577695,-22.39677735,8.167116432,-8.896437322,-3.25029184,-4.502327971,-16.2599084,-16.19941151,-20.13482118,-19.48561782,-49.51154346
-9.399,-14.121,5.861,-4.851,10.113,6.918,-2.344,4.382,-34.07,-15.322,-0.255,-15.836,0.375,9.826,-31.208,-5.709,-15.773,-0.438,-21.552,-23.166,-19.387,-39.591,-19.462,-1.416,0.145,-16.886,-14.008,-6.312,-16.596,-23.702,3.353,-33.349,-12.431,11.846,3.134,-15.469,-11.71,0.593,6.159,-19.674,-4.721,-10.287,-16.741,-17.5,-20.426,2.751,16.806,-7.017,-0.981,-10.525,-5.265,0.335,-7.37,-5.041,-8.898,-22.361,-22.979,-16.995,-14.73,13.431,-20.16,-21.186,-8.469,-10.559,-1.143,-29.315,-12.657,-13.892,-3.64,-11.104,-43.078,-14.551,-29.02,-17.045,-16.888,-7.043,-4.623,-12.543,-21.151,-11.67,-9.286999999,-2.377,-29.789,-15.883,-20.756,-1.396,-11.967,-35.928,-16.02,-7.58,-1.895,-20.635,-33.801,2.189,-34.212,-3.084,-7.278,-17.715,-21.981,-14.309,-16.347,-24.631,-15.51,-14.095,-9.957,-2.086,0.67,-3.919,-34.565,-26.045,-4.043,-22.425,-37.567,-22.782,2.565,1.847,1.267,-13.917,-38.604,-32.663,-16.768,-4.435,8.371,-19.26,-2.16,-18.281,-13.926,-13.77,-18.225,-11.735,-11.321,-16.011,-18.401,-35.827,-34.23,-6.424,-9.255,-8.959,-11.485,-16.963,-5.261,-46.972,-28.566,-13.141,-27.158,-36.227,-32.012,-16.132,-24.962,-9.298,-6.127,-8.384,-49.596,-3.247,-13.948,1.732,-3.616,-7.933,-6.158,-18.178,-4.674000001,-16.684,-17.104,-15.889,-18.778,-32.069,-18.818,-13.806,-32.343,-11.687,-13.98,-9.07,-2.397,-11.656,-24.294,-44.535,-31.478,-23.902,-53.999,-7.629,-13.352,-33.196,-34.826,-27.575,3.734,-3.693,-36.716,2.14,-31.054,0.293,-24.164,10.172,-8.484,-2.855,-5.432,-17.342,-16.645,-20.826,-20.355,-52.09
-9.22208583,-13.89315695,5.919472132,-4.971816154,10.72358391,5.566912108,-1.825698922,4.138062353,-35.31259659,-16.82113966,0.997863183,-17.53463448,1.381351081,9.546105407,-31.29387631,-7.538341632,-16.8084539,0.938076802,-20.45647458,-24.288063,-20.24934879,-40.15773029,-21.50784968,-1.436642036,1.975442908,-16.63770024,-13.06707305,-5.966331293,-18.17604825,-24.98352771,1.509454634,-35.10973188,-14.90549606,11.72938973,2.843380755,-14.80123079,-12.11050553,0.962219384,4.707010716,-22.49505054,-4.976081066,-11.24821982,-17.59746429,-18.42139701,-22.42739766,2.338602047,16.56658663,-5.831093973,-0.27273516,-10.13067711,-6.302480261,-1.487650615,-8.624943107,-6.708315834,-9.866880007,-23.2394963,-23.7945063,-18.69854971,-16.11407583,12.7556658,-20.55751799,-23.17619091,-8.547251708,-10.09058873,-0.673037893,-31.91366527,-13.55321593,-15.14414978,-4.458040922,-11.79725178,-45.83194701,-16.12999956,-28.92430057,-17.50480302,-18.4308955,-8.021777948,-4.981416453,-13.42130621,-22.86178999,-12.26898213,-10.03666142,-1.727341668,-32.32428311,-16.39653116,-21.69075893,-2.180331083,-11.79618152,-38.39847712,-18.73294668,-8.596189305,-3.061111686,-21.48846321,-35.09391084,1.260999103,-37.12052391,-4.226471104,-7.851048574,-17.96869464,-22.25342739,-14.03665375,-17.7493175,-26.16767047,-16.23348302,-14.32447175,-10.55403035,-1.94081522,0.315380651,-4.600197199,-36.28023509,-27.40141576,-5.575040212,-24.47620969,-40.34032411,-24.60807801,1.508205132,0.572343321,0.489165368,-15.39337124,-39.6688227,-34.2089616,-18.12028976,-3.957275245,8.084831388,-20.61590568,-2.608147953,-18.4018854,-14.28652016,-14.73961333,-19.10581975,-12.09161931,-11.58205836,-16.23922038,-19.56850139,-37.35514159,-36.47226073,-7.010025699,-9.299733864,-10.47172297,-12.73885556,-18.45130171,-6.023513431,-48.34259025,-30.25944651,-15.25942515,-28.74099513,-38.53769406,-33.38971875,-17.76946453,-27.42997234,-10.96613537,-7.17767581,-8.276410805,-52.19087256,-4.233573212,-16.52382998,1.936643921,-3.527270713,-7.09782863,-5.345798154,-17.85417657,-5.118341619,-17.66819348,-17.87908138,-16.56054438,-19.37005155,-33.29597639,-19.41381248,-15.19370897,-34.51645845,-12.60037013,-14.32887389,-9.834677203,-3.549464927,-13.49453256,-26.51656947,-47.11823038,-32.99576335,-25.09766453,-54.84154411,-9.792087614,-16.44588721,-35.40274492,-37.53716565,-29.04963371,2.94011609,-3.575808894,-38.48691212,1.098186482,-34.11607368,-0.502177118,-25.63165568,12.00640675,-8.61212654,-2.800242133,-6.415427766,-18.12055266,-16.86307659,-21.36717988,-21.08864488,-54.07164668
-9.092,-13.79,5.577,-4.981,11.249,4.601,-1.394,4.079,-35.98,-18.001,1.912,-18.957,1.911,8.956,-31.283,-8.98,-17.739,1.781,-19.283,-25.541,-20.481,-40.426,-23.204,-1.917,3.449,-16.334,-12.39,-5.638,-19.455,-25.763,-0.26,-36.631,-17.008,11.229,2.493,-14.412,-12.935,1.331,3.613,-25.098,-5.39,-12.238,-18.681,-19.346,-23.967,1.876,15.943,-4.921,0.082,-10.048,-7.153,-3.533,-9.984,-7.865,-10.786,-24.06,-24.417,-20.526,-17.091,11.901,-20.801,-25.206,-8.801,-9.642,-0.44,-33.756,-14.559,-16.412,-4.658,-12.229,-48.213,-17.439,-28.754,-17.554,-19.44,-8.748,-5.126,-14.336,-24.704,-12.839,-10.513,-1.575,-34.105,-17.13,-22.651,-2.576,-11.367,-40.379,-21.432,-9.511,-3.799,-22.051,-36.033,0.31,-39.343,-5.061,-8.282,-18.298,-22.254,-13.62,-19.26,-27.593,-17.138,-14.552,-10.94,-1.601,-0.584,-5.527,-37.706,-28.744,-7.084,-25.885,-42.678,-26.401,0.601,-0.766,0.046,-16.301,-40.166,-35.362,-19.579,-4.252,7.848,-21.486,-2.519,-18.659,-14.73,-15.469,-19.896,-12.326,-11.545,-16.462,-20.828,-38.542,-38.341,-7.951,-9.162,-11.962,-13.388,-20.181,-7.263,-49.741,-31.886,-17.294,-29.896,-40.723,-34.463,-19.41,-29.666,-12.852,-7.922,-8.276,-54.225,-5.513,-19.119,1.928,-3.105,-5.849,-4.326,-17.583,-5.495999999,-18.368,-18.535,-17.037,-19.737,-33.959,-20.252,-16.795,-36.644,-13.84,-14.601,-10.629,-4.512999999,-14.762,-28.737,-49.53,-34.221,-26.094,-55.346,-12.028,-18.947,-37.249,-39.857,-30.653,2.305,-3.486,-40.024,-0.318,-36.959,-1.337,-26.62,13.543,-9.113,-2.97,-7.290999999,-18.637,-16.917,-21.78,-21.691,-55.3
-9.102027553,-13.78899169,4.853052282,-4.918568085,11.57821382,3.934116271,-1.135038054,3.962077987,-36.08039661,-18.96184159,2.373877667,-19.91243198,1.878646927,8.299353674,-30.99603723,-9.965776104,-18.36395904,1.9667682,-18.07480168,-26.73264536,-20.01084551,-40.35608297,-24.25835915,-2.718165005,4.392126541,-15.99078669,-12.0462086,-5.394759449,-20.22231724,-25.911342,-1.764434833,-37.78067727,-18.48081871,10.35089715,2.135527363,-14.36710503,-14.19347725,1.612317083,2.846140703,-27.06566469,-5.918483585,-13.18684282,-19.84394859,-20.0997588,-24.98504805,1.365726752,14.95834246,-4.511679707,-0.023651136,-10.35222654,-7.793240784,-5.49796854,-11.21011896,-8.464244475,-11.56909393,-24.72617131,-24.75738386,-22.22077585,-17.48093175,10.91061641,-20.83398571,-27.14086255,-9.283081269,-9.272130118,-0.366414642,-34.55666058,-15.60357955,-17.56210631,-4.47540836,-12.47887066,-49.99013367,-18.42362168,-28.47558107,-17.07131249,-19.73949307,-9.102460125,-5.034338515,-15.30607192,-26.57275426,-13.35475463,-10.76761786,-1.871479399,-34.97501799,-17.99000646,-23.62384796,-2.789025956,-10.80614189,-41.80924118,-23.72403885,-10.27111977,-4.068048899,-22.0808871,-36.54946252,-0.572001131,-40.44076868,-5.489586051,-8.515655752,-18.67808084,-22.10442871,-13.23626587,-20.74722791,-28.81990706,-18.21188125,-14.82262116,-11.14855601,-1.171605317,-1.858914589,-6.582015322,-38.68683065,-29.95522271,-8.461155621,-26.49680559,-44.3448642,-27.9332225,-0.142197542,-2.045785906,-0.034514376,-16.60734741,-39.97871509,-36.03672923,-20.92913404,-5.119442965,7.680165681,-21.73694915,-1.883207045,-18.96743586,-15.17547206,-16.00625585,-20.56354442,-12.51046232,-11.31266541,-16.75622933,-22.14068119,-39.27503798,-39.63240081,-9.176616444,-8.93402807,-13.299256,-13.44118073,-21.88329404,-8.7845348,-50.97017842,-33.31222939,-19.08046231,-30.43208035,-42.516201,-35.18605336,-20.87991775,-31.53922131,-14.5839158,-8.262522191,-8.274733528,-55.46642996,-6.892536891,-21.2185724,1.800635531,-2.487167241,-4.192396097,-3.106576217,-17.26701774,-5.707756591,-18.84045714,-19.07908278,-17.34873522,-19.92046823,-34.0729422,-21.28941425,-18.44275722,-38.42709785,-15.33863317,-14.87917217,-11.4515973,-5.132746062,-15.50642084,-30.65203102,-51.47793078,-35.13185535,-26.83135925,-55.37070357,-14.15698537,-20.6341228,-38.49378282,-41.73794271,-32.1691667,1.769133425,-3.438641223,-41.0862256,-1.895200371,-39.08576907,-1.92363589,-26.9955665,14.71390559,-9.747224007,-3.224081841,-7.925686581,-18.97709337,-16.88575698,-22.10006392,-22.18429288,-55.70590358
-9.23,-13.883,3.895,-4.842,11.669,3.501,-1.044,3.69,-35.877,-19.771,2.424,-20.478,1.465,7.687,-30.521,-10.473,-18.745,1.597,-16.943,-27.89,-19.127,-40.056,-24.784,-3.735,4.827,-15.63,-12.011,-5.169,-20.587,-25.627,-2.942,-38.541,-19.34,9.128,1.745,-14.538,-15.678,1.746,2.38,-28.484,-6.509,-14.024,-20.912,-20.456,-25.497,0.849,13.691,-4.457,-0.453,-10.924,-8.25,-7.266,-12.284,-8.635,-12.254,-25.251,-24.71,-23.587,-17.383,9.77,-20.733,-28.901,-9.973,-8.995,-0.33,-34.725,-16.679,-18.567,-4.058,-12.69,-51.151,-19.147,-28.19,-16.246,-19.558,-9.276,-4.804,-16.281,-28.369,-13.874,-10.893,-2.454,-35.344,-18.927,-24.619,-2.978,-10.276,-42.817,-25.527,-10.847,-3.992,-21.687,-36.81,-1.432,-40.698,-5.518,-8.565,-19.047,-21.923,-12.991,-22.172,-29.918,-19.417,-15.201,-11.264,-0.758,-3.31,-7.711,-39.267,-31.02,-9.635,-26.52,-45.429,-29.13,-0.714,-3.173,0.238,-16.465,-39.355,-36.496,-22.136,-6.41,7.627,-21.582,-0.919,-19.362,-15.576,-16.424,-21.131,-12.716,-11.03,-17.145,-23.471,-39.731,-40.497,-10.554,-8.749,-14.451,-13.133,-23.388,-10.415,-51.995,-34.483,-20.605,-30.567,-43.88,-35.567,-22.065,-33.001,-15.914,-8.143,-8.246,-56.059,-8.351,-22.754,1.623,-1.843,-2.408,-1.869,-16.927,-5.817,-19.18,-19.553,-17.544,-20.011,-33.87,-22.502,-20.085,-39.869,-16.977,-15.237,-12.357,-5.518,-15.847,-32.155,-52.913,-35.8,-27.348,-55.097,-15.958,-21.575,-39.159,-43.107,-33.442,1.346,-3.348,-41.777,-3.607,-40.494,-2.29,-26.909,15.5,-10.37,-3.538,-8.375,-19.238,-16.874,-22.361,-22.606,-55.581
-9.436492639,-14.06217759,2.891466151,-4.797284485,11.51129197,3.245541873,-1.085744432,3.213351868,-35.67644652,-20.47882152,2.150393717,-20.7765689,0.909533639,7.196505537,-30.00740482,-10.50930718,-18.98112415,0.848181835,-16.00722468,-29.06258445,-18.18855735,-39.68484579,-24.96921286,-4.853933388,4.835017537,-15.27139331,-12.23855313,-4.879889541,-20.71756664,-25.18756374,-3.771666216,-38.9521771,-19.68985994,7.639871644,1.302862643,-14.76856627,-17.14152076,1.686050883,2.180535933,-29.53112437,-7.128489149,-14.70804971,-21.72733008,-20.23730074,-25.5603809,0.37773918,12.26152865,-4.570598875,-1.003078069,-11.61196886,-8.561726406,-8.765154176,-13.24031713,-8.550542325,-12.89047398,-25.69512389,-24.2265879,-24.48215511,-16.98105438,8.483053984,-20.56698474,-30.42017719,-10.8322217,-8.816313871,-0.239433213,-34.78682462,-17.7840932,-19.42648204,-3.546462288,-12.99375555,-51.74313728,-19.68796548,-28.0192417,-15.36106735,-19.19644189,-9.473551614,-4.530538264,-17.19703304,-29.99179813,-14.47237244,-10.98409581,-3.172810911,-35.70971859,-19.91633339,-25.63735542,-3.276436315,-9.932508649,-43.54641824,-26.8618729,-11.2323226,-3.748656095,-21.09559754,-37.00642051,-2.338354226,-40.52631803,-5.221531039,-8.429900139,-19.34722937,-21.81785196,-12.96356848,-23.51813203,-30.98755629,-20.70238556,-15.75334273,-11.37384154,-0.45727697,-4.759652681,-8.886263424,-39.54782447,-31.95927222,-10.54965572,-26.23737939,-46.09415442,-29.99555466,-1.135184458,-4.092230373,0.815196653,-16.07935422,-38.63308789,-37.05231685,-23.2039761,-7.968400035,7.712793916,-21.28810448,0.126786322,-19.8555378,-15.90382934,-16.7963417,-21.6378613,-13.00753512,-10.84151332,-17.63899877,-24.78315069,-40.13992435,-41.16656603,-11.94442323,-8.740293352,-15.41658694,-12.74619045,-24.58786473,-12.00714053,-52.84186589,-35.38750119,-21.88297753,-30.58449862,-44.84205211,-35.65420993,-22.90362692,-34.04814366,-16.70785602,-7.570639805,-8.221508663,-56.23265165,-9.872055505,-23.78661753,1.438430544,-1.328924038,-0.813088912,-0.808996789,-16.59198409,-5.921485734,-19.48645634,-20.00770198,-17.6814871,-20.10319166,-33.611085,-23.85941883,-21.69788444,-41.04610975,-18.62799978,-15.73945538,-13.38346169,-5.832776845,-15.9310984,-33.21983341,-53.89057184,-36.34100755,-27.72242103,-54.79862486,-17.24934297,-21.91888688,-39.35459128,-43.923354,-34.38498981,1.051244988,-3.164588348,-42.2867149,-5.447681329,-41.31957573,-2.515563034,-26.58379512,15.8958293,-10.8388383,-3.927318898,-8.734035226,-19.51506344,-16.98302323,-22.60018001,-23.0009283,-55.28354915
-9.728,-14.29,2.069,-4.767,11.156,3.127,-1.194,2.529,-35.705,-21.101,1.678,-20.848,0.422,6.905,-29.585,-10.161,-19.059,-0.026,-15.353,-30.171,-17.48,-39.459,-24.899,-5.893,4.541,-14.92,-12.691,-4.529,-20.702,-24.86,-4.268,-39.173,-19.715,6.127,0.899,-14.986,-18.398,1.417,2.177,-30.252,-7.83,-15.317,-22.225,-19.518,-25.328,0.008,10.905,-4.874,-1.447,-12.331,-8.764,-9.916,-14.112,-8.387,-13.452,-26.201,-23.506,-24.919,-16.52,7.186,-20.242,-31.632,-11.823,-8.753,-0.172,-35.041,-18.882,-20.144,-3.142,-13.411,-51.837,-20.072,-28.035,-14.765,-18.842,-9.647,-4.182,-18.007,-31.327,-15.214,-11.105,-4.044,-36.358,-20.989,-26.622,-3.765,-9.87,-44.02,-27.854,-11.491,-3.57,-20.653,-37.196,-3.306,-40.127,-4.851,-7.99,-19.576,-21.86,-13.2,-24.768,-32.095,-21.992,-16.532,-11.528,-0.333,-6.147,-10.123,-39.66,-32.836,-11.175,-25.867,-46.485,-30.699,-1.533,-4.875,1.529,-15.684,-38.148,-37.869,-24.114,-9.565,7.85,-20.992,1.119,-20.253,-16.174,-17.179,-22.137,-13.427,-10.848,-18.253,-26.037,-40.656,-41.844,-13.248,-9.001,-16.225,-12.531,-25.529,-13.495,-53.622,-36.115,-22.897,-30.625,-45.462,-35.604,-23.486,-34.778,-17.163,-6.767,-8.385,-56.187,-11.287,-24.452,1.216,-1.019,0.399,-0.006,-16.206,-6.094,-19.844,-20.497,-17.844,-20.259,-33.455,-25.287,-23.255,-42.026,-20.185,-16.426,-14.448,-6.196,-15.949,-33.947,-54.642,-36.954,-28.097,-54.797,-18.049,-21.854,-39.281,-44.301,-35.131,0.836,-3.085,-42.81,-7.307,-41.758,-2.571,-26.252,15.904,-10.926,-4.452,-9.068,-19.885,-17.275,-22.872,-23.428,-55.078
-10.098672,-14.54019282,1.615787954,-4.729172819,10.67350089,3.098493347,-1.310640676,1.651236295,-36.12815632,-21.63984524,1.128874317,-20.72381222,0.172626908,6.872961104,-29.35228614,-9.527699913,-18.93699793,-0.774082216,-15.04106796,-31.11849325,-17.21110129,-39.54046408,-24.63098631,-6.678432527,4.088389461,-14.58951321,-13.33609732,-4.15552566,-20.6232523,-24.8467905,-4.450608139,-39.35555431,-19.60293282,4.819732638,0.636913865,-15.14649002,-19.30188201,0.932860686,2.294617696,-30.67574955,-8.655442872,-15.93113952,-22.39386469,-18.46094415,-24.97476304,-0.239041947,9.801462619,-5.409682505,-1.583563014,-13.02639998,-8.887183102,-10.66917343,-14.9231065,-8.284314597,-13.8966223,-26.90360494,-22.80756093,-24.98529111,-16.25708209,5.989043507,-19.65826067,-32.49070603,-12.91118537,-8.82242158,-0.234728826,-35.67337542,-19.93517188,-20.73177807,-3.014552924,-13.92964409,-51.52423979,-20.33553353,-28.29138347,-14.76751662,-18.64562224,-9.687461906,-3.70510292,-18.66989857,-32.28322473,-16.14478487,-11.29463085,-5.111686006,-37.45608961,-22.17255651,-27.51696763,-4.472936355,-10.1357725,-44.24150472,-28.65320431,-11.70474521,-3.675379021,-20.6726435,-37.41135518,-4.336361903,-39.61689067,-4.643766321,-7.14352389,-19.75011307,-22.09194443,-13.71940071,-25.89922707,-33.27112508,-23.2087018,-17.564873,-11.75246921,-0.427164277,-7.461067694,-11.44907588,-39.73569882,-33.724418,-11.51276456,-25.58517032,-46.72068746,-31.42707567,-2.038799801,-5.626207963,2.18235185,-15.5069778,-38.15961544,-39.01844467,-24.85039099,-10.96497438,7.947799159,-20.7717682,1.986512578,-20.34611826,-16.41532136,-17.6130052,-22.66900989,-13.99679479,-11.11572235,-18.99478959,-27.18970875,-41.38390322,-42.67571526,-14.39828709,-9.587279212,-16.90648934,-12.66611435,-26.30708236,-14.86395987,-54.44233288,-36.76879948,-23.64513165,-30.79193853,-45.81431361,-35.5843126,-23.94034977,-35.32085821,-17.53710825,-6.004302065,-8.932665261,-56.1002985,-12.43769965,-24.88375335,0.935381775,-0.941266603,1.125276935,0.531432007,-15.70726862,-6.391563585,-20.31472705,-21.05948984,-18.10707197,-20.51839696,-33.51598433,-26.72129005,-24.72432393,-42.85819336,-21.56747062,-17.32217289,-15.45269446,-6.682903198,-16.07328343,-34.46818405,-55.39643928,-37.81490404,-28.60220509,-55.37753457,-18.43745073,-21.56633342,-39.14990697,-44.40394157,-35.85093297,0.638402128,-3.332928897,-43.51629408,-9.053210551,-41.9888569,-2.396806549,-26.10213151,15.57287049,-10.44487706,-5.116707293,-9.429793775,-20.40091636,-17.79205263,-23.22622071,-23.93474647,-55.17253824
-10.447,-14.854,1.528,-4.707,10.152,3.073,-1.441,0.618,-36.948,-22.079,0.577,-20.486,0.203,7.094,-29.302,-8.686,-18.573,-1.23,-15.066,-31.868,-17.367,-39.816,-24.217,-7.138,3.653,-14.343,-14.155,-3.867,-20.625,-25.103,-4.325,-39.507,-19.473,3.747,0.566,-15.239,-19.809,0.236,2.478,-30.902,-9.516,-16.521,-22.346,-17.334,-24.67,-0.486,8.796,-6.095,-1.339,-13.699,-8.944,-11.104,-15.664,-8.235,-14.197,-27.826,-22.386,-24.917,-16.438,4.766,-18.856,-33.034,-14.076,-9.032,-0.485,-36.644,-20.939,-21.234,-3.148,-14.516,-50.96,-20.613,-28.822,-15.457,-18.727,-9.496,-3.089,-19.153,-32.874,-17.249,-11.522,-6.366,-38.908,-23.425,-28.328,-5.276,-10.65,-44.262,-29.405,-11.957,-4.179,-21.216,-37.721,-5.43,-38.986,-4.608,-5.984,-19.91,-22.479,-14.466,-26.872,-34.438,-24.296,-18.795,-12.015,-0.728,-8.774,-12.9,-39.884,-34.702,-11.667,-25.466,-46.838,-32.273,-2.694,-6.458,2.581,-15.726,-38.63,-40.358,-25.435,-11.987,8.014,-20.601,2.803,-20.082,-16.669,-18.099,-23.212,-14.684,-11.616,-19.84,-28.192,-42.306,-43.611,-15.424,-10.447,-17.467,-13.076,-27.063,-16.224,-55.308,-37.409,-24.221,-31.184,-46.002,-35.702,-24.396,-35.839,-17.998,-5.544,-9.958,-56.096,-13.361,-25.134,0.693,-1.021,1.503,0.964,-15.096,-6.833,-20.888,-21.67,-18.493,-20.866,-33.832,-28.188,-26.054,-43.529,-22.779,-18.423,-16.361,-7.239,-16.363,-34.914,-56.199,-38.923,-29.257,-56.633,-18.547,-21.195,-39.128,-44.442,-36.649,0.409,-3.994,-44.47,-10.573,-42.069,-1.922,-26.14,15.128,-9.461,-5.66,-9.853,-21.04,-18.535,-23.677,-24.509,-55.644
-10.66543203,-15.28957719,1.764284401,-4.727152225,9.690801437,2.976608684,-1.576079011,-0.497194925,-38.09270385,-22.39101536,0.065237829,-20.20875344,0.477452948,7.531013421,-29.39221665,-7.706611889,-17.97004742,-1.2871246,-15.3866778,-32.39073904,-17.86424984,-40.12924223,-23.72043253,-7.253404458,3.364696758,-14.24521124,-15.10730214,-3.757541506,-20.81807399,-25.52879948,-3.924864453,-39.62022022,-19.39353543,2.877554775,0.718097087,-15.28980938,-19.92084613,-0.641620728,2.669668754,-31.01882338,-10.29961878,-17.03787252,-22.22088278,-16.4078723,-24.551345,-0.850571775,7.711793378,-6.83528775,-0.73269182,-14.35555095,-8.948261915,-11.3067994,-16.30687734,-8.209722015,-14.31326055,-28.94167399,-22.46087514,-24.91219457,-17.20974834,3.395134861,-17.94699117,-33.31464946,-15.27955565,-9.377323614,-0.96782571,-37.84654817,-21.85884122,-21.6847453,-3.476591846,-15.09594318,-50.29455128,-21.00566352,-29.60131437,-16.75561694,-19.19504355,-9.028114596,-2.371469501,-19.44408398,-33.1318301,-18.47165057,-11.74413774,-7.757122946,-40.52867147,-24.65659018,-29.06299572,-6.021859711,-11.27884348,-44.12212233,-30.18241785,-12.2678666,-5.111538389,-22.24436612,-38.21530142,-6.574853353,-38.23594351,-4.711345909,-4.71014169,-20.09456574,-22.95677795,-15.35213618,-27.64543159,-35.4834443,-25.20128888,-20.129269,-12.27166892,-1.187594678,-10.1222076,-14.45861807,-40.18265166,-35.80120894,-11.75623465,-25.5174593,-46.85431008,-33.22361102,-3.45710223,-7.415625566,2.590409415,-16.4194723,-39.41668244,-41.69020081,-25.88901764,-12.51613092,8.048750511,-20.48295754,3.585403714,-19.51916505,-16.96776312,-18.61677327,-23.71960235,-15.43118204,-12.29104899,-20.74835554,-29.01074431,-43.34873569,-44.54559174,-16.36626817,-11.47782477,-17.90605683,-13.63580821,-27.89805556,-17.66051932,-56.19244237,-38.06167143,-24.7055461,-31.82697682,-46.12499375,-36.01096024,-24.93573127,-36.45841999,-18.6513896,-5.570054182,-11.45763042,-56.28329422,-14.15954895,-25.28032598,0.572678116,-1.212588041,1.636591799,1.391709622,-14.45723248,-7.411537043,-21.52640342,-22.27509703,-18.9982544,-21.26422957,-34.39676432,-29.69992384,-27.1815547,-44.01635012,-23.8340823,-19.6965258,-17.138978,-7.783367927,-16.82260096,-35.38741654,-57.03806917,-40.19904612,-30.03357519,-58.52188966,-18.51537553,-20.83826024,-39.32393881,-44.61236962,-37.57580707,0.130262411,-5.055836873,-45.66142113,-11.78200716,-42.06684114,-1.131464368,-26.3618609,14.75262342,-8.164360758,-5.818804487,-10.35005364,-21.75141385,-19.46442662,-24.21882745,-25.11059146,-56.4913448
-10.718,-15.905,2.324,-4.785,9.416,2.828,-1.586,-1.502,-39.357,-22.523,-0.44,-19.885,0.779,8.09,-29.547,-6.661,-17.313,-0.993,-15.884,-32.632,-18.569,-40.426,-23.257,-7.122,3.137,-14.318,-16.052,-3.799,-21.121,-26.052,-3.412,-39.776,-19.297,2.14,1.108,-15.442,-19.721,-1.557,2.784,-30.998,-10.932,-17.466,-22.145,-15.86,-24.635,-1.287,6.619,-7.612,-0.032,-14.971,-8.936,-11.264,-16.785,-8.239,-14.141,-30.137,-23.115,-24.87,-18.335,2.009,-17.19,-33.363,-16.402,-9.816,-1.728,-39.134,-22.507,-22.046,-3.921,-15.455,-49.596,-21.384,-30.387,-18.14,-20.146,-8.448,-1.743,-19.605,-33.061,-19.662,-11.94,-9.129,-42.039,-25.656,-29.677,-6.599,-11.799,-43.774,-30.773,-12.402,-6.272,-23.569,-39.036,-7.709,-37.542,-4.988,-3.747,-20.313,-23.419,-16.237,-28.192,-36.267,-25.867,-21.414,-12.49,-1.666,-11.316,-15.889,-40.607,-36.871,-11.855,-25.585,-46.792,-33.933,-4.044,-8.269,2.314,-17.317,-40.256,-42.813,-26.194,-12.651,7.923,-20.644,3.979,-19.008,-17.298,-19.103,-24.11,-16.138,-13.061,-21.648,-29.684,-44.337,-45.358,-17.221,-12.484,-18.222,-14.277,-28.71,-19.036,-57.044,-38.66,-25.034,-32.459,-46.243,-36.414,-25.455,-37.128,-19.444,-5.966,-13.142,-56.769,-15.005,-25.584,0.491,-1.689,1.261,1.503,-14.154,-8.056,-22.158,-22.772,-19.569,-21.642,-35.103,-31.129,-28.022,-44.328,-24.707,-21.033,-17.702,-8.259,-17.351,-35.882,-57.859,-41.425,-30.828,-60.656,-18.451,-20.478,-39.659,-45.016,-38.534,-0.1,-6.25,-46.889,-12.694,-42.22,-0.246,-26.908,14.284,-6.994,-5.59,-10.868,-22.448,-20.421,-24.803,-25.647,-57.533
-10.606,-16.772,3.168,-4.882,9.408,2.657,-1.366,-2.167999999,-40.483,-22.42,-0.99,-19.509,0.866,8.652,-29.701,-5.635,-16.796,-0.459,-16.427,-32.575,-19.343,-40.693,-22.925,-6.887,2.839,-14.573,-16.854,-3.939,-21.43,-26.615,-2.981,-40.083,-19.119,1.466,1.702,-15.889,-19.33,-2.366,2.736,-30.797,-11.383,-17.782,-22.242,-15.796,-24.872,-1.728,5.636,-8.448,0.429,-15.524,-8.947,-10.961,-17.025,-8.359,-13.607,-31.262,-24.349,-24.661,-19.502,0.806,-16.864,-33.202,-17.309,-10.306,-2.774,-40.332,-22.684,-22.261,-4.39,-15.404,-48.901,-21.546,-30.897,-19.004,-21.642,-7.965,-1.411,-19.71,-32.668,-20.648,-12.105,-10.315,-43.16,-26.196,-30.11,-6.92,-12.02,-43.179,-30.899,-12.101,-7.378,-24.921,-40.318,-8.744,-37.098,-5.495,-3.513,-20.569,-23.761,-16.979,-28.501,-36.662,-26.255,-22.476,-12.654,-2.033,-12.12,-16.932,-41.093,-37.702,-12.015,-25.51,-46.689,-34.027,-4.17,-8.719,1.914,-18.07,-40.911,-43.557,-26.28,-12.556,7.469,-21.333,3.596,-18.949,-17.639,-19.495,-24.306,-16.706,-13.835,-22.46,-30.267,-45.094,-45.94,-17.979,-13.254,-18.426,-14.945,-29.355,-20.178,-57.798,-39.106,-25.106,-32.786,-46.414,-36.808,-25.818,-37.788,-20.251,-6.563,-14.653,-57.663,-16.051,-26.291,0.341,-2.656,0.083,0.932,-14.573,-8.678,-22.711,-23.062,-20.138,-21.922,-35.828,-32.317,-28.51,-44.495,-25.381,-22.3,-17.952,-8.637,-17.834,-36.354,-58.587,-42.37,-31.543,-62.583,-18.464,-20.101,-40.028,-45.72,-39.394,-0.204,-7.255,-47.945,-13.313,-42.752,0.471,-27.905,13.514,-6.443,-5.093,-11.342,-23.046,-21.235,-25.37,-26.025,-58.542
-10.40912022,-17.95532319,4.081062316,-5.069742982,9.556648974,2.438711083,-1.020836286,-2.343435681,-41.2163876,-22.09871541,-1.605229124,-19.1509085,0.619469848,9.092215574,-29.85553123,-4.771809319,-16.4834533,0.114934924,-16.92181049,-32.3627904,-20.07826792,-40.97178296,-22.71169153,-6.757126592,2.397701614,-15.01872151,-17.49048044,-4.148932056,-21.74499019,-27.18006722,-2.80621813,-40.64323482,-18.95048851,0.840290232,2.290820111,-16.86143015,-18.9236753,-3.018197098,2.496084933,-30.4649568,-11.74384821,-17.95356639,-22.62180143,-16.11826415,-25.11865815,-2.212549574,4.806875134,-9.42725978,0.35908403,-16.03918575,-9.002458768,-10.50389883,-17.00661282,-8.564115047,-12.85600672,-32.13739867,-25.9746669,-24.36667973,-20.50544884,-0.061783633,-17.14804881,-32.88455087,-17.93216382,-10.83287161,-3.959221095,-41.24379329,-22.36692558,-22.31600177,-4.788488894,-15.00565388,-48.2335066,-21.29450373,-30.99644519,-19.01839406,-23.57396688,-7.700383284,-1.490171893,-19.8118168,-32.03671911,-21.3174687,-12.27414468,-11.24851824,-43.76894093,-26.18846876,-30.328195,-6.987418045,-12.0019294,-42.43685372,-30.39917016,-11.33913628,-8.139355245,-25.94562221,-42.05940628,-9.575873453,-36.96330136,-6.273252178,-4.104962741,-20.87093507,-23.95058862,-17.5060108,-28.62760115,-36.67583709,-26.42564617,-23.18278745,-12.8003942,-2.298897797,-12.42499645,-17.52770571,-41.55327008,-38.1106479,-12.2497928,-25.32614048,-46.63769338,-33.42533949,-3.838807356,-8.594823649,1.50969314,-18.43975815,-41.34471264,-43.91876653,-26.03917642,-12.45671731,6.532692397,-22.58954033,2.365618556,-19.55447391,-17.9871302,-19.78559193,-24.30839358,-17.10045145,-14.50651451,-23.12342438,-30.79761515,-45.57417102,-46.28129419,-18.65241723,-13.67979553,-18.57283615,-15.59806188,-29.78569949,-21.04787747,-58.40512652,-39.31952833,-24.89963051,-32.72098795,-46.72125044,-37.2257819,-26.01515441,-38.52631617,-20.91579574,-7.29781337,-15.70961967,-59.02662654,-17.30021066,-27.38701212,0.046023785,-4.159484428,-1.862042475,-0.402112209,-15.84806299,-9.198013249,-23.16270342,-23.1341663,-20.64331849,-22.05953244,-36.50334082,-33.16545541,-28.7022177,-44.61989048,-25.90998282,-23.36565881,-17.85443616,-8.982433498,-18.23181853,-36.77367448,-59.15373745,-42.93013668,-32.20413996,-64.0020073,-18.68575143,-19.83040497,-40.41058453,-46.75278396,-40.11837224,-0.290467249,-7.86821653,-48.78348965,-13.59021384,-43.64490877,0.80863503,-29.26883451,12.43678665,-6.848715815,-4.651634834,-11.73359517,-23.52616938,-21.83638698,-25.87070729,-26.21787219,-59.3302914
-10.227,-19.29,4.878,-5.392,9.779,2.109,-0.661,-2.278,-41.607,-21.796,-2.204,-18.859,0.101,9.425,-29.993,-4.23,-16.463,0.562,-17.311,-32.108,-20.666,-41.292,-22.618,-6.945,1.828,-15.646,-17.921,-4.402,-22.095,-27.674,-2.968,-41.444,-18.947,0.265,2.631,-18.423,-18.65,-3.439,2.139,-30.195,-12.07,-18.148,-23.334,-16.652,-25.378,-2.915,4.081,-10.543,-0.289,-16.55,-9.076,-10.12,-16.875,-8.822,-12.193,-32.686,-27.774,-24.218,-21.244,-0.662,-18.072,-32.608,-18.376,-11.346,-5.063,-41.841,-21.841,-22.379,-5.135,-14.422,-47.73,-20.673,-30.922,-18.533,-25.618,-7.527,-2.045,-19.968,-31.419,-21.758,-12.476,-12.023,-44.012,-25.882,-30.429,-6.953,-11.978,-41.728,-29.482,-10.405,-8.592,-26.587,-44.009,-10.249,-37.033,-7.208,-5.285,-21.217,-24.064,-17.836,-28.687,-36.538,-26.522,-23.629,-12.972,-2.545,-12.462,-17.939,-42.015,-38.203,-12.598,-25.288,-46.733,-32.394,-3.303,-8.24,1.051,-18.495,-41.465,-44.05,-25.834,-12.632,5.109,-24.119,0.58,-20.628,-18.34,-20.018,-24.227,-17.352,-14.989,-23.637,-31.253,-45.901,-46.499,-19.245,-13.953,-18.694,-16.248,-30.201,-21.829,-58.978,-39.41,-24.692,-32.409,-47.224,-37.767,-26.308,-39.487,-21.634,-8.194,-16.296,-60.674,-18.681,-28.736,-0.623,-5.939,-4.201,-2.178,-17.795,-9.589,-23.555,-23.082,-21.057,-22.108,-37.131,-33.739,-28.763,-44.853,-26.344,-24.149,-17.638,-9.404,-18.604,-37.317,-59.657,-43.179,-32.943,-64.882,-19.197,-19.825,-40.821,-48.136,-40.967,-0.481,-8.2,-49.379,-13.776,-44.762,0.521,-30.822,11.237,-8.053,-4.539,-12.043,-23.94,-22.26,-26.298,-26.279,-59.87
-10.139,-20.511,5.418,-5.85,10.005,1.638,-0.382,-2.252,-41.757,-21.751,-2.688,-18.651,-0.6,9.677,-30.095,-4.099,-16.815,0.748,-17.554,-31.883,-21.014,-41.669,-22.664,-7.616,1.153,-16.413,-18.12,-4.656,-22.483,-28.023,-3.465,-42.407,-19.227,-0.254,2.485,-20.522,-18.608,-3.577,1.776,-30.18,-12.38,-18.499,-24.351,-17.233,-25.711,-4.026,3.397,-11.72,-1.487,-17.071,-9.134,-10.01,-16.789,-9.105,-11.887,-32.876,-29.527,-24.404,-21.706,-1.106,-19.647,-32.55,-18.751,-11.792,-5.876,-42.124,-21.414,-22.6,-5.444,-13.789,-47.528,-19.779,-30.918,-17.996,-27.453,-7.325,-3.115,-20.207,-31.047,-22.081,-12.727,-12.736,-44.059,-25.567,-30.513,-6.953,-12.139,-41.22,-28.392,-9.607,-8.826,-26.885,-45.881,-10.887,-37.234,-8.145,-6.803,-21.592,-24.173,-17.997,-28.777,-36.472,-26.665,-23.942,-13.204,-2.844,-12.488,-18.449,-42.525,-38.15,-13.084,-25.614,-47.005,-31.205,-2.803,-8.067,0.477,-18.389,-41.208,-44.136,-26.075,-13.335,3.244,-25.621,-1.467,-21.948,-18.696,-20.239,-24.182,-17.494,-15.218,-24.005,-31.587,-46.195,-46.697,-19.739,-14.284,-18.808,-16.892,-30.8,-22.688,-59.625,-39.51,-24.759,-32.01,-47.9,-38.484,-26.945,-40.759,-22.652,-9.263,-16.503,-62.391,-20.129,-30.206,-1.88,-7.713,-6.566,-4.058,-20.224,-9.846,-23.936,-23.012,-21.356,-22.136,-37.722,-34.119,-28.836,-45.298,-26.704,-24.597,-17.562,-9.974,-19.006,-38.142,-60.205,-43.216,-33.857,-65.23,-19.994,-20.2,-41.254,-49.849,-42.225,-0.872,-8.418,-49.727,-14.136,-46.006,-0.582,-32.422,10.066,-9.84,-4.997,-12.28,-24.34,-22.55,-26.645,-26.266,-60.186
-10.10692088,-21.25307553,5.674512265,-6.323470269,10.14972338,1.138635539,-0.25603518,-2.272445555,-41.68385609,-21.98105853,-3.01368236,-18.47671033,-1.416488887,9.801157068,-30.17827579,-4.214016701,-17.50820934,0.631376525,-17.66237845,-31.68134933,-21.12727619,-42.09160088,-22.88092837,-8.720991434,0.36522082,-17.17552029,-18.16603656,-4.839207311,-22.82361144,-28.21501873,-4.097410241,-43.34986246,-19.72890747,-0.70377404,1.696872833,-22.84668648,-18.74360993,-3.521495753,1.528434956,-30.46494174,-12.63879202,-18.84412346,-25.42757161,-17.77543161,-26.23397313,-5.638440334,2.699958899,-12.73680905,-3.082477664,-17.5554588,-9.168697242,-10.17415821,-16.79115968,-9.424606531,-11.93639628,-32.80857383,-31.05837327,-24.85323785,-22.1263904,-1.487859068,-21.84742004,-32.66922522,-19.03728994,-12.16010172,-6.311317774,-42.06761418,-21.18584083,-22.89990732,-5.635970692,-13.09555498,-47.65242684,-18.73703937,-30.94969463,-17.58044997,-29.00352124,-7.207921518,-4.594842086,-20.44778355,-30.91331179,-22.30693775,-13.01358252,-13.37708771,-43.9530579,-25.36728844,-30.57657118,-6.962913728,-12.40869188,-41.00119954,-27.24130626,-9.077118789,-8.852621315,-26.92513811,-47.51978009,-11.72824953,-37.71405316,-8.956574631,-8.525152166,-21.95427362,-24.26041215,-17.99811452,-28.88706705,-36.48974666,-26.83439887,-24.15765425,-13.50366251,-3.194126871,-12.54939433,-19.12889867,-43.08979344,-38.07921075,-13.66654793,-26.22127699,-47.306382,-29.95312568,-2.393024531,-8.244685158,-0.15807777,-18.27578699,-40.76715106,-44.37902942,-26.83954717,-14.62756722,1.048389689,-27.03305161,-3.683903033,-23.47002466,-19.06487775,-20.47169851,-24.23680272,-17.53429506,-15.21418962,-24.21842386,-31.74920862,-46.43748561,-46.84105098,-20.07092231,-14.67575797,-18.92392888,-17.44678207,-31.55454689,-23.53929114,-60.30446271,-39.64917542,-25.08962072,-31.58991644,-48.53018091,-39.28275299,-27.90426821,-42.2430867,-24.04334587,-10.41061051,-16.54453917,-64.11506709,-21.65314465,-31.7291337,-3.6805457,-9.379873957,-8.825516181,-5.911320329,-23.05920808,-10.00789099,-24.32891677,-22.99205558,-21.52439831,-22.17743463,-38.27279729,-34.31835173,-28.91363581,-45.85490497,-26.94086262,-24.73721397,-17.73033133,-10.62019548,-19.40377103,-39.1646761,-60.79575153,-43.11624892,-34.84859909,-65.0440236,-20.88056305,-20.9447927,-41.68059141,-51.75328898,-43.98131234,-1.48192033,-8.600604145,-49.96190783,-14.69034641,-47.4660709,-2.37807151,-34.07583339,8.88341997,-12.11939344,-6.141859593,-12.46986694,-24.73549995,-22.72255872,-26.88243455,-26.19509244,-60.35842218
-9.928,-21.342,5.707,-6.764,10.176,0.678,-0.3,-2.322,-41.49,-22.391,-3.228,-18.31,-2.192,9.832,-30.269,-4.443,-18.4,0.27,-17.71,-31.503,-21.116,-42.555,-23.224,-10.017,-0.497,-17.805,-18.143,-4.977,-23.082,-28.332,-4.747,-44.208,-20.331,-1.082,0.382,-25.08,-18.959,-3.382,1.369,-30.992,-12.886,-19.148,-26.382,-18.247,-27.097,-7.646,1.819,-13.393,-4.642,-17.984,-9.213,-10.575,-16.862,-9.814,-12.22,-32.869,-32.473,-25.472,-22.688,-2.006,-24.293,-32.892,-19.228,-12.479,-6.46,-41.805,-21.142,-23.237,-5.774,-12.277,-48.127,-17.919,-31.088,-17.317,-30.448,-7.209,-6.074,-20.649,-30.942,-22.473,-13.319,-13.981,-43.791,-25.318,-30.649,-7.053,-12.721,-41.221,-26.424,-8.965,-8.86,-26.817,-48.95,-12.888,-38.507,-9.609,-9.955,-22.312,-24.381,-17.911,-29.008,-36.6,-27.009,-24.318,-13.853,-3.568,-12.692,-19.988,-43.742,-38.101,-14.395,-27.056,-47.71,-29.016,-2.268,-8.858,-0.813,-18.158,-40.518,-44.998,-28.071,-16.348,-1.299,-28.207,-5.69,-24.796,-19.478,-20.737,-24.43,-17.535,-15.101,-24.352,-31.796,-46.642,-46.954,-20.261,-15.113,-19.071,-17.928,-32.413,-24.292,-61.07,-39.836,-25.661,-31.332,-49.212,-40.326,-29.238,-43.993,-25.87,-11.546,-16.504,-65.875,-23.302,-33.208,-5.817,-10.814,-10.703,-7.369,-25.757,-10.158,-24.773,-23.07,-21.631,-22.259,-38.813,-34.417,-29.002,-46.429,-27.075,-24.701,-18.154,-11.319,-19.789,-40.412,-61.487,-43.046,-35.855,-64.636,-21.938,-22.208,-42.323,-53.887,-46.26,-2.261,-8.737,-50.378,-15.496,-49.153,-4.533,-35.702,7.938,-14.362,-7.652,-12.684,-25.166,-22.861,-27.045,-26.107,-60.498
-9.391,-20.655,5.572,-7.131,10.06,0.328,-0.528,-2.406,-41.292,-22.879,-3.396,-18.136,-2.75,9.837,-30.395,-4.7,-19.336,-0.269,-17.781,-31.357,-21.104,-43.055,-23.651,-11.216,-1.402,-18.183,-18.112,-5.12,-23.222,-28.467,-5.33,-44.946,-20.925,-1.403,-1.295,-26.929,-19.154,-3.251,1.233,-31.71,-13.178,-19.421,-27.077,-18.658,-28.466,-9.878,0.554,-13.478,-5.743,-18.324,-9.294,-11.196,-16.987,-10.284,-12.59,-33.524,-33.948,-26.192,-23.496,-2.915,-26.544,-33.152,-19.314,-12.777,-6.43,-41.51,-21.255,-23.595,-5.973,-11.258,-49.034,-17.808,-31.485,-17.192,-32.036,-7.372,-7.116,-20.783,-31.064,-22.613,-13.618,-14.585,-43.679,-25.434,-30.774,-7.324,-13.043,-42.055,-26.433,-9.458,-9.088,-26.648,-50.276,-14.473,-39.637,-10.141,-10.564,-22.678,-24.623,-17.813,-29.136,-36.822,-27.167,-24.454,-14.226,-3.928,-12.958,-21.017,-44.527,-38.31,-15.337,-28.077,-48.39,-28.89,-2.659,-9.99,-1.442,-18.001,-40.847,-46.282,-29.752,-18.306,-3.633,-28.949,-7.032,-25.491,-19.967,-21.056,-24.791,-17.577,-15.025,-24.499,-31.809,-46.83,-47.088,-20.331,-15.577,-19.285,-18.364,-33.298,-24.861,-62.011,-40.075,-26.445,-31.46,-50.155,-41.827,-31.006,-46.062,-28.199,-12.566,-16.415,-67.73,-25.154,-34.532,-8.067,-11.857,-11.888,-8.025,-27.688,-10.383,-25.311,-23.293,-21.764,-22.411,-39.374,-34.518,-29.122,-46.922,-27.143,-24.624,-18.847,-12.054,-20.143,-41.952,-62.333,-43.196,-36.809,-64.373,-23.352,-24.185,-43.44,-56.282,-49.076,-3.135,-8.788,-51.274,-16.658,-51.072,-6.671,-37.187,7.519,-15.995,-9.125,-13.005,-25.683,-23.059,-27.186,-26.054,-60.72
-8.464,-19.209,5.287,-7.32,9.807,0.229,-0.96,-2.599,-41.159,-23.394,-3.568,-17.954,-2.997,9.909,-30.593,-4.983,-20.18,-0.908,-17.936,-31.251,-21.184,-43.575,-24.209,-12.018,-2.368,-18.202,-18.071,-5.305,-23.162,-28.666,-5.79,-45.518,-21.464,-1.72,-3.157,-28.157,-19.24,-3.169,1.063,-32.639,-13.543,-19.663,-27.456,-19.142,-30.391,-12.037,-1.164,-12.807,-6.336,-18.472,-9.38,-12.053,-17.213,-10.728,-12.864,-35.133,-35.607,-26.963,-24.436,-4.457,-28.259,-33.396,-19.265,-13.051,-6.272,-41.359,-21.511,-23.966,-6.372,-10.005,-50.568,-18.881,-32.306,-17.081,-34.0,-7.849,-7.509,-20.835,-31.252,-22.722,-13.855,-15.164,-43.672,-25.704,-30.99,-7.846,-13.426,-43.58,-27.598,-10.648,-9.654,-26.422,-51.712,-16.59,-41.146,-10.765,-10.223,-23.031,-25.085,-17.736,-29.272,-37.155,-27.276,-24.534,-14.588,-4.215,-13.293,-22.136,-45.476,-38.725,-16.486,-29.157,-49.554,-29.966,-3.582,-11.59,-1.902,-17.736,-41.891,-48.531,-31.939,-20.299,-5.852,-29.087,-7.41,-25.44,-20.528,-21.446,-25.305,-17.75,-15.129,-24.732,-31.862,-47.004,-47.322,-20.231,-16.011,-19.588,-18.737,-34.012,-25.204,-63.171,-40.363,-27.314,-32.139,-51.535,-43.768,-33.042,-48.191,-30.899,-13.286,-16.242,-69.681,-27.286,-35.58,-10.204,-12.356,-12.268,-7.768,-28.513,-10.74,-25.959,-23.699,-21.992,-22.682,-39.951,-34.734,-29.302,-47.195,-27.168,-24.584,-19.83,-12.755,-20.382,-43.779,-63.263,-43.713,-37.565,-64.451,-25.269,-26.875,-45.032,-58.649,-52.254,-3.948,-8.66,-52.69,-18.265,-53.22,-8.388,-38.422,7.659,-16.807,-10.251,-13.497,-26.328,-23.378,-27.367,-26.098,-61.122
-7.43,-17.616,4.981,-7.297,9.511,0.367,-1.488,-3.035,-41.156,-23.937,-3.768,-17.789,-3.103,10.115,-30.9,-5.323,-20.775,-1.405,-18.165,-31.163,-21.416,-44.116,-24.924,-12.272,-3.286,-17.841,-18.019,-5.531,-22.958,-28.905,-6.206,-45.997,-21.889,-2.027,-4.77,-28.695,-19.216,-3.148,0.81,-33.711,-13.957,-19.93,-27.613,-19.78,-32.302,-13.643,-2.916,-11.683,-6.689,-18.434,-9.439,-13.034,-17.607,-10.977,-12.952,-37.372,-37.295,-27.607,-25.214,-6.376,-29.146,-33.594,-19.161,-13.28,-6.129,-41.523,-21.886,-24.36,-7.036,-8.73,-52.51,-20.831,-33.295,-16.815,-36.155,-8.491,-7.322,-20.886,-31.497,-22.832,-14.002,-15.693,-43.806,-26.108,-31.316,-8.637,-14.016,-45.382,-29.359,-11.986,-10.196,-26.181,-53.239,-18.867,-42.64,-11.574,-9.332,-23.361,-25.752,-17.695,-29.45,-37.565,-27.391,-24.547,-14.913,-4.411,-13.539,-23.242,-46.505,-39.268,-17.667,-30.057,-50.969,-31.703,-4.461,-13.047,-1.938,-17.185,-43.115,-51.132,-34.204,-21.871,-7.713,-28.684,-6.949,-24.831,-21.091,-21.886,-25.858,-18.11,-15.478,-25.084,-32.023,-47.233,-47.737,-19.982,-16.391,-19.94,-19.107,-34.435,-25.549,-64.389,-40.709,-28.064,-33.18,-53.084,-45.632,-34.755,-49.755,-33.161,-13.511,-15.837,-71.284,-29.408,-36.238,-11.865,-12.405,-12.221,-7.042,-28.468,-11.234,-26.645,-24.233,-22.32,-23.125,-40.527,-35.171,-29.561,-47.252,-27.212,-24.649,-20.87,-13.367,-20.528,-45.62,-64.101,-44.496,-38.084,-64.743,-27.374,-29.571,-46.543,-60.398,-55.012,-4.403,-8.248,-54.095,-20.004,-55.178,-9.356,-39.309,8.103,-16.919,-10.795,-14.135,-27.063,-23.852,-27.65,-26.269,-61.71
-6.65,-16.425,4.799,-7.184,9.187,0.558,-1.976,-3.642,-41.242,-24.399,-3.978,-17.606,-3.298,10.379,-31.292,-5.741,-21.179,-1.649,-18.361,-31.112,-21.748,-44.752,-25.706,-12.182,-3.986,-17.263,-17.952,-5.705,-22.749,-29.044,-6.722,-46.56,-22.165,-2.285,-5.862,-28.771,-19.207,-3.138,0.517,-34.752,-14.245,-20.229,-27.739,-20.424,-33.534,-14.492,-4.233,-10.605,-7.017,-18.341,-9.486,-13.985,-18.136,-10.997,-12.993,-39.553,-38.563,-27.965,-25.568,-8.129999999,-29.426,-33.682,-19.042,-13.399,-6.134,-41.918,-22.318,-24.736,-7.778,-7.678000001,-54.136,-22.886,-34.233,-16.386,-38.013,-9.01,-6.929,-20.965,-31.745,-22.927,-14.052,-16.159,-44.056,-26.553,-31.691,-9.658,-14.784,-46.845,-30.882,-12.961,-10.312,-25.999,-54.518,-20.799,-43.72,-12.294,-8.456,-23.635,-26.454,-17.646,-29.639,-38.003,-27.53,-24.461,-15.148,-4.521,-13.594,-24.237,-47.435,-39.834,-18.547,-30.577,-51.879,-33.224,-4.875,-13.793,-1.524,-16.525,-43.938,-53.382,-35.995,-22.788,-8.942999999,-28.064,-6.174,-24.182,-21.587,-22.23,-26.268,-18.586,-15.96,-25.485,-32.262,-47.574,-48.27,-19.657,-16.697,-20.291,-19.472,-34.641,-25.985,-65.39,-40.998,-28.467,-34.025,-54.131,-46.833,-35.61,-50.419,-34.276,-13.151,-15.37,-72.146,-31.112,-36.539,-12.857,-12.244,-12.241,-6.343,-28.295,-11.786,-27.21,-24.733,-22.664,-23.7,-41.117,-35.784,-29.833,-47.242,-27.299,-24.723,-21.57,-13.851,-20.715,-46.935,-64.614,-45.036,-38.417,-64.827,-29.114,-31.442,-47.357,-61.212,-56.737,-4.314,-7.740000001,-54.985,-21.415,-56.535,-9.684,-39.806,8.554,-16.873,-10.991,-14.801,-27.742,-24.366,-27.987,-26.468,-62.383
-6.232,-15.797,4.809,-7.116,8.876,0.607,-2.336,-4.258,-41.32,-24.619,-4.103,-17.456,-3.62,10.568,-31.696,-6.196,-21.476,-1.716,-18.408,-31.166,-22.09,-45.48,-26.439,-12.058,-4.444,-16.754,-17.88,-5.742,-22.662,-28.997,-7.343,-47.287,-22.331,-2.562,-6.489,-28.677,-19.319,-3.081,0.269,-35.544,-14.302,-20.562,-27.918,-20.781,-33.924,-14.873,-5.013,-9.989,-7.275,-18.317,-9.549,-14.738,-18.662,-10.966,-13.29,-41.02,-39.059,-28.053,-25.665,-9.338,-29.38,-33.61,-18.941,-13.38,-6.366,-42.343,-22.753,-25.039,-8.363,-7.032,-54.815,-24.317,-34.992,-16.013,-39.221,-9.298,-6.648,-21.05,-31.946,-22.985,-14.008,-16.59,-44.366,-26.971,-32.028,-10.852,-15.653,-47.658,-31.674,-13.332,-9.981,-26.054,-55.28,-22.098,-44.266,-12.556,-7.948,-23.84,-27.008,-17.573,-29.79,-38.367,-27.696,-24.278,-15.23,-4.576,-13.442,-24.957,-48.093,-40.371,-18.866,-30.75,-51.786,-34.079,-4.864,-13.735,-1.005,-16.232,-44.147,-54.832,-36.956,-23.164,-9.313000001,-27.593,-5.509,-23.998,-21.978,-22.406,-26.478,-19.074,-16.432,-25.874,-32.534,-48.036,-48.771,-19.384,-16.922,-20.609,-19.813,-34.803,-26.411,-65.994,-41.141,-28.387,-34.262,-54.34,-47.109,-35.553,-50.369,-34.07,-12.389,-15.3,-72.25,-32.105,-36.631,-13.215,-12.161,-12.515,-5.904,-28.467,-12.301,-27.553,-25.099,-23.005,-24.3,-41.705,-36.442,-30.062,-47.309,-27.421,-24.734,-21.643,-14.235,-21.075,-47.272,-64.644,-44.934,-38.593,-64.507,-30.235,-32.038,-47.376,-61.29,-57.278,-3.903,-7.617,-55.24,-22.205,-57.103,-9.763,-39.931,8.897,-16.979,-11.235,-15.37,-28.253,-24.815,-28.333,-26.637,-63.019
-5.964558701,-15.3907005,4.89742659,-7.091783625,8.604290107,0.55419513,-2.637222384,-4.847116831,-41.37713883,-24.72335531,-4.152476439,-17.3579299,-3.988495655,10.68135399,-32.09229407,-6.645495169,-21.74413185,-1.754326047,-18.37613812,-31.28171862,-22.42476551,-46.23213101,-27.13771897,-11.99199472,-4.805290332,-16.33390633,-17.80750512,-5.712674895,-22.64835195,-28.86511008,-7.996860801,-48.07425712,-22.44949823,-2.867500242,-6.97870264,-28.57721701,-19.48562015,-2.998136535,0.058615079,-36.19122283,-14.24846968,-20.91646266,-28.12417675,-20.92472429,-34.01500089,-15.16025062,-5.592103187,-9.606225944,-7.471981671,-18.33998935,-9.620733734,-15.37810956,-19.14498064,-10.96350519,-13.75916136,-42.04182725,-39.16568351,-28.0400627,-25.72390137,-10.28035223,-29.27401608,-33.46151551,-18.85902269,-13.30235353,-6.688560268,-42.73679613,-23.18076648,-25.30528318,-8.855958185,-6.559989168,-54.95204301,-25.34908383,-35.65168302,-15.75040585,-40.12519529,-9.484302557,-6.489220214,-21.12770297,-32.11939395,-23.02747968,-13.93102882,-17.0124025,-44.69695046,-27.37052834,-32.33624674,-12.10920529,-16.53499807,-48.19083152,-32.09266875,-13.4403432,-9.508166541,-26.24881942,-55.76293016,-23.12382697,-44.57151615,-12.52200314,-7.649115574,-24.0149619,-27.46904924,-17.49279447,-29.91674197,-38.68000285,-27.88057924,-24.06483248,-15.24582015,-4.603530201,-13.21584412,-25.53314475,-48.61729848,-40.88260532,-18.94509609,-30.78361341,-51.20204503,-34.6274776,-4.70655256,-13.38967852,-0.566890321,-16.1991622,-44.08914725,-55.89432288,-37.53630789,-23.35673855,-9.275910334,-27.25567648,-4.976375385,-24.13050598,-22.32394062,-22.50428891,-26.61662359,-19.55129893,-16.87611933,-26.25357189,-32.81461157,-48.55255048,-49.22364545,-19.16678863,-17.11318685,-20.91147094,-20.14214756,-35.00885714,-26.79815423,-66.42723115,-41.22829698,-28.11024693,-34.1476995,-54.16985848,-46.98356027,-35.17482296,-50.10253564,-33.35068152,-11.50574333,-15.47912781,-72.05498143,-32.78506816,-36.68173309,-13.35148066,-12.16551461,-12.9370275,-5.625309594,-28.85506307,-12.78351149,-27.80240213,-25.40662553,-23.35057465,-24.88360268,-42.29121374,-37.09708814,-30.26606059,-47.43336718,-27.5547725,-24.7165215,-21.43619851,-14.59911028,-21.522271,-47.10755716,-64.4276159,-44.47598968,-38.72379227,-63.97242814,-31.10249276,-32.08331333,-47.11855369,-61.15092867,-57.3205762,-3.463884205,-7.761110957,-55.22920642,-22.70575169,-57.35407058,-9.852909662,-39.9142582,9.151988502,-17.20195483,-11.59205867,-15.8779451,-28.68385042,-25.22239804,-28.67062614,-26.78346358,-63.62828116
-5.789865524,-15.10967874,5.024616388,-7.091673382,8.358317772,0.432336602,-2.900327405,-5.412643768,-41.41499926,-24.75344757,-4.132868434,-17.30154929,-4.369208328,10.73541696,-32.46735546,-7.084118055,-22.00160607,-1.802225846,-18.30235333,-31.44025325,-22.74848744,-46.97001571,-27.7999809,-11.98820586,-5.115630472,-16.00188028,-17.74526335,-5.650636882,-22.68007668,-28.68585624,-8.649033576,-48.8751941,-22.54079966,-3.20630266,-7.423143419,-28.50113673,-19.67567552,-2.906636194,-0.122446548,-36.73438274,-14.14019922,-21.27699212,-28.33858053,-20.92489936,-33.9873862,-15.45291715,-6.091345385,-9.374271091,-7.61721264,-18.39651501,-9.699966636,-15.93814064,-19.579394,-11.00119955,-14.33721872,-42.77466679,-39.07234589,-27.99205042,-25.80524195,-11.07202577,-29.16830938,-33.27280577,-18.79824628,-13.20533335,-7.056347145,-43.09238245,-23.60514756,-25.54728703,-9.286023325,-6.184086121,-54.73273846,-26.12122888,-36.2650605,-15.59772914,-40.86322187,-9.615792234,-6.425541161,-21.19792157,-32.27797853,-23.06258576,-13.84381312,-17.44006978,-45.03157443,-27.76490457,-32.6221837,-13.36758848,-17.39281397,-48.56045041,-32.28103284,-13.42830289,-9.00627847,-26.53863098,-56.08363416,-23.99737094,-44.73032201,-12.29314114,-7.476645922,-24.17460079,-27.86869986,-17.42275649,-30.03131113,-38.96630667,-28.08085369,-23.85013036,-15.2276244,-4.619814591,-12.96976941,-26.01104432,-49.06504096,-41.37202408,-18.90488274,-30.75679932,-50.34648204,-35.01294928,-4.505598856,-12.9288837,-0.245145366,-16.35966514,-43.90672113,-56.72975678,-37.86917067,-23.47305772,-9.003285316,-27.01834251,-4.545188209,-24.48372984,-22.64626577,-22.56067698,-26.73501638,-20.0142749,-17.29946836,-26.63221219,-33.10491681,-49.09568092,-49.63005392,-19.00752591,-17.28918567,-21.20410614,-20.46595177,-35.25896923,-27.14338717,-66.77698548,-41.29632753,-27.745672,-33.81440073,-53.80321829,-46.6587128,-34.66546416,-49.7668195,-32.39157126,-10.59698093,-15.8157453,-71.71480457,-33.29184819,-36.73682096,-13.39971262,-12.24155882,-13.43488584,-5.44357588,-29.38791464,-13.24118069,-28.00842283,-25.6914367,-23.70523198,-25.44523753,-42.87399222,-37.74476891,-30.46367929,-47.60234785,-27.69433814,-24.69956448,-21.09780298,-14.96463636,-22.01481517,-46.63577614,-64.06036249,-43.78808195,-38.82872947,-63.33226826,-31.85935394,-31.84336621,-46.76042606,-60.94774353,-57.08908603,-3.084573928,-8.080575934,-55.07893474,-23.05616426,-57.45247348,-10.0046185,-39.82288869,9.357225924,-17.50840311,-12.03852941,-16.34384745,-29.0723217,-25.60734834,-28.99854533,-26.92619845,-64.21835041
-5.709449626,-14.953016,5.182389125,-7.10040384,8.115958706,0.255684692,-3.122503766,-5.958695377,-41.43243584,-24.70680014,-4.040950936,-17.27314212,-4.745091152,10.74111246,-32.80473425,-7.515399294,-22.25034046,-1.865985562,-18.20149143,-31.63794755,-23.05553198,-47.66596883,-28.4097053,-12.04349444,-5.38480821,-15.77227084,-17.7063996,-5.568936426,-22.74691932,-28.46783791,-9.277730372,-49.66950086,-22.61346268,-3.588325774,-7.836758418,-28.45124797,-19.87890055,-2.817127973,-0.275675461,-37.17350308,-14.00150884,-21.62867358,-28.54960494,-20.82185195,-33.882837,-15.7781957,-6.549279648,-9.294619011,-7.711598435,-18.48531235,-9.789644774,-16.41839937,-19.96038414,-11.08304478,-14.99636366,-43.27936759,-38.86657227,-27.93914121,-25.93133496,-11.73991145,-29.06762262,-33.05831169,-18.76369715,-13.11065713,-7.463096344,-43.4062365,-24.03095202,-25.76447883,-9.651380095,-5.896541808,-54.21287641,-26.68249667,-36.86401796,-15.55520875,-41.47003952,-9.70389111,-6.43972469,-21.26276336,-32.42810337,-23.09196006,-13.75477796,-17.88436983,-45.35690842,-28.16408323,-32.88445024,-14.58158104,-18.20372852,-48.77327645,-32.26981454,-13.34692701,-8.520016083,-26.91438158,-56.29262993,-24.73298377,-44.75759738,-11.91575136,-7.400821569,-24.3239261,-28.21546791,-17.37890185,-30.14086833,-39.24058938,-28.29627364,-23.64843435,-15.1821045,-4.638718263,-12.72750265,-26.39076781,-49.44966114,-41.83939052,-18.77243144,-30.70564821,-49.29451428,-35.27135334,-4.307171803,-12.39631481,-0.052498801,-16.70333296,-43.65329422,-57.37379441,-37.94871871,-23.54016919,-8.542909559,-26.86965905,-4.195733103,-25.02156238,-22.94956836,-22.58671875,-26.85286289,-20.45854218,-17.70705693,-27.01609641,-33.41155651,-49.65239019,-49.98673498,-18.9178098,-17.45734381,-21.48620006,-20.78728143,-35.53748088,-27.44268174,-67.06621881,-41.35533459,-27.32608648,-33.3170333,-53.2993133,-46.19974967,-34.06954723,-49.40090322,-31.26117881,-9.706577678,-16.28078684,-71.27369701,-33.64824995,-36.80921822,-13.39431862,-12.38692712,-13.96069872,-5.324623833,-30.04604284,-13.67539883,-28.18529053,-25.96725943,-24.07238191,-25.98340683,-43.44925365,-38.38532362,-30.66876613,-47.81615928,-27.8390706,-24.70431504,-20.67966156,-15.33463213,-22.53757737,-45.91094533,-63.57305641,-42.90778849,-38.89568545,-62.65162641,-32.55057309,-31.38313894,-46.35079386,-60.72055959,-56.63124946,-2.799792149,-8.538045149,-54.82175189,-23.30187561,-57.43619926,-10.22577935,-39.66585341,9.549488002,-17.88392959,-12.55162419,-16.77082927,-29.42950494,-25.97957264,-29.31835505,-27.08375791,-64.78649253
-5.725028217,-14.92006106,5.362609536,-7.102716421,7.85508657,0.038457164,-3.300852801,-6.489375797,-41.42825396,-24.58082748,-3.873427441,-17.25902889,-5.099087861,10.70927476,-33.08778333,-7.942832481,-22.49223306,-1.951931975,-18.08832639,-31.87118566,-23.3402495,-48.29222775,-28.95076078,-12.15482827,-5.622520416,-15.65958832,-17.70406956,-5.480591968,-22.83865556,-28.21964067,-9.8611084,-50.43684136,-22.67602959,-4.023554871,-8.233903504,-28.4300633,-20.08503784,-2.740241736,-0.402475881,-37.50848331,-13.85670719,-21.95651258,-28.74562716,-20.65562703,-33.74284075,-16.16329888,-7.004380797,-9.369196439,-7.755861111,-18.60513791,-9.892724863,-16.81908501,-20.28307865,-11.21306009,-15.70884683,-43.61639947,-38.63580942,-27.91141871,-26.12453349,-12.31070032,-28.97668821,-32.8324318,-18.76042137,-13.04003328,-7.902581133,-43.67475916,-24.46298838,-25.9562693,-9.950078377,-5.689705907,-53.44775669,-27.08139135,-37.48041075,-15.62321838,-41.98039913,-9.759942869,-6.514674309,-21.32432835,-32.57610115,-23.11723654,-13.67234582,-18.35668297,-45.65995976,-28.57801602,-33.12164503,-15.70554016,-18.94497324,-48.83551335,-32.08910975,-13.24705925,-8.094086309,-27.36710641,-56.44031252,-25.34475742,-44.66831094,-11.43595963,-7.391985443,-24.46793834,-28.51782437,-17.3772672,-30.25256732,-39.5175198,-28.52629555,-23.47428758,-15.11591456,-4.674104979,-12.51276978,-26.67221299,-49.78451209,-42.28480434,-18.57471133,-30.66623964,-48.12109508,-35.43829293,-4.157304326,-11.8355033,-0.002101261,-17.22036045,-43.38237228,-57.86175252,-37.76863476,-23.58517289,-7.942336243,-26.79841997,-3.908474117,-25.70821284,-23.23842184,-22.59394478,-26.98984512,-20.87970059,-18.10386859,-27.41140111,-33.74117749,-50.20968065,-50.29016507,-18.90930535,-17.62498786,-21.7570355,-21.10899674,-35.82854954,-27.69190658,-67.31778554,-41.41551077,-26.88418722,-32.71023672,-52.71711525,-45.67179391,-33.43155869,-49.0437898,-30.02766934,-8.878422518,-16.84534878,-70.77580223,-33.87695148,-36.91188758,-13.3698678,-12.5995545,-14.46664492,-5.234477715,-30.81015328,-14.08753951,-28.34721279,-26.24791292,-24.45544077,-26.49660349,-44.01290928,-39.01903059,-30.89523293,-48.07503532,-27.9883434,-24.75197362,-20.2335133,-15.71215263,-23.07553833,-44.98713238,-62.99629647,-41.87206936,-38.91244828,-61.99551118,-33.22102924,-30.76734283,-45.93877203,-60.50947078,-55.99450718,-2.644328751,-9.096470509,-54.49011961,-23.48835056,-57.34314599,-10.52414044,-39.45201841,9.765499764,-18.31428051,-13.10865101,-17.16198026,-29.76647312,-26.34878337,-29.63164562,-27.27469876,-65.32997922
-5.838510183,-15.01042893,5.557174465,-7.08334475,7.55352508,-0.205159683,-3.432382268,-7.008780826,-41.40120806,-24.37283188,-3.626926807,-17.24554181,-5.414107651,10.65066711,-33.29960551,-8.369883539,-22.72916445,-2.066449946,-17.97758974,-32.13638683,-23.59697025,-48.82091487,-29.4069509,-12.31927578,-5.838392874,-15.678529,-17.75149513,-5.398609148,-22.94508091,-27.94983918,-10.37722626,-51.15682867,-22.73703261,-4.522057656,-8.628886621,-28.44012316,-20.2838281,-2.686631708,-0.504169647,-37.73909869,-13.7301002,-22.24538721,-28.91499267,-20.46608522,-33.60877651,-16.63547045,-7.495113443,-9.600379342,-7.750541334,-18.75476843,-10.0121791,-17.14029002,-20.54258719,-11.39532799,-16.44695699,-43.84594649,-38.46746387,-27.93897276,-26.40725405,-12.81092486,-28.90023585,-32.60953946,-18.79348929,-13.01520594,-8.368605944,-43.89426956,-24.90606664,-26.12201158,-10.18002912,-5.556018197,-52.49227359,-27.36597798,-38.14610191,-15.80226712,-42.42889218,-9.795231513,-6.633402802,-21.38471062,-32.72829403,-23.14004253,-13.60494198,-18.86841329,-45.9276903,-29.01666236,-33.33232431,-16.69367956,-19.59370823,-48.75315639,-31.76847278,-13.17947216,-7.773358405,-27.88791879,-56.57700347,-25.84654809,-44.47724167,-10.89974427,-7.420557597,-24.61163226,-28.78420164,-17.43392525,-30.37355973,-39.81176538,-28.77038171,-23.34226455,-15.03567892,-4.739874504,-12.34932834,-26.85510585,-50.08288039,-42.70833066,-18.33861763,-30.6746566,-46.90101685,-35.54911686,-4.102132688,-11.28990632,-0.107563389,-17.90129181,-43.14743886,-58.22880238,-37.32214343,-23.63510739,-7.248945059,-26.79353289,-3.664003387,-26.50814274,-23.51738385,-22.59386963,-27.16565387,-21.27333251,-18.49486659,-27.82430665,-34.1004358,-50.75455281,-50.53678543,-18.99375685,-17.79943427,-22.01588296,-21.43395228,-36.11633684,-27.88680769,-67.55446705,-41.48701682,-26.45261284,-32.04844983,-52.11543107,-45.13987428,-32.79591007,-48.73447689,-28.75899069,-8.156506351,-17.48065124,-70.26521222,-34.00043122,-37.05781084,-13.36090832,-12.87751157,-14.90480371,-5.139244917,-31.66113055,-14.47895958,-28.50838516,-26.54721709,-24.85783418,-26.98331042,-44.56086117,-39.6461652,-31.15699955,-48.37922648,-28.14152933,-24.8637736,-19.81105368,-16.10025508,-23.61368819,-43.91822971,-62.36051018,-40.71742711,-38.86670062,-61.42893243,-33.91555489,-30.06049617,-45.573462,-60.35457512,-55.22607532,-2.653065322,-9.719021259,-54.11642316,-23.66095,-57.21114725,-10.9075565,-39.19016489,10.04203236,-18.78532225,-13.68697839,-17.52035995,-30.09428685,-26.72468908,-29.94000106,-27.51758643,-65.84606781
-6.052,-15.224,5.758,-7.027,7.189,-0.461,-3.514,-7.521,-41.35,-24.08,-3.298,-17.219,-5.673,10.576,-33.423,-8.8,-22.963,-2.216,-17.884,-32.43,-23.82,-49.224,-29.762,-12.534,-6.042,-15.844,-17.862,-5.336,-23.056,-27.667,-10.804,-51.809,-22.805,-5.094,-9.036,-28.484,-20.465,-2.667,-0.582,-37.865,-13.646,-22.48,-29.046,-20.293,-33.522,-17.222,-8.06,-9.991,-7.696,-18.933,-10.151,-17.382,-20.734,-11.634,-17.183,-44.028,-38.449,-28.052,-26.802,-13.267,-28.843,-32.404,-18.868,-13.058,-8.855,-44.061,-25.365,-26.261,-10.339,-5.488,-51.401,-27.584,-38.893,-16.093,-42.85,-9.821,-6.779,-21.446,-32.891,-23.162,-13.561,-19.431,-46.147,-29.49,-33.515,-17.5,-20.127,-48.532,-31.337,-13.195,-7.603,-28.468,-56.753,-26.252,-44.199,-10.353,-7.457,-24.76,-29.023,-17.565,-30.511,-40.138,-29.028,-23.267,-14.948,-4.85,-12.261,-26.939,-50.358,-43.11,-18.091,-30.767,-45.709,-35.639,-4.188,-10.803,-0.383,-18.737,-43.002,-58.51,-36.602,-23.717,-6.51,-26.844,-3.443,-27.386,-23.791,-22.598,-27.4,-21.635,-18.885,-28.261,-34.496,-51.274,-50.723,-19.183,-17.988,-22.262,-21.765,-36.385,-28.023,-67.799,-41.58,-26.064,-31.386,-51.553,-44.669,-32.207,-48.512,-27.523,-7.585,-18.158,-69.786,-34.041,-37.26,-13.402,-13.219,-15.227,-5.005,-32.58,-14.851,-28.683,-26.879,-25.283,-27.442,-45.089,-40.267,-31.468,-48.729,-28.298,-25.061,-19.464,-16.502,-24.137,-42.758,-61.696,-39.48,-38.746,-61.017,-34.679,-29.327,-45.304,-60.296,-54.373,-2.861,-10.369,-53.733,-23.865,-57.078,-11.384,-38.889,10.416,-19.283,-14.264,-17.849,-30.424,-27.117,-30.245,-27.831,-66.332
-6.36712408,-15.55372236,5.956244264,-6.904228801,6.757936933,-0.717316616,-3.540059058,-8.024091628,-41.26819939,-23.70077725,-2.883283969,-17.16833215,-5.84573846,10.49305319,-33.43642771,-9.22585217,-23.17324855,-2.399323901,-17.82763463,-32.74970141,-24.00523288,-49.46585732,-29.97640561,-12.79920572,-6.235189766,-16.19084357,-18.0438892,-5.309664047,-23.16415051,-27.3967522,-11.10388833,-52.3508564,-22.90646551,-5.739732551,-9.448571909,-28.57783922,-20.61110081,-2.692887321,-0.629054949,-37.88788292,-13.63365193,-22.64781793,-29.13103365,-20.16260468,-33.53178539,-17.95153645,-8.716566624,-10.54557768,-7.601189678,-19.12633074,-10.30910072,-17.54180124,-20.85428716,-11.93723383,-17.88826948,-44.19718418,-38.66085775,-28.26836094,-27.33274025,-13.67526864,-28.8099543,-32.23162463,-18.99497047,-13.19306208,-9.352449118,-44.16614364,-25.84614265,-26.38339233,-10.43369207,-5.48106843,-50.23298657,-27.7805699,-39.73441203,-16.49222669,-43.25568158,-9.851986131,-6.937805699,-21.50870289,-33.07375872,-23.18987147,-13.55455287,-20.05371125,-46.3057667,-30.00618396,-33.67374238,-18.07913143,-20.52380909,-48.19732809,-30.81477391,-13.33819378,-7.64593407,-29.09459319,-57.00946653,-26.55350626,-43.84133474,-9.843792744,-7.473738267,-24.91881772,-29.24217672,-17.79252568,-30.67256456,-40.50888554,-29.30565664,-23.26274798,-14.86738233,-5.014466726,-12.28039064,-26.91201109,-50.62378493,-43.47859541,-17.86587303,-30.97977232,-44.62425531,-35.73849312,-4.44695475,-10.4350151,-0.858936463,-19.70207662,-43.00287715,-58.72835947,-35.5843127,-23.84579368,-5.775422573,-26.95022558,-3.23664809,-28.31109873,-24.06151542,-22.63060228,-27.71533604,-21.96392013,-19.27665584,-28.73060887,-34.93670393,-51.75206257,-50.84821951,-19.48563287,-18.1966605,-22.49250531,-22.09939504,-36.62274423,-28.09083389,-68.07154098,-41.71423112,-25.77009303,-30.7961378,-51.07545661,-44.31326547,-31.72436087,-48.43982857,-26.40285891,-7.229293239,-18.85059069,-69.38148957,-34.00608592,-37.5348277,-13.52101911,-13.6245965,-15.39469416,-4.815295672,-33.53964306,-15.1992084,-28.89170923,-27.25955514,-25.73870579,-27.86786362,-45.59103664,-40.87769912,-31.84824497,-49.11845943,-28.45859101,-25.36772749,-19.25371984,-16.92349183,-24.62018625,-41.57359061,-61.03515532,-38.2103893,-38.55635134,-60.83044547,-35.53323594,-28.63214726,-45.18290125,-60.39809771,-53.4877633,-3.320996931,-10.99931045,-53.36901183,-24.11474345,-56.9789388,-11.95750886,-38.56600864,10.89029621,-19.78452647,-14.82602045,-18.14689918,-30.76812273,-27.53546857,-30.55493832,-28.23968453,-66.78696595
-6.783,-15.964,6.14,-6.629,6.332,-0.972,-3.495,-8.492,-41.129,-23.239,-2.38,-17.093,-5.851,10.398,-33.302,-9.597,-23.25,-2.584,-17.85,-33.098,-24.155,-49.481,-29.918,-13.127,-6.389,-16.833,-18.285,-5.352,-23.274,-27.233,-11.178,-52.652,-23.14,-6.42,-9.776,-28.792,-20.676,-2.779,-0.606,-37.818,-13.742,-22.748,-29.179,-20.047,-33.719,-18.858,-9.398,-11.274,-7.51,-19.272,-10.474,-17.608,-20.908,-12.329,-18.53,-44.287,-39.155,-28.556,-28.029,-13.912,-28.807,-32.114,-19.209,-13.456,-9.839,-44.181,-26.362,-26.543,-10.507,-5.542,-49.066,-27.991,-40.609,-16.981,-43.568,-9.917,-7.109,-21.567,-33.299,-23.251,-13.622,-20.737,-46.396,-30.566,-33.835,-18.389,-20.771,-47.853,-30.187,-13.628,-8.035,-29.739,-57.351,-26.659,-43.385,-9.429,-7.451,-25.097,-29.448,-18.162,-30.868,-40.929,-29.638,-23.342,-14.84,-5.227,-12.475,-26.717,-50.897,-43.758,-17.726,-31.351,-43.744,-35.86,-4.853,-10.313,-1.63,-20.705,-43.22,-58.859,-34.18,-23.988,-5.106,-27.158,-3.078,-29.271,-24.322,-22.767,-28.145,-22.274,-19.662,-29.254,-35.44,-52.161,-50.924,-19.897,-18.426,-22.696,-22.412,-36.834,-28.06,-68.382,-41.948,-25.699,-30.428,-50.676,-44.083,-31.468,-48.679,-25.543,-7.239,-19.539,-69.092,-33.844,-37.912,-13.719,-14.104,-15.409,-4.624,-34.48,-15.496,-29.181,-27.715,-26.25,-28.243,-46.052,-41.458,-32.342,-49.517,-28.63,-25.819,-19.28,-17.383,-24.997,-40.486,-60.419,-37.018,-38.378,-60.962,-36.408,-28.045,-45.276,-60.822,-52.645,-4.157,-11.521,-53.041,-24.3,-56.939,-12.616,-38.274,11.331,-20.232,-15.395,-18.397,-31.145,-27.99,-30.905,-28.793,-67.218
-7.290424814,-16.40898423,6.292544187,-6.134289868,5.997858895,-1.210767779,-3.371323037,-8.89577018,-40.90900011,-22.71288078,-1.789718356,-17.0058648,-5.625383537,10.28839713,-32.99851265,-9.865765259,-23.08545069,-2.723626557,-17.97932621,-33.47221298,-24.27387159,-49.22897264,-29.4758333,-13.5379056,-6.467018317,-17.848551,-18.54899818,-5.492083967,-23.39964634,-27.25349168,-10.95523641,-52.58577252,-23.5922581,-7.083347252,-9.923138438,-29.18982381,-20.62924996,-2.922637295,-0.485984638,-37.68789838,-14.01051691,-22.789084,-29.20893398,-19.91607681,-34.142651,-19.95394638,-10.02205611,-12.13523444,-7.458934149,-19.30954125,-10.62813596,-17.58723095,-20.91526818,-12.81115411,-19.06430957,-44.2272052,-39.95491223,-28.862186,-28.88877321,-13.8635168,-28.84703872,-32.06478084,-19.53570125,-13.86861678,-10.28879247,-44.09396148,-26.9176147,-26.80583551,-10.62119383,-5.675440589,-48.01835852,-28.27652982,-41.46430607,-17.52225893,-43.69926949,-10.02008537,-7.301710177,-21.61539212,-33.58506804,-23.37000705,-13.79340194,-21.47246743,-46.43045806,-31.16411435,-34.033283,-18.42624978,-20.86613823,-47.61596016,-29.4739658,-14.06498252,-8.857567987,-30.36647546,-57.75519084,-26.48792761,-42.80104439,-9.172484772,-7.389596427,-25.3042165,-29.64569098,-18.70404013,-31.10338326,-41.39438891,-30.06216036,-23.50844262,-14.91042083,-5.476803673,-12.89939125,-26.32242477,-51.1976668,-43.88698765,-17.72112743,-31.90267557,-43.1692797,-36.01294922,-5.347553291,-10.54935415,-2.756208492,-21.63934107,-43.69427092,-58.86308394,-32.3417577,-24.07025172,-4.576673362,-27.53252608,-2.997863805,-30.23800315,-24.56847875,-23.07435768,-28.70837469,-22.58244552,-20.03136514,-29.84681415,-36.01577836,-52.4772741,-50.97372287,-20.40490295,-18.67392795,-22.86896805,-22.68083416,-37.04237408,-27.91716081,-68.73509842,-42.35140591,-25.96775693,-30.43936176,-50.34965493,-43.9826964,-31.55666641,-49.38426601,-25.08452299,-7.722543653,-20.20152663,-68.92282749,-33.49892015,-38.37714005,-13.9575222,-14.66958305,-15.26499533,-4.468510676,-35.33580037,-15.72113925,-29.58844217,-28.26268677,-26.83453463,-28.55430542,-46.46422413,-41.98966454,-32.97806299,-49.88806601,-28.82902441,-26.43022129,-19.61933328,-17.89505014,-25.21970344,-39.63706526,-59.90403525,-36.02480306,-38.31144352,-61.49921239,-37.22051048,-27.64498492,-45.63208186,-61.71276848,-51.9238169,-5.434561107,-11.84223179,-52.75255152,-24.29634516,-56.96187713,-13.32158546,-38.09142902,11.61219009,-20.54156935,-15.98552336,-18.58778031,-31.56703554,-28.48666447,-31.32845673,-29.5215233,-67.63731191
-7.849,-16.83,6.381,-5.486,5.827,-1.361,-3.204,-9.219,-40.619,-22.193,-1.131,-16.963,-5.229,10.179,-32.589,-10.039,-22.67,-2.747,-18.169,-33.844,-24.369,-48.8,-28.717,-14.074,-6.434,-19.092,-18.723,-5.73,-23.582,-27.403,-10.538,-52.129,-24.23,-7.669,-9.861,-29.752,-20.532,-3.048,-0.325,-37.611,-14.421,-22.806,-29.264,-19.785,-34.742,-21.161,-10.529,-12.878,-7.42,-19.237,-10.746,-17.569,-20.951,-13.281,-19.407,-44.034,-40.998,-29.101,-29.778,-13.577,-28.97,-32.06,-19.941,-14.386,-10.673,-43.982,-27.482,-27.243,-10.88,-5.866,-47.352,-28.812,-42.358,-18.022,-43.613,-10.052,-7.552,-21.656,-33.921,-23.54,-14.051,-22.225,-46.501,-31.778,-34.313,-18.34,-20.842,-47.577,-28.872,-14.601,-9.947,-30.934,-58.128,-26.091,-42.049,-9.157,-7.365,-25.55,-29.838,-19.366,-31.368,-41.875,-30.597,-23.732,-15.085,-5.751,-13.521,-25.845,-51.556,-43.829,-17.82,-32.591,-42.998,-36.213,-5.799,-11.13,-4.093,-22.405,-44.337,-58.694,-30.256,-23.908,-4.308,-28.171,-2.976,-31.105,-24.818,-23.536,-29.358,-22.905,-20.378,-30.492,-36.635,-52.706,-51.056,-20.98,-18.933,-23.048,-22.919,-37.332,-27.738,-69.125,-43.003,-26.572,-30.946,-50.151,-44.037,-32.043,-50.587,-25.093,-8.538,-20.8,-68.742,-32.958,-38.726,-14.067,-15.335,-14.895,-4.25,-36.054,-15.907,-30.09,-28.875,-27.463,-28.821,-46.858,-42.479,-33.699,-50.196,-29.107,-27.127,-20.216,-18.447,-25.356,-39.198,-59.6,-35.344,-38.464,-62.486,-37.93,-27.549,-46.218,-63.054,-51.399,-6.914,-11.902,-52.468,-24.047,-56.976,-13.949,-38.164,11.777,-20.561,-16.547,-18.746,-32.017,-29.016,-31.824,-30.356,-68.07
-8.412327937,-17.1736945,6.380800841,-4.785444409,5.873470364,-1.359843941,-3.036622755,-9.453191481,-40.26689611,-21.75982239,-0.429824739,-17.03059749,-4.757781336,10.08710588,-32.15041206,-10.13937897,-22.03111028,-2.618447877,-18.36583803,-34.17169422,-24.45302477,-48.32155471,-27.76693338,-14.76261094,-6.274421462,-20.36980754,-18.70591942,-6.05466284,-23.85352868,-27.61079249,-10.06330695,-51.32641807,-24.98778777,-8.13821613,-9.56774891,-30.42293643,-20.46400802,-3.078552802,-0.194967124,-37.70191004,-14.94454389,-22.85118002,-29.3926095,-19.66408242,-35.4228271,-22.37119505,-10.89189617,-13.25176165,-7.363954269,-19.07448107,-10.80708738,-17.64889787,-21.09926671,-13.6455166,-19.50832651,-43.74030778,-42.1835648,-29.20755807,-30.54630022,-13.15305671,-29.20929566,-32.06988842,-20.37661804,-14.95464895,-10.96636325,-43.93012023,-28.03077376,-27.90808574,-11.3758538,-6.107683429,-47.27922916,-29.73009426,-43.35349541,-18.38897194,-43.31152361,-9.902891384,-7.889256118,-21.69272604,-34.29260513,-23.74323556,-14.37097848,-22.96679586,-46.70415693,-32.39448411,-34.71377305,-18.30119052,-20.74085663,-47.79901905,-28.56568151,-15.17406534,-11.09638313,-31.41910721,-58.37275934,-25.56266784,-41.12203986,-9.41736048,-7.473257653,-25.84094701,-30.03018193,-20.08409269,-31.6522814,-42.33668545,-31.25909164,-23.97888012,-15.36259019,-6.045079158,-14.29973662,-25.42562225,-52.00393428,-43.58327126,-17.99076842,-33.36353927,-43.28299946,-36.46572862,-6.087427335,-11.99201462,-5.457791637,-22.93182881,-45.03757514,-58.33913522,-28.16640863,-23.33632513,-4.384344344,-29.13328861,-2.994301289,-31.76396158,-25.08781913,-24.11474547,-30.03792774,-23.25467476,-20.70512275,-31.16576559,-37.25843816,-52.85595627,-51.23089254,-21.59227151,-19.19088036,-23.28074646,-23.16175484,-37.79226937,-27.60749604,-69.54919453,-43.94588373,-27.4737767,-31.99987776,-50.13184336,-44.26736517,-32.93924141,-52.25062748,-25.57152702,-9.48969078,-21.31440097,-68.42656999,-32.24352671,-38.75496047,-13.89185885,-16.09275497,-14.2691154,-3.877475239,-36.60032391,-16.0958514,-30.65291182,-29.51845645,-28.09691521,-29.07703457,-47.2698131,-42.93501417,-34.43338807,-50.41414387,-29.51795036,-27.81590739,-20.98828124,-19.0321857,-25.50719894,-39.29573825,-59.59402991,-35.05521798,-38.92458565,-63.92600035,-38.53254746,-27.86487634,-46.98795184,-64.76490368,-51.12477483,-8.324297749,-11.68946874,-52.17202768,-23.53664417,-56.91504855,-14.37749323,-38.59360828,11.87935702,-20.1778364,-17.02037442,-18.90672163,-32.48123792,-29.56837763,-32.38774483,-31.21810474,-68.54503679
-8.941,-17.421,6.317,-4.143,6.136,-1.242,-2.905,-9.609,-39.815,-21.481,0.275,-17.272,-4.328,10.023,-31.732,-10.199,-21.247,-2.47,-18.565,-34.386,-24.558,-47.94,-26.807,-15.55,-6.051,-21.519,-18.521,-6.439,-24.186,-27.877,-9.634,-50.392,-25.791,-8.55,-8.985,-31.084,-20.488,-3.008,-0.149,-37.999,-15.567,-23.021,-29.64,-19.499,-36.076,-23.449,-11.193,-13.22,-7.321,-18.872,-10.819,-17.864,-21.426,-13.955,-19.497,-43.36,-43.344,-29.235,-31.11,-12.746,-29.545,-32.079,-20.797,-15.553,-11.161,-43.967,-28.602,-28.779,-12.114,-6.452,-47.669,-30.88,-44.427,-18.6,-42.902,-9.574,-8.289,-21.729,-34.702,-23.95,-14.753,-23.726,-47.076,-33.055,-35.246,-18.416,-20.608,-48.259,-28.516,-15.715,-12.19,-31.89,-58.454,-25.042,-40.16,-9.777,-7.818,-26.172,-30.24,-20.833,-31.968,-42.755,-32.074,-24.234,-15.75,-6.39,-15.252,-25.154,-52.57,-43.268,-18.28,-34.199,-43.899,-36.73,-6.213,-13.002,-6.719,-23.264,-45.727,-57.93,-26.313,-22.381,-4.699,-30.297,-3.094,-32.183,-25.375,-24.775,-30.725,-23.635,-21.053,-31.85,-37.845,-52.922,-51.529,-22.226,-19.421,-23.619,-23.498,-38.473,-27.559,-70.029,-45.072,-28.621,-33.438,-50.273,-44.662,-34.161,-54.189,-26.347,-10.416,-21.814,-68.027,-31.476,-38.453,-13.464,-16.849,-13.573,-3.428,-37.004,-16.317,-31.271,-30.181,-28.708,-29.383,-47.723,-43.353,-35.14,-50.551,-30.092,-28.417,-21.882,-19.695,-25.794,-39.85,-59.829,-35.111,-39.701,-65.704,-39.13,-28.626,-47.927,-66.668,-51.077,-9.574,-11.365,-51.97,-22.849,-56.809,-14.592,-39.239,11.848,-19.509,-17.378,-19.1,-32.99,-30.149,-33.04,-32.093,-69.094
-9.399117267,-17.56867074,6.227348444,-3.647949208,6.58188589,-1.065456099,-2.84107975,-9.70145327,-39.2363731,-21.40188133,0.941018761,-17.72432782,-4.038134538,9.990565896,-31.37721295,-10.25043306,-20.41605642,-2.422196621,-18.76119341,-34.43158595,-24.71178289,-47.76446808,-26.01830475,-16.36257762,-5.830134866,-22.39778061,-18.22169064,-6.846162989,-24.53438089,-28.20971765,-9.329187785,-49.55150841,-26.57059751,-8.992757055,-8.077064377,-31.61467186,-20.63961824,-2.85496171,-0.222719896,-38.49914648,-16.26519194,-23.39091426,-30.04503988,-19.23918303,-36.61988364,-24.30087673,-11.5415724,-12.81674418,-7.326626995,-18.67702681,-10.80123936,-18.22897265,-21.96855455,-14.29625019,-19.51186129,-42.92139519,-44.32169151,-29.25111289,-31.4254637,-12.50163795,-29.93556733,-32.08216059,-21.16332124,-16.15530008,-11.25747763,-44.10721057,-29.23079226,-29.80340723,-13.05914309,-6.946355162,-48.3172861,-32.06911474,-45.53161086,-18.67154377,-42.52670928,-9.107012953,-8.701175435,-21.76957764,-35.15064393,-24.13517496,-15.19194422,-24.5219784,-47.63109139,-33.79920897,-35.90341448,-18.75617604,-20.48467699,-48.89891527,-28.63661987,-16.15885197,-13.14970922,-32.4267122,-58.37459763,-24.66702476,-39.32089945,-10.04523449,-8.469948577,-26.5342515,-30.48508359,-21.59121972,-32.32699563,-43.11311221,-33.04487016,-24.48628396,-16.24587602,-6.811288424,-16.37522364,-25.08852306,-53.26462658,-43.01890331,-18.74870155,-35.08842258,-44.7059442,-36.95563413,-6.214631227,-14.02578815,-7.788516467,-23.4860959,-46.35554683,-57.60960926,-24.89508631,-21.14124394,-5.120900701,-31.49953644,-3.301603396,-32.38514348,-25.6734976,-25.48142397,-31.40328913,-24.04786003,-21.45727419,-32.52912411,-38.36058843,-52.90876604,-51.96185047,-22.86639,-19.60116191,-24.10344241,-24.00642164,-39.39270527,-27.61114252,-70.58500919,-46.25663776,-29.96423561,-35.07328452,-50.55028033,-45.18376573,-35.58810964,-56.1880507,-27.22775593,-11.19204554,-22.37786038,-67.62274651,-30.78907214,-37.87631215,-12.87334873,-17.50176887,-13.01334248,-2.990388451,-37.30769623,-16.59358584,-31.94066814,-30.85548907,-29.26904804,-29.7940609,-48.23015398,-43.73040057,-35.79050536,-50.62734875,-30.83608258,-28.87362541,-22.84820203,-20.46958939,-26.31318614,-40.72595776,-60.223933,-35.43816218,-40.78221373,-67.66441408,-39.8222933,-29.8036487,-49.01140074,-68.5846455,-51.22014666,-10.6329625,-11.10682014,-51.96898076,-22.09025196,-56.70254177,-14.6036065,-39.91633345,11.61791064,-18.71322784,-17.60455368,-19.35258914,-33.57501788,-30.76595317,-33.79132701,-32.97418312,-69.73492429
-9.758,-17.643,6.151,-3.296,7.107,-0.884,-2.869,-9.744,-38.593,-21.491,1.524,-18.322,-3.895,9.975,-31.134,-10.319,-19.667,-2.382,-18.899,-34.337,-24.906,-47.736,-25.525,-17.128,-5.615,-22.919,-17.859,-7.216,-24.847,-28.578,-9.167,-48.909,-27.289,-9.575,-6.937,-31.95,-20.863,-2.668,-0.4,-39.109,-16.965,-23.908,-30.624,-18.914,-37.098,-25.029,-12.046,-12.147,-7.378,-18.497,-10.793,-18.727,-22.668,-14.759,-19.554,-42.53,-45.066,-29.265,-31.543,-12.478,-30.306,-32.101,-21.461,-16.687,-11.273,-44.365,-29.878,-30.883,-14.1,-7.564,-49.07,-33.22,-46.615,-18.711,-42.364,-8.595,-9.027,-21.825,-35.621,-24.304,-15.64,-25.283,-48.358,-34.605,-36.642,-19.32,-20.393,-49.606,-28.874,-16.465,-13.957,-33.066,-58.23,-24.527,-38.689,-10.186,-9.36,-26.915,-30.77,-22.314,-32.72,-43.415,-34.076,-24.722,-16.808,-7.277,-17.534,-25.213,-54.029,-42.923,-19.437,-36.041,-45.682,-37.103,-6.167,-14.996,-8.702,-23.731,-46.909,-57.423,-23.952,-19.821,-5.612,-32.599,-3.525,-32.538,-25.985,-26.198,-32.053,-24.498,-21.898,-33.192,-38.801,-52.874,-52.494,-23.488,-19.741,-24.726,-24.671,-40.484,-27.775,-71.211,-47.459,-31.478,-36.836,-50.99,-45.727,-37.053,-58.071,-28.123,-11.806,-23.035,-67.236,-30.271,-37.158,-12.255,-18.003,-12.666,-2.533,-37.545,-16.937,-32.642,-31.533,-29.747,-30.317,-48.774,-44.087,-36.378,-50.678,-31.688,-29.209,-23.831,-21.298,-27.046,-41.777,-60.746,-35.986,-42.162,-69.608,-40.596,-31.194,-50.151,-70.428,-51.551,-11.537,-10.994,-52.162,-21.358,-56.603,-14.423,-40.514,11.275,-17.889,-17.703,-19.683,-34.23,-31.424,-34.589,-33.825,-70.429
-9.995897234,-17.67269838,6.115062497,-3.066670229,7.601654106,-0.738957121,-3.000608597,-9.748613943,-37.96020606,-21.69345868,1.989852922,-18.97103635,-3.880864013,9.963260428,-31.03493645,-10.42552283,-19.10894156,-2.234778763,-18.9262287,-34.14627762,-25.1236014,-47.76162377,-25.40154208,-17.76830238,-5.403667067,-23.04390299,-17.48539157,-7.496543719,-25.07731089,-28.94646492,-9.145765991,-48.53473485,-27.90418595,-10.37481702,-5.691346647,-32.06803092,-21.09378662,-2.498204995,-0.646866551,-39.72203318,-17.59931296,-24.49952306,-31.38978514,-18.58350243,-37.5729641,-25.74315528,-12.78801334,-11.35215893,-7.456202623,-18.33491428,-10.8297082,-19.32350501,-23.44665259,-15.39690701,-19.60098545,-42.30062117,-45.57009285,-29.28359419,-31.53616214,-12.70385754,-30.58904557,-32.15697107,-21.68407942,-17.07923312,-11.23745315,-44.74219989,-30.49093441,-31.91555369,-15.12249318,-8.25918376,-49.78240712,-34.28015202,-47.63767346,-18.82846525,-42.56096667,-8.121913874,-9.172747868,-21.9024659,-36.09069813,-24.46556008,-16.04462116,-25.93303079,-49.22827973,-35.43019736,-37.40884195,-20.07494367,-20.35306713,-50.26158727,-29.18090442,-16.61142251,-14.61814655,-33.82532353,-58.1330781,-24.68421337,-38.30281629,-10.21027147,-10.37765056,-27.30067432,-31.09136618,-22.95301933,-33.12724211,-43.66510749,-35.0545617,-24.92921938,-17.38480058,-7.748046891,-18.58713021,-25.48511286,-54.79282597,-43.0357827,-20.35023739,-37.04515264,-46.80252034,-37.14829782,-6.143018811,-15.88491252,-9.521998079,-24.12729447,-47.39309237,-57.39170701,-23.47707586,-18.64727573,-6.161818379,-33.48513203,-3.65417336,-32.78831578,-26.31206694,-26.88755978,-32.65528591,-24.98176644,-22.34466673,-33.82561082,-39.16794792,-52.87510182,-53.0742203,-24.06553707,-19.85507852,-25.46001255,-25.4493532,-41.65780894,-28.04561115,-71.89228526,-48.64156289,-33.12122736,-38.65952955,-51.63109046,-46.1909485,-38.38707907,-59.7033763,-28.98968691,-12.28241901,-23.80381286,-66.89294444,-29.97912276,-36.44700699,-11.74536377,-18.32644639,-12.5450812,-2.015581221,-37.73635349,-17.34794231,-33.34717052,-32.20146237,-30.11662203,-30.93660798,-49.32795074,-44.44050685,-36.89858285,-50.73633302,-32.57074093,-29.45831133,-24.77016444,-22.10758718,-27.93327987,-42.86109012,-61.36652659,-36.70188359,-43.80705406,-71.35469795,-41.41805763,-32.58284044,-51.24308265,-72.14449797,-52.07868615,-12.33544789,-11.07883843,-52.52384203,-20.74523093,-56.52028342,-14.08675356,-40.94789955,10.92841143,-17.11385636,-17.68035763,-20.09818747,-34.9322003,-32.12031557,-35.36995406,-34.60566067,-71.12364707
-10.112,-17.667,6.097,-2.968,8.005,-0.626,-3.206,-9.723,-37.378,-21.937,2.347,-19.566,-3.971,9.968,-31.046,-10.58,-18.742,-1.993,-18.854,-33.882,-25.349,-47.78,-25.58,-18.182,-5.237,-22.874,-17.162,-7.692,-25.206,-29.301,-9.245,-48.485,-28.325,-11.328,-4.473,-32.064,-21.325,-2.377,-0.909,-40.269,-18.18,-25.141,-32.364,-18.351,-38.059,-26.388,-13.743,-10.65,-7.516,-18.216,-10.912,-19.944,-24.248,-16.116,-19.674,-42.308,-45.896,-29.364,-31.478,-13.178,-30.782,-32.244,-21.837,-17.335,-11.215,-45.191,-31.037,-32.829,-16.077,-8.984,-50.297,-35.182,-48.617,-19.054,-43.103,-7.684,-9.114,-21.99,-36.537,-24.614,-16.377,-26.47,-50.171,-36.214,-38.153,-20.938,-20.396,-50.778,-29.502,-16.627,-15.18,-34.688,-58.174,-25.141,-38.091,-10.163,-11.386,-27.678,-31.427,-23.469,-33.508,-43.849,-35.898,-25.106,-17.928,-8.214,-19.503,-25.832,-55.509,-43.335,-21.375,-37.988,-47.913,-37.121,-6.173,-16.757,-10.296,-24.738,-47.858,-57.541,-23.438,-17.835,-6.777,-34.154,-3.626,-33.055,-26.653,-27.509,-33.199,-25.459,-22.78,-34.405,-39.457,-52.915,-53.635,-24.585,-19.946,-26.253,-26.288,-42.824,-28.361,-72.607,-49.696,-34.766,-40.372,-52.512,-46.563,-39.465,-61.083,-29.875,-12.679,-24.71,-66.693,-29.892,-35.879,-11.441,-18.48,-12.547,-1.484,-37.859,-17.796,-34.013,-32.838,-30.39,-31.598,-49.858,-44.778,-37.339,-50.816,-33.417,-29.625,-25.595,-22.859,-28.869,-43.866,-62.025,-37.502,-45.57,-72.845,-42.29,-33.889,-52.201,-73.722,-52.829,-13.066,-11.405,-53.07,-20.335,-56.512,-13.736,-41.172,10.63,-16.442,-17.542,-20.567,-35.631,-32.825,-36.093,-35.294,-71.768
-10.11110167,-17.62501284,6.067159335,-3.002026925,8.284186539,-0.533722427,-3.441777242,-9.673961961,-36.87219377,-22.1551688,2.618290833,-20.01499462,-4.130824183,10.00577158,-31.1163663,-10.78325936,-18.53736619,-1.71022934,-18.71358168,-33.56202308,-25.56681205,-47.74827533,-25.96596981,-18.2979601,-5.155593677,-22.55121879,-16.94139739,-7.822001371,-25.22084609,-29.63367097,-9.436432867,-48.7755284,-28.49261977,-12.34841453,-3.393695058,-32.05014535,-21.5599826,-2.325497696,-1.138947137,-40.69694727,-18.73617521,-25.81151592,-33.54638844,-18.30673973,-38.55051187,-26.89349353,-14.86722149,-10.22782323,-7.513292303,-18.1649484,-11.03282178,-20.51501276,-25.02733611,-16.80752701,-19.79132647,-42.58896435,-46.12063104,-29.56179233,-31.43237354,-13.86840902,-30.91132811,-32.35033751,-21.92996853,-17.47743606,-11.26746273,-45.65988479,-31.49533804,-33.57431929,-16.92846824,-9.689917683,-50.49161964,-35.87628524,-49.56530401,-19.38625901,-43.90680695,-7.26359817,-8.861724156,-22.07468502,-36.94117966,-24.7413315,-16.62230773,-26.90611605,-51.11305793,-36.89911236,-38.83308067,-21.81633931,-20.54932381,-51.09618158,-29.78825532,-16.55011159,-15.69424433,-35.61864823,-58.41162483,-25.86613202,-37.95814805,-10.08852876,-12.27731527,-28.03567404,-31.75332843,-23.83742048,-33.82627985,-43.95419816,-36.54523721,-25.25619071,-18.39740876,-8.667265915,-20.2728269,-26.18604984,-56.14730042,-43.79163791,-22.39087796,-38.74846087,-48.85046888,-37.06486625,-6.26682869,-17.68004723,-11.06395142,-25.57997306,-48.35232782,-57.88672526,-23.76917084,-17.53970869,-7.450972484,-34.63145264,-3.420104347,-33.23472513,-27.00173693,-28.02932331,-33.68118242,-25.89144728,-23.19317699,-34.90942566,-39.6688594,-52.98545578,-54.11513882,-25.03744423,-20.01613793,-27.04676878,-27.13205519,-43.89568191,-28.66105244,-73.33560277,-50.53741122,-36.27622663,-41.81354259,-53.65220243,-46.84640739,-40.20534618,-62.25773635,-30.83112247,-13.06423808,-25.75793497,-66.73300012,-29.96926021,-35.55481817,-11.40562366,-18.49383665,-12.54818275,-0.994392751,-37.89209648,-18.248401,-34.60026747,-33.42215639,-30.59493931,-32.24226097,-50.33716347,-45.0865706,-37.69102852,-50.92632113,-34.16856928,-29.71648417,-26.24934892,-23.52730572,-29.75483314,-44.70491005,-62.65934158,-38.30471608,-47.28274024,-74.06667623,-43.21111422,-35.06808105,-52.96647847,-75.18171085,-53.81941989,-13.7687332,-11.98359512,-53.80306597,-20.18540428,-56.62946207,-13.50924771,-41.1767432,10.4138528,-15.91641656,-17.30896465,-21.05254626,-36.27517995,-33.50378547,-36.7300964,-35.87841732,-72.3256049
-10.0,-17.525,6.017,-3.118,8.47,-0.468,-3.652,-9.609,-36.447,-22.322,2.842,-20.292,-4.293,10.083,-31.194,-11.01,-18.459,-1.478,-18.554,-33.207,-25.761,-47.666,-26.501,-18.191,-5.156,-22.24,-16.833,-7.912,-25.111,-29.94,-9.679,-49.273,-28.527,-13.404,-2.474,-32.09,-21.786,-2.343,-1.337,-40.981,-19.287,-26.456,-34.84,-18.445,-39.011,-27.296,-16.146,-10.074,-7.435,-18.182,-11.189,-21.007,-25.766,-17.451,-19.916,-43.068,-46.312,-29.876,-31.427,-14.649,-31.056,-32.469,-21.986,-17.539,-11.413,-46.132,-31.872,-34.165,-17.636,-10.328,-50.399,-36.403,-50.418,-19.778,-44.775,-6.875,-8.5,-22.159,-37.301,-24.846,-16.798,-27.237,-52.015,-37.461,-39.444,-22.628,-20.815,-51.241,-30.024,-16.407,-16.192,-36.541,-58.802,-26.753,-37.822,-9.995,-13.087,-28.37,-32.06,-24.084,-34.086,-43.995,-36.991,-25.397,-18.782,-9.083,-20.87,-26.531,-56.722,-44.427,-23.368,-39.274,-49.548,-37.028,-6.395,-18.643,-11.851,-26.55,-48.874,-58.403,-24.296,-17.69,-8.107,-34.957,-3.141,-33.363,-27.339,-28.452,-34.124,-26.285,-23.586,-35.347,-39.831,-53.088,-54.495,-25.423,-20.079,-27.786,-27.932,-44.8,-28.95,-74.075,-51.246,-37.57,-42.978,-54.995,-47.02,-40.66,-63.344,-31.84,-13.517,-26.859,-67.026,-30.173,-35.449,-11.611,-18.454,-12.462,-0.558,-37.866,-18.694,-35.101,-33.954,-30.785,-32.834,-50.774,-45.384,-37.976,-51.079,-34.794,-29.788,-26.746,-24.112,-30.57,-45.363,-63.233,-39.068,-48.808,-75.077,-44.137,-36.09,-53.579,-76.637,-55.017,-14.505,-12.703,-54.633,-20.264,-56.851,-13.43,-41.061,10.3,-15.558,-17.067,-21.533,-36.839,-34.132,-37.284,-36.372,-72.816
-9.796383279,-17.35483244,5.943914832,-3.254993032,8.599794264,-0.440157661,-3.79089022,-9.536035963,-36.10304342,-22.43971689,3.041349197,-20.39764564,-4.402586843,10.20604313,-31.23308211,-11.23057811,-18.47188147,-1.387213467,-18.42218107,-32.83323869,-25.9167699,-47.54475017,-27.13760841,-17.98060185,-5.22500234,-22.0962249,-16.82484528,-7.986060308,-24.87051959,-30.21847361,-9.932025395,-49.81359032,-28.57943201,-14.47003516,-1.728590348,-32.23815644,-21.98653004,-2.417345273,-1.514564391,-41.1081337,-19.843486,-27.01662839,-36.12482332,-18.73427726,-39.41945759,-27.66572848,-17.55666858,-10.13176783,-7.308667779,-18.25730509,-11.37326844,-21.40528918,-26.45262443,-18.04683611,-20.01283416,-43.63634952,-46.51337418,-30.27058073,-31.48985208,-15.38479152,-31.31763788,-32.59380454,-22.02991187,-17.55172629,-11.64734711,-46.59288128,-32.18008027,-34.62997267,-18.17043134,-10.85087511,-50.08636451,-36.80071604,-51.09433041,-20.17039302,-45.51219755,-6.564322466,-8.147916754,-22.24991755,-37.61706912,-24.92923328,-16.92763568,-27.46147622,-52.84559449,-37.88656558,-39.98668476,-23.3029183,-21.16841738,-51.25424871,-30.19752224,-16.23532627,-16.67486815,-37.37657876,-59.290833,-27.70369714,-37.64645057,-9.891230523,-13.86805983,-28.67875002,-32.34306437,-24.24889155,-34.30187619,-43.9955898,-37.25295945,-25.54500717,-19.07916119,-9.43648516,-21.27474957,-26.86405189,-57.25769995,-45.25533566,-24.29173662,-39.53835343,-49.97077321,-37.03774324,-6.535806081,-19.60967287,-12.65946552,-27.52425567,-49.4262243,-59.06980032,-24.85768964,-18.16548149,-8.677283919,-35.18435666,-2.922984613,-33.51524206,-27.64623174,-28.79325267,-34.54860315,-26.65456147,-23.96286626,-35.73255296,-39.97573243,-53.22407779,-54.7698324,-25.73916737,-20.14873928,-28.42164973,-28.64428621,-45.50018689,-29.23928992,-74.82304973,-51.92296589,-38.58551167,-43.8856736,-56.44418384,-47.05326322,-40.92704734,-64.43965216,-32.86659573,-14.11865518,-27.90884004,-67.56447672,-30.48112439,-35.52464172,-12.01957412,-18.45791709,-12.27257568,-0.196512325,-37.84821151,-19.12657648,-35.51986912,-34.4377791,-31.01361605,-33.35121737,-51.18413834,-45.69233447,-38.22129472,-51.28188657,-35.27520448,-29.89537111,-27.11588406,-24.61930691,-31.31047191,-45.84272755,-63.71732346,-39.76420687,-50.03102184,-75.94100485,-45.00198621,-36.94890704,-54.11995658,-78.18778235,-56.37356704,-15.34687368,-13.44573387,-55.47366236,-20.52948808,-57.15226088,-13.48981422,-40.94808219,10.2705056,-15.39945861,-16.91439978,-21.99225007,-37.30906797,-34.69215902,-37.76652163,-36.7970383,-73.2696741
-9.56,-17.162,5.848,-3.364,8.674,-0.466,-3.866,-9.464,-35.848,-22.583,3.164,-20.374,-4.487,10.391,-31.214,-11.424,-18.552,-1.488,-18.339,-32.437,-26.025,-47.402,-27.836,-17.82,-5.354,-22.219,-16.862,-8.057,-24.512,-30.476,-10.169,-50.26,-28.748,-15.497,-1.239,-32.562,-22.146,-2.512,-1.68,-41.085,-20.394,-27.459,-37.285,-19.135,-39.848,-28.102,-19.015,-10.361,-7.294,-18.365,-11.558,-21.711,-27.079,-18.591,-20.109,-44.164,-46.678,-30.625,-31.686,-15.999,-31.836,-32.717,-22.081,-17.537,-11.92,-47.003,-32.434,-34.998,-18.556,-11.218,-49.605,-37.014,-51.526,-20.504,-46.045,-6.473,-7.992,-22.357,-37.885,-24.997,-17.027,-27.608,-53.573,-38.176,-40.45,-23.808,-21.504,-51.162,-30.28,-16.131,-17.047,-38.079,-59.885,-28.73,-37.567,-9.825,-14.601,-28.958,-32.611,-24.38,-34.492,-43.993,-37.385,-25.701,-19.291,-9.721,-21.513,-27.185,-57.776,-46.212,-25.118,-39.552,-50.117,-37.034,-6.738,-20.522,-13.415,-28.416,-50.084,-59.932,-25.457,-18.875,-9.2,-35.411,-2.895,-33.788,-27.921,-29.084,-34.947,-27.007,-24.326,-36.079,-40.128,-53.385,-54.953,-25.964,-20.231,-28.927,-29.244,-46.09,-29.505,-75.565,-52.589,-39.288,-44.51,-57.821,-46.903,-41.157,-65.5,-33.878,-14.95,-28.833,-68.342,-30.932,-35.825,-12.648,-18.593,-12.211,-0.018,-38.004,-19.538,-35.881,-34.874,-31.308,-33.802,-51.576,-46.02,-38.449,-51.525,-35.621,-30.049,-27.394,-25.058,-31.962,-46.144,-64.09,-40.384,-50.897,-76.686,-45.699,-37.722,-54.741,-79.788,-57.83,-16.388,-14.193,-56.347,-20.995,-57.571,-13.667,-40.951,10.169,-15.542,-16.935,-22.422,-37.696,-35.186,-38.195,-37.188,-73.705
-9.355844119,-17.0106327,5.732420711,-3.412241706,8.686355756,-0.556907823,-3.900373232,-9.405893831,-35.68853459,-22.82484485,3.148794798,-20.27110771,-4.591314778,10.64508248,-31.13173384,-11.57477465,-18.67875166,-1.805559762,-18.3144669,-32.02175793,-26.08109795,-47.25271192,-28.55098439,-17.84515825,-5.545048379,-22.66812504,-16.88574589,-8.133506076,-24.06554021,-30.71718272,-10.37207763,-50.51044579,-29.09342593,-16.42992827,-1.073843774,-33.08680535,-22.25376015,-2.58550828,-1.838911288,-40.93384653,-20.92200533,-27.76360448,-38.23476792,-19.60621256,-40.37515572,-28.69160204,-20.42200082,-10.70961101,-7.548747744,-18.48121135,-11.71960169,-21.93342267,-27.63728646,-19.07535863,-20.24770923,-44.53948594,-46.74973484,-30.81195848,-32.07212732,-16.45724023,-32.70635253,-32.82819146,-22.15188541,-17.51239109,-12.1756585,-47.31969307,-32.64896057,-35.29824525,-18.82685172,-11.40753338,-49.01622337,-36.98247521,-51.68403969,-20.72089768,-46.33644097,-6.718207655,-8.188333537,-22.48477269,-38.09590487,-25.05373163,-17.10539486,-27.71033183,-54.16865111,-38.33708478,-40.82090291,-24.12104295,-21.72225026,-50.98366165,-30.26256812,-16.17949953,-17.20231983,-38.62224284,-60.58494136,-29.85035546,-37.72170369,-9.865056602,-15.25443199,-29.20682024,-32.87253492,-24.51825495,-34.6695854,-44.0160671,-37.44140655,-25.85715586,-19.42054443,-9.934615724,-21.61773915,-27.49573312,-58.29464178,-47.21067844,-25.8060227,-39.34872356,-50.03046903,-36.96601287,-7.056852131,-21.3360972,-14.04226088,-29.16956773,-50.91592063,-61.02298939,-26.11820159,-19.72834494,-9.743371113,-35.72661588,-3.14332158,-34.24923779,-28.16870229,-29.35178163,-35.30740082,-27.34292892,-24.67222739,-36.39273299,-40.30071207,-53.5562354,-55.05951697,-26.07511092,-20.32578308,-29.28497923,-29.71801566,-46.67967832,-29.72851808,-76.28756388,-53.23534259,-39.6698287,-44.84338548,-58.97626561,-46.56435165,-41.50669529,-66.46051862,-34.84198039,-16.05874818,-29.58577989,-69.33851126,-31.55291672,-36.38403743,-13.50913163,-18.92706955,-12.5157306,-0.119720354,-38.47763969,-19.91878904,-36.20787129,-35.26184529,-31.67886155,-34.19498819,-51.95353021,-46.36559315,-38.67291573,-51.78938678,-35.84533443,-30.24191743,-27.60645985,-25.43408545,-32.51135942,-46.27451426,-64.33743635,-40.92289101,-51.38738758,-77.33824876,-46.15874178,-38.50888355,-55.58096348,-81.36354323,-59.32533634,-17.68731077,-14.95245868,-57.28916224,-21.66184441,-58.1320156,-13.93853646,-41.16133876,9.833075029,-16.06046749,-17.19612967,-22.81544678,-38.01503644,-35.61744309,-38.58418363,-37.57280224,-74.13069634
-9.228,-16.972,5.61,-3.42,8.641,-0.702,-3.926,-9.39,-35.62,-23.159,2.975,-20.13,-4.749,10.93,-31.014,-11.681,-18.834,-2.305,-18.341,-31.64,-26.093,-47.096,-29.208,-18.089,-5.838,-23.402,-16.865,-8.219,-23.613,-30.929,-10.544,-50.579,-29.58,-17.217,-1.182,-33.656,-22.318,-2.601,-1.989,-40.72,-21.414,-27.948,-39.005,-20.109,-41.012,-29.442,-21.681,-11.06,-8.09,-18.606,-11.871,-22.099,-28.118,-19.48,-20.474,-44.747,-46.725,-30.762,-32.634,-16.837,-33.807,-32.908,-22.234,-17.491,-12.386,-47.513,-32.842,-35.562,-19.004,-11.466,-48.438,-36.721,-51.685,-20.77,-46.374,-7.224,-8.703,-22.615,-38.228,-25.093,-17.154,-27.794,-54.618,-38.395,-41.091,-24.227,-21.829,-50.728,-30.234,-16.366,-17.092,-39.03,-61.304,-31.0,-38.087,-10.125,-15.822,-29.438,-33.125,-24.669,-34.825,-44.048,-37.442,-25.987,-19.47,-10.077,-21.605,-27.804,-58.819,-48.157,-26.358,-39.019,-49.905,-36.908,-7.503,-22.087,-14.539,-29.817,-51.893,-62.265,-26.788,-20.609,-10.39,-36.146,-3.588,-34.831,-28.41,-29.596,-35.632,-27.646,-24.979,-36.656,-40.466,-53.71,-55.093,-26.068,-20.419,-29.495,-30.082,-47.315,-29.948,-76.996,-53.816,-39.806,-45.002,-59.962,-46.199,-42.106,-67.32,-35.727,-17.36,-30.207,-70.478,-32.266,-37.118,-14.546,-19.459,-13.207,-0.468,-39.231,-20.256,-36.502,-35.599,-32.097,-34.511,-52.31,-46.702,-38.879,-52.038,-35.956,-30.443,-27.74,-25.74,-32.96,-46.276,-64.475,-41.378,-51.57,-77.958,-46.505,-39.416,-56.657,-82.874,-60.802,-19.143,-15.739,-58.285,-22.429,-58.746,-14.289,-41.595,9.215,-16.854,-17.713,-23.164,-38.276,-35.98,-38.933,-37.941,-74.529
-9.198034036,-17.09945253,5.493148841,-3.422153127,8.542623513,-0.882597426,-3.972237126,-9.436144665,-35.62834778,-23.55793511,2.646804135,-19.98327926,-4.977801398,11.19964006,-30.89430803,-11.74515721,-19.00974209,-2.913189062,-18.41522092,-31.3486116,-26.07220363,-46.92939465,-29.73194015,-18.53501068,-6.259859537,-24.33415236,-16.78362757,-8.319292067,-23.24019072,-31.09841782,-10.69326946,-50.51506037,-30.14451638,-17.81106496,-1.474828444,-34.07776837,-22.35279151,-2.531710564,-2.13340501,-40.51920844,-21.86348881,-28.03958806,-39.65491187,-20.6147557,-41.74672223,-30.32313758,-22.70837981,-11.29315891,-8.873971564,-18.74822451,-12.03669069,-22.23849923,-28.51997336,-19.79294669,-20.82409571,-44.79587912,-46.61540317,-30.4415979,-33.33693585,-17.22733674,-34.97379801,-32.93854213,-22.31354862,-17.48445679,-12.53238021,-47.56792094,-33.03719976,-35.82477488,-19.11223559,-11.46257419,-47.98561453,-36.28146423,-51.68295262,-20.62320588,-46.17281076,-7.875213353,-9.442539912,-22.72661663,-38.26278839,-25.10908581,-17.16415463,-27.87831593,-54.91374873,-38.38106382,-41.2656668,-24.131574,-21.86317363,-50.41557317,-30.30567287,-16.66113967,-16.71249726,-39.34553037,-61.95627749,-32.09376846,-38.59393994,-10.70337115,-16.3180566,-29.66659032,-33.3661679,-24.82959138,-34.94627756,-44.06439282,-37.39865671,-26.06559964,-19.44526006,-10.15299732,-21.49175108,-28.11613571,-59.35635505,-48.97168123,-26.79263238,-38.66873836,-49.94883223,-36.95031842,-8.082980861,-22.83863932,-14.92186698,-30.42089903,-52.95550007,-63.55814977,-27.39763191,-21.41026946,-11.21463853,-36.64585285,-4.103847588,-35.44523545,-28.66758134,-29.81024141,-35.93053703,-27.90046663,-25.22808373,-36.85200875,-40.59066817,-53.82247802,-55.05858783,-25.94822992,-20.49650013,-29.57252597,-30.36336745,-48.02285671,-30.20362824,-77.70043202,-54.28562283,-39.80880155,-45.12070117,-60.85766725,-45.97869197,-43.04051251,-68.09836183,-36.51106112,-18.7431904,-30.75773979,-71.67237857,-32.97174226,-37.92137199,-15.68119299,-20.14142567,-14.22409267,-0.981717119,-40.17149871,-20.5407589,-36.76064015,-35.88870682,-32.5268224,-34.73094755,-52.6378622,-47.00129202,-39.04979012,-52.23818884,-35.96080924,-30.6189598,-27.77674976,-25.96771982,-33.31578886,-46.20243473,-64.53325204,-41.75615676,-51.55453618,-78.60610164,-46.90399091,-40.52821948,-57.94325041,-84.28690675,-62.21007602,-20.6252885,-16.57169054,-59.30432473,-23.17867323,-59.30056209,-14.6965681,-42.21988643,8.333101999,-17.77737869,-18.47018521,-23.4634528,-38.48827815,-36.26980783,-39.23998717,-38.27587669,-74.87766181
-9.218,-17.367,5.383,-3.459,8.388,-1.071,-4.049,-9.515,-35.673,-23.988,2.228,-19.839,-5.244,11.422,-30.797,-11.774,-19.236,-3.463,-18.568,-31.173,-26.032,-46.76,-30.075,-19.071,-6.748,-25.299,-16.658,-8.455,-22.997,-31.23,-10.831,-50.394,-30.71,-18.181,-1.832,-34.201,-22.377,-2.387,-2.305,-40.406,-22.289,-28.069,-40.241,-21.134,-42.543,-31.234,-23.471,-11.35,-9.752,-18.928,-12.251,-22.383,-28.877,-20.046,-21.297,-44.701,-46.441,-29.905,-34.135,-17.652,-36.089,-32.917,-22.377,-17.503,-12.608,-47.517,-33.285,-36.137,-19.205,-11.489,-47.707,-35.79,-51.837,-20.338,-45.835,-8.592,-10.264,-22.81,-38.208,-25.11,-17.146,-27.966,-55.064,-38.334,-41.401,-23.917,-21.891,-50.125,-30.582,-17.077,-16.186,-39.641,-62.546,-33.048,-39.153,-11.593,-16.815,-29.903,-33.607,-25.001,-35.035,-44.056,-37.326,-26.093,-19.368,-10.187,-21.316,-28.427,-59.934,-49.644,-27.152,-38.409,-50.278,-37.123,-8.831,-23.692,-15.211,-31.079,-54.018,-64.825,-27.894,-22.091,-12.246,-37.125,-4.55,-36.059,-28.957,-29.993,-36.229,-28.11,-25.438,-36.992,-40.661,-53.899,-54.979,-25.744,-20.558,-29.581,-30.608,-48.819,-30.487,-78.412,-54.639,-39.858,-45.286,-61.652,-45.949,-44.245,-68.837,-37.21,-20.127,-31.299,-72.841,-33.589,-38.719,-16.825,-20.81,-15.398,-1.519,-41.17,-20.784,-36.986,-36.158,-32.947,-34.864,-52.937,-47.258,-39.182,-52.393,-35.874,-30.752,-27.72,-26.121,-33.598,-46.123,-64.575,-42.102,-51.533,-79.312,-47.499,-41.837,-59.363,-85.568,-63.527,-22.053,-17.479,-60.308,-23.828,-59.705,-15.106,-42.887,7.357,-18.682,-19.381,-23.729,-38.665,-36.504,-39.518,-38.574,-75.163
-9.233669961,-17.72476584,5.280360787,-3.566654519,8.169868331,-1.228205266,-4.155696183,-9.577533104,-35.71045827,-24.40017524,1.790465244,-19.69589976,-5.512617916,11.56933426,-30.74453354,-11.77568845,-19.55416688,-3.782768871,-18.83218332,-31.13133545,-25.98708279,-46.59257874,-30.20846181,-19.56809468,-7.220177293,-26.1254014,-16.51345287,-8.643963186,-22.92498057,-31.33264238,-10.9663368,-50.28366715,-31.20438224,-18.30821686,-2.149248268,-33.92123266,-22.40669529,-2.184979308,-2.537612987,-40.44871653,-22.70878707,-28.06472849,-40.80906167,-21.68463755,-43.35073021,-32.06635168,-23.94922914,-11.20647106,-10.56818951,-19.16089735,-12.53453202,-22.55908063,-29.22681639,-20.28170332,-21.8673081,-44.48743279,-46.22313042,-29.22094077,-34.97927745,-18.12192656,-37.0545499,-32.84549577,-22.40879068,-17.54841769,-12.60892655,-47.40420432,-33.63961974,-36.54454544,-19.33619372,-11.62567936,-47.60976203,-35.37999459,-52.27832185,-20.01422414,-45.47375876,-9.309835921,-11.02641793,-22.85725411,-38.07616558,-25.10492111,-17.10848173,-28.05015498,-55.0708043,-38.29102352,-41.56628679,-23.67910981,-21.9650544,-49.92879871,-31.13500831,-17.63575968,-15.65806038,-39.98150312,-63.08392868,-33.78912578,-39.67555008,-12.75082274,-17.38271589,-30.15244449,-33.85716731,-25.18188105,-35.0924227,-44.01623237,-37.23246244,-26.07241303,-19.25152456,-10.20573615,-21.12048177,-28.7148481,-60.57656994,-50.18180299,-27.48592488,-38.3350826,-50.9486677,-37.41816374,-9.779941457,-24.72764982,-15.43068356,-31.87648536,-54.99920126,-65.9996514,-28.22921762,-22.63163556,-13.48026745,-37.48370657,-4.825111991,-36.63381424,-29.28497879,-30.14449612,-36.55495018,-28.28494575,-25.63204717,-37.09147481,-40.6699825,-53.95509764,-54.87549913,-25.49169445,-20.60220802,-29.58952639,-30.86162748,-49.70615701,-30.76948119,-79.13720358,-54.87447623,-40.12298031,-45.55107952,-62.31489308,-46.10868939,-45.60885281,-69.56739451,-37.84147745,-21.44698243,-31.88950496,-73.92059035,-34.04882582,-39.44259578,-17.89009723,-21.29496543,-16.54989503,-1.964042261,-42.09001144,-21.0009172,-37.17868718,-36.43657382,-33.33946976,-34.92671301,-53.20726629,-47.47248506,-39.27641875,-52.51260215,-35.7060348,-30.83010669,-27.57713305,-26.1977787,-33.81957354,-46.09024566,-64.66828889,-42.45982036,-51.69545747,-80.08048591,-48.39149286,-43.30292308,-60.82306657,-86.68530677,-64.73982657,-23.36964722,-18.48719182,-61.26340661,-24.31279174,-59.88695429,-15.46231482,-43.43537672,6.458075274,-19.42549263,-20.33956572,-23.97860929,-38.81634595,-36.70381656,-39.77961266,-38.83281329,-75.37452315
-9.235,-18.106,5.196,-3.759,7.873,-1.279,-4.269,-9.545,-35.712,-24.69,1.379,-19.54,-5.795,11.617,-30.761,-11.76,-20.013,-3.777,-19.214,-31.244,-25.956,-46.413,-30.153,-19.926,-7.605,-26.699,-16.379,-8.878,-23.068,-31.415,-11.098,-50.196,-31.589,-18.209,-2.418,-33.281,-22.442,-1.943,-2.839,-40.692,-23.115,-28.044,-41.365,-22.275,-44.089,-32.754,-24.128,-10.92,-11.242,-19.433,-12.843,-22.775,-29.588,-20.542,-22.449,-44.216,-45.98,-28.43,-35.82,-18.662,-37.805,-32.731,-22.385,-17.59,-12.531,-47.272,-34.144,-37.06,-19.533,-11.885,-47.607,-35.14,-53.021,-19.836,-45.16,-9.99,-11.646,-22.856,-37.873,-25.094,-17.037,-28.102,-54.897,-38.276,-41.833,-23.492,-22.056,-49.817,-31.913,-18.358,-15.243,-40.375,-63.517,-34.283,-40.097,-14.095,-18.023,-30.404,-34.108,-25.358,-35.105,-43.934,-37.099,-25.995,-19.06,-10.226,-20.946,-28.903,-61.278,-50.599,-27.852,-38.474,-51.869,-37.736,-10.929,-25.907,-15.619,-32.813,-55.86,-67.04,-28.361,-23.034,-14.829,-37.706,-5.002,-37.054,-29.63,-30.267,-36.926,-28.443,-25.816,-37.155,-40.618,-54.018,-54.746,-25.238,-20.61,-29.642,-31.151,-50.646,-30.99,-79.863,-54.965,-40.664,-45.884,-62.832,-46.395,-46.99,-70.26,-38.393,-22.677,-32.579,-74.91,-34.313,-40.021,-18.811,-21.522,-17.569,-2.366,-42.802,-21.204,-37.328,-36.741,-33.685,-34.937,-53.441,-47.646,-39.336,-52.6,-35.446,-30.849,-27.351,-26.161,-33.957,-46.075,-64.87,-42.835,-52.142,-80.849,-49.538,-44.856,-62.215,-87.618,-65.847,-24.569,-19.604,-62.173,-24.609,-59.826,-15.745,-43.773,5.664,-19.894,-21.234,-24.222,-38.937,-36.886,-40.022,-39.04,-75.506
-9.226896663,-18.45123924,5.136915275,-4.033751249,7.478234129,-1.154935066,-4.357982792,-9.353834295,-35.66367398,-24.75207226,1.031217186,-19.35811161,-6.110854398,11.55222577,-30.8615971,-11.73469568,-20.65000994,-3.410482063,-19.70347943,-31.51610229,-25.9572169,-46.2140297,-29.95116728,-20.07140243,-7.846754131,-26.95011946,-16.27718788,-9.142996928,-23.45231949,-31.49238538,-11.21950537,-50.12290194,-31.8291837,-17.92621822,-2.657640441,-32.3960058,-22.48067769,-1.679224288,-3.210072903,-41.14635752,-23.49086197,-28.02009479,-41.90496009,-22.91183581,-44.67843442,-33.25005901,-24.00831148,-10.58020141,-11.73500349,-19.71606919,-13.11494368,-23.0271908,-29.97913679,-20.85712373,-22.94817416,-43.9566085,-45.74106255,-27.59251942,-36.60632616,-19.27436195,-38.30890352,-32.58583316,-22.2868994,-17.59299205,-12.37076776,-47.16512421,-34.82358574,-37.67458608,-19.80639663,-12.25487157,-47.58412278,-35.13428246,-54.02398018,-19.97631933,-44.94366989,-10.6242932,-12.07870699,-22.80210546,-37.61302735,-25.07060347,-16.92091217,-28.08580524,-54.52521858,-38.31597132,-42.26308971,-23.42250415,-22.12348815,-49.7381364,-32.83170078,-19.261797,-15.02884921,-40.79822416,-63.79372808,-34.52773022,-40.38006261,-15.52215537,-18.70623051,-30.64000695,-34.34728713,-25.51438199,-35.06252249,-43.81304512,-36.90686238,-25.85233875,-18.7553682,-10.26130582,-20.82695287,-28.9153029,-62.01625407,-50.9341928,-28.2963015,-38.82282894,-52.88995152,-37.97027957,-12.25799384,-27.15971619,-15.81473796,-33.84048962,-56.5771654,-67.91821071,-28.27390139,-23.29687001,-16.19295216,-37.80449755,-5.191763316,-37.21867473,-29.95925716,-30.36726762,-37.35166867,-28.60599641,-25.99634683,-37.19221204,-40.52164258,-54.1176314,-54.58853572,-25.03361459,-20.56052707,-29.76812772,-31.48525788,-51.57989814,-31.090284,-80.55462521,-54.91188753,-41.48677699,-46.2428783,-63.19481349,-46.71921243,-48.23045508,-70.85929867,-38.84298652,-23.78921162,-33.38065166,-75.82361418,-34.37837271,-40.41508302,-19.54000553,-21.47616568,-18.3770695,-2.80530934,-43.20633457,-21.41144372,-37.42485333,-37.08437599,-33.96553657,-34.92094491,-53.64081607,-47.78688907,-39.36778024,-52.66064849,-35.09103128,-30.81359771,-27.05556191,-25.98677931,-33.99037311,-46.03233628,-65.20950536,-43.22018576,-52.90513075,-81.54931959,-50.851132,-46.40011461,-63.43233764,-88.34695986,-66.83745858,-25.64797567,-20.80510857,-63.05690838,-24.73182535,-59.55169333,-15.9431418,-43.85752857,4.954682439,-20.02467266,-21.95489843,-24.47498224,-39.02333332,-37.06754763,-40.23693401,-39.18499138,-75.56848448
-9.23,-18.747,5.085,-4.346,6.959,-0.851,-4.384,-9.031,-35.596,-24.533,0.783,-19.153,-6.467,11.407,-31.024,-11.698,-21.45,-2.815,-20.252,-31.889,-26.005,-46.035,-29.684,-20.011,-7.942,-26.932,-16.201,-9.427,-24.031,-31.607,-11.314,-50.032,-31.873,-17.575,-2.904,-31.529,-22.527,-1.416,-3.65,-41.709,-23.81,-28.002,-42.426,-23.605,-45.077,-33.543,-23.652,-10.325,-12.103,-19.954,-13.285,-23.283,-30.438,-21.211,-23.3,-43.78,-45.584,-26.877,-37.284,-19.856,-38.639,-32.439,-22.125,-17.539,-12.128,-47.139,-35.645,-38.327,-20.129,-12.693,-47.41,-35.374,-55.142,-20.479,-44.833,-11.301,-12.383,-22.729,-37.353,-25.01,-16.789,-27.96,-54.057,-38.464,-42.878,-23.53,-22.165,-49.557,-33.799,-20.356,-15.029,-41.16,-63.933,-34.612,-40.573,-16.881,-19.345,-30.832,-34.567,-25.646,-34.983,-43.721,-36.666,-25.65,-18.34,-10.322,-20.774,-28.733,-62.736,-51.319,-28.811,-39.327,-53.781,-38.081,-13.702,-28.407,-16.046,-34.805,-57.149,-68.64,-28.055,-23.386,-17.514,-37.823,-5.485,-37.164,-30.223,-30.468,-37.819,-28.805,-26.2,-37.244,-40.455,-54.283,-54.425,-24.935,-20.444,-29.966,-31.822,-52.409,-31.056,-81.11,-54.856,-42.487,-46.631,-63.403,-46.95,-49.14,-71.267,-39.164,-24.711,-34.17,-76.676,-34.352,-40.717,-20.079,-21.286,-18.959,-3.323,-43.317,-21.667,-37.478,-37.479,-34.169,-34.936,-53.858,-47.931,-39.393,-52.717,-34.692,-30.758,-26.754,-25.739,-33.951,-45.936,-65.617,-43.596,-53.836,-82.158,-52.212,-47.765,-64.392,-88.849,-67.651,-26.566,-21.956,-63.971,-24.814,-59.242,-16.05,-43.777,4.262,-19.932,-22.409,-24.786,-39.094,-37.271,-40.41,-39.274,-75.638
-9.271869574,-18.99636163,5.02747888,-4.648099646,6.298247012,-0.368768822,-4.307964193,-8.612486843,-35.55133209,-24.00718741,0.651068015,-18.92888885,-6.869728523,11.21460131,-31.21748647,-11.64663974,-22.38272053,-2.165498977,-20.80442539,-32.29279057,-26.11205763,-45.93180064,-29.43610301,-19.7819277,-7.9237167,-26.75661254,-16.13380935,-9.723053759,-24.73591908,-31.79719419,-11.36100169,-49.89558926,-31.68322044,-17.28062774,-3.190068915,-30.94224619,-22.58346972,-1.17287426,-4.155148046,-42.25388357,-24.04913451,-27.99313237,-42.92996143,-24.3714174,-45.27203838,-33.6465072,-23.14115961,-10.29090741,-12.4390452,-20.09806618,-13.3003957,-23.5125295,-30.99576667,-21.5775651,-23.46421387,-43.73841298,-45.5886384,-26.44506766,-37.82400784,-20.30448559,-38.88050838,-32.31554391,-21.91534557,-17.41970182,-11.80698008,-47.23769815,-36.55780098,-38.94637169,-20.46749077,-13.14935415,-46.98305048,-35.83615068,-56.2274124,-21.34874522,-44.81322371,-12.11188115,-12.640559,-22.67156918,-37.15259712,-24.88528213,-16.67524111,-27.69634253,-53.60853319,-38.75849483,-43.67491091,-23.84569314,-22.19173345,-49.13074512,-34.73107801,-21.63155066,-15.22046207,-41.36595523,-63.96761946,-34.63024996,-40.74028357,-18.04914928,-19.86484486,-30.95476971,-34.75742928,-25.74895854,-34.88560475,-43.72759005,-36.3929552,-25.39994436,-17.83309027,-10.41792824,-20.78285493,-28.35847886,-63.38502903,-51.87756149,-29.36863882,-39.9049934,-54.32348106,-38.04925296,-15.17952431,-29.5775974,-16.32963848,-35.55676183,-57.59522669,-69.22959141,-27.80936259,-23.27492144,-18.76265414,-37.81450926,-5.960392371,-36.96236824,-30.37522738,-30.59105762,-38.30375632,-29.06582427,-26.44832129,-37.3454286,-40.48832549,-54.53100867,-54.27773093,-24.98025082,-20.25727992,-30.22322703,-32.1130903,-53.04585931,-30.88580661,-81.43174438,-54.94320976,-43.53511157,-47.03791488,-63.45640363,-46.97055279,-49.56857257,-71.40059977,-39.33150772,-25.39020236,-34.81988128,-77.49706238,-34.3528936,-41.04617214,-20.46208015,-21.10889908,-19.34048925,-3.960410409,-43.19348241,-22.00669135,-37.4973917,-37.92630432,-34.28549023,-35.03238529,-54.14209594,-48.11020882,-39.43333403,-52.79030294,-34.29670551,-30.71674648,-26.51236413,-25.49109676,-33.87139569,-45.77376917,-66.00146086,-43.93829051,-54.7614591,-82.66968532,-53.51136264,-48.8081821,-65.04826033,-89.12318887,-68.23990553,-27.2942944,-22.92633745,-64.98296188,-25.00163468,-59.08888727,-16.08295254,-43.65832188,3.498836352,-19.77700208,-22.5403502,-25.19509801,-39.16631822,-37.50999605,-40.52301966,-39.3105923,-75.79253865
-9.392,-19.223,4.998,-4.924,5.525,0.327,-4.097,-8.08,-35.575,-23.209,0.577,-18.68,-7.336,10.969,-31.415,-11.581,-23.41,-1.644,-21.318,-32.676,-26.289,-45.98,-29.268,-19.464,-7.919,-26.649,-16.05,-10.042,-25.487,-32.059,-11.336,-49.729,-31.299,-17.137,-3.521,-30.749,-22.639,-0.954,-4.712,-42.675,-24.207,-27.979,-43.437,-25.253,-45.332,-33.64,-22.579,-10.56,-12.892,-20.157,-13.163,-23.726,-31.638,-21.937,-23.47,-43.809,-45.795,-26.322,-38.302,-20.625,-39.065,-32.208,-21.667,-17.251,-11.427,-47.449,-37.502,-39.476,-20.803,-13.573,-46.337,-36.413,-57.227,-22.562,-44.819,-13.066,-12.924,-22.633,-37.041,-24.679,-16.595,-27.326,-53.236,-39.153,-44.594,-24.295,-22.232,-48.37,-35.585,-23.016,-15.508,-41.377,-63.916,-34.61,-40.926,-19.068,-20.301,-31.007,-34.898,-25.814,-34.766,-43.847,-36.102,-25.126,-17.281,-10.56,-20.813,-27.822,-63.957,-52.611,-29.917,-40.419,-54.428,-37.875,-16.587,-30.639,-16.648,-36.069,-58.0,-69.752,-27.612,-23.002,-19.983,-37.838,-6.669,-36.695,-30.402,-30.739,-38.759,-29.384,-26.72,-37.477,-40.619,-54.831,-54.147,-25.128,-20.013,-30.517,-32.339,-53.489,-30.587,-81.509,-55.2,-44.51,-47.353,-63.348,-46.765,-49.56,-71.284,-39.339,-25.902,-35.33,-78.378,-34.438,-41.5,-20.803,-21.075,-19.649,-4.799,-42.965,-22.41,-37.48,-38.385,-34.308,-35.2,-54.487,-48.313,-39.498,-52.88,-33.887,-30.697,-26.359,-25.267,-33.738,-45.571,-66.286,-44.216,-55.592,-83.107,-54.71,-49.573,-65.482,-89.262,-68.656,-27.889,-23.713,-66.172,-25.377,-59.192,-16.152,-43.654,2.55,-19.731,-22.427,-25.676,-39.23,-37.757,-40.549,-39.271,-76.053
-9.626646114,-19.44458682,5.02877332,-5.169811276,4.677342235,1.264311177,-3.731128369,-7.412656579,-35.70465272,-22.18955753,0.501010666,-18.40468675,-7.87962316,10.65487437,-31.59342642,-11.50283368,-24.49118475,-1.3938047,-21.76174373,-32.99886387,-26.54084505,-46.23501101,-29.2219703,-19.13851014,-8.045436989,-26.81662972,-15.92626493,-10.3979229,-26.21168523,-32.3834798,-11.22304379,-49.54996771,-30.77103286,-17.20321618,-3.890319985,-30.99747982,-22.68177698,-0.762753625,-5.303127923,-42.89410593,-24.29462755,-27.93726365,-43.96165256,-26.28176235,-45.33901547,-33.6099504,-22.06416397,-11.17192344,-13.59010752,-20.15076217,-12.89137989,-23.94473501,-32.34499539,-22.2753168,-23.35877425,-43.94492915,-46.22267313,-26.49297,-38.80795945,-20.85006561,-39.22065281,-32.10287351,-21.38581705,-17.05711328,-11.00651722,-47.74927671,-38.42420603,-39.87236783,-21.12457223,-13.9172979,-45.54689141,-36.98933849,-58.11241536,-24.08022388,-44.79392519,-14.15362044,-13.29494824,-22.61503127,-37.03268542,-24.37913464,-16.55823654,-26.88874806,-52.97543313,-39.59036755,-45.56275268,-24.79108737,-22.30748461,-47.23261632,-36.33922382,-24.42852891,-15.79599213,-41.18230909,-63.79921319,-34.57288045,-41.1715846,-20.00289592,-20.7163277,-30.99505658,-34.97045771,-25.83334199,-34.61897798,-44.07651945,-35.80576963,-24.8509969,-16.7306576,-10.75658956,-20.82404123,-27.16415144,-64.45451222,-53.48612264,-30.40847733,-40.74967019,-54.06810212,-37.56715488,-17.83352615,-31.56583048,-16.98491151,-36.35269196,-58.44025907,-70.28237455,-27.52663111,-22.62690325,-21.21451144,-37.93595206,-7.636404418,-36.45083026,-30.30192162,-30.90948341,-39.14193273,-29.74735217,-26.98830556,-37.61147219,-40.82810116,-55.14406193,-54.03038282,-25.32396861,-19.72708337,-30.81969396,-32.49421072,-53.76395292,-30.17763253,-81.36447886,-55.61894691,-45.32037704,-47.46961261,-63.08414032,-46.34925545,-49.20321326,-70.97010843,-39.19347994,-26.34054021,-35.72232107,-79.40513875,-34.64382333,-42.15400325,-21.21761627,-21.27318153,-20.01050994,-5.904508173,-42.76659231,-22.84676699,-37.42324436,-38.81058516,-34.23349151,-35.41746646,-54.87490375,-48.52032966,-39.59371204,-52.98230959,-33.43667778,-30.69692207,-26.30670935,-25.07750473,-33.53148628,-45.36165138,-66.41463084,-44.40460057,-56.27756912,-83.49286169,-55.79076883,-50.14038785,-65.79143246,-89.36664671,-68.96897315,-28.4120761,-24.34981555,-67.59795238,-25.99156776,-59.61732912,-16.37536414,-43.88262997,1.326180379,-19.93854599,-22.17726896,-26.19232872,-39.27270453,-37.98144204,-40.4675158,-39.13460311,-76.4223124
-9.986857697,-19.6343201,5.099748155,-5.398755344,3.784044216,2.405068867,-3.236340524,-6.63362336,-35.94407036,-21.00778156,0.432885204,-18.12796024,-8.490949134,10.25921991,-31.74189736,-11.41584609,-25.5833901,-1.395428332,-22.13962121,-33.25014296,-26.85223672,-46.65154858,-29.29125024,-18.85038861,-8.288400399,-27.28336848,-15.757677,-10.8000277,-26.87937466,-32.78408724,-11.04477453,-49.34292666,-30.12008112,-17.4300384,-4.272659806,-31.62339603,-22.71068014,-0.614693666,-5.905029447,-42.92431225,-24.35028704,-27.83224395,-44.47768655,-27.42462517,-45.34951088,-33.6054339,-21.65612037,-12.0490758,-14.52256601,-20.08690834,-12.51680837,-24.1944266,-33.12153981,-22.5956599,-23.15168787,-44.07817664,-46.84886279,-26.91700243,-39.38470499,-21.01443454,-39.41594115,-31.9950349,-21.07186445,-16.87156312,-10.54576643,-48.12526692,-39.30694783,-40.13089053,-21.4385244,-14.15377761,-44.71852764,-37.50431179,-58.86064186,-25.83230607,-44.76790737,-15.37201098,-13.78002963,-22.64528343,-37.11363059,-23.9860717,-16.5718613,-26.39962775,-52.84209769,-40.05533919,-46.51460556,-25.3035159,-22.39622896,-45.81281585,-37.01754395,-25.81770628,-16.05900583,-40.82933681,-63.66355561,-34.58405951,-41.52823622,-20.85165794,-21.17475414,-30.93223986,-34.97678533,-25.81054999,-34.45939432,-44.40127408,-35.51264617,-24.5820461,-16.20421527,-11.00464743,-20.81227202,-26.43952525,-64.87026925,-54.45510946,-30.83871441,-40.90784501,-53.34098667,-37.15234378,-18.9013239,-32.32304161,-17.36449357,-36.44802584,-58.89973187,-70.89575969,-27.60171811,-22.23036168,-22.40471732,-38.07880486,-8.812849094,-36.34114447,-30.09193538,-31.09982056,-39.44905664,-30.14309008,-27.24745459,-37.74516108,-41.10426552,-55.44578203,-53.93672622,-25.54147645,-19.41303712,-31.09478523,-32.60081577,-53.91854254,-29.7107248,-81.06937595,-56.1757892,-45.98617809,-47.39757358,-62.73219137,-45.76602525,-48.5750085,-70.52208533,-38.93866795,-26.74915836,-35.98141535,-80.58394812,-34.98692305,-43.01797857,-21.75063025,-21.65384548,-20.44385335,-7.238250932,-42.6873611,-23.30471869,-37.33936938,-39.18841865,-34.07209345,-35.67856562,-55.29676452,-48.72641735,-39.72960811,-53.10234803,-32.9532743,-30.70601029,-26.34359683,-24.93034772,-33.25576332,-45.17660777,-66.40125215,-44.51306915,-56.84274058,-83.82370057,-56.75519335,-50.55658571,-66.01798005,-89.48009078,-69.22089835,-28.86403697,-24.89218118,-69.23135819,-26.83685466,-60.38818009,-16.81145536,-44.30127011,-0.129256588,-20.42618179,-21.88738763,-26.73351134,-39.30149858,-38.18178575,-40.29334046,-38.92075342,-76.88851456
-10.47757588,-19.75419031,5.1778469,-5.628321901,2.8714857,3.694763371,-2.64993045,-5.777038592,-36.28867028,-19.72439964,0.399808627,-17.88149361,-9.154532572,9.769497012,-31.85246865,-11.32419509,-26.64316317,-1.589204909,-22.46422002,-33.42563278,-27.2027536,-47.15928652,-29.4568855,-18.63554067,-8.600380039,-28.02756089,-15.54378813,-11.25635016,-27.4698988,-33.27989328,-10.83338706,-49.08394253,-29.35935929,-17.74131058,-4.637930881,-32.53475333,-22.72724761,-0.528503033,-6.492680792,-42.80140721,-24.41905201,-27.62469944,-44.94864667,-28.63239609,-45.41348535,-33.66619225,-21.40470126,-13.08507604,-15.64434849,-19.96986074,-12.07361321,-24.50188909,-33.97855848,-22.90542973,-22.86477343,-44.13537189,-47.6403284,-27.54713032,-40.06332399,-21.15334932,-39.72946835,-31.88143337,-20.72373834,-16.73021306,-10.04039437,-48.5663571,-40.14172046,-40.25652798,-21.755468,-14.25840725,-43.96537787,-37.91046016,-59.44985014,-27.73918825,-44.79242351,-16.72034491,-14.39728673,-22.75787849,-37.26274555,-23.50324115,-16.64204674,-25.86745612,-52.84617566,-40.54313798,-47.38443478,-25.81594005,-22.46536486,-44.23866045,-37.65488933,-27.13933569,-16.28905052,-40.37997648,-63.56161579,-34.71966098,-42.04971607,-21.59512994,-21.74052344,-30.83355964,-34.92398304,-25.75199289,-34.30711327,-44.8033822,-35.22994887,-24.32232368,-15.71765492,-11.29835582,-20.78312513,-25.70614401,-65.19442045,-55.46653416,-31.21411085,-40.93686065,-52.37445334,-36.66141623,-19.79056559,-32.87285171,-17.82102797,-36.40218205,-59.33884554,-71.66723415,-27.88211545,-21.89836408,-23.47810209,-38.21901348,-10.13004656,-36.48302858,-29.79350092,-31.30724539,-39.68666303,-30.55828057,-27.49688199,-37.88026976,-41.43804068,-55.71536501,-53.87770261,-25.76074732,-19.08373051,-31.30349826,-32.68777059,-54.006121,-29.24795962,-80.70686395,-56.84219877,-46.55494002,-47.1755668,-62.37465963,-45.06457006,-47.74887417,-70.0055439,-38.62730644,-27.15845221,-36.0823578,-81.89976093,-35.47901249,-44.08542318,-22.42904599,-22.13303813,-20.9412319,-8.735982955,-42.80511301,-23.77605944,-37.24431235,-39.51130091,-33.83716636,-35.98087851,-55.74574041,-48.92879693,-39.91544505,-53.24746043,-32.45273826,-30.71159561,-26.45166606,-24.83251263,-32.92044085,-45.04600084,-66.27704868,-44.55856017,-57.33058184,-84.08922584,-57.60931805,-50.85902837,-66.18880526,-89.63073582,-69.44688756,-29.22999558,-25.40073329,-71.02055387,-27.88963901,-61.51737694,-17.5039782,-44.82674652,-1.74021244,-21.19153888,-21.65054523,-27.29543528,-39.32829425,-38.36373999,-40.05000581,-38.65878048,-77.43595128
-11.104,-19.766,5.23,-5.876,1.966,5.079,-2.009,-4.877,-36.734,-18.4,0.429,-17.697,-9.855,9.173,-31.917,-11.232,-27.627,-1.916,-22.748,-33.521,-27.572,-47.688,-29.7,-18.53,-8.934,-29.028,-15.284,-11.775,-27.963,-33.89,-10.621,-48.749,-28.502,-18.061,-4.956,-33.64,-22.733,-0.523,-7.041,-42.561,-24.546,-27.275,-45.338,-29.856,-45.581,-33.832,-21.36,-14.174,-16.911,-19.804,-11.596,-24.894,-34.927,-23.212,-22.514,-44.043,-48.564,-28.337,-40.875,-21.302,-40.24,-31.759,-20.34,-16.669,-9.486,-49.062,-40.92,-40.254,-22.086,-14.207,-43.401,-38.16,-59.858,-29.722,-44.919,-18.198,-15.165,-22.987,-37.459,-22.934,-16.775,-25.301,-52.998,-41.049,-48.107,-26.312,-22.482,-42.638,-38.286,-28.349,-16.478,-39.896,-63.546,-35.056,-42.79,-22.214,-22.478,-30.714,-34.819,-25.664,-34.182,-45.265,-34.965,-24.075,-15.287,-11.632,-20.742,-25.022,-65.417,-56.469,-31.541,-40.88,-51.296,-36.125,-20.501,-33.177,-18.389,-36.262,-59.718,-72.672,-28.413,-21.717,-24.359,-38.309,-11.52,-36.994,-29.428,-31.529,-39.861,-30.98,-27.736,-38.019,-41.82,-55.932,-53.865,-25.962,-18.752,-31.407,-32.784,-54.08,-28.851,-80.36,-57.59,-47.074,-46.842,-62.094,-44.294,-46.798,-69.486,-38.312,-27.599,-36.0,-83.338,-36.132,-45.35,-23.28,-22.627,-21.495,-10.334,-43.198,-24.253,-37.154,-39.772,-33.542,-36.322,-56.215,-49.125,-40.161,-53.425,-31.951,-30.701,-26.613,-24.791,-32.535,-45.0,-66.073,-44.558,-57.784,-84.279,-58.359,-51.085,-66.331,-89.847,-69.682,-29.495,-25.936,-72.914,-29.127,-63.018,-18.497,-45.376,-3.431,-22.233,-21.56,-27.874,-39.365,-38.533,-39.761,-38.378,-78.049
-11.85758765,-19.61013551,5.239475161,-6.16307621,1.091845766,6.481729018,-1.36347109,-3.976849784,-37.26615137,-17.1178213,0.533816967,-17.61149751,-10.57223861,8.443351479,-31.93409525,-11.13531547,-28.47900988,-2.305203655,-22.98676632,-33.54622907,-27.9464479,-48.18004428,-30.01897031,-18.54850117,-9.235204999,-30.23992017,-14.98036496,-12.36215297,-28.33589474,-34.63108236,-10.45100327,-48.33726959,-27.60174072,-18.319151,-5.19032711,-34.80710383,-22.73705784,-0.626269714,-7.531945992,-42.2358783,-24.77636975,-26.73776454,-45.61482709,-31.04644968,-45.91379949,-34.1431666,-21.55909317,-15.18653384,-18.24524821,-19.60814516,-11.11310128,-25.40245844,-35.99095374,-23.52448206,-22.14996789,-43.75102111,-49.5911514,-29.23763127,-41.81705899,-21.48803876,-41.01750335,-31.63523603,-19.92720482,-16.73256273,-8.902717049,-49.57270612,-41.63575647,-40.11914951,-22.43106772,-13.98801094,-43.14180402,-38.22847314,-60.04847268,-31.69705049,-45.18489833,-19.76834111,-16.0899363,-23.36404209,-37.69690255,-22.29233806,-16.97731236,-24.74371666,-53.2939387,-41.57480653,-48.62619852,-26.77162668,-22.40045208,-41.18081684,-38.92814201,-29.37695896,-16.60403854,-39.44086511,-63.6575651,-35.65323221,-43.76406154,-22.70092769,-23.4329242,-30.58639063,-34.66573193,-25.55975828,-34.11233041,-45.77674614,-34.73316876,-23.85283829,-14.92448244,-11.98987435,-20.70323196,-24.42717729,-65.53679724,-57.43279583,-31.8228687,-40.75005946,-50.264003,-35.57275603,-21.01729141,-33.18961935,-19.09285404,-36.07034498,-59.98632422,-73.95817351,-29.22082573,-21.77074599,-24.9939528,-38.27990971,-12.89501777,-37.97713664,-29.02049842,-31.76627028,-39.97056873,-31.39840948,-27.95709391,-38.16341179,-42.23638007,-56.08359485,-53.91977439,-26.12703023,-18.43434707,-31.37929694,-32.91342819,-54.20061945,-28.57826374,-80.11201819,-58.40317389,-47.56897566,-46.39772506,-61.98591414,-43.50051388,-45.82350951,-69.02333105,-38.01958672,-28.10061496,-35.69762999,-84.85569129,-36.93658798,-46.7900344,-24.32392715,-23.05059849,-22.04769653,-11.9471221,-43.92025055,-24.72193736,-37.0859429,-39.96203081,-33.20434636,-36.70289871,-56.70208396,-49.30205726,-40.47901201,-53.64535189,-31.46940567,-30.66521953,-26.80335769,-24.81469918,-32.10866695,-45.07885712,-65.83698095,-44.52856101,-58.22683925,-84.3672119,-58.99072418,-51.26515698,-66.47077826,-90.12443219,-69.95718196,-29.634655,-26.53653663,-74.82026177,-30.49465688,-64.87974996,-19.81151882,-45.86653848,-5.094507864,-23.52489286,-21.67722542,-28.46202781,-39.42605231,-38.69947906,-39.45243202,-38.11506429,-78.71449307
-12.674,-19.142,5.255,-6.526,0.265,7.74,-0.815,-3.157,-37.833,-16.052,0.672,-17.683,-11.267,7.5,-31.93,-10.998,-29.094,-2.639,-23.11,-33.569,-28.34,-48.628,-30.481,-18.62,-9.423,-31.523,-14.646,-13.016,-28.556,-35.51,-10.412,-47.941,-26.875,-18.47,-5.279,-35.741,-22.779,-0.903,-7.976,-41.848,-25.156,-25.946,-45.771,-32.155,-46.52,-34.642,-21.986,-15.899,-19.437,-19.459,-10.634,-26.078,-37.247,-23.859,-21.962,-43.304,-50.71,-30.188,-42.751,-21.709,-42.096,-31.56,-19.524,-17.0,-8.409,-49.943,-42.293,-39.813,-22.753,-13.641,-43.315,-38.186,-59.927,-33.561,-45.57,-21.25,-17.132,-23.909,-38.033,-21.635,-17.257,-24.378,-53.674,-42.149,-48.923,-27.16,-22.124,-40.206,-39.529,-30.053,-16.591,-39.085,-63.89,-36.506,-44.83,-23.097,-24.576,-30.455,-34.456,-25.48,-34.16,-46.363,-34.582,-23.707,-14.627,-12.316,-20.717,-23.89,-65.588,-58.415,-32.052,-40.438,-49.561,-35.031,-21.265,-32.836,-19.916,-35.855,-60.048,-75.465,-30.256,-22.137,-25.419,-37.978,-14.088,-39.476,-28.611,-32.036,-39.983,-31.816,-28.124,-38.315,-42.656,-56.193,-54.101,-26.244,-18.162,-31.246,-33.08,-54.457,-28.475,-80.047,-59.314,-47.979,-45.694,-62.199,-42.719,-45.039,-68.655,-37.674,-28.69,-35.093,-86.296,-37.798,-48.322,-25.554,-23.313,-22.342,-13.403,-44.929,-25.146,-37.064,-40.068,-32.86,-37.138,-57.222,-49.405,-40.894,-53.931,-31.051,-30.61,-26.973,-24.92,-31.65,-45.363,-65.685,-44.489,-58.607,-84.267,-59.414,-51.404,-66.631,-90.327,-70.287,-29.587,-27.153,-76.488,-31.812,-66.998,-21.375,-46.218,-6.497,-24.943,-21.936,-29.04,-39.536,-38.89,-39.161,-37.936,-79.429
-13.43685105,-18.2393626,5.33709476,-7.010484194,-0.520205713,8.694300541,-0.495393075,-2.475527234,-38.37711674,-15.35685947,0.777045801,-17.9708287,-11.89637278,6.256659306,-31.96546024,-10.77349236,-29.41838376,-2.789373615,-23.06447412,-33.70857708,-28.79723354,-49.01658632,-31.16241802,-18.65078204,-9.416788546,-32.68634192,-14.31829944,-13.73856347,-28.63901955,-36.52829978,-10.58176209,-47.67709073,-26.51497044,-18.49716257,-5.187623686,-36.1137882,-22.91973582,-1.430470922,-8.411235343,-41.45846708,-25.72176881,-24.83618079,-45.81345867,-33.13294708,-47.45689939,-35.33109854,-22.58642331,-16.06819397,-20.24774152,-19.45942717,-10.16645772,-26.96813121,-38.75220913,-24.25747386,-22.14747248,-42.78673976,-51.90482135,-31.1219936,-43.49765457,-21.93269226,-43.45926039,-31.60251004,-19.19292336,-17.54370947,-8.152850815,-50.00979985,-42.91536531,-39.33390076,-23.02630655,-13.24172737,-44.02513582,-38.15221043,-59.44635746,-35.20386042,-46.03001367,-22.45400381,-18.21653343,-24.61539898,-38.53724354,-21.05015805,-17.62057362,-24.39742584,-54.03448603,-42.7994384,-49.02014235,-27.45783365,-21.56243117,-40.03095068,-40.03493777,-30.23428826,-16.39079422,-38.87963325,-64.22459587,-37.59952515,-45.82972305,-23.45607971,-25.82031323,-30.33228069,-34.18305002,-25.47317102,-34.38925844,-47.05467605,-34.55471756,-23.70660546,-14.37696274,-12.54457984,-20.86361538,-23.36048581,-65.63277204,-59.47642151,-32.255857,-39.82223926,-49.45362873,-34.52597205,-21.18927064,-32.09170521,-20.82021214,-35.6324221,-59.82365132,-77.08909151,-31.45251502,-22.88021634,-25.70810339,-37.24957331,-14.95000672,-41.47281377,-28.25199415,-32.35990529,-39.85930492,-32.22884243,-28.18703215,-38.46410431,-43.03322305,-56.28809814,-54.47143253,-26.30680119,-17.97627278,-31.05076283,-33.29500004,-54.94811066,-28.58252749,-80.25978253,-60.35773581,-48.24875811,-44.57436797,-62.85746036,-41.99687526,-44.66789731,-68.39866668,-37.19402387,-29.36614823,-34.13631455,-87.45733022,-38.62776521,-49.86457872,-26.93674557,-23.35394027,-22.11262116,-14.53891135,-46.11707884,-25.47414901,-37.10909376,-40.08074081,-32.54845636,-37.6362273,-57.77489886,-49.3753955,-41.41696911,-54.28393299,-30.73830954,-30.54989564,-27.05922105,-25.090368,-31.1658421,-45.91469006,-65.76070015,-44.44980867,-58.8731191,-83.88768169,-59.533978,-51.49852675,-66.84220409,-90.30065946,-70.67725832,-29.30097859,-27.70727812,-77.64589011,-32.90593996,-69.24231871,-23.06122772,-46.38532966,-7.426229649,-26.32038387,-22.22841286,-29.57226626,-39.71356495,-39.12906982,-38.9258101,-37.9035622,-80.17202144
-13.877,-16.956,5.528,-7.684,-1.348,9.286,-0.605,-1.864,-38.858,-15.016,0.741,-18.518,-12.422,4.659,-32.212,-10.406,-29.655,-2.635,-22.933,-34.233,-29.458,-49.249,-32.107,-18.542,-9.165,-33.432,-14.121,-14.555,-28.804,-37.676,-10.949,-47.668,-26.459,-18.478,-5.018,-35.63,-23.275,-2.299,-8.958,-41.296,-26.474,-23.382,-45.787,-33.932,-48.531,-36.052,-23.205,-15.469,-20.459,-19.759,-9.733,-28.088,-40.433,-24.858,-22.797,-42.351,-53.127,-31.965,-43.851,-22.038,-44.925,-31.867,-19.06,-18.374,-8.302,-49.696,-43.595,-38.865,-23.313,-12.96,-45.274,-38.351,-58.806,-36.509,-46.481,-23.306,-19.177,-25.382,-39.271,-20.709,-18.067,-24.901,-54.153,-43.525,-49.071,-27.723,-20.703,-40.717,-40.457,-29.99,-16.123,-38.792,-64.64,-38.946,-46.697,-23.835,-26.923,-30.272,-33.858,-25.591,-34.84,-47.875,-34.645,-23.954,-14.114,-12.611,-21.308,-22.787,-65.81,-60.606,-32.614,-38.853,-50.02,-34.087,-20.874,-31.164,-21.721,-35.389,-59.345,-78.665,-32.754,-24.019,-25.998,-36.027,-15.485,-43.762,-28.031,-32.763,-39.565,-32.595,-28.071,-38.557,-43.282,-56.382,-55.071,-26.326,-17.944,-30.858,-33.619,-55.784,-28.939,-80.887,-61.533,-48.432,-43.002,-63.934,-41.443,-44.86,-68.215,-36.581,-30.02,-32.954,-88.073,-39.448,-51.407,-28.359,-23.242,-21.264,-15.319,-47.216,-25.622,-37.224,-40.013,-32.306,-38.171,-58.284,-49.183,-41.993,-54.612,-30.55,-30.52,-26.973,-25.17,-30.657,-46.683,-66.25,-44.387,-59.053,-83.185,-59.316,-51.542,-67.169,-89.951,-71.115,-28.807,-28.094,-78.103,-33.76,-71.473,-24.622,-46.463,-7.884,-27.417,-22.407,-29.971,-39.944,-39.415,-38.785,-38.038,-80.845
-13.74520718,-15.42091151,5.849942505,-8.608032844,-2.326538144,9.509242126,-1.326682977,-1.209928695,-39.24635233,-14.95024023,0.470963197,-19.33755995,-12.80860505,2.668106723,-32.84420792,-9.911571987,-29.99330203,-2.099819699,-22.86676841,-35.38660424,-30.46977948,-49.25017316,-33.30142077,-18.20741686,-8.631755945,-33.5212652,-14.21562828,-15.5106214,-29.28866861,-38.93222967,-11.49417085,-48.00957014,-26.59018656,-18.49492613,-4.91711618,-34.09323962,-23.95630067,-3.587037751,-9.769053854,-41.58443784,-27.3935729,-21.62157247,-45.72456321,-34.53800355,-49.47955717,-36.63819356,-23.71208533,-13.93531699,-19.90401466,-20.48420278,-9.384448201,-29.43871409,-42.21072291,-25.79081839,-23.9332366,-42.11267837,-54.32244272,-32.64092231,-43.65208395,-21.91638974,-46.26937368,-32.46441075,-19.25764426,-19.47675053,-9.004359546,-48.9870715,-44.43216176,-38.64160758,-23.68695369,-12.97186097,-47.02411075,-38.97932359,-58.19992046,-37.42225888,-46.81929207,-23.76073689,-19.83624516,-26.08937507,-40.30867713,-20.78707555,-18.60827978,-25.95145626,-53.83778063,-44.29771131,-49.24945982,-28.05288865,-19.55162245,-42.21491779,-40.84251261,-29.4461994,-15.92296726,-38.7966307,-65.12056651,-40.56839291,-47.41473246,-24.32262588,-27.61790757,-30.32937056,-33.50418022,-25.87358736,-35.52342613,-48.84306619,-34.8484762,-24.55598004,-13.797658,-12.48805114,-22.21628037,-22.13835361,-66.21690168,-61.78053385,-33.28024574,-37.52607002,-51.20957489,-33.76287555,-20.45109409,-30.27994651,-22.55514571,-35.12531598,-58.69250877,-80.02332196,-34.15276527,-25.55494731,-26.4585005,-34.30943441,-15.70864759,-46.10349336,-28.02705323,-33.26624687,-39.09680857,-32.88146137,-27.72633926,-38.54341381,-43.3267106,-56.48501206,-55.92965351,-26.34562169,-18.13873916,-30.75402342,-34.10222528,-57.06585949,-29.54700043,-82.02685529,-62.8488023,-48.59231853,-40.96747922,-65.30068059,-41.1722788,-45.7377224,-68.0905128,-35.86648994,-30.53865266,-31.72639834,-87.92700373,-40.33645591,-52.96252034,-29.74609296,-23.09902902,-19.79488786,-15.7206597,-47.95987849,-25.53230715,-37.41606658,-39.89361811,-32.16034289,-38.70232086,-58.67606353,-48.81534744,-42.56024242,-54.80916385,-30.51812769,-30.60107205,-26.65044623,-25.02694422,-30.11944932,-47.62629994,-67.27950369,-44.31853122,-59.19601016,-82.11680159,-58.75785296,-51.56108577,-67.68380359,-89.26361938,-71.61341305,-28.15739034,-28.22686581,-77.74863356,-34.43409452,-73.5657186,-25.86463472,-46.58547851,-7.906119727,-28.01934635,-22.35681814,-30.16762802,-40.21694371,-39.75212205,-38.77121598,-38.34369877,-81.35591183
-13.026,-13.89,6.263,-9.798,-3.581,9.469,-2.703,-0.351,-39.541,-14.999,-0.024,-20.338,-13.029,0.276,-33.937,-9.604,-30.313,-1.284,-23.155,-37.169,-31.915,-49.114,-34.536,-17.617,-7.816,-33.061,-14.828,-16.708,-30.202,-40.244,-12.253,-48.685,-26.83,-18.557,-5.077,-31.674,-25.003,-5.311,-11.044,-42.36,-28.42,-19.816,-45.574,-35.074,-50.013,-37.052,-24.182,-11.524,-18.607,-21.622,-9.27,-30.997,-44.117,-27.058,-25.413,-41.977,-55.448,-33.077,-42.958,-21.599,-47.268,-33.497,-19.88,-20.801,-10.308,-48.034,-45.491,-38.923,-24.182,-13.384,-49.182,-40.021,-57.554,-38.147,-46.902,-23.776,-20.067,-26.64,-41.785,-21.394,-19.316,-27.56,-53.139,-45.011,-49.681,-28.626,-18.112,-44.287,-41.32,-28.747,-15.822,-38.981,-65.676,-42.505,-48.071,-25.133,-27.702,-30.524,-33.176,-26.311,-36.36,-49.969,-35.218,-25.603,-13.51,-12.298,-23.674,-21.467,-66.707,-63.0,-34.153,-35.948,-52.644,-33.677,-20.107,-29.515,-23.391,-34.929,-58.031,-81.041,-35.826,-27.466,-27.329,-32.279,-15.532,-48.306,-28.25,-33.871,-38.572,-33.129,-27.232,-38.431,-43.174,-56.611,-57.06,-26.527,-18.635,-30.892,-34.704,-58.848,-30.269,-83.581,-64.392,-48.724,-38.453,-66.577,-41.262,-47.386,-68.172,-35.121,-30.902,-30.674,-87.072,-41.483,-54.57,-31.257,-23.132,-17.916,-15.65,-48.255,-25.29,-37.729,-39.794,-32.108,-39.172,-58.969,-48.303,-43.095,-54.808,-30.752,-31.036,-26.155,-24.764,-29.536,-48.853,-68.695,-44.465,-59.359,-80.604,-57.928,-51.72,-68.456,-88.485,-72.309,-27.411,-28.124,-76.714,-35.138,-75.467,-26.941,-46.908,-7.453,-28.095,-22.133,-30.223,-40.573,-40.195,-38.896,-38.804,-81.717
-11.81035608,-12.638232,6.717422483,-11.21945495,-5.195929626,9.298801245,-4.692737761,0.826272293,-39.75418331,-15.01483734,-0.697958822,-21.40863991,-13.0880125,-2.451274765,-35.50919961,-9.811220863,-30.46078052,-0.354123683,-24.03313876,-39.46700628,-33.8227353,-48.96866253,-35.58415826,-16.77465684,-6.776894986,-32.26958134,-16.12917628,-18.21991946,-31.56205551,-41.53991186,-13.27265391,-49.61511178,-27.10017677,-18.647904,-5.628080312,-28.68560366,-26.39140883,-7.426012087,-12.91305945,-43.55592766,-29.47607504,-18.25221867,-45.26538338,-35.672355,-49.91087461,-37.27972633,-24.6889642,-8.418676535,-16.70640898,-23.09221887,-9.531096726,-32.69395853,-46.17603397,-28.60888024,-27.03777631,-41.81433832,-56.46350839,-33.19871983,-41.92111147,-21.13304034,-47.75933609,-35.00423454,-20.96360145,-22.24891233,-12.18087444,-47.03244135,-46.80738424,-39.89488375,-24.815062,-14.24295212,-51.59808269,-41.38276286,-56.76144945,-38.92678204,-46.60784084,-23.33248197,-19.80738503,-26.96794,-43.78753901,-22.56514981,-20.2407106,-29.66539946,-52.18900103,-45.56319642,-50.43410092,-29.59170576,-16.41725414,-46.62919184,-42.02005549,-28.05504265,-15.83765853,-39.4435146,-66.29715529,-44.71580358,-48.75656847,-26.41553902,-27.08122773,-30.85875955,-32.92498316,-26.87526728,-37.25343924,-51.24645556,-35.78790113,-27.11558369,-13.35515864,-12.20652214,-25.69221308,-20.8748256,-67.1145167,-64.24007947,-35.0724713,-34.27620211,-53.89114921,-33.9435288,-20.01014678,-28.89782864,-24.29156925,-34.87684331,-57.53243327,-81.62616429,-37.90391891,-29.68517579,-28.76178263,-30.17628241,-14.9067965,-50.20438199,-28.68309169,-34.56737519,-38.12007582,-33.3815545,-26.69330665,-38.24597735,-42.86453223,-56.78097995,-58.4429945,-27.01987908,-19.48288402,-31.40119309,-35.36175683,-61.1141491,-30.95989625,-85.39605278,-66.21352997,-48.82969448,-35.51212007,-67.37114685,-41.75524035,-49.78562223,-68.60395925,-34.42774087,-31.12015897,-29.99552556,-85.68200786,-43.01876078,-56.23935228,-33.02841331,-23.50117611,-15.91507414,-15.07712513,-48.08552758,-25.00234316,-38.19465892,-39.78091407,-32.13319257,-39.53048285,-59.20333108,-47.69982757,-43.58680617,-54.58163791,-31.33660822,-32.03264715,-25.60117711,-24.54096613,-28.91495337,-50.47266745,-70.28893333,-45.02856585,-59.60746171,-78.63141757,-56.94524433,-52.17779261,-69.50064866,-87.88621917,-73.31976847,-26.62581701,-27.83085705,-75.24103192,-36.07693935,-77.13301798,-28.04603536,-47.528574,-6.547573601,-27.69093128,-21.84123218,-30.22006569,-41.04479589,-40.79083192,-39.15684656,-39.38777869,-81.97156126
-10.384,-11.89,7.186,-12.684,-7.075,9.136,-7.057,2.19,-39.924,-14.984,-1.459,-22.466,-13.111,-5.181,-37.452,-10.619,-30.461,0.432,-25.382,-41.959,-36.073,-48.911,-36.348,-15.765,-5.781,-31.468,-18.004,-19.942,-33.151,-42.707,-14.59,-50.583,-27.285,-18.723,-6.408,-25.649,-27.917,-9.702,-15.179,-44.88,-30.459,-17.098,-44.743,-36.366,-49.258,-37.275,-25.103,-5.093,-14.612,-24.685,-10.179,-34.302,-48.272,-30.309,-28.553,-41.566,-57.33,-32.923,-40.86,-20.491,-47.835,-36.782,-22.352,-23.571,-14.369,-46.192,-48.34,-41.423,-25.575,-15.423,-53.953,-42.874,-55.853,-39.909,-45.942,-22.501,-19.209,-27.112,-46.154,-24.104,-21.289,-31.967,-51.208,-45.951,-51.397,-30.901,-14.621,-48.859,-43.0,-27.59,-16.036,-40.213,-66.874,-46.831,-49.468,-27.935,-26.036,-31.305,-32.76,-27.516,-38.131,-52.612,-36.461,-28.849,-13.403,-12.404,-28.063,-20.578,-67.44,-65.356,-35.901,-32.761,-54.631,-34.564,-20.202,-28.421,-25.167,-34.915,-57.313,-81.766,-40.143,-31.988,-30.49,-28.294,-14.054,-51.69,-29.272,-35.32,-37.799,-33.622,-26.193,-38.031,-42.493,-57.041,-59.95,-27.81,-20.633,-32.248,-36.016,-63.612,-31.584,-87.294,-68.142,-49.015,-32.494,-67.499,-42.595,-52.536,-69.361,-33.882,-31.232,-29.762,-84.149,-44.727,-57.839,-34.874,-24.094,-14.179,-14.303,-47.577,-24.724,-38.761,-39.86,-32.202,-39.781,-59.419,-47.11,-44.04,-54.227,-32.182,-33.496,-25.181,-24.511,-28.38,-52.449,-71.92,-45.934,-60.034,-76.478,-56.06,-52.935,-70.618,-87.576,-74.566,-25.85,-27.399,-73.774,-37.288,-78.488,-29.203,-48.295,-5.541,-26.994,-21.62,-30.201,-41.582,-41.507,-39.516,-40.027,-82.183
-9.048751852,-11.78435233,7.653244328,-14.00353202,-9.083273336,9.09643148,-9.518319575,3.547243337,-40.08477007,-14.94063462,-2.226647417,-23.45336267,-13.25232366,-7.553640051,-39.62327747,-11.99915757,-30.38414263,0.85082533,-26.98618323,-44.29519259,-38.51134667,-48.99720881,-36.77750149,-14.69985907,-5.084437959,-30.94865664,-20.24133378,-21.69591703,-34.71417289,-43.64723601,-16.20424358,-51.36624066,-27.29733725,-18.73244986,-7.212955876,-23.06620099,-29.3386014,-11.8905063,-17.54292981,-46.01038794,-31.27886931,-16.45764191,-43.98669681,-37.16025629,-48.23749337,-37.01511713,-25.2756416,-2.043418214,-12.74642621,-26.1701956,-11.17446096,-35.60429347,-50.26926962,-32.00808877,-29.76862923,-41.19804812,-58.00772761,-32.22219033,-40.1014596,-19.66149823,-47.62585087,-38.55774057,-23.83527429,-24.51090625,-16.59072574,-45.70209159,-50.04769575,-43.29071991,-26.40824163,-16.77442504,-55.92902727,-44.31306059,-54.90085963,-41.1708124,-44.96919267,-21.40715706,-18.45379126,-27.13644951,-48.64801777,-25.75715203,-22.3185269,-34.14962079,-50.4182001,-46.22419699,-52.42457651,-32.41218415,-12.87583571,-50.62701873,-44.27233578,-27.50916589,-16.48477646,-41.28477483,-67.30329649,-48.46997019,-50.21174454,-29.41917957,-24.91766509,-31.82485894,-32.6749043,-28.18485981,-38.92881211,-53.97999912,-37.12205914,-30.48793346,-13.70926874,-13.0543103,-30.54386659,-20.79408213,-67.75999304,-66.20723557,-36.51246586,-31.61388917,-54.64028133,-35.47309791,-20.68461247,-28.08655255,-25.93578699,-34.98035187,-57.44494434,-81.49903922,-42.23776005,-34.16962652,-32.20208924,-26.87141438,-13.21166005,-52.68014632,-29.95286202,-36.09001155,-37.64753284,-33.82919313,-25.80444525,-37.83704728,-42.16127673,-57.43407695,-61.41863823,-28.83994409,-22.01621226,-33.35652492,-36.64311308,-66.06282665,-32.17098101,-89.12307122,-69.9758709,-49.36693346,-29.78086998,-66.88629445,-43.68261284,-55.1810412,-70.38798978,-33.59947679,-31.31877253,-29.9822797,-82.89393239,-46.33444422,-59.22930414,-36.58639743,-24.76951956,-13.04691564,-13.6566416,-46.86945401,-24.49594749,-39.36356362,-40.0168639,-32.28551917,-39.94736143,-59.65848345,-46.65246735,-44.46190285,-53.87151871,-33.16711775,-35.24957621,-25.09425849,-24.80870936,-28.08251195,-54.70185845,-73.47900972,-47.0471744,-60.70471119,-74.46531383,-55.50270168,-53.91958977,-71.59736704,-87.60255281,-75.92920642,-25.14284124,-26.91598146,-72.75173714,-38.74213675,-79.47439743,-30.41474339,-49.03689422,-4.806757193,-26.20669856,-21.57728428,-30.19848107,-42.12525618,-42.28531884,-39.93378642,-40.6604398,-82.41633713
-7.977,-12.167,8.128,-15.145,-11.111,9.206,-11.841,4.706,-40.23,-14.977,-3.012,-24.394,-13.662,-9.369,-41.873,-13.706,-30.308,0.908,-28.598,-46.221,-40.994,-49.152,-36.886,-13.72,-4.694,-30.787,-22.529,-23.184,-36.085,-44.364,-17.973,-51.858,-27.202,-18.634,-7.965,-21.156,-30.449,-13.854,-19.624,-46.732,-31.923,-16.298,-43.105,-38.049,-47.123,-36.605,-25.189,0.431,-11.314,-27.366,-12.405,-36.586,-52.093,-33.576,-30.809,-40.705,-58.453,-31.302,-39.839,-18.773,-47.168,-40.028,-25.182,-24.937,-18.675,-45.657,-51.967,-45.27,-27.119,-18.223,-57.385,-45.651,-54.006,-42.604,-43.867,-20.307,-17.633,-27.103,-50.986,-27.275,-23.135,-36.079,-49.962,-46.547,-53.418,-33.81,-11.21,-51.795,-45.742,-27.662,-17.209,-42.589,-67.61,-49.539,-51.128,-30.832,-23.988,-32.375,-32.646,-28.864,-39.595,-55.233,-37.715,-31.699,-14.307,-14.189,-32.972,-21.631,-68.289,-66.791,-36.805,-30.798,-53.972,-36.449,-21.428,-27.97,-26.703,-35.103,-57.88,-80.991,-44.008,-36.261,-33.826,-25.881,-12.418,-53.141,-30.661,-36.85,-37.699,-34.027,-25.586,-37.732,-41.946,-57.966,-62.661,-30.043,-23.583,-34.644,-37.36,-68.318,-32.903,-90.861,-71.615,-49.795,-27.592,-65.693,-44.852,-57.423,-71.68,-33.765,-31.603,-30.543,-82.236,-47.689,-60.38,-38.197,-25.545,-12.566,-13.25,-46.021,-24.357,-39.972,-40.218,-32.393,-40.083,-59.975,-46.455,-44.857,-53.641,-34.221,-37.093,-25.494,-25.501,-28.169,-57.121,-74.919,-48.274,-61.552,-72.792,-55.292,-54.927,-72.399,-87.934,-77.333,-24.618,-26.608,-72.389,-40.313,-80.14,-31.774,-49.761,-4.48,-25.456,-21.666,-30.248,-42.662,-43.045,-40.398,-41.291,-82.723
-7.299282799,-12.82840653,8.625100564,-16.12611612,-13.04860988,9.456880301,-13.81415234,5.519350153,-40.35560049,-15.19814582,-3.838953821,-25.33200266,-14.45442204,-10.51103215,-44.05322669,-15.45077734,-30.30839654,0.6835394,-30.00224077,-47.55180177,-43.36901094,-49.27340009,-36.71513559,-12.96207233,-4.552780511,-30.96958494,-24.54339291,-24.12868214,-37.15256646,-44.87737417,-19.70520862,-52.00557276,-27.09582579,-18.3993723,-8.588937609,-20.03451234,-31.11672144,-15.46395733,-21.07060345,-46.90201929,-32.38730592,-16.5331045,-42.27364568,-39.024914,-46.18546683,-36.17715696,-24.84859289,2.122744327,-10.45001022,-28.15618769,-13.73453572,-37.28350333,-53.65399991,-34.89958498,-31.82654447,-40.13815134,-58.62601075,-30.43502955,-40.16706836,-17.94469292,-46.4885318,-40.95069811,-26.20313893,-24.81466027,-20.49917949,-46.11522061,-54.09910374,-47.10665584,-27.53114984,-19.69399912,-58.24133765,-46.84628821,-53.29949385,-44.03203224,-42.8362064,-19.44251199,-16.81941999,-27.07112473,-52.91321769,-28.44021118,-23.59176732,-37.69441506,-49.94280512,-47.09727341,-54.24245942,-34.79713143,-9.657920503,-52.3195219,-47.24962068,-27.85070341,-18.25429944,-44.00358207,-67.8631182,-50.0374074,-52.35550898,-32.18495458,-23.44630201,-32.90843404,-32.64740954,-29.5366692,-40.10278576,-56.2850293,-38.21022516,-32.23118957,-15.2277267,-15.78795319,-35.24541161,-23.11348271,-69.21644071,-67.10840285,-36.75294174,-30.22202729,-52.79774923,-37.25898484,-22.3641807,-28.18855606,-27.59675337,-35.31027067,-58.52610554,-80.4521172,-45.32213643,-38.31501268,-35.33357264,-25.21913641,-11.66972384,-53.08589045,-31.3315896,-37.5739506,-37.9674479,-34.23904554,-25.57584153,-37.77759364,-41.90387595,-58.62685185,-63.55191291,-31.35238757,-25.27658285,-36.05623798,-38.30768348,-70.31038483,-33.94537229,-92.48037623,-72.96025844,-50.19934765,-26.09962044,-64.1792755,-45.9267049,-59.07154371,-73.22390089,-34.54480713,-32.2817134,-31.28634806,-82.4127538,-48.68810547,-61.26925129,-39.76071757,-26.45378866,-12.69669367,-13.13328587,-45.10669601,-24.33675741,-40.56021117,-40.43363527,-32.53823384,-40.24244324,-60.41112013,-46.62344826,-45.2294539,-53.6316765,-35.29955478,-38.85656202,-26.4943224,-26.60523423,-28.76466591,-59.56581006,-76.17972538,-49.48292845,-62.47101352,-71.62932602,-55.40095094,-55.74372695,-73.07719641,-88.49386954,-78.71828326,-24.37460124,-26.69955807,-72.78067757,-41.87592716,-80.52595612,-33.35641925,-50.49758466,-4.617571326,-24.85816685,-21.81006014,-30.37851971,-43.18405252,-43.70651409,-40.89751357,-41.93146134,-83.14084834
-7.107,-13.629,9.159,-17.013,-14.762,9.796,-15.285,6.02,-40.508,-15.702,-4.691,-26.315,-15.605,-11.043,-46.032,-16.988,-30.446,0.328,-31.146,-48.289,-45.441,-49.284,-36.357,-12.517,-4.597,-31.343,-26.016,-24.453,-37.941,-45.173,-21.156,-51.858,-27.052,-18.049,-8.895,-19.688,-31.48,-16.518,-21.732,-46.561,-32.625,-17.0,-41.809,-40.087,-45.595,-35.847,-24.224,2.997,-10.229,-28.639,-15.005,-37.737,-54.745,-35.914,-32.772,-39.748,-58.507,-29.93,-40.916,-17.119,-45.674,-41.361,-26.901,-24.375,-22.024,-47.086,-56.226,-48.453,-27.69,-21.035,-58.49,-47.755,-53.004,-45.19,-42.058,-18.869,-16.103,-27.094,-54.338,-29.161,-23.785,-39.049,-50.387,-47.993,-54.573,-35.322,-8.403,-52.327,-48.485,-27.995,-19.79,-45.262,-68.18,-50.052,-53.893,-33.444,-23.331,-33.369,-32.662,-30.16,-40.514,-57.208,-38.625,-32.183,-16.519,-17.754,-37.426,-25.041,-70.493,-67.039,-36.612,-29.825,-51.489,-37.783,-23.304,-28.952,-28.651,-35.525,-59.236,-80.144,-46.119,-40.237,-36.633,-24.743,-10.997,-52.67,-31.9,-38.23,-38.395,-34.443,-25.746,-37.994,-42.037,-59.381,-64.243,-32.71,-26.991,-37.66,-39.583,-72.169,-35.243,-93.804,-73.816,-50.62,-25.449,-62.774,-46.756,-60.209,-74.923,-35.96,-33.308,-31.998,-83.436,-49.307,-61.8,-41.188,-27.435,-13.34,-13.325,-44.352,-24.43,-41.085,-40.668,-32.715,-40.455,-60.956,-47.167,-45.585,-53.823,-36.416,-40.517,-28.099,-28.008,-29.913,-61.804,-77.086,-50.352,-63.341,-71.161,-55.831,-56.253,-73.892,-89.107,-80.053,-24.399,-27.269,-73.765,-43.41,-80.542,-35.079,-51.194,-5.199,-24.562,-21.972,-30.59,-43.654,-44.218,-41.398,-42.57,-83.667
-7.449128219,-14.44609194,9.767361081,-17.89385178,-16.10166616,10.18168773,-16.15166795,6.272188104,-40.74408021,-16.53313171,-5.563666428,-27.41301081,-17.02975526,-11.08283311,-47.72898205,-18.09681069,-30.74819275,-0.046808269,-32.0238277,-48.48836461,-47.0449224,-49.17313467,-35.91166267,-12.46463417,-4.793275553,-31.75782758,-26.73607084,-24.18197514,-38.53460121,-45.22874909,-22.13088811,-51.5079912,-27.13024625,-17.65662421,-8.715851321,-20.04869991,-31.74842592,-16.83034832,-21.57348253,-45.83787815,-32.58313635,-17.52998902,-41.9477261,-41.2191312,-45.43695636,-35.70739441,-23.34209032,3.07116634,-10.69280994,-28.99536238,-16.0952352,-38.03672815,-55.20144327,-36.58469969,-33.59942778,-39.74354361,-58.14213178,-30.04224942,-41.8413866,-16.26897122,-44.82083392,-41.4021669,-27.35321121,-23.8465327,-23.22285248,-48.53295428,-58.12338869,-48.99969233,-27.68051755,-22.15053006,-58.205488,-48.27232841,-53.30191516,-45.88307904,-41.71394165,-18.59529862,-15.5726963,-27.22143674,-55.24596857,-29.44115516,-23.85398162,-40.21714745,-51.2554815,-49.25993867,-54.11105133,-35.41496804,-7.602307187,-52.03533388,-49.16620423,-28.00298407,-21.96439427,-46.14721609,-68.69673949,-49.71504185,-55.63997008,-34.56746731,-23.61688808,-33.71464129,-32.67345878,-30.69757417,-40.90802509,-58.11223755,-38.98115316,-31.7528595,-18.23268198,-19.97449852,-39.60919438,-27.13192852,-71.99434362,-66.49066742,-36.68535874,-29.58539191,-50.4321747,-38.01412387,-24.06190854,-30.41227437,-29.85445831,-35.7025491,-59.87339287,-80.27354517,-46.37571161,-41.93650196,-37.6483008,-24.34998005,-10.43772915,-52.07160856,-32.32100485,-38.78692295,-38.90432434,-34.60824828,-26.0478711,-38.3845984,-42.33061654,-60.19602441,-64.94279978,-34.05051715,-28.6557028,-39.55368093,-41.27336498,-74.053862,-36.6496719,-94.6412002,-74.02059909,-51.11641876,-25.71537945,-61.89376533,-47.2718542,-60.97921125,-76.65244865,-37.97959555,-34.55629121,-32.50030703,-85.20084344,-49.54248722,-61.92622995,-42.40844514,-28.39012089,-14.3629788,-13.80961239,-43.96183547,-24.61604322,-41.50558065,-40.92184708,-32.90930181,-40.73474595,-61.58405053,-48.05401933,-45.94715293,-54.18667104,-37.60816629,-42.10251935,-30.26439905,-29.5835059,-31.61444529,-63.60185545,-77.4606945,-50.59474065,-64.03545645,-71.51977102,-56.59097601,-56.43439065,-75.07713032,-89.59435059,-81.33138493,-24.66092746,-28.33531811,-75.10256524,-44.90326048,-80.1489514,-36.8436293,-51.77962831,-6.165639429,-24.66998167,-22.10873011,-30.8633318,-44.03427631,-44.54872567,-41.85940907,-43.18883976,-84.2857815
-8.242,-15.154,10.581,-18.897,-16.882,10.663,-16.46,6.287,-41.112,-17.529,-6.541,-28.782,-18.545,-10.79,-49.256,-18.613,-31.124,-0.554,-32.659,-48.239,-48.181,-49.173,-35.461,-12.885,-5.236,-32.22,-26.672,-23.55,-39.124,-45.026,-22.692,-51.122,-27.36,-17.461,-8.09,-20.96,-32.148,-16.358,-20.829,-45.033,-32.227,-18.007,-42.466,-42.338,-45.557,-35.778,-22.496,2.404,-11.809,-29.523,-17.054,-38.47,-55.148,-36.951,-34.478,-39.968,-57.822,-30.775,-42.663,-15.667,-44.006,-41.374,-27.748,-23.183,-24.037,-50.285,-59.761,-48.686,-27.526,-23.251,-57.723,-48.554,-54.122,-46.286,-42.006,-18.63,-15.296,-27.496,-55.77,-29.542,-23.868,-41.245,-52.323,-50.614,-52.855,-35.19,-7.158,-51.86,-49.277,-27.619,-24.715,-46.785,-69.576,-49.255,-57.238,-35.529,-24.184,-33.969,-32.66,-31.165,-41.346,-59.104,-39.272,-31.192,-20.421,-22.35,-41.861,-29.004,-73.534,-65.607,-37.185,-29.609,-49.874,-38.287,-24.588,-32.395,-31.108,-36.033,-60.401,-80.777,-46.154,-43.488,-38.431,-24.137,-10.027,-51.421,-32.627,-39.222,-39.412,-34.717,-26.416,-38.927,-42.757,-61.078,-65.811,-35.271,-30.391,-41.841,-43.472,-76.053,-37.874,-94.898,-73.647,-51.686,-26.718,-61.737,-47.712,-61.501,-78.258,-40.507,-35.829,-32.819,-87.36,-49.401,-61.882,-43.573,-29.164,-15.553,-14.465,-43.908,-24.847,-41.808,-41.148,-33.096,-41.06,-62.264,-49.186,-46.409,-54.78,-38.955,-43.701,-32.866,-31.287,-33.777,-64.812,-77.235,-50.259,-64.421,-72.62,-57.69,-56.557,-76.555,-89.86,-82.626,-25.176,-29.824,-76.499,-46.276,-79.644,-38.65,-52.195,-7.381,-25.065,-22.116,-31.132,-44.316,-44.725,-42.242,-43.771,-84.971
-9.368070039,-15.6725169,11.71716256,-20.12713351,-16.95777778,11.27726329,-16.29474697,6.063742563,-41.63200091,-18.50000883,-7.698281927,-30.55207861,-19.95808971,-10.32899173,-50.74992123,-18.44287678,-31.47422918,-1.326015318,-33.06157389,-47.64144143,-48.92832554,-49.52784043,-35.09945922,-13.84225563,-6.020618564,-32.76823578,-25.86350555,-22.81702545,-39.88027803,-44.59435499,-22.94764033,-50.83457761,-27.74934257,-17.70233105,-7.116003086,-22.24653834,-32.86161145,-15.13581181,-19.77035766,-44.45819063,-31.59561561,-18.35449372,-43.08320529,-43.32542564,-45.78196928,-36.04492087,-21.99080394,1.10062604,-13.4897954,-30.48389709,-17.95620981,-39.33624509,-54.81830854,-37.05450216,-35.55113077,-40.24838572,-57.8164736,-32.04251487,-43.14659783,-15.58589137,-43.30139188,-41.55411398,-28.26650296,-22.29089733,-24.45380497,-52.17330998,-61.17831325,-47.57281593,-27.25757548,-24.54924913,-57.37762638,-48.77947641,-55.32188443,-46.62266939,-43.08088639,-18.99803892,-15.31466871,-27.94253344,-56.06892793,-29.75250421,-23.8822981,-42.18233159,-53.37457412,-51.76761734,-50.95881131,-34.78924061,-6.950314421,-52.16080948,-48.8925973,-26.64981747,-27.8763415,-47.35034697,-70.92314191,-48.90561038,-58.33679854,-36.33098499,-24.89335568,-34.17010923,-32.611123,-31.58726449,-41.87499671,-60.24915927,-39.48465308,-30.74617685,-23.10044056,-24.76902801,-44.18846672,-30.34819512,-74.97093271,-64.61357198,-38.2678667,-30.02942943,-49.99408198,-38.94852695,-24.87965685,-34.63539543,-32.29656711,-36.73621961,-60.80291982,-81.52953704,-45.58341813,-44.99889246,-39.08089122,-24.2395066,-9.805684105,-50.84139227,-32.86698892,-39.52195908,-39.8452528,-34.76357491,-26.79294065,-39.59253009,-43.28792355,-62.03705651,-66.95779041,-36.29750586,-32.3298752,-44.58786926,-46.22424825,-78.21043492,-38.66070777,-94.54362101,-72.85629381,-52.34162029,-28.24041657,-62.40334965,-48.3420979,-61.89301757,-79.56126839,-43.38267981,-36.94724587,-33.03209967,-89.55044391,-48.95541539,-61.96828118,-44.85860763,-29.65297442,-16.70951004,-15.16515292,-44.10200928,-25.07770142,-41.99482031,-41.3044715,-33.25655481,-41.40620194,-62.96705832,-50.44986818,-47.06119509,-55.65891269,-40.51131163,-45.40148622,-35.75797013,-33.10775158,-36.28000475,-65.35113384,-76.43111325,-49.50430891,-64.4130149,-74.31862313,-59.12301241,-56.90681042,-78.18623372,-89.8413129,-84.01817343,-25.96660746,-31.62403667,-77.71118903,-47.44123008,-79.36983486,-40.50782168,-52.42221216,-8.698162029,-25.5832439,-21.91121089,-31.33627525,-44.50395273,-44.79705821,-42.52121145,-44.30405173,-85.69665706
-10.705,-16.107,13.145,-21.554,-16.384,11.924,-15.751,5.608,-42.221,-19.355,-8.987,-32.663,-21.14,-9.844,-52.257,-17.722,-31.785,-2.347,-33.161,-46.81,-49.517,-50.287,-34.99,-15.335,-7.118,-33.417,-24.461,-22.137,-40.79,-44.153,-22.936,-50.579,-28.251,-18.461,-5.929,-23.745,-33.883,-13.371,-18.556,-44.3,-31.005,-18.602,-43.751,-43.991,-46.102,-36.433,-21.913,-0.585,-15.496,-31.88,-18.812,-40.786,-54.593,-36.873,-36.644,-40.712,-58.068,-33.651,-43.278,-16.0,-42.778,-41.975,-28.951,-21.163,-24.678,-54.172,-62.5,-45.962,-27.0,-25.962,-57.244,-48.964,-56.727,-46.945,-44.842,-19.789,-15.588,-28.522,-56.259,-30.215,-23.966,-43.122,-54.422,-52.729,-48.904,-34.385,-7.026,-52.877,-48.192,-25.318,-31.078,-47.873,-72.587,-48.826,-58.877,-37.076,-25.624,-34.348,-32.567,-31.975,-42.504,-61.456,-39.61,-30.587,-26.143,-27.058,-46.392,-31.25,-76.408,-63.829,-39.961,-30.964,-50.842,-40.053,-24.989,-36.831,-33.329,-37.916,-61.05,-82.432,-44.982,-46.544,-39.764,-24.747,-9.84,-50.476,-33.079,-39.703,-40.18,-34.778,-27.17,-40.353,-43.906,-63.061,-68.344,-37.21,-34.465,-47.703,-49.377,-80.466,-39.045,-93.705,-71.93,-53.22,-30.177,-63.813,-49.234,-62.299,-80.317,-46.259,-37.879,-33.224,-91.588,-48.536,-62.474,-46.325,-30.017,-17.759,-15.874,-44.446,-25.301,-42.108,-41.418,-33.41,-41.773,-63.68,-51.741,-47.915,-56.788,-42.194,-47.238,-38.789,-35.09,-38.979,-65.307,-75.329,-48.606,-64.13,-76.459,-60.827,-57.548,-79.895,-89.526,-85.546,-27.036,-33.57,-78.756,-48.351,-79.515,-42.369,-52.599,-10.005,-26.092,-21.56,-31.491,-44.629,-44.854,-42.733,-44.793,-86.448
-12.12782359,-16.57065886,14.78248868,-23.10104192,-15.2717205,12.45152091,-14.90165174,4.930811078,-42.78706214,-20.02266493,-10.33174137,-34.95797461,-21.97929483,-9.492684609,-53.73747763,-16.64411523,-32.09286542,-3.566817281,-32.89134155,-45.89077065,-50.14762209,-51.43739623,-35.31342623,-17.28813165,-8.467420723,-34.17639197,-22.66647501,-21.6089516,-41.79720577,-43.92720453,-22.71328254,-50.2733311,-28.83015125,-19.73502439,-4.67113474,-25.30197689,-35.14158618,-11.32395874,-17.31896635,-44.66948157,-30.7704047,-18.76083019,-44.44795938,-44.17781735,-46.51607552,-36.86531296,-22.26727637,-2.374974081,-17.55327885,-33.62726231,-19.62340529,-42.87698904,-54.80683217,-36.40555535,-37.56517849,-41.48822799,-58.44367904,-35.39933235,-43.09299366,-16.78330257,-42.48504361,-42.60233194,-29.79131974,-19.8106193,-24.91612717,-56.27170895,-63.81860076,-44.21807064,-26.89454951,-27.35838722,-57.33996687,-49.10148026,-58.15248034,-47.28136354,-47.08052717,-21.07284735,-16.03800659,-29.17970655,-56.43079234,-31.00500836,-24.17971235,-44.11540537,-55.50058614,-53.53490696,-47.2077692,-34.15131292,-7.430878195,-53.86906836,-47.40063981,-23.95333043,-33.91864324,-48.37675627,-74.35315046,-49.14163422,-58.91272903,-37.87331726,-26.2871876,-34.52979257,-32.58104739,-32.33335871,-43.22663072,-62.61163417,-39.63622211,-30.81483815,-29.36354634,-29.05928405,-48.24052279,-31.86197055,-77.95029497,-63.52760201,-42.21197004,-32.50769282,-52.40609418,-41.56491395,-25.02958349,-38.7192224,-34.1427369,-39.5920921,-61.12164186,-83.40808228,-44.68509083,-48.1558212,-40.62177029,-25.71829686,-10.19729287,-50.4494152,-33.29528305,-39.79796695,-40.41927215,-34.80131977,-27.55436078,-41.18041658,-44.59994884,-64.13238089,-69.88945055,-38.09917569,-36.7358757,-51.02404672,-52.71288193,-82.72541299,-39.12652446,-92.5625206,-71.1456503,-54.42344468,-32.45261109,-65.80477631,-50.40383487,-62.87458838,-80.3454344,-48.81279443,-38.67149025,-33.45766298,-93.32872027,-48.48522671,-63.60649238,-47.96729868,-30.45926213,-18.67398741,-16.59337773,-44.85106275,-25.52127289,-42.19949971,-41.53500879,-33.58309977,-42.16382261,-64.39359106,-52.96813411,-48.95396544,-58.10608018,-43.89086371,-49.1989445,-41.79988726,-37.27912693,-41.71374311,-64.82272683,-74.23797235,-47.82242046,-63.72610482,-78.88364312,-62.69257392,-58.50732973,-81.64719296,-88.94596981,-87.20771028,-28.38681655,-35.47174103,-79.69238232,-49.00532887,-80.20204117,-44.17883133,-52.88474859,-11.22081434,-26.4950073,-21.16398293,-31.62842945,-44.72977829,-44.98741319,-42.92535837,-45.24807488,-87.2157167
-13.505,-17.023,16.49,-24.641,-13.759,12.641,-13.722,4.059,-43.306,-20.413,-11.673,-37.083,-22.372,-9.507,-54.898,-15.41,-32.551,-4.945,-32.287,-45.144,-50.752,-52.91,-36.253,-19.395,-10.005,-35.063,-20.781,-21.218,-42.86,-43.977,-22.479,-49.976,-29.557,-21.351,-3.477,-26.791,-36.498,-9.298,-16.205,-45.5,-30.927,-18.664,-45.028,-43.937,-46.895,-37.319,-22.948,-4.042,-19.396,-35.557,-20.425,-45.443,-55.464,-35.801,-38.375,-42.414,-58.836,-37.163,-42.608,-17.705,-42.385,-43.379,-30.706,-18.234,-25.165,-58.386,-65.013,-42.717,-27.055,-28.713,-57.716,-49.265,-59.404,-47.738,-49.38,-22.775,-16.519,-29.862,-56.615,-32.077,-24.536,-45.005,-56.513,-54.041,-46.203,-34.239,-8.04,-55.102,-46.828,-22.901,-36.078,-49.007,-76.01,-49.917,-58.663,-38.759,-26.905,-34.739,-32.709,-32.66,-44.013,-63.676,-39.537,-31.318,-32.492,-30.742,-49.584,-32.212,-79.468,-63.713,-44.779,-34.682,-54.558,-43.38,-25.307,-40.235,-34.767,-41.562,-61.045,-84.447,-44.909,-49.73,-41.631,-27.134,-10.923,-50.791,-33.536,-39.877,-40.626,-34.883,-27.968,-42.047,-45.372,-65.235,-71.499,-38.945,-39.009,-54.261,-55.955,-84.862,-38.974,-91.354,-70.645,-55.792,-35.002,-68.069,-51.838,-63.798,-79.797,-51.007,-39.543,-33.704,-94.611,-48.937,-65.258,-49.639,-31.093,-19.485,-17.387,-45.273,-25.751,-42.322,-41.712,-33.796,-42.573,-65.099,-54.085,-50.13,-59.54,-45.511,-51.145,-44.605,-39.67,-44.284,-64.093,-73.328,-47.229,-63.296,-81.444,-64.482,-59.883,-83.512,-88.26,-88.885,-30.038,-37.094,-80.488,-49.558,-81.443,-45.914,-53.37,-12.356,-26.811,-20.821,-31.776,-44.85,-45.26,-43.134,-45.683,-88.001
-14.73872345,-17.37460255,18.09366606,-26.04544594,-12.02572884,12.29470966,-12.22558515,3.019362895,-43.77247468,-20.49885309,-12.97174814,-38.68618798,-22.25355607,-10.07668317,-55.43276595,-14.22316181,-33.32110173,-6.452694137,-31.42199867,-44.79741514,-51.18368823,-54.63592691,-37.93697525,-21.31904982,-11.6579217,-36.11311394,-19.08553112,-20.93846809,-43.88116927,-44.26272978,-22.48632735,-49.77883985,-30.51645124,-23.1007127,-2.535474263,-28.15363067,-37.81793994,-7.567995806,-15.39584511,-46.62827084,-31.38730784,-18.15696819,-45.31791966,-43.34764346,-47.10907351,-37.76483003,-23.83173606,-5.424229445,-20.84448847,-37.48496265,-21.25641036,-48.20509051,-56.42590217,-35.23384219,-39.17487828,-43.25826984,-59.16568057,-38.82526496,-41.83659616,-18.54607203,-42.48536763,-44.22160355,-31.59573565,-16.44462572,-25.35832203,-60.35974169,-65.92989851,-41.76238465,-27.56160938,-30.02530861,-58.41160711,-49.52934942,-60.36737275,-48.41316171,-51.31677228,-24.79924657,-16.95729557,-30.52614279,-56.78266133,-33.34352056,-25.02850164,-45.60689688,-57.31606385,-54.08779784,-46.09484037,-34.75588332,-8.730346341,-56.53436364,-46.76972996,-22.48993625,-37.35300029,-49.84417068,-77.37747037,-51.20079876,-58.4191601,-39.75614974,-27.55461827,-34.99372448,-32.99445968,-32.95166649,-44.83024045,-64.6297892,-39.27856625,-31.90324804,-35.23022425,-32.05599062,-50.32637832,-32.30257022,-80.796256,-64.2800355,-47.37946489,-37.4272419,-57.12509343,-45.38010636,-26.15087593,-41.40997434,-35.23793126,-43.58244493,-60.82660674,-85.59388626,-45.79357158,-51.19353609,-42.71882895,-28.97161888,-12.07021093,-51.54647595,-33.81200866,-40.00866929,-40.86490295,-35.06715518,-28.43137296,-42.92480756,-46.22753975,-66.34442298,-73.05429227,-39.67278605,-41.10125382,-57.10167782,-58.79107566,-86.7221471,-38.67631606,-90.32426568,-70.49011568,-57.10805149,-37.75599633,-70.27940012,-53.5460053,-65.20800052,-78.95243169,-52.89656524,-40.68907639,-33.89963072,-95.29933449,-49.96761348,-67.22861886,-51.18857764,-31.99971089,-20.23856228,-18.33138107,-45.74658899,-26.00195795,-42.51893551,-41.99550145,-34.0664285,-42.99425897,-65.78382553,-55.06858576,-51.38470851,-61.02365256,-46.95346806,-52.89511062,-47.00678897,-42.18538734,-46.49531699,-63.32940229,-72.71894148,-46.83913311,-62.92642199,-84.01621386,-65.94840849,-61.73599417,-85.54489416,-87.66441046,-90.41161598,-31.9768073,-38.20757777,-81.07625126,-50.21339695,-83.21172921,-47.51232861,-54.11260587,-13.45638327,-27.16160717,-20.64324643,-31.96013285,-45.02756132,-45.70818525,-43.38385748,-46.1107722,-88.80360213
-15.873,-17.494,19.34,-27.232,-10.394,11.367,-10.678,1.823,-44.189,-20.524,-14.255,-39.622,-21.711,-11.147,-55.242,-13.292,-34.482,-8.097,-30.43,-44.834,-51.252,-56.602,-40.27,-22.835,-13.32,-37.435,-17.682,-20.815,-44.528,-44.511,-23.06,-49.767,-31.747,-24.807,-2.26,-29.577,-39.056,-6.252,-15.204,-47.681,-31.853,-17.315,-45.161,-42.395,-47.155,-38.094,-24.833,-6.572,-22.056,-39.249,-22.145,-50.656,-57.313,-34.832,-39.979,-43.81,-59.441,-40.224,-40.801,-19.239,-43.06,-44.964,-32.361,-14.511,-25.387,-61.84,-66.501,-41.356,-28.387,-31.289,-59.389,-49.897,-61.259,-49.295,-52.646,-27.106,-17.635,-31.172,-56.726,-34.67,-25.623,-45.841,-57.716,-53.637,-46.76,-35.66,-9.557,-57.994,-47.381,-22.967,-37.933,-50.587,-78.399,-53.038,-58.598,-40.909,-28.423,-35.294,-33.43,-33.209,-45.657,-65.464,-38.812,-32.262,-37.253,-32.749,-50.508,-32.16,-81.865,-64.958,-49.756,-40.432,-59.873,-47.459,-27.794,-42.467,-35.529,-45.468,-60.343,-87.052,-47.29,-52.736,-43.778,-31.273,-13.743,-52.921,-34.109,-40.218,-41.148,-35.368,-28.944,-43.785,-47.171,-67.402,-74.359,-40.1,-42.704,-59.273,-60.827,-88.077,-38.435,-89.689,-70.559,-58.185,-40.619,-72.191,-55.659,-67.062,-78.285,-54.62,-42.043,-33.936,-95.381,-51.63,-69.264,-52.586,-33.223,-20.988,-19.492,-46.578,-26.275,-42.796,-42.382,-34.409,-43.428,-66.421,-55.944,-52.65,-62.531,-48.056,-54.229,-48.787,-44.51,-48.217,-62.76,-72.469,-46.6,-62.732,-86.566,-66.937,-63.906,-87.643,-87.379,-91.546,-34.047,-38.654,-81.345,-51.225,-85.439,-48.725,-55.108,-14.619,-27.966,-20.804,-32.208,-45.272,-46.292,-43.669,-46.538,-89.607
-17.00233685,-17.25828777,20.01906842,-28.19260981,-9.185041163,9.879394582,-9.366971203,0.473217641,-44.58288591,-20.68503519,-15.54826174,-39.81781746,-20.90705623,-12.55806886,-54.28995209,-12.81329851,-36.10184958,-9.957217956,-29.4212249,-45.12122849,-50.78742719,-58.73623238,-43.07482269,-23.75869579,-14.92075798,-39.19299629,-16.56200769,-20.86448682,-44.46564147,-44.43224872,-24.5091871,-49.97562016,-33.2324719,-26.3293451,-2.986250123,-31.31837837,-40.22524815,-5.385560791,-15.91588365,-48.26878871,-31.99711575,-16.24738295,-44.45232637,-41.05824915,-47.0747678,-38.21722392,-25.86832638,-7.650248407,-23.2945113,-40.73847518,-23.08198228,-52.28867101,-57.73080391,-34.71688195,-40.83305423,-43.9020626,-59.71694594,-41.22809499,-39.57516623,-19.77970887,-44.40603619,-45.42822231,-32.94782712,-12.55765645,-25.1360424,-62.45827765,-66.6480234,-41.36126323,-29.4835426,-32.54335424,-60.54884274,-50.35317321,-62.38998489,-50.33543288,-53.20889103,-29.60754099,-18.89127948,-31.83321347,-56.23075267,-35.94491705,-26.28954643,-45.67427914,-57.50552953,-52.66713635,-47.93287535,-36.87155291,-10.68062853,-59.28760907,-48.70531126,-24.44917179,-38.109265,-50.88778836,-79.02687739,-55.40392154,-59.58503105,-42.26425744,-29.74826789,-35.63019172,-33.98789405,-33.44321388,-46.49053085,-66.21993805,-38.08248428,-32.06793042,-38.29420644,-32.57619225,-50.20301004,-31.76903623,-82.58585959,-65.41728994,-51.67397959,-43.34199274,-62.5497087,-49.53068388,-30.32877441,-43.6656688,-35.62211534,-47.02954537,-59.47024828,-89.00006407,-49.2616414,-54.5521836,-44.74376853,-34.10079212,-16.06750875,-55.03985155,-34.40493614,-40.5116202,-41.46637337,-35.79057864,-29.50316038,-44.60572512,-48.21965128,-68.36454522,-75.21821725,-40.04659899,-43.50742434,-60.56522459,-61.71958742,-88.75742344,-38.43735864,-89.58717025,-70.64099807,-58.85373208,-43.47382207,-73.6112255,-58.33012686,-69.284188,-78.26225773,-56.31798089,-43.48855076,-33.70613281,-94.93331683,-53.88918256,-71.12841554,-53.84247115,-34.7849446,-21.81373413,-20.99573845,-48.02213593,-26.56577387,-43.14227122,-42.85124984,-34.8327011,-43.87414231,-66.98884895,-56.76151327,-53.87195013,-64.05593513,-48.67269404,-54.95726485,-49.76137451,-46.31093222,-49.40399515,-62.56645784,-72.56490315,-46.43188339,-62.74441224,-89.06960357,-67.38084334,-66.20603584,-89.71611437,-87.57893912,-92.11594351,-36.07972797,-38.34178566,-81.24552968,-52.82284226,-88.02812686,-49.33232691,-56.34465185,-16.01128496,-29.63475297,-21.44754118,-32.54117591,-45.57861042,-46.94574146,-43.97471668,-46.96908615,-90.39524872
-18.282,-16.622,20.176,-29.171,-8.574,7.971,-8.417,-1.042,-45.073,-20.719,-16.805,-39.289,-20.157,-13.972,-52.596,-12.931,-38.288,-12.365,-28.353,-45.308,-49.75,-60.675,-46.069,-23.961,-16.566,-41.703,-15.453,-20.922,-43.587,-43.906,-27.007,-50.246,-34.784,-27.643,-4.511,-33.67,-41.484,-4.829,-17.579,-48.148,-31.589,-14.972,-43.279,-39.388,-46.966,-38.203,-26.824,-9.072,-24.916,-42.027,-23.926,-52.826,-57.466,-35.03,-41.996,-43.524,-60.148,-41.878,-38.432,-20.267,-46.646,-45.472,-33.485,-10.877,-24.51,-61.983,-66.168,-41.388,-30.829,-34.016,-61.622,-50.886,-64.12,-51.451,-53.014,-31.966,-20.937,-32.636,-55.236,-37.196,-27.043,-45.159,-56.475,-51.104,-49.105,-38.308,-12.506,-60.268,-50.476,-26.611,-38.193,-50.595,-79.126,-57.997,-61.514,-43.857,-31.863,-35.972,-34.61,-33.704,-47.391,-67.13,-37.027,-31.04,-38.353,-31.528,-49.486,-30.925,-82.703,-65.258,-52.965,-45.883,-64.894,-51.578,-33.379,-45.222,-35.597,-48.006,-58.213,-91.36,-51.407,-56.595,-45.756,-37.535,-19.205,-57.547,-34.672,-40.866,-41.78,-36.333,-30.118,-45.394,-49.443,-69.285,-75.521,-39.451,-43.324,-60.984,-61.413,-88.909,-38.701,-89.879,-70.354,-58.985,-46.143,-74.477,-61.678,-71.846,-79.136,-58.057,-44.973,-33.155,-94.272,-56.38,-72.715,-55.013,-36.658,-22.898,-23.225,-49.856,-26.86,-43.518,-43.366,-35.327,-44.324,-67.502,-57.624,-55.063,-65.632,-48.785,-55.054,-49.904,-47.423,-50.292,-62.728,-72.768,-46.213,-62.635,-91.456,-67.474,-68.563,-91.883,-88.237,-92.303,-37.999,-37.38,-81.029,-55.093,-90.815,-49.419,-57.845,-18.031,-32.244,-22.54,-32.958,-45.914,-47.577,-44.282,-47.406,-91.171
-19.83963562,-15.6034866,19.91308824,-30.39561965,-8.660704145,5.793628667,-7.891607378,-2.74662892,-45.74564189,-20.35346499,-17.95082413,-38.11793651,-19.73861915,-15.05991309,-50.2559013,-13.75284308,-41.05506743,-15.57646657,-27.21692971,-45.07412126,-48.19460734,-62.0501973,-48.94640121,-23.39114913,-18.36468946,-45.18461044,-14.12779472,-20.83120785,-41.90502925,-42.91660716,-30.58935223,-50.39407323,-36.20704748,-28.73594161,-6.509772706,-36.81774998,-42.96946507,-4.461423716,-20.11453025,-47.19285895,-30.51717186,-13.53668849,-41.80547852,-37.49099655,-46.94594721,-38.15712703,-27.58016952,-11.20280659,-27.18030618,-43.2192201,-24.53274382,-52.15071981,-56.43869967,-35.87591174,-43.68509131,-42.71765384,-60.86257888,-42.24613934,-37.65088189,-20.7771989,-49.75311946,-45.01011814,-34.10081818,-9.773757349,-23.46602905,-60.32848881,-64.92669588,-41.07618208,-32.39608592,-35.89809028,-62.35722598,-51.45687071,-66.69113205,-52.55850064,-52.14736872,-33.8680191,-23.84324579,-33.67740852,-53.77218349,-38.47280274,-27.90570021,-44.40088748,-54.54778144,-48.95135594,-49.80302223,-39.88173549,-15.34457165,-60.83433712,-52.36621587,-29.03847042,-38.47160918,-49.66861095,-78.60550436,-60.43974888,-64.41431755,-45.68990442,-34.98081382,-36.29000855,-35.2337258,-34.03223367,-48.40177311,-68.40022993,-35.62407312,-29.01895004,-37.52538883,-29.70109245,-48.47755084,-29.46109186,-82.02700449,-64.19461987,-53.54568469,-47.85187058,-66.6720881,-53.57525606,-36.45721799,-47.27542834,-35.57097016,-48.19265646,-56.63930945,-93.97595233,-53.41130489,-58.72010019,-46.95235734,-41.55649386,-23.19847181,-60.00168298,-34.88698881,-41.24923517,-42.04747713,-36.98667464,-30.78675204,-46.152038,-50.88537762,-70.21914094,-75.2240003,-38.33541147,-42.05491177,-60.61748855,-59.97685192,-88.78545175,-39.22174817,-90.40667073,-69.40281153,-58.53550736,-48.44725789,-74.77419531,-65.71132035,-74.66874267,-81.03255017,-59.87177696,-46.46547351,-32.26059729,-93.72285451,-58.71486198,-73.94327814,-56.15138966,-38.76519147,-24.3725937,-26.46307316,-51.77544582,-27.14382134,-43.87810865,-43.883005,-35.87803129,-44.76442202,-67.97851999,-58.61586504,-56.22773741,-67.26261341,-48.43414853,-54.55668006,-49.25818233,-47.77106689,-51.14030706,-63.2100899,-72.86684487,-45.8680157,-62.07786949,-93.63456925,-67.43020447,-70.89137564,-94.24341877,-89.27878233,-92.39447397,-39.75675651,-35.92388434,-80.95584895,-58.01113303,-93.60580015,-49.13203006,-59.58387133,-20.97317598,-35.71322965,-23.97002764,-33.44642965,-46.24125021,-48.09984419,-44.57389991,-47.8473835,-91.93852533
-21.631,-14.401,19.308,-31.782,-9.387,3.433,-7.772,-4.697,-46.465,-19.738,-18.872,-36.57,-19.627,-15.707,-47.621,-15.291,-44.006,-19.29,-26.295,-44.442,-46.427,-62.768,-51.411,-22.26,-20.262,-49.318,-12.805,-20.652,-39.687,-41.699,-34.875,-50.328,-37.457,-29.532,-8.708,-40.485,-44.589,-4.411,-23.171,-45.605,-29.051,-12.202,-40.315,-35.629,-47.155,-38.177,-28.023,-13.968,-29.868,-44.36,-24.879,-50.558,-54.922,-37.19,-45.737,-41.579,-61.785,-42.364,-37.338,-21.194,-53.275,-44.151,-34.739,-9.433,-22.153,-57.859,-63.19,-40.44,-34.111,-38.046,-62.745,-51.917,-69.825,-53.611,-50.84,-35.349,-27.247,-34.845,-52.083,-39.773,-28.885,-43.635,-52.184,-46.579,-49.937,-41.487,-18.889,-61.026,-54.116,-31.402,-39.118,-48.32,-77.64,-62.327,-68.147,-47.647,-38.743,-36.579,-35.809,-34.395,-49.436,-69.94,-34.027,-26.291,-36.032,-27.387,-47.483,-27.553,-80.803,-62.471,-53.608,-49.25,-67.77,-55.394,-39.097,-49.701,-35.715,-47.685,-54.943,-96.637,-55.071,-60.635,-48.257,-45.73,-27.579,-62.104,-35.051,-41.626,-42.253,-37.723,-31.452,-46.834,-52.438,-71.138,-74.471,-36.94,-39.837,-59.67,-57.698,-88.759,-40.077,-91.218,-68.013,-57.768,-50.261,-74.557,-70.032,-77.425,-83.79,-61.744,-47.959,-31.082,-93.414,-60.746,-74.71,-57.263,-40.88,-26.064,-30.336,-53.628,-27.415,-44.185,-44.352,-36.478,-45.173,-68.414,-59.695,-57.273,-68.791,-47.774,-53.594,-47.988,-47.473,-52.023,-64.125,-72.984,-45.55,-61.119,-95.484,-67.282,-72.942,-96.612,-90.643,-92.748,-41.324,-34.116,-81.024,-61.253,-96.155,-48.565,-61.311,-24.488,-39.664,-25.493,-33.976,-46.538,-48.481,-44.846,-48.281,-92.69
-23.5485054,-13.25151568,18.40457389,-33.19820549,-10.65737535,0.949807945,-8.02531057,-6.933984872,-47.07043755,-19.12700217,-19.47225837,-34.96799178,-19.69584896,-15.88644274,-45.08328729,-17.5097462,-46.72343843,-23.09780171,-25.87165523,-43.554983,-44.81159503,-62.87447274,-53.23184698,-20.86901682,-22.1591691,-53.65336169,-11.78215183,-20.45964301,-37.28533494,-40.54092551,-39.38539797,-50.03837745,-38.52055291,-29.98413378,-10.87500597,-44.28897796,-46.187556,-4.822661979,-26.3465347,-43.68995812,-27.55978,-11.25966891,-39.09174941,-34.06539649,-47.65932142,-38.34702719,-28.09221153,-17.15069341,-32.65401348,-45.49575838,-24.99579194,-48.4701314,-53.29135578,-38.84214812,-47.93052892,-40.22680656,-62.79504954,-42.26348384,-37.50569145,-21.41545259,-56.68415998,-43.05354918,-35.31403238,-9.956231845,-20.76401523,-55.04896049,-61.33314095,-39.59672124,-35.889806,-40.26936553,-62.86046738,-52.13937347,-73.11829637,-54.54167035,-49.39457915,-36.53642967,-30.68961975,-35.99105525,-50.42607549,-41.07750202,-30.01341834,-43.0755443,-49.92256334,-44.41936723,-49.555585,-43.02538471,-22.68989975,-60.9415326,-55.5407934,-33.42037332,-40.23383565,-46.82825862,-76.50485169,-63.3268089,-72.4681359,-49.58191874,-42.66993715,-36.83889312,-36.29219132,-34.74460982,-50.38375674,-71.58343272,-32.41506899,-23.25413051,-34.17014938,-24.95718867,-46.81240975,-25.44552481,-79.36333276,-60.46328203,-53.43050281,-50.13608898,-68.16921492,-56.9226669,-40.9478077,-52.30457505,-36.15801378,-46.68466244,-53.34998189,-99.11863374,-56.22497586,-62.07554735,-49.54446473,-49.57755139,-31.79670514,-63.59198151,-35.17172085,-41.9648113,-42.38870764,-38.50136157,-32.04482955,-47.39486352,-53.95385378,-71.9931399,-73.44958482,-35.52242718,-36.91817576,-58.38582394,-54.95313404,-89.18215773,-41.30656233,-92.36847503,-66.52663595,-57.01157466,-51.49405455,-73.9421286,-74.19092748,-79.77506173,-87.14041608,-63.64867691,-49.4283015,-29.73524491,-93.40631364,-62.37774235,-74.97673684,-58.31871565,-42.76578497,-27.74919805,-34.33756217,-55.27090767,-27.67218771,-44.41153387,-44.72597262,-37.12180736,-45.53141613,-68.80531438,-60.78915915,-58.09571191,-70.03097673,-46.98014712,-52.33165502,-46.29981115,-46.7229879,-52.96679423,-65.57127241,-73.27420659,-45.45328715,-59.92503484,-96.90535149,-67.02580042,-74.48499576,-98.74721513,-92.25398138,-93.66273843,-42.66671136,-32.11983448,-81.16848511,-64.4386284,-98.25237083,-47.80957034,-62.74898361,-28.09593247,-43.62906719,-26.84925918,-34.51161273,-46.79163327,-48.70123436,-45.10417895,-48.69575406,-93.41327228
-25.402,-12.368,17.137,-34.635,-12.382,-1.629,-8.643,-9.404,-47.524,-18.773,-19.765,-33.683,-19.715,-15.711,-42.944,-20.273,-49.12,-26.722,-25.95,-42.699,-43.697,-62.703,-54.429,-19.623,-23.945,-57.758,-11.227,-20.175,-35.14,-39.691,-43.667,-49.754,-39.36,-30.227,-12.905,-47.883,-47.59,-5.658,-29.307,-41.843,-26.432,-10.913,-38.305,-32.915,-48.204,-38.708,-27.937,-20.401,-35.267,-46.739,-25.011,-46.408,-51.979,-40.608,-50.193,-38.818,-63.798,-42.021,-37.963,-21.59,-59.577,-41.886,-35.808,-11.227,-19.478,-52.366,-59.769,-38.703,-37.654,-42.525,-62.877,-52.195,-76.187,-55.168,-48.257,-37.579,-33.762,-37.036,-48.902,-42.352,-31.439,-42.724,-48.082,-42.79,-48.88,-44.446,-26.347,-60.777,-56.692,-34.922,-41.748,-45.493,-75.614,-63.43,-76.88,-51.345,-46.369,-37.066,-36.653,-35.048,-51.173,-73.16,-30.897,-20.311,-32.421,-22.911,-46.61,-23.319,-77.956,-58.549,-53.364,-50.594,-68.115,-58.221,-42.104,-54.878,-36.806,-45.521,-52.089,-101.197,-56.772,-63.04,-50.704,-52.866,-35.488,-64.216,-35.259,-42.253,-42.453,-39.253,-32.506,-47.841,-55.286,-72.743,-72.336,-34.193,-33.758,-57.054,-52.263,-90.21,-42.717,-93.738,-65.233,-56.556,-52.146,-73.23,-77.941,-81.579,-90.678,-65.587,-50.751,-28.484,-93.689,-63.484,-74.988,-59.2,-44.295,-29.311,-38.085,-56.449,-27.906,-44.565,-44.978,-37.809,-45.847,-69.177,-61.832,-58.651,-70.839,-46.203,-50.993,-44.45,-45.828,-53.994,-67.445,-73.687,-45.709,-58.775,-97.921,-66.695,-75.532,-100.468,-93.965,-95.133,-43.712,-30.197,-81.335,-67.264,-99.881,-47.004,-63.737,-31.44,-47.081,-27.852,-35.018,-47.014,-48.745,-45.383,-49.096,-94.091
-26.97743595,-11.92761262,15.48221001,-36.07881205,-14.42917744,-4.26488035,-9.587594853,-12.01646446,-47.80516998,-18.89286385,-19.82830684,-33.03112315,-19.4989544,-15.35689725,-41.45500681,-23.39096296,-51.18780803,-29.93891512,-26.44022,-42.17907308,-43.37473695,-62.57981286,-55.10593695,-18.8777411,-25.5226909,-61.22782873,-11.25030514,-19.71518418,-33.649827,-39.34471908,-47.32091698,-49.7024142,-39.97107124,-30.41505551,-14.70249292,-50.96373484,-48.64525657,-6.850294384,-31.76800075,-40.41420623,-26.02186802,-11.30237455,-38.03742894,-32.24317414,-48.49591204,-39.27491639,-27.73912037,-23.35759168,-37.49107754,-48.18314161,-25.06891302,-44.8585143,-51.36652807,-42.25578311,-52.4410555,-37.49022142,-64.6920922,-41.74551087,-38.49780417,-21.89033853,-61.64475519,-40.82653377,-36.20828167,-13.04959884,-18.4890574,-50.25058662,-58.87926843,-37.95302217,-39.32329997,-44.75295642,-62.95973452,-52.20549464,-78.66223119,-55.34758204,-47.81393133,-38.60582585,-36.13282093,-37.91759705,-47.59754717,-43.55668249,-33.27267706,-42.56898706,-46.89960698,-41.95007387,-48.18740887,-45.7035491,-29.52553389,-60.73087586,-57.6553756,-35.80977979,-43.50248967,-44.5634034,-75.32865188,-62.75832639,-80.86754078,-52.8106002,-49.51135456,-37.25791276,-36.87710705,-35.27431387,-51.7382953,-74.50290378,-29.59953665,-17.85294685,-31.26654385,-21.72216054,-46.94835397,-21.36766912,-76.81916901,-57.07502721,-53.71908596,-50.74510293,-67.90140346,-59.37729175,-42.79098028,-57.20274382,-37.48815422,-44.50584941,-51.31808875,-102.6997893,-56.68063703,-63.6163257,-51.66498297,-55.45565068,-38.37488984,-63.8396994,-35.32074465,-42.48125911,-42.45405534,-39.90224931,-32.79163285,-48.18611868,-56.30680756,-73.3476628,-71.32439391,-33.06764944,-30.85415839,-55.97395272,-50.12987566,-91.86600865,-44.08096523,-95.19224112,-64.39210137,-56.64569896,-52.2767635,-72.72936073,-81.09858552,-82.77079542,-94.01270299,-67.52590187,-51.79075016,-27.57970367,-94.22319434,-63.98458808,-75.03808524,-59.80932535,-45.41580392,-30.67922477,-41.23304061,-56.94842002,-28.10292343,-44.66436733,-45.09758596,-38.53024816,-46.12903409,-69.54671924,-62.75749415,-58.92538236,-71.11568131,-45.61351204,-49.82680218,-42.71913786,-45.10634256,-55.08817737,-69.58578946,-74.15461855,-46.42242371,-57.95524739,-98.60297125,-66.31905933,-76.18509872,-101.6349819,-95.66767698,-97.02062223,-44.39509289,-28.59006542,-81.47583565,-69.47831938,-101.101993,-46.29591212,-64.19478499,-34.20639006,-49.55183741,-28.39402611,-35.45823768,-47.22146156,-48.60919109,-45.71276171,-49.48372416,-94.70025463
-28.048,-11.987,13.699,-37.376,-16.492,-6.839,-10.68,-14.627,-47.841,-19.562,-19.89,-33.059,-19.145,-15.116,-40.759,-26.556,-52.908,-32.613,-27.16,-42.234,-43.923,-62.516,-55.45,-18.689,-26.866,-63.757,-11.862,-19.137,-32.961,-39.524,-50.143,-49.868,-40.508,-30.601,-16.089,-53.366,-49.319,-8.401,-33.578,-39.483,-26.527,-12.401,-38.139,-32.064,-48.41,-40.003,-27.602,-25.746,-39.28,-49.779,-25.283,-44.074,-51.576,-43.618,-54.4,-36.266,-65.322,-41.633,-39.016,-22.336,-62.836,-40.084,-36.456,-15.126,-18.066,-49.041,-58.883,-37.652,-40.805,-46.679,-63.143,-52.298,-80.217,-55.215,-48.071,-39.647,-37.734,-38.575,-46.701,-44.645,-35.361,-42.76,-46.507,-42.039,-47.807,-46.728,-32.104,-60.914,-58.42,-36.178,-45.162,-44.066,-75.66,-61.638,-84.1,-53.953,-51.937,-37.421,-37.001,-35.387,-52.003,-75.465,-28.792,-16.221,-31.008,-21.632,-47.778,-19.906,-76.236,-56.264,-54.573,-50.836,-67.755,-60.424,-43.317,-59.033,-37.948,-43.754,-50.909,-103.661,-56.141,-63.991,-52.503,-57.338,-40.338,-62.771,-35.355,-42.635,-42.433,-40.374,-32.91,-48.422,-56.966,-73.767,-70.692,-32.432,-28.646,-55.442,-48.838,-93.844,-45.268,-96.715,-64.199,-57.382,-52.1,-72.599,-83.533,-83.382,-96.955,-69.269,-52.453,-27.077,-94.929,-64.015,-75.338,-60.223,-46.272,-31.867,-43.465,-56.835,-28.241,-44.741,-45.12,-39.236,-46.369,-69.877,-63.495,-58.973,-70.896,-45.49,-49.126,-41.435,-44.809,-56.082,-71.809,-74.745,-47.657,-57.669,-99.102,-65.875,-76.668,-102.216,-97.478,-98.961,-44.723,-27.367,-81.559,-70.969,-102.096,-45.824,-64.249,-36.133,-50.875,-28.615,-35.789,-47.424,-48.337,-46.078,-49.836,-95.201
-28.48495325,-12.54184026,12.07352669,-38.39938023,-18.26691803,-9.229274802,-11.75662882,-17.09265673,-47.59265811,-20.76173522,-20.16251493,-33.67410553,-18.81064217,-15.24989596,-40.87483857,-29.47854096,-54.28308574,-34.70310641,-27.9123267,-43.00795036,-45.28288548,-62.44567917,-55.63995641,-19.00620131,-27.99392471,-65.18737843,-13.00204642,-18.50282276,-33.07433738,-40.17299596,-52.07146921,-50.18741067,-41.1490201,-30.75953217,-16.90740008,-55.05364162,-49.63956212,-10.25974774,-34.64503706,-39.02111679,-28.02683787,-14.05094241,-38.42128366,-32.33196626,-47.92904058,-40.8314546,-27.54835003,-27.42992901,-40.69025186,-51.45970325,-25.68113762,-44.17207351,-52.57847511,-44.57035255,-55.81494047,-35.16884202,-65.58624343,-41.8336027,-39.43595789,-22.85864221,-63.23630565,-39.81616539,-36.5307998,-17.17636993,-18.39890885,-48.93739848,-59.83675097,-38.04800358,-42.01576572,-48.05184017,-63.39326426,-52.59068197,-80.68071899,-54.95051192,-48.88647182,-40.70414831,-38.62343821,-38.98313152,-46.36409199,-45.59799069,-37.51266721,-43.41172244,-46.91739794,-43.05385682,-47.98875912,-47.48869097,-34.05755428,-61.39591276,-58.95067076,-36.15064073,-46.38823583,-43.94276017,-76.47233389,-60.44716341,-86.37614261,-54.75031143,-53.58440927,-37.56420013,-37.07173351,-35.3682282,-51.93462887,-75.97151968,-28.70910346,-15.64951689,-31.79733903,-22.71509247,-49.00297088,-19.17363162,-76.38464905,-56.2034255,-55.92329354,-51.07074533,-67.85481862,-61.3690927,-43.95118076,-60.15640889,-37.9575261,-43.29134559,-50.66611977,-104.1714549,-55.40001553,-64.30780429,-53.27031551,-58.5790108,-41.36844553,-61.4111136,-35.36479277,-42.70438741,-42.43444166,-40.61748353,-32.89407924,-48.54764815,-57.26961674,-73.9935621,-70.66289782,-32.54097976,-27.4723386,-55.67935553,-48.53210883,-95.80622735,-46.16847474,-98.2868232,-64.73139604,-58.7787933,-51.8007643,-72.94508147,-85.18875357,-83.49715861,-99.39951727,-70.60199061,-52.68151177,-26.94396149,-95.72231288,-63.74072276,-75.99973474,-60.51268409,-47.02295581,-32.91947313,-44.57252839,-56.27331886,-28.3054819,-44.82586724,-45.09504348,-39.8758199,-46.56494293,-70.13455188,-64.00547336,-58.88585516,-70.29024104,-46.05627526,-49.1177449,-40.88803126,-45.11105856,-56.79019698,-73.93045894,-75.534978,-49.39298312,-58.0391994,-99.51856663,-65.37704631,-77.19767913,-102.2279501,-99.50220117,-100.5874052,-44.71322632,-26.53713167,-81.56577883,-71.6987907,-103.0279885,-45.70911459,-64.07661192,-37.06314464,-51.05516489,-28.70549587,-35.98053752,-47.62951923,-47.98997922,-46.45390424,-50.13697137,-95.56806982
-28.567,-13.462,10.72,-39.268,-19.639,-11.381,-12.857,-19.33,-47.211,-22.237,-20.647,-34.494,-18.612,-15.783,-41.43,-32.059,-55.413,-36.461,-28.533,-44.331,-47.059,-62.31,-55.737,-19.651,-29.037,-65.857,-14.428,-17.758,-33.66,-41.098,-53.423,-50.649,-42.01,-30.655,-17.171,-56.371,-49.77,-12.099,-34.987,-38.839,-30.284,-15.732,-38.774,-32.812,-47.301,-41.695,-27.356,-28.743,-42.023,-53.23,-25.979,-44.964,-54.0,-45.098,-56.702,-34.341,-65.653,-42.226,-39.608,-23.191,-63.225,-39.945,-36.613,-19.095,-19.287,-49.687,-61.309,-39.048,-42.923,-48.927,-63.536,-53.16,-80.469,-54.641,-49.908,-41.764,-39.103,-39.259,-46.49,-46.514,-39.649,-44.338,-47.774,-44.54,-48.613,-48.138,-35.536,-62.168,-59.213,-35.782,-47.009,-44.019,-77.391,-59.569,-87.831,-55.097,-54.619,-37.698,-37.128,-35.281,-51.689,-76.218,-29.304,-15.993,-33.368,-24.605,-50.462,-18.989,-76.977,-56.563,-57.681,-51.358,-68.257,-62.179,-44.724,-60.524,-37.49,-42.984,-50.41,-104.344,-54.712,-64.442,-53.78,-59.414,-41.745,-60.093,-35.383,-42.704,-42.484,-40.679,-32.824,-48.613,-57.372,-74.151,-71.165,-33.356,-27.326,-56.609,-49.015,-97.618,-46.66,-99.757,-65.66,-60.641,-51.297,-73.812,-86.26,-83.317,-101.378,-71.403,-52.533,-26.998,-96.543,-63.233,-76.822,-60.558,-47.696,-33.928,-44.759,-55.546,-28.319,-44.936,-45.085,-40.436,-46.759,-70.358,-64.381,-58.84,-69.576,-47.21,-49.721,-41.171,-45.951,-57.107,-75.792,-76.501,-51.317,-58.949,-99.674,-65.041,-77.843,-101.778,-101.583,-101.751,-44.354,-26.048,-81.515,-71.796,-103.881,-46.009,-63.85,-37.215,-50.488,-28.814,-36.064,-47.844,-47.657,-46.824,-50.424,-95.853
-28.62479461,-14.58911836,9.667683383,-40.12187466,-20.58814457,-13.27147018,-14.05801241,-21.29250096,-46.86514094,-23.68404111,-21.31118877,-35.13391644,-18.63628035,-16.67032728,-42.00110644,-34.23958638,-56.40389013,-38.13391329,-28.89826383,-45.96283629,-48.82205191,-62.06056439,-55.78171729,-20.42599455,-30.10768932,-66.18105561,-15.88382605,-16.87210115,-34.36182402,-42.11819433,-54.5605196,-51.23185828,-43.171015,-30.07732512,-16.97530561,-57.66966208,-49.88231907,-13.59782366,-34.69685957,-38.76439697,-32.9811039,-16.93186786,-39.09757823,-33.25920637,-46.82582155,-42.55164231,-26.8095356,-30.0486294,-43.55858628,-55.08593601,-25.89773921,-46.21953879,-55.45822802,-45.2367631,-57.14169883,-33.93938117,-65.71824385,-42.63810983,-39.43541303,-23.09638278,-63.20559388,-40.34042825,-36.89151782,-20.82233439,-20.47357974,-50.95624548,-62.82877703,-40.49409128,-43.5135987,-49.42977517,-63.39953257,-54.03519501,-80.09454158,-54.35960284,-50.79024742,-42.79595437,-39.49871664,-39.52809822,-46.93008239,-47.49572041,-41.71327355,-45.32894338,-48.68344287,-46.02025101,-49.50856872,-48.83851117,-36.70850464,-63.18056595,-59.18846625,-35.156032,-46.94391825,-44.13098175,-78.0489079,-59.31041534,-88.66631948,-54.92310912,-55.25856181,-37.82828474,-37.20770484,-35.20237817,-51.44827923,-76.43297912,-30.45752224,-17.00796219,-35.36459416,-26.86228273,-51.98621315,-19.10990722,-77.67872922,-56.98200698,-59.74559509,-51.55329867,-68.97891245,-62.79374947,-45.6116288,-60.18029538,-36.6099112,-42.7100847,-50.01554541,-104.2901886,-54.28357519,-64.2587362,-53.85641974,-60.06174915,-41.80382344,-59.0881194,-35.44670897,-42.65430211,-42.59968472,-40.62715837,-32.78053004,-48.66790621,-57.4368243,-74.36920554,-72.04547263,-34.74612704,-28.06963867,-58.07002012,-50.01428511,-99.20218003,-46.68478327,-100.9871725,-66.61761615,-62.73332659,-50.48471763,-75.19215311,-86.96809598,-83.06170329,-102.9557109,-71.61960533,-52.11201418,-27.04638593,-97.32918114,-62.5381847,-77.55913725,-60.27074769,-48.27870253,-34.97508059,-44.32984531,-54.91771504,-28.31376341,-45.08141721,-45.14836662,-40.91420146,-46.99281865,-70.59456681,-64.73047617,-58.99970167,-69.03021755,-48.75551069,-50.75073905,-42.27301466,-47.17510097,-56.97896536,-77.26081375,-77.61865038,-53.08600354,-60.22817476,-99.37802688,-65.09130326,-78.60172451,-101.0078432,-103.5029055,-102.4003489,-43.6710592,-25.82422489,-81.428157,-71.43762997,-104.6149126,-46.74653144,-63.72187323,-36.89908837,-49.62329509,-29.04725277,-36.08246364,-48.07096207,-47.42476826,-47.17724403,-50.73538914,-96.11533013
-28.791,-15.776,8.777,-40.939,-21.287,-14.939,-15.383,-23.022,-46.608,-24.84,-22.2,-35.489,-18.896,-17.825,-42.35,-35.942,-57.29,-39.66,-29.014,-47.694,-50.343,-61.684,-55.85,-21.184,-31.135,-66.39,-17.24,-16.029,-35.048,-43.242,-55.656,-51.826,-44.631,-29.13,-16.577,-58.951,-50.05,-14.739,-34.063,-38.855,-35.797,-17.532,-39.257,-33.578,-46.747,-43.457,-25.966,-31.362,-45.25,-56.917,-25.493,-47.847,-56.882,-45.117,-57.202,-34.06,-65.82,-42.965,-39.102,-22.66,-63.386,-40.899,-37.389,-22.31,-21.868,-52.539,-64.255,-42.308,-43.803,-49.659,-62.965,-55.097,-79.874,-54.218,-51.426,-43.715,-39.991,-39.808,-47.576,-48.546,-43.624,-46.38,-49.475,-47.378,-50.667,-49.611,-37.648,-64.297,-58.923,-34.547,-46.318,-44.275,-78.348,-59.667,-89.017,-54.386,-55.705,-37.941,-37.354,-35.185,-51.312,-76.707,-32.042,-18.435,-37.493,-29.192,-53.441,-19.471,-78.436,-57.395,-62.056,-51.595,-70.005,-63.09,-46.611,-59.384,-35.549,-42.555,-49.559,-104.095,-54.123,-63.852,-53.609,-60.507,-41.826,-58.49,-35.58,-42.575,-42.788,-40.523,-32.8,-48.711,-57.517,-74.672,-73.124,-36.503,-29.388,-59.863,-51.297,-100.509,-46.458,-102.02,-67.491,-64.867,-49.44,-76.93,-87.395,-82.914,-104.196,-71.387,-51.603,-27.006,-97.988,-61.698,-78.101,-59.884,-48.732,-36.062,-43.594,-54.464,-28.323,-45.258,-45.316,-41.317,-47.262,-70.854,-65.099,-59.398,-68.76,-50.449,-51.913,-43.964,-48.497,-56.484,-78.28,-78.96,-54.531,-61.731,-98.674,-65.585,-79.335,-100.108,-105.067,-102.657,-42.87,-25.759,-81.3,-70.832,-105.279,-47.867,-63.771,-36.425,-48.741,-29.387,-36.066,-48.306,-47.344,-47.516,-51.06,-96.37
-29.12643876,-16.90395609,7.883307784,-41.6563659,-21.95859474,-16.44867271,-16.82714035,-24.59955594,-46.46405952,-25.53548629,-23.36078311,-35.54744171,-19.3773258,-19.14053476,-42.33886408,-37.10061162,-58.08531892,-40.91951902,-28.94709365,-49.35247648,-51.49784753,-61.18363529,-56.00592844,-21.81929423,-32.02541942,-66.6392328,-18.43292362,-15.43440627,-35.67134682,-44.50260887,-56.8166875,-52.31503108,-46.36122469,-27.98512406,-16.24225276,-60.1194671,-50.30830279,-15.61297118,-33.39360384,-39.20970567,-38.43063102,-17.55778905,-39.16471148,-33.73759427,-47.22289048,-44.48273067,-24.95085198,-32.60933254,-46.94192765,-58.61217137,-24.91561851,-49.80899869,-58.2719817,-44.89036717,-56.95081566,-34.7578401,-65.9637917,-43.15333116,-38.84708624,-22.05879339,-63.8831595,-41.52129078,-38.0781828,-23.53615475,-23.42206694,-54.30170554,-65.53475189,-44.40090043,-43.83817328,-49.69323059,-62.28796552,-56.20001691,-80.01392325,-54.32474156,-51.80692245,-44.43610516,-40.69062689,-40.08797957,-48.32425199,-49.64689158,-45.33108478,-47.53313428,-50.09001803,-48.59908638,-52.09466343,-50.44804084,-38.40637188,-65.39709676,-58.4917527,-34.23485012,-45.30899338,-44.48806148,-78.29830106,-60.54483176,-88.98715131,-53.69835826,-56.12503739,-38.0254069,-37.60683401,-35.27064817,-51.34402448,-77.08907364,-33.91599187,-20.04719891,-39.50706171,-31.37103421,-54.73388819,-20.06681724,-79.2763054,-57.81115432,-64.54963691,-51.4552921,-71.31111705,-62.97144816,-47.72147653,-58.44013622,-34.55789963,-42.63185787,-49.16567733,-103.8415057,-54.18130004,-63.35074841,-53.20426675,-60.65966336,-42.04349494,-58.31298005,-35.80275967,-42.48752247,-43.05607896,-40.42862319,-32.90419472,-48.72847588,-57.63021468,-75.04662587,-74.24686163,-38.41323075,-30.96831305,-61.80275078,-52.66394298,-101.5173856,-46.24786907,-102.9531551,-68.2376932,-66.87827514,-48.28575051,-78.86431691,-87.60727741,-83.00394158,-105.1580387,-70.88910154,-51.20150482,-26.85082643,-98.43468491,-60.76022724,-78.3975384,-59.65566979,-48.99877706,-37.15847915,-42.83268388,-54.18691505,-28.3790912,-45.46096774,-45.61125384,-41.65910476,-47.5529108,-71.1404331,-65.51999855,-60.02761671,-68.80554579,-52.06883139,-52.93344798,-45.99034627,-49.65016989,-55.74963352,-78.83730761,-80.60436725,-55.55450155,-63.30555801,-97.65452113,-66.5319015,-79.91053248,-99.25601631,-106.1219896,-102.6859453,-42.19663519,-25.76366904,-81.11820603,-70.17046361,-105.9423426,-49.28477403,-64.04432453,-36.05702402,-48.03465389,-29.78003808,-36.04559974,-48.54650758,-47.45021973,-47.85161575,-51.38084798,-96.62635796
-29.602,-17.957,6.89,-42.209,-22.836,-17.912,-18.326,-26.175,-46.46,-25.935,-24.773,-35.391,-20.035,-20.473,-42.048,-37.724,-58.795,-41.871,-28.88,-50.885,-52.383,-60.595,-56.231,-22.342,-32.779,-66.969,-19.537,-15.167,-36.299,-45.843,-58.082,-52.646,-48.303,-26.777,-16.115,-61.042,-50.638,-16.439,-32.883,-39.862,-40.665,-17.221,-38.959,-33.818,-48.126,-45.667,-23.892,-33.709,-48.372,-60.165,-24.364,-52.146,-59.605,-44.7,-56.469,-35.983,-66.183,-43.29,-38.852,-21.516,-64.645,-42.097,-38.898,-24.575,-25.091,-56.273,-66.638,-46.561,-43.765,-49.557,-61.57,-57.242,-80.476,-54.737,-52.083,-44.929,-41.575,-40.352,-49.05,-50.797,-46.935,-48.811,-50.696,-49.719,-53.694,-51.371,-39.048,-66.513,-58.024,-34.332,-44.104,-44.81,-78.074,-61.801,-88.626,-53.068,-56.561,-38.104,-37.988,-35.482,-51.548,-77.6,-35.891,-21.762,-41.291,-33.319,-55.907,-20.954,-80.272,-58.243,-67.118,-51.159,-72.871,-62.515,-48.931,-57.627,-33.797,-42.957,-48.956,-103.632,-54.378,-62.796,-52.753,-60.365,-42.547,-58.431,-36.131,-42.421,-43.425,-40.418,-33.101,-48.708,-57.764,-75.44,-75.394,-40.32,-32.684,-63.799,-54.011,-102.294,-46.263,-103.924,-68.845,-68.657,-47.153,-80.958,-87.75,-83.288,-105.887,-70.319,-51.068,-26.674,-98.648,-59.802,-78.504,-59.622,-48.977,-38.189,-42.215,-53.983,-28.51,-45.697,-46.055,-41.979,-47.861,-71.473,-66.044,-60.851,-69.109,-53.53,-53.725,-48.222,-50.58,-54.972,-79.024,-82.563,-56.173,-64.75,-96.377,-67.919,-80.359,-98.529,-106.659,-102.654,-41.878,-25.853,-80.869,-69.546,-106.664,-50.867,-64.535,-35.88,-47.522,-30.158,-36.069,-48.805,-47.754,-48.218,-51.707,-96.916
-30.14890208,-18.96486738,5.744659643,-42.53574426,-24.09597546,-19.44057939,-19.80157908,-27.88540059,-46.61829031,-26.26652868,-26.3693705,-35.12558019,-20.81822956,-21.73002435,-41.61604018,-37.87652754,-59.40280547,-42.46115653,-29.02197133,-52.31768761,-53.14424964,-59.96598048,-56.47508544,-22.79613109,-33.39130477,-67.3804202,-20.63865655,-15.25390358,-37.01953401,-47.18787748,-59.46715044,-52.79770894,-50.39437278,-25.65089643,-16.28106669,-61.5846097,-51.00161192,-17.42651377,-32.66760482,-40.816738,-42.31645835,-16.76866497,-38.82202614,-33.93034459,-49.25047244,-47.03770646,-22.91228346,-34.58790472,-49.25634712,-61.57809952,-24.03491855,-54.88495724,-60.83171677,-44.70127284,-55.8499916,-37.65371494,-66.5063561,-43.47311163,-39.28056038,-21.2483396,-65.56275122,-42.51964046,-39.76978068,-25.52331142,-26.82918013,-58.51411537,-67.52732404,-48.54133538,-43.76425985,-49.30374487,-61.0234532,-58.12867572,-81.14749284,-55.48115422,-52.44051079,-45.17701954,-42.56199608,-40.56860563,-49.64189874,-51.98784674,-48.55024321,-50.22167518,-51.50396915,-50.77737212,-55.33733027,-52.41884665,-39.67722166,-67.70454033,-57.62722739,-34.90483868,-42.86707035,-45.2731757,-77.85146507,-63.26341936,-87.99106856,-52.65910529,-57.03204252,-38.20283547,-38.49661018,-35.82305958,-51.89652932,-78.2208702,-37.80539622,-23.53190256,-42.78195307,-35.00576508,-57.04155389,-22.20018322,-81.48408658,-58.72237284,-69.66012127,-50.79513792,-74.64806503,-61.8409799,-50.25087277,-57.17810219,-33.3880477,-43.52773477,-49.04290735,-103.5404221,-54.66588955,-62.21523539,-52.34587287,-59.49476107,-43.3127493,-58.68721714,-36.56602435,-42.40361048,-43.90888863,-40.54873816,-33.3822197,-48.64043507,-57.89931913,-75.78391803,-76.58445442,-42.07919449,-34.45239495,-65.81772883,-55.27942648,-102.9453658,-46.67834844,-105.0428389,-69.35189474,-70.14157362,-46.19315109,-83.17525616,-87.97689077,-83.68422086,-106.4301863,-69.85306961,-51.33633153,-26.61541411,-98.6201564,-58.92226159,-78.53190786,-59.76287375,-48.57688221,-39.04456715,-41.82480475,-53.72377998,-28.73051014,-45.97321583,-46.6515135,-42.30799859,-48.18053938,-71.86558107,-66.70753763,-61.81272853,-69.58512702,-54.78675123,-54.25578382,-50.55378076,-51.3039452,-54.36684114,-78.97549395,-84.79662423,-56.47056377,-65.91014446,-94.90490066,-69.70712072,-80.74984467,-97.97112115,-106.7216722,-102.7008484,-42.11696444,-26.07737652,-80.56949594,-69.0197768,-107.5209723,-52.4705528,-65.20814463,-35.88183964,-47.14261167,-30.48457713,-36.17339575,-49.09438409,-48.24550682,-48.64117215,-52.04909401,-97.26611585
-30.629,-20.038,4.504,-42.593,-25.679,-21.1,-21.181,-29.748,-46.942,-26.679,-27.963,-34.861,-21.685,-23.063,-41.199,-37.775,-59.816,-42.513,-29.574,-53.876,-53.905,-59.362,-56.644,-23.246,-33.747,-67.833,-21.735,-15.642,-37.893,-48.479,-60.958,-52.813,-52.59,-24.834,-16.715,-61.648,-51.343,-18.617,-32.765,-42.029,-43.251,-16.405,-38.886,-34.2,-50.361,-48.615,-22.112,-35.216,-49.334,-62.786,-24.071,-57.92,-61.822,-45.107,-55.225,-39.664,-66.916,-43.706,-40.284,-21.4,-66.469,-42.709,-40.578,-26.473,-28.584,-61.054,-68.113,-50.077,-44.058,-49.157,-60.758,-58.755,-81.862,-56.511,-53.053,-45.164,-43.464,-40.65,-50.064,-53.166,-50.197,-51.734,-52.673,-51.781,-56.88,-53.672,-40.546,-68.99,-57.268,-36.001,-41.662,-45.877,-77.652,-64.691,-87.229,-52.466,-57.589,-38.329,-39.059,-36.242,-52.298,-78.802,-39.652,-25.305,-43.999,-36.461,-58.241,-23.854,-82.883,-59.355,-72.151,-50.657,-76.566,-61.072,-51.797,-57.174,-33.387,-44.361,-49.514,-103.508,-55.162,-61.67,-52.049,-58.093,-43.999,-58.941,-37.054,-42.452,-44.48,-40.801,-33.689,-48.528,-58.021,-75.99,-77.86,-43.541,-36.18,-67.955,-56.497,-103.65,-47.593,-106.272,-69.975,-71.412,-45.631,-85.361,-88.398,-84.13,-106.858,-69.592,-52.068,-26.883,-98.334,-58.278,-78.713,-60.054,-47.804,-39.528,-41.516,-53.286,-29.007,-46.287,-47.341,-42.625,-48.492,-72.296,-67.474,-62.816,-70.137,-55.814,-54.528,-52.856,-51.916,-54.16,-78.901,-87.131,-56.69,-66.873,-93.362,-71.774,-81.145,-97.595,-106.42,-102.856,-43.038,-26.526,-80.362,-68.624,-108.672,-53.958,-65.97,-35.841,-46.698,-30.867,-36.337,-49.414,-48.858,-49.093,-52.398,-97.664
-30.91215803,-21.26673781,3.252508701,-42.38108358,-27.45032184,-22.95503442,-22.37436878,-31.73548934,-47.42720812,-27.34804213,-29.36598281,-34.69935777,-22.5961581,-24.59377849,-40.95021269,-37.66243366,-59.93851756,-41.87469943,-30.64924381,-55.73207377,-54.7510312,-58.82907335,-56.64433568,-23.7824155,-33.7492136,-68.2810931,-22.75771366,-16.25709295,-38.9498093,-49.65200165,-62.50263467,-52.74758465,-54.81855394,-24.56290701,-17.35126716,-61.18225181,-51.61099031,-19.96498387,-33.17270865,-43.4257889,-43.41871504,-16.30062594,-39.23013073,-34.68975829,-51.22907256,-50.38672317,-21.60858483,-35.58582649,-48.42508787,-63.72114119,-24.55774357,-61.06627513,-62.44650811,-46.06744393,-54.69034377,-41.87918274,-67.36430786,-43.96137392,-41.93083366,-22.06564511,-67.18894757,-42.61969312,-41.21917663,-27.48885188,-30.29446629,-63.84006946,-68.31954768,-50.96793041,-44.80968747,-49.30482235,-60.86382447,-59.08557266,-82.47635686,-57.70661666,-54.02400904,-44.92443834,-44.09071477,-40.52331783,-50.32035057,-54.28521621,-51.85595003,-53.29806531,-54.27822883,-52.72515863,-58.20947406,-55.18464822,-41.85455441,-70.36601884,-56.92133202,-37.63576024,-40.51936491,-46.56428126,-77.43134929,-65.87383023,-86.50951272,-52.45754427,-58.25319331,-38.50187842,-39.59785964,-36.68225561,-52.65799116,-79.18331474,-41.44578649,-27.04055841,-44.97803827,-37.72910253,-59.5736689,-25.90399673,-84.39714872,-60.25901357,-74.55761095,-51.0206793,-78.48179482,-60.33755564,-53.66315082,-57.59295877,-33.85646461,-45.436842,-50.38303048,-103.4241956,-55.96884754,-61.23830851,-51.95351588,-56.28615538,-44.24395946,-59.08600346,-37.5280289,-42.58054607,-45.09787923,-41.14131941,-33.95743214,-48.38515222,-58.12088075,-75.98781097,-79.29270381,-44.59702979,-37.79533274,-70.30423012,-57.73207685,-104.567408,-49.06785404,-107.5578915,-70.94913634,-72.52983063,-45.65968245,-87.29577232,-89.11146001,-84.56430676,-107.2361767,-69.56584441,-53.3066176,-27.62738277,-97.79388616,-58.01130619,-79.25836191,-60.49836349,-46.7295718,-39.47241429,-41.11052762,-52.58485321,-29.30037756,-46.63767349,-48.04658021,-42.90114725,-48.78630495,-72.73824668,-68.29698373,-63.77409737,-70.72094993,-56.61486352,-54.59160092,-54.99539198,-52.5392873,-54.53105177,-79.0293302,-89.35192083,-57.09191541,-67.78613497,-91.86033855,-73.96108944,-81.62370513,-97.38516694,-105.8887593,-103.0680727,-44.71175789,-27.26307684,-80.40419957,-68.38784462,-110.246572,-55.25257763,-66.75173847,-35.51883027,-46.00269826,-31.41616959,-36.53170309,-49.76770881,-49.51139542,-49.53832443,-52.75215089,-98.08680848
-30.97,-22.58,2.077,-42.059,-29.209,-25.113,-23.219,-33.762,-48.061,-28.635,-30.506,-34.708,-23.515,-26.082,-40.995,-37.736,-59.738,-40.622,-32.016,-57.645,-55.64,-58.318,-56.43,-24.582,-33.487,-68.7,-23.466,-17.02,-40.13,-50.601,-63.927,-52.645,-56.888,-25.029,-18.074,-60.302,-51.793,-21.244,-33.925,-44.871,-43.057,-16.534,-39.771,-35.197,-51.683,-52.219,-21.61,-35.739,-46.657,-64.376,-25.405,-63.955,-62.66,-47.424,-54.165,-44.073,-67.731,-44.184,-43.97,-23.213,-67.577,-42.32,-41.675,-28.532,-31.873,-66.525,-68.181,-51.293,-45.906,-49.623,-61.455,-59.376,-82.994,-58.725,-55.189,-44.696,-44.347,-40.232,-50.5,-55.373,-53.444,-54.828,-56.11,-53.592,-59.359,-56.864,-43.448,-71.784,-56.737,-39.711,-39.437,-47.084,-77.038,-66.796,-86.006,-52.67,-58.896,-38.809,-40.094,-37.124,-52.935,-79.294,-43.136,-28.747,-45.741,-38.855,-60.945,-28.116,-85.877,-61.528,-76.739,-51.889,-80.025,-59.793,-55.749,-58.155,-34.949,-46.567,-51.393,-103.104,-56.966,-61.03,-52.275,-54.36,-43.924,-59.137,-37.924,-42.806,-45.713,-41.559,-34.154,-48.264,-58.215,-75.799,-81.053,-45.311,-39.326,-72.818,-59.129,-105.709,-51.085,-108.931,-72.404,-73.342,-46.271,-88.622,-90.211,-84.913,-107.589,-69.597,-55.095,-28.701,-97.1,-58.146,-80.176,-61.212,-45.594,-38.923,-40.532,-51.685,-29.598,-47.042,-48.687,-43.129,-49.11,-73.187,-69.164,-64.682,-71.518,-57.285,-54.654,-56.849,-53.337,-55.463,-79.594,-91.22,-57.85,-68.799,-90.405,-76.047,-82.342,-97.245,-105.296,-103.072,-47.071,-28.213,-80.79,-68.357,-112.175,-56.515,-67.643,-34.818,-45.062,-32.114,-36.763,-50.191,-50.129,-49.968,-53.16,-98.511
-30.80858088,-23.87535908,1.037341304,-41.78451769,-30.75097317,-27.62909678,-23.58937373,-35.73227228,-48.83192329,-30.81676493,-31.33075451,-34.91619432,-24.42213403,-27.26147088,-41.41033637,-38.14037784,-59.24312995,-38.93692886,-33.38783205,-59.3249164,-56.50300973,-57.78285116,-55.99739196,-25.76659993,-33.06668913,-69.08917685,-23.65212875,-17.8369051,-41.33551442,-51.24197065,-65.08585265,-52.55031108,-58.61775521,-26.33716074,-18.76141049,-59.17494128,-51.90164898,-22.2362539,-35.03069415,-46.22061767,-42.45063009,-17.12198946,-40.39876609,-35.47776015,-51.64248318,-53.96490919,-22.29098121,-35.74683951,-44.28639039,-64.78090316,-26.48888563,-66.23447676,-62.48046675,-48.95060179,-53.57463238,-46.03203655,-67.87801226,-44.323957,-46.11058649,-24.76814921,-67.5579251,-41.90151665,-41.94834138,-29.58265691,-33.24979175,-68.7531917,-67.7499519,-51.21418673,-47.18078792,-49.96238954,-62.60530941,-59.8954817,-83.44591355,-59.27830575,-56.35027274,-44.73584417,-44.21256332,-39.8492104,-50.68380247,-56.45965497,-54.89606718,-56.25267432,-57.90706565,-54.34147234,-60.39570745,-58.57899893,-45.09938738,-73.18889178,-56.87077817,-42.08790833,-38.41011863,-47.23963922,-76.34208767,-67.50761561,-85.86595232,-53.13141454,-59.40092053,-39.32154759,-40.54493956,-37.55304047,-53.1134874,-79.12182897,-44.64931977,-30.41372348,-46.33682121,-39.88746023,-62.25265335,-30.22889622,-87.16742942,-63.19517405,-78.56924311,-53.18307473,-80.87000566,-59.57701691,-57.90664617,-58.57150045,-36.76535111,-47.56566249,-52.27799904,-102.3987348,-57.99604901,-61.12600425,-53.16819661,-52.61155249,-43.03268583,-59.13145712,-38.19046585,-43.1327222,-46.2808427,-42.03837129,-34.26677209,-48.21608293,-58.32390596,-75.48469072,-83.23840767,-45.77396527,-40.7931144,-75.41400969,-60.80018567,-107.0529083,-53.56150529,-110.4109887,-74.36591645,-73.72820135,-47.38011797,-89.06012026,-91.74613015,-85.13600501,-107.927719,-69.4969424,-57.40832236,-29.89892136,-96.35839165,-58.64866191,-81.38798128,-62.26248935,-44.65415083,-37.98357625,-39.74525984,-50.70618085,-29.89185402,-47.50897314,-49.19827962,-43.30989865,-49.51086801,-73.63905663,-70.06403029,-65.55224943,-72.68122136,-57.91964206,-54.91331081,-58.3251747,-54.44129745,-56.86870345,-80.75990704,-92.54978426,-59.06775207,-70.01698033,-88.99762533,-77.84609301,-83.46327171,-97.09546972,-104.8124029,-102.6240387,-49.96500853,-29.26181577,-81.55253583,-68.55966711,-114.3095598,-57.90449309,-68.72355569,-33.73503584,-43.93537339,-32.88331113,-37.03792244,-50.71103947,-50.650029,-50.37940124,-53.66568102,-98.92002367
-30.471,-25.086,0.083,-41.552,-31.926,-30.307,-23.583,-37.572,-49.743,-33.645,-31.753,-35.235,-25.365,-28.125,-42.106,-38.855,-58.664,-37.203,-34.603,-60.699,-57.293,-57.286,-55.466,-27.152,-32.479,-69.524,-23.415,-18.56,-42.406,-51.62,-66.072,-52.527,-59.994,-28.289,-19.318,-58.018,-52.012,-22.94,-36.358,-47.362,-41.787,-17.925,-41.06,-35.388,-51.338,-55.547,-23.601,-35.752,-41.786,-65.058,-27.725,-67.806,-62.095,-50.459,-53.049,-47.686,-67.669,-44.381,-48.221,-26.616,-67.31,-41.436,-42.042,-30.801,-34.453,-70.431,-67.044,-50.949,-48.532,-50.386,-64.202,-60.677,-83.827,-59.523,-57.445,-45.176,-43.873,-39.451,-50.835,-57.513,-56.283,-57.596,-59.486,-54.858,-61.377,-60.192,-46.648,-74.545,-57.327,-44.576,-37.456,-47.247,-75.408,-68.13,-86.129,-53.769,-59.85,-39.977,-40.957,-37.941,-53.229,-78.8,-45.888,-31.905,-46.937,-40.891,-63.526,-32.096,-88.169,-65.076,-80.091,-54.77,-81.099,-59.735,-59.991,-58.777,-39.105,-48.425,-53.007,-101.38,-58.976,-61.459,-54.419,-51.224,-41.797,-59.077,-38.324,-43.513,-46.786,-42.521,-34.34,-48.253,-58.462,-75.172,-85.556,-46.015,-42.093,-78.011,-62.654,-108.592,-56.231,-111.89,-76.551,-73.915,-48.795,-88.783,-93.593,-85.343,-108.253,-69.241,-59.95,-31.084,-95.603,-59.374,-82.675,-63.41,-44.064,-36.784,-38.78,-49.84,-30.166,-47.999,-49.59,-43.459,-49.986,-74.079,-70.958,-66.386,-74.027,-58.52,-55.373,-59.448,-55.82,-58.575,-82.412,-93.398,-60.653,-71.367,-87.733,-79.379,-85.103,-97.009,-104.586,-101.78,-53.046,-30.281,-82.545,-68.937,-116.389,-59.337,-69.875,-32.503,-42.71,-33.539,-37.336,-51.29,-51.074,-50.77,-54.246,-99.326
-30.01541488,-26.15251629,-0.884079297,-41.31960854,-32.64393182,-32.91536282,-23.38740816,-39.23990151,-50.7928929,-36.73937829,-31.71389504,-35.59565249,-26.36894544,-28.72955852,-42.98226528,-39.82665249,-58.25229733,-35.80503179,-35.58006796,-61.79449367,-58.00953381,-56.9010261,-54.99306745,-28.49142325,-31.7101855,-70.06221091,-22.93906652,-19.0722429,-43.22158849,-51.81759142,-66.99709791,-52.61869145,-61.04510596,-30.63059034,-19.67537559,-57.02084277,-52.21565862,-23.396071,-37.75292557,-48.24254564,-41.21413615,-18.81144524,-41.73230547,-34.83594371,-51.06869955,-56.9082403,-25.41965918,-35.90041611,-39.61834724,-65.34384405,-29.04376874,-68.66969444,-61.71373304,-51.81162524,-52.79100375,-49.02803119,-67.002782,-44.38255901,-50.20530364,-28.63124582,-67.02974667,-40.98809889,-41.98316223,-32.3490987,-35.54219098,-71.53995327,-66.08799347,-50.7336098,-49.8931765,-51.01637925,-66.07611191,-61.69266139,-84.13221035,-59.71566102,-58.46698176,-46.06673829,-43.52542166,-39.10283722,-50.90817929,-58.49940553,-57.68451847,-58.91533319,-60.70205256,-55.04663215,-62.36479798,-61.57868146,-48.00310855,-75.84238665,-58.05365316,-46.99153354,-36.60831121,-47.3941042,-74.35472909,-68.78977893,-86.78457205,-54.4594877,-60.34659888,-40.69632932,-41.33737297,-38.25994564,-53.32217121,-78.46984754,-46.79439288,-33.09020218,-47.72429712,-41.88653658,-64.8579358,-33.61643069,-88.83354288,-66.95159738,-81.39069806,-56.52654996,-80.95371495,-60.26896045,-61.87894791,-58.75039603,-41.72292699,-49.20140014,-53.61530525,-100.2024069,-59.86678957,-61.93940266,-55.75018794,-50.34828908,-40.47734022,-58.95526526,-38.33920153,-43.89294883,-47.21761463,-42.94169549,-34.42196315,-48.37040124,-58.6354987,-74.98167592,-87.65131336,-46.08367023,-43.13126586,-80.50798068,-64.53636034,-110.3289823,-58.80496211,-113.2618922,-78.62204828,-74.18100178,-50.33995853,-88.13551994,-95.58385877,-85.67340113,-108.5698098,-68.83254129,-62.40731155,-32.16978933,-94.86016725,-60.17849286,-83.80997627,-64.38170322,-43.93727114,-35.46979022,-37.7073543,-49.23447928,-30.4075768,-48.46381218,-49.88665811,-43.59424877,-50.51623024,-74.49002403,-71.80076954,-67.17802546,-75.31256151,-59.0713112,-55.99582764,-60.28290905,-57.38505003,-60.41175351,-84.38277179,-93.92609837,-62.47254914,-72.72987145,-86.7443177,-80.75791333,-87.31948783,-97.10933124,-104.7180461,-100.6790107,-55.94986642,-31.17287349,-83.61145512,-69.41479712,-118.1545496,-60.68121828,-70.95130917,-31.37802875,-41.48558489,-33.91428265,-37.63323567,-51.87689108,-51.4177222,-51.13806644,-54.86150555,-99.74097025
-29.524,-27.01,-2.042,-41.064,-33.003,-35.334,-23.329,-40.806,-51.948,-39.715,-31.304,-36.128,-27.304,-29.131,-44.067,-41.035,-58.245,-34.932,-36.435,-62.823,-58.817,-56.638,-54.764,-29.593,-30.845,-70.615,-22.447,-19.434,-43.887,-51.938,-67.811,-52.771,-61.802,-33.187,-19.848,-56.215,-52.608,-23.601,-39.112,-49.019,-40.82,-19.837,-42.461,-33.841,-51.099,-58.004,-27.57,-36.28,-37.99,-65.741,-30.395,-68.97,-61.47,-53.036,-53.092,-50.163,-65.918,-44.418,-51.951,-30.688,-66.734,-40.614,-41.897,-34.216,-36.605,-72.102,-64.971,-50.824,-51.276,-52.002,-68.019,-62.906,-84.393,-60.07,-59.502,-47.255,-43.208,-38.825,-50.941,-59.442,-59.08,-60.307,-61.488,-54.971,-63.449,-62.675,-49.288,-77.155,-58.923,-49.229,-35.944,-47.846,-73.326,-69.564,-87.728,-54.978,-60.881,-41.468,-41.688,-38.498,-53.403,-78.16,-47.496,-33.985,-48.804,-42.705,-66.464,-34.759,-89.263,-68.683,-82.562,-58.422,-80.908,-61.099,-63.533,-58.426,-44.494,-50.031,-54.169,-99.133,-60.731,-62.536,-57.0,-50.119,-39.236,-58.674,-38.275,-44.246,-47.554,-43.251,-34.521,-48.54,-58.824,-74.943,-89.314,-46.174,-43.976,-82.724,-66.247,-112.291,-61.089,-114.555,-80.338,-74.667,-52.011,-87.701,-97.548,-86.236,-108.911,-68.224,-64.674,-33.205,-94.198,-61.037,-84.676,-65.08,-44.328,-34.225,-36.701,-48.791,-30.624,-48.869,-50.099,-43.731,-51.068,-74.862,-72.551,-67.909,-76.395,-59.589,-56.776,-60.946,-58.989,-62.306,-86.574,-94.474,-64.423,-73.98,-86.225,-82.256,-89.989,-97.574,-105.145,-99.495,-58.444,-31.978,-84.739,-69.944,-119.471,-61.86,-71.894,-30.473,-40.385,-34.024,-37.919,-52.433,-51.707,-51.485,-55.475,-100.148
-29.07610907,-27.6094405,-3.524234592,-40.79303571,-33.11971337,-37.47041075,-23.66532935,-42.31398491,-53.14604188,-42.22729717,-30.64044419,-36.94327146,-28.01231161,-29.3752067,-45.36525004,-42.41693402,-58.79944251,-34.6610884,-37.31369273,-63.97720525,-59.8341253,-56.49608116,-54.90939578,-30.30831696,-30.00287453,-71.07497789,-22.1474646,-19.76905129,-44.52533644,-52.0530334,-68.44056621,-52.91656401,-62.30864027,-35.78743259,-19.88383853,-55.58951643,-53.2558888,-23.58243157,-40.37016046,-49.84591827,-40.62109521,-21.06294929,-43.28627699,-32.50490288,-51.60201204,-58.82071519,-29.83840928,-36.92817482,-36.98981129,-66.31736761,-31.74879284,-68.87168224,-61.4361138,-54.19708668,-54.16908954,-51.18050464,-64.53847277,-44.59017255,-53.37425324,-32.65638027,-66.40320525,-40.35285914,-41.90100251,-36.31012955,-37.73068516,-72.19528946,-63.80793243,-51.422377,-52.70400133,-53.44857289,-69.81001232,-64.27359849,-84.64497355,-60.76635228,-60.6450454,-48.54332896,-42.90377022,-38.61383091,-50.97796576,-60.36558705,-60.41198502,-61.84776039,-61.84569595,-54.7402917,-64.70100249,-63.45827313,-50.63740705,-78.57018139,-59.82030048,-51.21505834,-35.53038326,-48.70691128,-72.46924698,-70.49568954,-88.83560548,-55.12243886,-61.39532346,-42.29039144,-42.01281104,-38.64952982,-53.46795045,-77.8749091,-48.13420378,-34.63955626,-50.20283659,-43.18300277,-68.48545455,-35.52884286,-89.58095218,-70.16901303,-83.69592564,-60.42573874,-81.42540874,-62.11417614,-64.93228121,-57.74261341,-47.28966423,-51.03588081,-54.7231426,-98.43365683,-61.67301085,-63.25266595,-58.05163857,-50.5977049,-38.17575268,-58.14901886,-38.17433459,-44.55522542,-47.77680884,-43.41170105,-34.63287966,-48.72469307,-58.99947577,-75.05449727,-90.42689101,-46.48872997,-44.72048989,-84.49588162,-67.61244272,-114.4518202,-62.93685319,-115.8085298,-81.52794414,-75.440141,-53.80946466,-88.01413465,-99.30029673,-87.07822366,-109.2919182,-67.38840451,-66.69969582,-34.27426912,-93.70407383,-61.95324709,-85.22466873,-65.47049569,-45.22056543,-33.19269047,-35.89549722,-48.37910405,-30.82608321,-49.18876689,-50.233951,-43.88147994,-51.60408777,-75.18546574,-73.17213399,-68.55714126,-77.20025642,-60.08497973,-57.70128636,-61.53525729,-60.49038012,-64.19666799,-88.88004931,-95.35307284,-66.36899595,-75.01484645,-86.32527879,-84.11054375,-92.90429188,-98.53979488,-105.7455867,-98.41875849,-60.37731736,-32.78361541,-85.96502143,-70.49952345,-120.2757718,-62.82081054,-72.6690303,-29.81226612,-39.50586517,-33.92594027,-38.1867558,-52.92626585,-51.96557354,-51.81320377,-56.05217128,-100.5225937
-28.716,-27.972,-5.205,-40.621,-32.997,-39.232,-24.239,-43.591,-54.242,-44.098,-29.798,-37.879,-28.38,-29.47,-46.662,-43.704,-59.768,-34.815,-38.285,-65.19,-60.832,-56.494,-55.312,-30.609,-29.344,-71.407,-22.155,-20.278,-45.109,-52.088,-68.883,-53.034,-62.659,-38.198,-19.883,-55.121,-54.108,-23.538,-41.566,-50.66,-40.408,-22.385,-44.16,-31.15,-52.419,-59.457,-31.92,-37.737,-36.488,-67.036,-33.137,-68.478,-61.517,-55.345,-55.853,-51.998,-63.19,-44.994,-54.523,-34.391,-66.052,-40.184,-41.984,-38.389,-38.987,-72.084,-62.753,-52.495,-54.17,-55.264,-71.22,-65.732,-84.904,-61.894,-61.936,-49.759,-42.534,-38.415,-51.008,-61.245,-61.576,-63.497,-61.977,-54.488,-66.09,-64.012,-52.018,-80.145,-60.758,-52.928,-35.352,-49.96,-71.922,-71.541,-90.001,-54.884,-61.752,-43.134,-42.329,-38.718,-53.49,-77.635,-48.721,-35.097,-51.71,-43.371,-70.643,-36.008,-89.848,-71.38,-84.866,-62.415,-82.696,-63.16,-66.038,-56.703,-49.847,-52.202,-55.258,-98.233,-62.863,-64.175,-58.853,-51.568,-37.259,-57.403,-38.072,-44.815,-47.892,-43.42,-34.743,-48.876,-59.13,-75.283,-91.102,-47.121,-45.397,-85.812,-68.613,-116.547,-64.302,-116.971,-82.207,-76.41,-55.586,-89.176,-100.601,-88.032,-109.63,-66.433,-68.452,-35.471,-93.502,-62.928,-85.572,-65.597,-46.378,-32.313,-35.166,-47.987,-31.018,-49.418,-50.297,-44.048,-52.087,-75.447,-73.643,-69.105,-77.83,-60.527,-58.702,-62.026,-61.831,-65.973,-91.096,-96.582,-68.017,-75.831,-86.961,-86.254,-95.705,-99.926,-106.332,-97.674,-61.794,-33.726,-87.385,-71.127,-120.674,-63.556,-73.253,-29.208,-38.821,-33.669,-38.433,-53.339,-52.2,-52.126,-56.568,-100.839
-28.49318474,-28.14794026,-6.9038228,-40.66626941,-32.65007043,-40.55479184,-24.84940376,-44.47862717,-55.10251964,-45.21933379,-28.87715403,-38.74794053,-28.34279393,-29.38018227,-47.73858238,-44.61952202,-60.95031732,-35.20239919,-39.37708508,-66.33658588,-61.56458618,-56.63269341,-55.80078476,-30.50608056,-29.04139942,-71.62229921,-22.54441259,-21.13174486,-45.59355102,-51.96014329,-69.1167836,-53.11353702,-62.89943326,-40.18034912,-19.94549284,-54.8135145,-55.08296243,-23.68692424,-42.76459795,-51.36240492,-39.98248075,-23.66258692,-45.01272692,-30.094048,-53.30567616,-59.97887614,-33.53385838,-38.59223868,-36.34803838,-67.82433821,-34.57757216,-67.87235542,-61.57907175,-56.47452825,-57.83851597,-52.52536682,-62.19483117,-45.6714398,-55.435984,-35.75863411,-65.70028762,-40.08298906,-42.10984669,-40.20586682,-40.39335631,-72.00569138,-61.94078731,-53.93445767,-55.60346771,-57.26757016,-72.05954924,-67.16012244,-85.18376539,-63.4268341,-63.36789192,-50.80463877,-42.04145071,-38.18508877,-51.03157585,-62.04948611,-62.48276138,-65.14140971,-62.06946462,-54.30732277,-67.55710776,-64.37389115,-53.35089941,-81.89468807,-61.73702359,-54.31417009,-35.3565794,-51.48262506,-71.78011058,-72.62863137,-91.13776106,-54.35347198,-61.8291771,-43.96210791,-42.64938014,-38.71803669,-53.45414173,-77.47101987,-49.23903649,-35.41596251,-53.09713728,-43.37721387,-72.55380562,-36.23508776,-90.07038728,-72.34413939,-86.07461433,-64.23899472,-84.74214553,-64.06833694,-66.78337687,-55.34393297,-51.87308185,-53.42317724,-55.71399792,-98.55858196,-64.40377634,-65.3680212,-59.41291529,-52.77235486,-36.45196364,-56.49690991,-37.99970853,-45.02488894,-47.91688258,-43.29284703,-34.83826405,-48.95682126,-59.19571596,-75.58747169,-91.50467737,-48.10724804,-46.0348693,-86.72701633,-69.27638293,-118.2558554,-65.14087585,-117.9437079,-82.41879395,-77.41864692,-57.17316937,-91.10944465,-101.2256891,-88.88799112,-109.8449968,-65.49613723,-69.8741535,-36.8164366,-93.69833992,-63.92866395,-85.84780026,-65.560115,-47.55073115,-31.54004224,-34.3911938,-47.66295992,-31.20121297,-49.56035416,-50.3000268,-44.23208299,-52.48278821,-75.64135286,-73.95980704,-69.54627173,-78.40876731,-60.88713154,-59.7054161,-62.39264971,-62.97791326,-67.53251059,-92.97826299,-98.04725876,-69.06625661,-76.43389092,-87.97139967,-88.51515177,-98.04080133,-101.5779723,-106.7371001,-97.47291958,-62.76226769,-34.88887456,-89.06162715,-71.8506312,-120.8034054,-64.09744097,-73.66099685,-28.49292292,-38.30619679,-33.32688384,-38.65523542,-53.65903382,-52.41322942,-52.42661517,-57.00167974,-101.0820214
-28.513,-28.235,-8.48,-40.957,-32.258,-41.49,-25.537,-45.093,-55.724,-45.601,-28.124,-39.537,-27.992,-28.937,-48.582,-45.06,-62.239,-35.828,-40.532,-67.321,-62.065,-56.822,-56.237,-30.05,-29.278,-71.846,-23.324,-22.305,-46.018,-51.701,-68.976,-53.146,-62.836,-41.542,-20.119,-54.793,-56.097,-24.165,-44.034,-51.93,-39.417,-24.775,-45.778,-29.416,-54.006,-60.21,-34.587,-39.499,-36.622,-68.572,-35.971,-67.121,-61.502,-57.374,-59.662,-52.815,-61.659,-46.459,-55.984,-36.691,-65.355,-40.07,-42.271,-41.648,-41.797,-71.906,-61.388,-55.573,-56.711,-59.121,-72.308,-68.226,-85.509,-64.967,-64.801,-51.86,-41.517,-37.975,-51.151,-62.776,-63.151,-66.494,-62.054,-54.106,-69.033,-64.293,-54.543,-83.697,-62.585,-55.142,-35.426,-52.849,-71.982,-73.664,-92.222,-53.828,-61.648,-44.737,-42.956,-38.7,-53.417,-77.439,-49.683,-35.725,-54.303,-43.329,-73.841,-35.999,-90.1,-73.25,-87.057,-65.727,-87.187,-64.66,-67.009,-53.776,-53.091,-54.36,-55.947,-99.166,-66.062,-66.732,-59.92,-54.065,-35.876,-55.539,-37.985,-45.194,-47.89,-43.097,-34.922,-48.987,-59.229,-75.927,-91.785,-49.366,-46.713,-87.41,-69.667,-119.271,-65.324,-118.53,-82.137,-78.195,-58.482,-93.455,-101.067,-89.487,-109.964,-64.707,-70.795,-38.034,-94.295,-64.792,-86.073,-65.61,-48.659,-31.086,-33.723,-47.577,-31.373,-49.634,-50.282,-44.442,-52.772,-75.8,-74.173,-69.915,-78.977,-61.199,-60.684,-62.729,-63.916,-68.856,-94.228,-99.398,-69.347,-76.766,-89.122,-90.612,-99.755,-103.262,-106.943,-97.948,-63.252,-36.096,-90.868,-72.538,-120.765,-64.591,-74.052,-27.794,-38.073,-33.082,-38.852,-53.882,-52.611,-52.717,-57.34,-101.28
-28.87639578,-28.35997753,-9.844037802,-41.51381929,-31.98372592,-42.13571486,-26.37045509,-45.62571448,-56.15052861,-45.27949501,-27.79472735,-40.25516613,-27.4950025,-28.0041516,-49.20344752,-45.0290559,-63.50556967,-36.71920404,-41.6668709,-68.06587887,-62.44297528,-56.96003316,-56.48320096,-29.3209163,-30.18968944,-72.22643522,-24.48976719,-23.71397201,-46.44768648,-51.37913019,-68.35732884,-53.13451655,-62.26632154,-42.15140291,-20.4619934,-55.18665799,-57.08001573,-25.08305367,-45.41111639,-52.37879025,-38.86771405,-25.63254476,-46.41515199,-29.16863329,-54.32490488,-59.99898789,-35.08824917,-40.49212372,-37.38433426,-69.18814269,-37.18715069,-66.30171625,-61.23808513,-57.84908203,-60.89918454,-52.9612933,-61.62883653,-47.17376315,-56.06258211,-37.18789217,-65.02001225,-40.17857985,-42.48336339,-42.6539327,-42.99964324,-71.67844004,-61.11044172,-57.25686038,-57.23307104,-60.5533375,-72.0207874,-68.59728899,-85.91946816,-66.08843756,-66.09937841,-53.11910772,-41.09901391,-37.8579388,-51.48174989,-63.44507338,-63.65679892,-67.25964911,-61.81278997,-53.79890658,-70.46880922,-63.56272683,-55.54945126,-85.44894616,-63.11611286,-55.20948628,-35.48493361,-53.61479354,-72.44301899,-74.50763498,-93.22782025,-53.61229187,-61.29949827,-45.41941759,-43.23066418,-38.71906629,-53.45097917,-77.59602746,-50.08426125,-36.1505808,-55.33616861,-43.3182247,-74.18796465,-35.09574074,-89.80256417,-74.31327987,-87.55267584,-66.78874333,-89.64037203,-64.78551456,-66.61487931,-52.17363211,-53.27891867,-54.67261921,-55.86118575,-99.77257657,-67.52444144,-68.11857817,-60.57167715,-55.31265071,-35.68374581,-54.65142694,-38.051467,-45.33783464,-47.854777,-42.90564774,-35.0076803,-49.00663907,-59.28265404,-76.27461791,-92.07225658,-50.78085082,-47.50316806,-88.05200105,-69.83969859,-119.3517812,-64.74330449,-118.5566273,-81.38824989,-78.51527061,-59.50821409,-95.84949178,-100.1088235,-89.72595004,-110.0269324,-64.19297637,-71.07069903,-38.83131661,-95.23526856,-65.34379226,-86.23561975,-65.97231459,-49.63720387,-31.18698951,-33.37263825,-47.87791787,-31.5339367,-49.66380394,-50.28556276,-44.68731646,-52.95087339,-75.96461598,-74.34737903,-70.25901196,-79.54567423,-61.51860474,-61.62003959,-63.16237172,-64.64069708,-69.93579636,-94.59988006,-100.2900834,-68.78068376,-76.79621273,-90.16566584,-92.28477407,-100.7799216,-104.7513165,-106.9577263,-99.16913545,-63.22915014,-37.12691522,-92.62337642,-73.03405766,-120.6304498,-65.14890711,-74.57884622,-27.3057636,-38.21928512,-33.10293525,-39.02692055,-54.01308471,-52.80088033,-52.99908297,-57.58085257,-101.4743134
-29.61,-28.719,-11.072,-42.417,-31.762,-42.663,-27.29,-46.296,-56.488,-44.283,-28.04,-40.826,-27.169,-26.71,-49.507,-44.789,-64.444,-37.797,-42.685,-68.54,-62.836,-56.989,-56.375,-28.48,-31.712,-72.891,-26.053,-25.236,-46.97,-51.097,-67.554,-53.131,-61.195,-42.077,-21.128,-56.004,-58.019,-26.534,-46.805,-52.806,-38.555,-26.251,-46.984,-29.537,-54.324,-59.537,-35.268,-41.606,-38.608,-69.698,-38.091,-65.556,-61.017,-57.982,-61.442,-53.085,-62.127,-47.76,-55.835,-37.458,-64.7,-40.451,-42.828,-43.235,-43.793,-71.3,-61.238,-58.948,-57.27,-61.721,-71.391,-68.153,-86.504,-66.624,-67.275,-54.556,-40.968,-37.902,-52.09,-64.144,-64.198,-67.285,-61.29,-53.515,-71.908,-62.444,-56.533,-87.262,-63.265,-54.614,-35.695,-53.565,-73.143,-74.864,-94.059,-53.835,-61.012,-45.965,-43.485,-38.814,-53.62,-77.978,-50.609,-36.741,-56.318,-43.276,-73.515,-33.601,-89.254,-75.698,-87.586,-67.676,-92.057,-64.427,-65.834,-50.894,-52.425,-54.254,-55.639,-100.214,-68.494,-69.349,-61.421,-56.32,-35.997,-53.965,-38.211,-45.488,-47.853,-42.768,-35.133,-49.08,-59.439,-76.659,-92.428,-52.213,-48.399,-88.818,-69.775,-118.512,-63.465,-118.043,-80.483,-78.459,-60.509,-98.196,-98.585,-89.677,-110.018,-64.083,-70.783,-39.151,-96.332,-65.497,-86.301,-66.625,-50.307,-31.915,-33.515,-48.507,-31.702,-49.687,-50.341,-44.976,-53.064,-76.181,-74.551,-70.641,-80.092,-61.93,-62.49,-63.835,-65.172,-70.728,-94.119,-100.644,-67.527,-76.663,-90.878,-93.474,-101.212,-105.926,-106.744,-101.034,-62.743,-37.844,-94.121,-73.25,-120.391,-65.635,-75.226,-27.199,-38.651,-33.394,-39.203,-54.088,-52.995,-53.276,-57.759,-101.715
-30.68955593,-29.45192013,-12.2617158,-43.72541224,-31.48568373,-43.2430742,-28.20069912,-47.28853458,-56.8544501,-42.68270619,-28.91908828,-41.18256713,-27.29276334,-25.23953948,-49.41858852,-44.63043817,-64.77528913,-38.94791105,-43.49536134,-68.72391278,-63.37051455,-56.86950224,-55.78982626,-27.6828172,-33.69917689,-73.91770441,-27.99003896,-26.74303171,-47.63173049,-50.94296465,-66.90640411,-53.19389313,-59.70518097,-41.45786848,-22.23934738,-57.20053003,-58.91245874,-28.54529333,-48.09506106,-53.28680295,-38.651062,-26.67526762,-47.54938695,-30.65892461,-54.13362975,-59.06950791,-35.39198566,-42.83535326,-40.23411236,-70.15706594,-38.57555744,-64.99667661,-61.08546483,-57.91725039,-61.30284917,-53.28844756,-63.10972719,-48.1990987,-55.50572172,-37.73457234,-64.41727995,-40.91061503,-43.36910448,-43.42541412,-44.00595897,-70.75048829,-61.87773382,-60.63521296,-57.00572389,-62.85698636,-70.64577723,-66.89389976,-87.32728559,-66.50895129,-68.38165799,-56.08975847,-41.27712809,-38.16131307,-52.99237435,-64.94772522,-64.96129808,-66.50216455,-60.45277726,-53.40017551,-73.39814918,-61.28927597,-57.65328724,-89.25691133,-63.02482452,-53.55963571,-36.22602615,-52.62781779,-74.08236463,-74.49283657,-94.65974982,-54.53602436,-61.00209466,-46.34432262,-43.73483211,-39.00934094,-53.9617161,-78.59840051,-51.42130957,-37.50879741,-57.36741866,-43.10048479,-71.86183008,-31.67019118,-88.5534046,-77.50570522,-87.26391648,-68.67826158,-94.43983908,-63.62116413,-64.95959814,-50.24758587,-50.63056055,-53.13152415,-55.51072224,-100.3884384,-68.77109184,-70.26057436,-62.46619056,-56.9219204,-36.9040738,-53.59471757,-38.46431739,-45.67164767,-47.91613913,-42.72194579,-35.33364907,-49.26625332,-59.76980533,-77.10630978,-92.89368105,-53.53734762,-49.37212064,-89.82638111,-69.44175558,-116.8586347,-61.62715748,-117.072466,-79.7571119,-78.17607709,-61.75307616,-100.4455405,-96.78558694,-89.44796531,-109.9352429,-64.45864354,-70.08277066,-39.02724275,-97.39986125,-65.22787769,-86.250944,-67.48545006,-50.50850788,-33.28363545,-34.28742073,-49.34178685,-31.89579048,-49.74030288,-50.46935397,-45.31390878,-53.16046153,-76.48106485,-74.84380399,-71.11080966,-80.59853226,-62.50284173,-63.27678218,-64.85743865,-65.54677968,-71.18104283,-92.90389676,-100.4545484,-65.81889729,-76.49368302,-91.10553268,-94.19205118,-101.2179424,-106.7349182,-106.2887037,-103.3719774,-61.88329295,-38.16588113,-95.21154808,-73.14600948,-120.0616442,-65.89302537,-75.95027833,-27.6085275,-39.22336882,-33.93035666,-39.40320614,-54.14736881,-53.20274902,-53.54642647,-57.91090539,-102.0433545
-31.96,-30.403,-13.433,-45.352,-31.108,-43.975,-28.995,-48.622,-57.355,-40.732,-30.23,-41.382,-27.841,-23.741,-49.061,-44.7,-64.507,-40.026,-44.044,-68.6,-64.101,-56.592,-54.8,-26.982,-35.878,-75.207,-30.12,-28.124,-48.295,-50.915,-66.548,-53.359,-57.988,-40.518,-23.697,-58.632,-59.748,-30.898,-49.17,-53.727,-39.071,-26.963,-48.096,-32.348,-53.904,-58.717,-35.647,-44.016,-42.175,-70.626,-38.652,-64.558,-61.481,-57.773,-60.661,-53.574,-64.29,-48.495,-55.177,-38.141,-64.264,-41.496,-44.038,-43.28,-43.627,-69.938,-62.931,-62.299,-56.601,-64.074,-70.012,-65.101,-88.308,-65.831,-69.493,-57.639,-42.027,-38.639,-54.056,-65.815,-65.967,-65.045,-59.299,-53.454,-74.911,-60.351,-58.85,-91.377,-62.505,-52.382,-37.043,-51.077,-75.279,-73.533,-95.207,-55.575,-61.302,-46.593,-43.983,-39.289,-54.417,-79.402,-52.542,-38.401,-58.481,-42.719,-69.512,-29.5,-87.683,-79.639,-86.74,-69.894,-96.64,-62.494,-64.195,-50.174,-48.247,-51.641,-55.62,-100.326,-68.532,-70.786,-63.63,-57.137,-38.388,-53.583,-38.779,-45.882,-48.036,-42.784,-35.613,-49.58,-60.275,-77.577,-93.498,-54.706,-50.384,-91.035,-68.837,-114.618,-59.484,-115.793,-79.365,-77.796,-63.294,-102.475,-94.977,-89.115,-109.888,-65.209,-69.174,-38.627,-98.391,-64.68,-86.156,-68.476,-50.27,-35.233,-35.71,-50.211,-32.119,-49.846,-50.667,-45.7,-53.259,-76.837,-75.25,-71.652,-81.103,-63.221,-63.995,-66.198,-65.845,-71.25,-91.178,-99.751,-63.948,-76.202,-90.957,-94.54,-101.083,-107.296,-105.721,-105.91,-60.819,-38.155,-96.002,-72.813,-119.833,-65.935,-76.766,-28.547,-39.779,-34.734,-39.631,-54.221,-53.418,-53.79,-58.043,-102.457
-33.26334662,-31.38309497,-14.56722393,-47.16486207,-30.61158997,-44.91427119,-29.55468429,-50.25069545,-58.05909364,-38.72155595,-31.70815718,-41.47948599,-28.71211245,-22.36079958,-48.5875683,-45.05375048,-63.71056625,-40.89545305,-44.28291617,-68.16746935,-65.04125587,-56.18239136,-53.53864551,-26.38499506,-37.97681791,-76.61073206,-32.2264584,-29.26497672,-48.77527104,-51.00477178,-66.54757549,-53.64519008,-56.26128439,-39.46686741,-25.31721202,-60.13493773,-60.50688253,-33.32134435,-49.90332623,-53.9801165,-39.68456974,-27.14552396,-48.58416882,-34.34052991,-53.7827925,-58.56887242,-36.1562514,-44.98440079,-44.31982998,-71.16696784,-38.37093418,-64.13499129,-62.1867072,-57.61339213,-59.71219495,-53.92531964,-65.37730573,-48.63044941,-54.92303173,-38.74437653,-64.33865756,-42.12637221,-44.74562284,-42.86047338,-42.72535633,-68.79975325,-64.25603789,-63.89739892,-56.16634118,-65.42474532,-69.6982651,-63.12060969,-89.32418596,-64.71943694,-70.65086436,-59.09248763,-43.14469408,-39.31222868,-55.11142086,-66.6796635,-67.17317712,-63.1382543,-57.85824033,-53.66568453,-76.37197762,-59.80001037,-59.99854917,-93.50645019,-61.85446896,-51.4619746,-38.06567702,-49.26412028,-76.72595972,-72.21084871,-95.88127342,-56.75773234,-61.89359392,-46.7603939,-44.22963075,-39.62633923,-54.89880237,-80.3210194,-53.94029576,-39.33741488,-59.62330138,-42.08679143,-66.82245421,-27.31538829,-86.64763769,-81.95836102,-86.16834898,-71.34386066,-98.49333705,-61.2148602,-63.72527539,-50.52221971,-45.69267176,-50.1623096,-56.06372826,-100.0666129,-68.01807331,-70.88904607,-64.79584804,-57.01273254,-40.36065452,-53.96273386,-39.12352432,-46.10482873,-48.1989241,-42.9598368,-35.96587106,-50.0171129,-60.93239669,-78.02002028,-94.25253889,-55.70183488,-51.38585919,-92.34976685,-67.99382011,-112.0758429,-57.34251306,-114.3781461,-79.4253222,-77.40725069,-65.10598649,-104.1617388,-93.39057418,-88.74601849,-110.0268406,-66.19424198,-68.23624453,-38.12886503,-99.27764178,-64.01333555,-86.10808804,-69.51391282,-49.664236,-37.61470543,-37.72150329,-50.95968496,-32.37378065,-50.02161693,-50.92640507,-46.1261827,-53.36715583,-77.21563111,-75.78028872,-72.22563297,-81.65244506,-64.05068136,-64.6620632,-67.76672868,-66.15205154,-70.92159379,-89.21778987,-98.59463233,-62.21447078,-75.68899694,-90.60840793,-94.61800153,-101.0761365,-107.7521898,-105.2275583,-108.3847524,-59.71039062,-37.89747685,-96.62648171,-72.36392638,-119.9057369,-65.79689925,-77.6848119,-29.95549284,-40.20106529,-35.79824329,-39.88775898,-54.33506625,-53.63787331,-53.99070572,-58.15177465,-102.9466522
-34.56,-32.364,-15.57,-48.998,-30.037,-46.014,-29.732,-52.037,-58.906,-36.91,-33.099,-41.399,-29.802,-21.275,-48.079,-45.528,-62.428,-41.494,-44.152,-67.492,-66.114,-55.779,-52.188,-25.821,-39.857,-77.963,-34.107,-30.024,-48.886,-51.269,-66.921,-54.026,-54.742,-38.372,-26.797,-61.568,-61.156,-35.582,-50.1,-53.86,-40.437,-27.137,-48.957,-36.385,-53.888,-58.715,-36.867,-45.739,-46.492,-71.843,-37.824,-63.644,-63.177,-57.313,-58.552,-54.351,-66.31,-48.482,-54.808,-39.496,-64.695,-42.728,-45.454,-42.237,-41.535,-67.462,-65.744,-65.307,-55.635,-66.842,-69.84,-61.283,-90.237,-63.319,-71.75,-60.22,-44.414,-40.105,-55.992,-67.492,-68.455,-61.17,-56.257,-54.129,-77.597,-59.58,-60.937,-95.47,-61.266,-51.231,-39.236,-47.508,-78.299,-70.726,-96.645,-57.854,-62.741,-46.886,-44.477,-39.993,-55.305,-81.306,-55.522,-40.194,-60.753,-41.243,-64.202,-25.414,-85.66,-84.354,-85.659,-72.928,-99.927,-60.039,-63.752,-51.147,-43.408,-48.945,-56.838,-99.558,-67.357,-70.564,-65.765,-56.53,-42.552,-54.8,-39.503,-46.33,-48.409,-43.233,-36.385,-50.543,-61.703,-78.404,-95.113,-56.554,-52.298,-93.629,-67.062,-109.637,-55.606,-113.04,-80.094,-76.955,-67.06,-105.46,-92.141,-88.408,-110.556,-67.35,-67.299,-37.626,-99.975,-63.287,-86.196,-70.491,-48.756,-39.996,-40.048,-51.547,-32.671,-50.28,-51.249,-46.563,-53.478,-77.622,-76.427,-72.769,-82.276,-64.973,-65.275,-69.382,-66.532,-70.304,-87.408,-97.142,-60.895,-75.019,-90.244,-94.435,-101.283,-108.178,-105.083,-110.674,-58.604,-37.432,-97.072,-71.87,-120.345,-65.443,-78.65,-31.608,-40.548,-36.954,-40.186,-54.512,-53.888,-54.169,-58.224,-103.519
-35.83616235,-33.35505195,-16.37632756,-50.70801337,-29.47526321,-47.22999513,-29.46220827,-53.86482647,-59.79872604,-35.53000994,-34.18612927,-41.09889015,-31.02323437,-20.6465108,-47.62470202,-45.9265137,-60.7312806,-41.82354179,-43.67063055,-66.69434959,-67.24485934,-55.52455222,-50.91894624,-25.21671327,-41.45290505,-79.13982142,-35.61531334,-30.32502721,-48.525197,-51.76833735,-67.63535193,-54.46899639,-53.62984342,-37.29951357,-27.88094961,-62.83192039,-61.68072789,-37.50396077,-49.62041332,-53.24249053,-41.3049197,-26.88707883,-49.18576451,-38.24209519,-54.28956706,-59.21704334,-37.71421945,-46.3375769,-48.5350513,-72.70408645,-37.13120716,-63.04644692,-64.39610372,-56.73737527,-57.24033307,-54.87891512,-67.05862098,-47.94144989,-54.88243623,-40.33172709,-65.36957021,-43.24238115,-46.14002509,-41.50656711,-40.31453632,-66.13303115,-67.25225594,-66.4074792,-54.94734892,-68.20892948,-70.47934731,-59.83475621,-90.9239288,-61.78282503,-72.68472957,-60.83488516,-45.63965177,-40.93392018,-56.56201452,-68.2193562,-69.70262742,-59.51042639,-54.68606865,-54.88278397,-78.40311159,-59.60293063,-61.55357967,-97.08647768,-60.8899556,-52.00631437,-40.50660055,-46.0803461,-79.85570043,-69.25706403,-97.41693562,-58.65687968,-63.80547586,-46.99809511,-44.71939431,-40.3625566,-55.54480849,-82.3079042,-57.18678188,-40.88273347,-61.85198777,-40.25867484,-62.01575279,-24.07936667,-84.92880182,-86.69474344,-85.27470552,-74.52968451,-100.9385425,-59.18082303,-64.38996253,-51.90216874,-41.74348438,-48.14814101,-57.90031104,-98.75192608,-66.62442991,-69.83914261,-66.35747311,-55.7249697,-44.68016727,-56.06907113,-39.9238407,-46.54966118,-48.66692055,-43.57859768,-36.85875962,-51.11518013,-62.53912148,-78.7126013,-96.03017724,-57.33151558,-53.05702422,-94.75903749,-66.21318166,-107.6847572,-54.61174207,-111.9757152,-81.42801076,-76.34488894,-69.01215361,-106.3839373,-91.28421531,-88.10109971,-111.6245035,-68.63144781,-66.34949942,-37.18017266,-100.4092822,-62.52313354,-86.49148107,-71.33874979,-47.65859581,-41.93952057,-42.38757304,-51.93350647,-33.01984341,-50.6302414,-51.63040879,-46.97636113,-53.58391499,-78.06503773,-77.17492479,-73.22252898,-83.01294369,-65.98682138,-65.83632428,-70.85428106,-67.03252103,-69.54055884,-86.08585241,-95.59966002,-60.18486062,-74.27262526,-90.01669875,-94.0069604,-101.711454,-108.5770689,-105.4983714,-112.7058172,-57.5057724,-36.7944577,-97.30110906,-71.37876278,-121.1623527,-64.87190834,-79.62385248,-33.26365543,-40.90415976,-38.03657427,-40.53701461,-54.77224853,-54.19488588,-54.34874594,-58.24799318,-104.1765448
-37.063,-34.355,-17.115,-52.276,-29.162,-48.631,-29.044,-55.796,-60.625,-34.742,-34.896,-40.807,-32.357,-20.555,-47.422,-46.142,-58.843,-42.071,-43.19,-66.05,-68.462,-55.467,-49.808,-24.567,-42.859,-80.203,-36.817,-30.385,-47.932,-52.514,-68.514,-54.963,-53.056,-36.452,-28.624,-63.974,-62.155,-39.104,-48.619,-52.292,-42.315,-26.606,-49.372,-39.709,-54.894,-60.023,-38.759,-46.915,-50.439,-73.747,-36.486,-62.463,-65.676,-55.906,-55.795,-55.589,-67.494,-47.07,-55.152,-41.241,-66.374,-43.665,-46.789,-40.866,-39.257,-65.161,-68.47,-67.173,-54.25,-69.33,-71.357,-58.703,-91.345,-60.283,-73.495,-61.045,-46.853,-41.739,-56.807,-68.881,-70.949,-58.295,-53.497,-55.641,-78.722,-59.88,-61.975,-98.211,-60.663,-53.594,-41.85,-45.097,-81.298,-67.926,-98.159,-59.089,-65.054,-47.09,-44.917,-40.718,-55.588,-83.261,-58.873,-41.504,-63.001,-39.25,-60.402,-23.465,-84.439,-88.734,-84.933,-76.085,-101.717,-58.605,-65.388,-52.631,-40.666,-47.698,-59.154,-97.709,-65.802,-68.85,-66.551,-54.923,-46.597,-57.342,-40.361,-46.761,-48.942,-43.96,-37.36,-51.69,-63.375,-78.97,-96.991,-58.217,-53.696,-95.786,-65.59,-106.397,-54.335,-111.284,-83.049,-75.468,-70.862,-107.112,-90.757,-87.559,-113.106,-69.996,-65.356,-36.813,-100.608,-61.697,-87.001,-72.173,-46.689,-43.274,-44.537,-51.972,-33.414,-51.071,-52.034,-47.335,-53.689,-78.531,-77.997,-73.563,-83.961,-67.147,-66.391,-72.054,-67.657,-68.795,-85.29,-94.28,-59.975,-73.433,-89.946,-93.47,-102.241,-108.738,-106.342,-114.469,-56.373,-36.058,-97.326,-70.885,-122.29,-64.292,-80.713,-34.788,-41.283,-39.061,-40.936,-55.132,-54.56,-54.531,-58.228,-104.889
-38.20397144,-35.35157006,-17.93055795,-53.69842023,-29.31761378,-50.27265889,-28.80888823,-57.8733876,-61.26509802,-34.62873091,-35.19847543,-40.75107371,-33.79448486,-21.03339202,-47.64305315,-46.10864142,-56.99399338,-42.42717587,-43.08104531,-65.84080309,-69.78869623,-55.63121423,-48.88873207,-23.92173101,-44.19069572,-81.23616475,-37.80380542,-30.48718188,-47.41024165,-53.47640123,-69.36371141,-55.50645808,-53.10194131,-36.03316169,-29.16987991,-65.06656463,-62.66581292,-40.43086355,-47.35154013,-51.25393875,-43.47501516,-26.54147732,-49.63687521,-40.60020669,-55.58403641,-61.03949751,-40.05907706,-47.57938571,-52.21006349,-74.95084412,-36.09274782,-62.06246012,-66.83188289,-54.88687258,-54.2553181,-56.54733545,-67.51336279,-45.99840626,-55.60564846,-42.2083638,-67.64719902,-43.99332177,-47.40526365,-40.51304329,-38.5300408,-64.87423994,-69.11290961,-67.62590196,-53.72511,-70.00221239,-72.2010542,-57.77817587,-91.49313045,-59.00076648,-74.20679145,-61.01527963,-48.06906244,-42.45920942,-56.75617815,-69.49802123,-72.218687,-57.59628309,-53.0337254,-56.08430717,-78.56590649,-60.41823013,-62.36120171,-98.75683902,-60.50866404,-55.68607177,-43.23682851,-44.61150222,-82.53407982,-66.82844918,-98.82383795,-59.13247617,-66.4281813,-47.15384642,-45.03065658,-41.04542835,-55.43017528,-84.09135655,-60.51095422,-42.20197005,-64.25401169,-38.3633373,-59.43898484,-23.66731444,-84.14084349,-90.24007776,-84.53733648,-77.53802045,-102.4614136,-58.21875911,-66.43095248,-53.20844139,-40.0704984,-47.48230927,-60.4676943,-96.54999423,-64.85591198,-67.78260648,-66.39061993,-54.46675011,-48.16904601,-58.17297648,-40.78998949,-46.96564819,-49.19414598,-44.33877735,-37.85372191,-52.22291628,-64.14099169,-79.20981784,-97.96688284,-59.40599996,-54.29260802,-96.7640581,-65.31138807,-105.8800973,-54.68062365,-111.0167322,-84.50939199,-74.25455536,-72.51934335,-107.8305367,-90.47303052,-86.5609807,-114.825384,-71.40986311,-64.32721494,-36.54021733,-100.6551765,-60.7990968,-87.69328422,-73.1204543,-46.17343449,-43.89953779,-46.3053789,-51.56709067,-33.8406032,-51.59343102,-52.41196274,-47.61423269,-53.80555824,-78.99309566,-78.85726765,-73.78261158,-85.20180221,-68.51305862,-66.99838313,-72.88017356,-68.37162691,-68.22066822,-84.99279058,-93.45393246,-60.07240864,-72.4884515,-90.03222276,-93.00222168,-102.7591918,-108.4789651,-107.4357752,-115.9895109,-55.19750811,-35.31374358,-97.21889923,-70.39913259,-123.6252842,-63.9345757,-82.01218331,-36.04266051,-41.70116464,-40.07979769,-41.37056621,-55.59820227,-54.9729664,-54.71118524,-58.18212379,-105.6094245
-39.207,-36.299,-18.837,-54.909,-29.956,-52.045,-28.857,-59.886,-61.585,-35.033,-35.095,-40.889,-35.298,-22.009,-48.25,-45.839,-55.298,-42.914,-43.462,-66.219,-71.126,-56.044,-48.117,-23.483,-45.488,-82.225,-38.562,-30.888,-47.182,-54.512,-70.068,-56.115,-53.718,-36.114,-29.709,-66.136,-63.264,-41.47,-46.189,-50.41,-44.667,-26.831,-50.05,-40.765,-56.31,-62.121,-41.532,-48.255,-53.774,-76.277,-36.126,-62.047,-67.724,-53.789,-52.789,-57.712,-67.22,-44.969,-56.21,-43.145,-68.861,-44.179,-48.061,-40.549,-38.265,-65.381,-69.171,-67.888,-53.491,-70.072,-72.99,-57.122,-91.411,-58.135,-74.645,-60.846,-49.011,-43.006,-56.493,-70.047,-73.36,-57.469,-53.448,-56.085,-78.156,-61.108,-62.767,-98.835,-60.511,-58.025,-44.61,-44.583,-83.453,-66.011,-99.284,-58.879,-67.762,-47.212,-45.058,-41.334,-55.11,-84.709,-61.96,-43.108,-65.459,-37.821,-59.19,-24.682,-84.069,-91.157,-84.08,-78.812,-103.22,-57.948,-67.312,-53.647,-39.944,-47.466,-61.625,-95.528,-63.785,-66.919,-66.034,-54.479,-49.189,-58.447,-41.22,-47.178,-49.377,-44.681,-38.289,-52.667,-64.77,-79.463,-98.831,-61.032,-55.007,-97.62,-65.43,-106.159,-55.631,-111.136,-85.519,-72.807,-73.892,-108.594,-90.372,-85.336,-116.687,-72.872,-63.453,-36.394,-100.76,-59.928,-88.451,-74.167,-46.271,-43.74,-47.454,-50.94,-34.276,-52.169,-52.704,-47.813,-53.967,-79.395,-79.696,-73.899,-86.694,-70.107,-67.733,-73.287,-69.038,-67.909,-85.199,-93.12,-60.25,-71.546,-90.332,-92.83,-103.314,-107.952,-108.758,-117.382,-54.158,-34.688,-97.243,-70.047,-125.005,-63.913,-83.424,-36.768,-42.259,-41.116,-41.814,-56.145,-55.401,-54.885,-58.168,-106.257
-40.02661864,-37.15437657,-19.83197747,-55.85674958,-31.00781318,-53.81427051,-29.21639934,-61.60661504,-61.48238001,-35.73849064,-34.65385821,-41.10129077,-36.84084339,-23.35364128,-49.14276232,-45.37558304,-53.83229536,-43.51446634,-44.34832666,-67.23779111,-72.36623126,-56.75053929,-47.41715934,-23.4527107,-46.77328783,-83.12236976,-39.06554912,-31.75899486,-47.39829615,-55.49056283,-70.55407569,-56.83368057,-54.79162278,-36.72054361,-30.42539452,-67.1768087,-63.98516532,-42.21041331,-45.46299728,-49.99156166,-45.77214728,-27.56167129,-50.66903006,-40.13746551,-57.04128525,-63.13784798,-43.08479403,-48.81438479,-55.04050181,-77.66980879,-36.6981124,-62.57271151,-68.26334229,-52.72809776,-51.55853202,-59.03206665,-66.78694811,-44.19719174,-56.93450524,-43.95880008,-69.69097377,-44.16991118,-48.83655067,-41.02371601,-38.56279428,-66.68929194,-68.7531697,-68.06920302,-53.63472408,-69.4509074,-73.7446447,-56.77556619,-91.19746243,-57.81300031,-74.64649454,-60.63730316,-49.4089559,-43.29958018,-56.1177127,-70.51791656,-74.2103531,-57.94771001,-54.78231906,-55.61147384,-77.74129824,-61.8550688,-63.2409905,-98.5872538,-60.72373146,-60.37390312,-45.92591953,-44.91690416,-83.97226847,-65.49800493,-99.44174532,-58.4517242,-68.89278044,-47.28826702,-45.00720975,-41.56509461,-54.6933328,-85.03538906,-63.09212334,-44.33248491,-66.45369747,-37.83344547,-59.67717776,-26.44170785,-84.27512555,-91.46090459,-83.58379664,-79.87346243,-103.9991809,-57.70594182,-67.89196833,-54.01783273,-40.23914207,-47.60296797,-62.41550078,-94.87175024,-62.59148319,-66.51914272,-65.65260392,-54.99674425,-49.50632174,-58.16509782,-41.6595749,-47.41174604,-49.45223386,-44.95666033,-38.61670555,-52.9780187,-65.21664244,-79.75000351,-99.45877288,-63.18097646,-55.9943307,-98.28282686,-65.97287247,-107.2035894,-57.15354762,-111.5790954,-85.86555328,-71.29613329,-74.92945959,-109.4335471,-90.38020993,-84.17225074,-118.6117382,-74.36323684,-62.93181906,-36.37662655,-101.1295193,-59.19597816,-89.17701444,-75.27783025,-47.04277972,-42.76664791,-47.791946,-50.34749897,-34.69274472,-52.76141725,-52.85485234,-47.9434365,-54.20948054,-79.67944535,-80.45137765,-73.9385117,-88.34837565,-71.92111448,-68.64442125,-73.27362656,-69.53009082,-67.93337422,-85.90046388,-93.2126722,-60.2756584,-70.71555726,-90.89073066,-93.14887855,-103.9476567,-107.3383689,-110.3088088,-118.7378467,-53.44009188,-34.27425986,-97.65794375,-69.96786955,-126.2671395,-64.290913,-84.8000756,-36.75281715,-43.0395176,-42.17473988,-42.23634609,-56.73607769,-55.80462513,-55.04601121,-58.24576345,-106.7546225
-40.66,-37.92,-20.978,-56.615,-32.275,-55.517,-29.857,-62.997,-60.997,-36.531,-34.18,-41.228,-38.469,-24.821,-50.18,-44.804,-52.645,-44.224,-45.595,-68.682,-73.489,-57.867,-46.665,-23.879,-48.074,-83.848,-39.346,-32.958,-48.007,-56.449,-70.848,-57.808,-56.089,-37.83,-31.431,-68.102,-64.84,-42.72,-45.232,-49.992,-46.794,-28.727,-51.555,-38.96,-57.756,-64.076,-44.722,-49.107,-55.937,-79.023,-37.701,-63.577,-68.519,-51.806,-50.577,-60.528,-66.461,-43.679,-57.782,-44.618,-70.095,-43.945,-49.777,-41.876,-39.438,-68.624,-68.17,-68.133,-54.181,-68.263,-74.405,-56.525,-91.127,-57.857,-74.298,-60.554,-49.314,-43.323,-55.744,-70.999,-74.74,-59.003,-56.832,-54.826,-77.474,-62.743,-63.912,-98.082,-60.918,-62.527,-47.223,-45.397,-84.143,-65.273,-99.399,-57.991,-69.779,-47.382,-44.892,-41.686,-54.312,-85.054,-63.901,-45.914,-67.241,-38.486,-60.771,-28.725,-84.794,-91.082,-83.105,-80.883,-104.789,-57.336,-68.195,-54.49,-40.676,-47.725,-62.738,-94.58,-61.259,-66.658,-65.361,-55.932,-49.274,-57.464,-42.081,-47.665,-49.42,-45.147,-38.811,-53.125,-65.52,-80.052,-99.833,-65.81,-57.307,-98.818,-66.93,-108.844,-59.076,-112.273,-85.493,-69.995,-75.751,-110.419,-90.344,-83.146,-120.507,-75.759,-62.815,-36.354,-101.837,-58.662,-89.941,-76.476,-48.322,-41.122,-47.372,-49.873,-35.059,-53.323,-52.842,-48.047,-54.559,-79.815,-81.077,-73.937,-90.007,-73.866,-69.667,-72.965,-69.876,-68.356,-87.004,-93.681,-59.931,-70.0,-91.652,-93.982,-104.519,-106.603,-112.019,-119.967,-53.07,-33.999,-98.518,-70.239,-127.315,-65.05,-85.98,-36.104,-43.972,-43.219,-42.609,-57.326,-56.14,-55.179,-58.446,-107.074
-41.12056741,-38.60460707,-22.34583659,-57.30315112,-33.51788026,-57.13186428,-30.73290641,-64.08135369,-60.22510281,-37.22545021,-33.9864555,-41.14270673,-40.22179431,-26.17871196,-51.21935602,-44.22216655,-51.74666473,-45.03863835,-47.00708107,-70.2834409,-74.5056004,-59.47251718,-45.73236748,-24.75804084,-49.40652681,-84.33988938,-39.46294411,-34.27909426,-48.89330807,-57.4814675,-71.00249075,-59.16052101,-57.36498184,-39.37674349,-32.77984238,-68.82314274,-65.84442894,-43.08996074,-45.46749187,-50.33256152,-47.77538556,-30.27630647,-52.74321622,-37.5265633,-58.43042463,-64.95084641,-46.44490171,-49.00583212,-56.4102112,-80.2307858,-38.98236064,-64.92997617,-68.62547334,-51.1106573,-49.83222679,-62.21608321,-66.47412204,-43.33729452,-58.75623381,-45.11336365,-70.10858324,-43.50371185,-50.89994684,-42.99129354,-40.85455812,-70.95268434,-67.72914597,-68.04272767,-55.12980923,-66.72534985,-74.92231775,-56.14622562,-91.48155308,-58.02160673,-73.75258121,-60.73930463,-48.85872132,-43.08228704,-55.4812185,-71.57743697,-74.95746837,-60.55802605,-59.31423103,-53.8995832,-77.47519375,-63.89315535,-64.9015062,-97.38555556,-60.84087713,-64.32027052,-48.55044827,-45.81491741,-84.06037444,-65.31464594,-99.3005871,-57.61086391,-70.42785932,-47.48408788,-44.72124084,-41.64816421,-54.09437334,-84.76754345,-64.43012814,-47.85226718,-67.87749675,-39.78932541,-62.2895147,-31.26344306,-85.6277364,-90.02285695,-82.70972419,-82.03337193,-105.5867305,-56.71137178,-68.28998277,-55.22089511,-40.99776049,-47.6889145,-62.57381696,-94.59958586,-59.78645783,-67.32533242,-65.23336799,-57.15482881,-48.73120658,-56.53141334,-42.44558178,-47.91899639,-49.28827643,-45.23856556,-38.85578385,-53.08598883,-65.7306692,-80.34129436,-99.96998376,-68.81747372,-58.94394265,-99.32985069,-68.26310844,-110.8708775,-61.1818789,-113.1288317,-84.43152768,-69.13349924,-76.50296111,-111.5798264,-90.14222901,-82.27081706,-122.3038921,-76.95899776,-63.10856139,-36.20064411,-102.8935621,-58.38105463,-90.85128212,-77.78236643,-49.87823879,-39.01452325,-46.35759479,-49.56184542,-35.33703387,-53.79764471,-52.6528541,-48.15813905,-55.02427985,-79.79272508,-81.54008594,-73.9294612,-91.50869489,-75.84325728,-70.71458069,-72.5309612,-70.13786935,-69.20038016,-88.38356369,-94.46275987,-59.05630454,-69.36361342,-92.53042477,-95.26420559,-104.8894039,-105.6946503,-113.8073879,-120.9808058,-53.01994036,-33.77403931,-99.7993047,-70.90464518,-128.1123574,-66.13828432,-86.82744149,-35.04483917,-44.95961273,-44.206857,-42.89428932,-57.86211146,-56.35802263,-55.26663986,-58.77820634,-107.2074379
-41.445,-39.198,-23.974,-58.101,-34.458,-58.736,-31.792,-64.945,-59.348,-37.751,-34.182,-40.894,-42.039,-27.368,-52.155,-43.735,-51.026,-45.944,-48.349,-71.829,-75.467,-61.426,-44.524,-26.03,-50.738,-84.643,-39.532,-35.574,-49.894,-58.744,-71.079,-60.821,-58.45,-41.171,-34.365,-69.328,-67.06,-43.427,-46.063,-50.883,-48.794,-32.073,-54.162,-36.032,-59.025,-65.78,-48.144,-48.503,-56.469,-81.24,-40.432,-66.45,-68.821,-50.688,-49.36,-64.024,-66.925,-43.02,-59.831,-45.466,-69.797,-42.897,-52.148,-44.151,-42.659,-73.395,-67.525,-67.908,-56.443,-65.216,-75.374,-55.629,-92.397,-58.095,-73.18,-61.185,-48.183,-42.613,-55.408,-72.238,-74.892,-62.409,-61.879,-52.845,-77.838,-65.4,-66.221,-96.63,-60.426,-65.727,-49.919,-46.115,-83.863,-65.622,-99.264,-57.303,-70.921,-47.576,-44.479,-41.454,-54.089,-84.194,-64.801,-50.062,-68.47,-41.577,-63.991,-33.753,-86.664,-88.623,-82.47,-83.452,-106.435,-55.895,-68.263,-56.223,-41.272,-47.574,-62.126,-94.899,-58.253,-68.353,-65.239,-58.491,-48.161,-55.625,-42.707,-48.103,-49.058,-45.228,-38.751,-52.862,-65.861,-80.594,-99.913,-71.995,-60.792,-99.942,-69.857,-113.056,-63.216,-114.004,-82.903,-68.666,-77.271,-112.745,-89.864,-81.521,-124.042,-78.066,-63.783,-35.962,-104.195,-58.445,-92.004,-79.151,-51.452,-36.75,-45.117,-49.48,-35.47,-54.107,-52.282,-48.254,-55.555,-79.668,-81.847,-73.938,-92.748,-77.8,-71.734,-72.196,-70.36,-70.345,-89.866,-95.435,-57.715,-68.723,-93.426,-96.748,-105.114,-104.714,-115.614,-121.878,-53.205,-33.619,-101.37,-71.938,-128.8,-67.45,-87.315,-33.95,-45.954,-45.119,-43.017,-58.272,-56.393,-55.292,-59.197,-107.181
-41.66040864,-39.6598899,-25.85241161,-59.1736711,-34.84985514,-60.38139608,-32.91183297,-65.67494049,-58.57665806,-38.08364134,-34.81154693,-40.56841426,-43.82238087,-28.32906037,-52.89244582,-43.43342773,-50.36272332,-46.92427218,-49.38755191,-73.10316594,-76.380734,-63.50701801,-43.00105132,-27.58645717,-52.02496939,-84.84321776,-39.67849548,-36.71198494,-50.80063028,-60.31621497,-71.10229132,-62.64333701,-59.203411,-43.02170003,-36.01450775,-69.64038714,-68.51142212,-43.82696616,-46.86143504,-51.47075247,-49.85881724,-33.93529907,-55.69605816,-34.63386884,-59.46047209,-66.58950834,-49.70420587,-47.64929949,-56.13677594,-82.042879,-41.91238981,-67.91281307,-69.30164755,-50.5802399,-49.19711033,-65.85414347,-67.86631401,-42.57199687,-60.97183317,-45.72767564,-69.24604893,-42.20168385,-53.46068784,-45.15773971,-44.64220203,-75.61751196,-67.55677285,-67.88022226,-58.08332813,-64.13119271,-75.85566921,-55.03227458,-93.92674936,-57.90003089,-72.73353996,-61.86295565,-47.41767106,-41.98472075,-55.57183764,-72.94347631,-74.62047135,-64.30713854,-64.14040855,-51.65803274,-78.66027838,-67.31806883,-67.81444529,-95.99861114,-59.70270133,-66.79533015,-51.30867969,-46.291506,-83.69607468,-66.2037626,-99.40741554,-57.06258755,-71.36422535,-47.64987766,-44.15606061,-41.13857959,-54.32408607,-83.39026955,-65.13584127,-52.3854651,-69.11217392,-43.63483071,-65.6105733,-35.87862331,-87.72786141,-87.29930981,-82.46709037,-85.20770437,-107.3611555,-55.006299,-68.23512411,-57.44898494,-41.59561146,-47.50193019,-61.62704083,-95.43858843,-56.77676509,-69.50769871,-65.33708542,-59.78922285,-47.84432407,-55.00699765,-42.83607287,-48.1545038,-48.7476437,-45.12868278,-38.52372872,-52.47725251,-65.92117009,-80.79918865,-99.7302596,-75.08280117,-62.66760862,-100.7254176,-71.55114141,-115.162296,-64.9066425,-114.7616968,-81.19383929,-68.51628354,-78.09957488,-113.6897686,-89.61246728,-80.90413274,-125.7711659,-79.19870827,-64.74698196,-35.70975988,-105.5787805,-58.90705238,-93.422164,-80.51521732,-52.80850088,-34.70270024,-44.06154953,-49.6812235,-35.41909205,-54.19459988,-51.75270353,-48.31487626,-56.0967808,-79.5200125,-82.02389052,-73.98589431,-93.65593929,-79.66947614,-72.69736802,-72.14805963,-70.59355229,-71.60186483,-91.24455332,-96.47122258,-56.0728938,-68.01309682,-94.22131747,-98.13661973,-105.2559245,-103.8183724,-117.3716402,-122.760761,-53.5370622,-33.55673557,-103.0422789,-73.26731496,-129.5206561,-68.88239637,-87.46440545,-33.23189721,-46.92900389,-45.89555558,-42.9222113,-58.50308269,-56.21637887,-55.25491763,-59.64991712,-107.0501046
-41.733,-39.849,-27.808,-60.567,-34.62,-61.921,-33.694,-66.304,-58.156,-38.273,-35.868,-40.23,-45.421,-28.825,-53.347,-43.345,-49.722,-47.968,-49.94,-73.826,-77.041,-65.397,-41.318,-29.179,-53.231,-85.084,-40.011,-37.575,-51.272,-61.91,-70.942,-64.37,-59.525,-44.856,-37.456,-69.853,-70.03,-44.327,-47.579,-51.805,-50.669,-35.585,-57.162,-33.44,-59.515,-67.437,-51.099,-46.614,-55.436,-82.761,-43.134,-68.975,-69.991,-50.856,-49.336,-67.596,-69.299,-41.901,-62.141,-46.043,-68.595,-41.547,-54.84,-46.003,-46.489,-77.122,-67.656,-68.132,-60.054,-63.779,-76.41,-54.479,-95.939,-57.365,-72.484,-62.816,-46.651,-41.374,-55.926,-73.671,-74.39,-65.95,-65.636,-50.425,-80.086,-69.568,-69.465,-95.814,-58.899,-67.738,-52.615,-46.386,-83.688,-67.086,-99.879,-57.021,-71.886,-47.75,-43.795,-40.817,-54.826,-82.554,-65.482,-54.459,-69.795,-45.732,-66.85,-37.317,-88.508,-86.442,-82.813,-87.2,-108.286,-54.202,-68.451,-58.756,-41.859,-47.542,-61.206,-96.124,-55.552,-70.452,-65.551,-61.034,-48.01,-54.888,-42.88,-48.096,-48.453,-45.011,-38.294,-52.026,-65.951,-80.994,-99.563,-77.722,-64.217,-101.521,-73.08,-116.936,-65.955,-115.342,-79.659,-68.76,-78.929,-114.175,-89.337,-80.6,-127.474,-80.337,-65.696,-35.45,-106.764,-59.628,-94.848,-81.792,-53.841,-33.425,-43.572,-50.149,-35.237,-54.114,-51.196,-48.391,-56.638,-79.459,-82.137,-74.114,-94.254,-81.284,-73.645,-72.374,-70.935,-72.661,-92.225,-97.491,-54.485,-67.29,-94.744,-99.118,-105.217,-103.24,-118.963,-123.558,-53.972,-33.515,-104.512,-74.711,-130.248,-70.398,-87.386,-33.303,-47.899,-46.292,-42.674,-58.602,-55.965,-55.222,-60.111,-106.954
-41.60509578,-39.6277859,-29.61930476,-62.27137104,-33.81693529,-63.19977957,-33.7890639,-66.86212044,-58.28026675,-38.37255867,-37.30508949,-39.93687367,-46.69835561,-28.68607819,-53.48945602,-43.46864379,-49.08406627,-49.03230749,-49.885814,-73.80079033,-77.27090976,-66.83270343,-39.66363594,-30.5828845,-54.30716853,-85.44888175,-40.59070022,-38.07272859,-51.03704238,-63.20292574,-70.48523069,-65.78233915,-59.3894125,-46.62418753,-38.44298696,-70.05000867,-71.44289553,-44.93172714,-47.95266774,-51.64709739,-50.9705692,-36.789039,-58.40901665,-32.50521704,-59.01146212,-68.38562371,-52.3103142,-45.60128746,-54.43145628,-83.53217816,-43.82696089,-69.36499996,-70.79707741,-51.52627624,-49.75038917,-69.15467018,-71.17076336,-40.95985434,-63.31393469,-46.52695468,-68.00629018,-41.06206114,-56.31830997,-46.72551237,-47.92696498,-77.50749503,-67.67214226,-68.80324278,-62.29179476,-64.36447556,-77.04815432,-54.10805112,-98.2589679,-56.50801243,-72.46495314,-64.0367385,-45.97970578,-40.93970887,-56.41022777,-74.42878072,-74.43190242,-67.08559355,-66.02086738,-49.2626398,-82.16975967,-71.99107743,-70.92135247,-96.3268943,-58.26847046,-68.77217141,-53.74998367,-46.44728064,-83.92786652,-68.273928,-100.7718673,-57.32421986,-72.59525981,-47.92165433,-43.44913143,-40.60376375,-55.59395478,-81.88587234,-65.87925774,-55.98071807,-70.48956707,-47.6650974,-67.48978879,-37.88237892,-88.74985271,-86.36753183,-83.58775549,-89.25221297,-109.0998931,-53.62246806,-69.1347678,-60.01418788,-41.93597578,-47.74216771,-60.98015977,-96.85946266,-54.77095211,-70.91649097,-65.92381589,-62.22149255,-48.80076881,-55.39396202,-42.89798095,-47.97334019,-48.2802741,-44.95132349,-38.17554795,-51.60786746,-65.98102143,-81.22082381,-99.56410199,-79.64943514,-65.15660445,-102.1501046,-74.21552017,-118.1971353,-66.19368683,-115.6965623,-78.62793447,-69.44715401,-79.63774186,-114.0457451,-88.97326498,-80.7483843,-129.1349269,-81.40217109,-66.34611127,-35.20943097,-107.5302692,-60.4394521,-96.00481171,-82.89361482,-54.5034132,-33.33658429,-43.89460441,-50.85688231,-34.99944705,-53.94130121,-50.75307632,-48.5367314,-57.17472103,-79.57973625,-82.25172176,-74.35559509,-94.60376225,-82.53202883,-74.61581542,-72.78951802,-71.46018171,-73.25829915,-92.61637242,-98.45094644,-53.28201638,-66.62772878,-94.83806004,-99.45838995,-104.8903375,-103.1440665,-120.305019,-124.1442499,-54.46407765,-33.44925991,-105.5333972,-76.09837544,-130.9393918,-71.95690186,-87.20185618,-34.42326536,-48.89771092,-46.10988075,-42.36558088,-58.6326634,-55.79782317,-55.26556356,-60.56487504,-107.0293964
-41.185,-38.976,-31.034,-64.174,-32.808,-64.23,-33.321,-67.422,-58.906,-38.378,-38.971,-39.746,-47.629,-28.19,-53.505,-43.751,-48.404,-49.944,-49.305,-73.23,-77.223,-67.871,-38.171,-31.808,-55.148,-85.724,-41.305,-38.214,-50.239,-64.103,-69.845,-66.929,-59.031,-48.251,-38.934,-70.213,-72.754,-45.574,-47.93,-51.086,-51.007,-37.593,-59.485,-31.721,-58.096,-69.489,-53.266,-44.838,-53.361,-84.43,-43.953,-69.219,-71.838,-52.344,-50.383,-70.511,-73.267,-39.821,-64.522,-47.083,-67.682,-40.823,-57.987,-47.365,-48.961,-76.929,-67.694,-69.881,-64.426,-65.767,-77.708,-54.058,-100.724,-55.602,-72.643,-65.245,-45.577,-40.663,-57.004,-75.335,-74.744,-67.718,-65.499,-48.319,-84.561,-74.244,-71.955,-97.36,-57.969,-69.969,-54.777,-46.506,-84.364,-69.671,-101.928,-58.04,-73.5,-48.162,-43.163,-40.531,-56.52,-81.458,-66.412,-57.103,-71.19,-49.357,-67.66,-37.95,-88.563,-87.123,-84.712,-91.052,-109.678,-53.305,-70.304,-61.241,-41.841,-48.117,-61.123,-97.598,-54.541,-71.009,-66.513,-63.259,-50.065,-56.362,-42.921,-47.841,-48.3,-44.993,-38.164,-51.274,-65.975,-81.495,-99.86,-81.085,-65.655,-102.586,-74.985,-119.078,-66.011,-115.747,-78.259,-70.372,-79.961,-113.5,-88.556,-81.156,-130.813,-82.22,-66.709,-35.163,-108.018,-61.248,-96.821,-83.73,-54.866,-34.143,-44.764,-51.808,-34.783,-53.733,-50.498,-48.753,-57.691,-79.884,-82.39,-74.696,-94.837,-83.628,-75.575,-73.226,-72.117,-73.436,-92.729,-99.41,-52.508,-66.051,-94.469,-99.254,-104.296,-103.352,-121.502,-124.35,-54.917,-33.521,-106.211,-77.412,-131.656,-73.444,-86.993,-36.238,-49.996,-45.521,-42.088,-58.629,-55.797,-55.414,-61.012,-107.319
-40.41953475,-37.95530063,-31.86331874,-66.13076825,-32.01663816,-65.09105234,-32.54732113,-68.08144993,-59.92170848,-38.31170961,-40.7000257,-39.7123798,-48.25342421,-27.67408093,-53.58696931,-44.14033983,-47.65736458,-50.52512002,-48.35539486,-72.39257124,-77.10294074,-68.63626383,-36.96618908,-32.89577256,-55.65534247,-85.66883394,-42.00229154,-38.06895069,-49.13965569,-64.61079396,-69.16854291,-67.90221195,-58.72839277,-49.64823929,-38.95584965,-70.28768649,-73.98433901,-46.1710125,-47.55726293,-50.3092285,-51.08937758,-38.09418518,-60.46568285,-30.99033834,-56.99255358,-70.76964398,-53.89478813,-44.49636463,-52.47655375,-85.48393358,-43.56587653,-68.7777415,-73.22256043,-53.07357386,-51.15050032,-71.6765799,-75.35344322,-38.598746,-65.76906229,-47.5725365,-67.78926756,-40.8712722,-59.89924221,-47.95028377,-49.65707371,-75.69014077,-67.85290572,-71.26685486,-66.09292558,-67.75840114,-78.3229616,-54.4225892,-103.1675393,-54.95426625,-72.95059113,-66.18256877,-45.5956285,-40.50572562,-57.70289802,-76.49217855,-75.25484222,-67.91184665,-64.40905714,-47.72059174,-86.83853143,-76.00591728,-72.41665233,-98.65248129,-58.07640592,-71.29247822,-55.74078229,-46.60224045,-84.88363626,-71.14023951,-103.1625774,-59.1820552,-74.57641786,-48.45376603,-42.96967493,-40.60527499,-57.4876214,-81.31927332,-67.15752059,-58.04530706,-71.88705397,-50.77382796,-67.5480919,-37.96839102,-88.16146647,-88.60579835,-86.07797837,-92.31204112,-109.945684,-53.25572141,-71.8664668,-62.45847827,-41.63929421,-48.6929745,-61.76927416,-98.29655656,-54.89179067,-70.90637995,-67.35034037,-64.05223098,-51.5876101,-57.56462269,-42.97187857,-47.75000763,-48.55741375,-45.15791583,-38.22836399,-51.05741288,-65.89198915,-81.83302004,-100.5376267,-82.31131541,-65.97190807,-102.8407422,-75.49328641,-119.7566052,-65.84850024,-115.4620639,-78.62510518,-71.32131634,-79.69327266,-112.79767,-88.15306943,-81.57567168,-132.5321273,-82.63497043,-66.86191656,-35.48057725,-108.4229567,-61.98137594,-97.28950393,-84.24212678,-55.01740414,-35.39960579,-45.8230169,-52.97623797,-34.65637317,-53.53918903,-50.47501795,-49.02771294,-58.17295764,-80.34131794,-82.56272425,-75.11748561,-95.0898733,-84.81187276,-76.47111632,-73.5414876,-72.83560806,-73.3294682,-92.89989102,-100.4395995,-52.15205962,-65.57663853,-93.65561658,-98.65884985,-103.5157524,-103.6366872,-122.6443845,-124.0542363,-55.25774104,-33.89791473,-106.6994197,-78.65114024,-132.456527,-74.76845546,-86.80728508,-38.28365418,-51.22683987,-44.7791128,-41.91634641,-58.61663394,-56.01172891,-55.68046857,-61.4645815,-107.8327099
-39.445,-36.84,-32.205,-67.975,-31.773,-65.964,-31.789,-68.996,-61.18,-38.361,-42.376,-39.884,-48.766,-27.268,-53.748,-44.643,-46.927,-50.71,-47.308,-71.476,-77.0,-69.204,-36.203,-33.78,-55.818,-85.234,-42.548,-37.855,-48.062,-64.867,-68.515,-68.702,-58.678,-50.702,-38.606,-70.179,-75.047,-46.649,-47.068,-49.572,-51.302,-38.321,-61.34,-30.425,-55.915,-72.135,-54.184,-44.506,-51.914,-86.611,-42.858,-68.294,-74.812,-53.783,-51.896,-72.711,-77.279,-37.457,-66.893,-47.9,-68.315,-41.162,-61.896,-48.466,-50.049,-74.136,-68.211,-72.672,-67.265,-70.004,-78.882,-55.115,-105.395,-54.755,-73.25,-66.952,-46.029,-40.53,-58.527,-77.83,-75.849,-67.719,-63.082,-47.476,-88.703,-77.231,-72.452,-100.036,-58.432,-72.423,-56.461,-46.832,-85.27,-72.484,-104.434,-60.625,-75.774,-48.77,-42.865,-40.813,-58.453,-81.554,-68.12,-58.843,-72.535,-51.93,-67.223,-38.12,-87.814,-90.382,-87.623,-92.981,-110.045,-53.458,-73.495,-63.56,-41.46,-49.577,-62.842,-98.879,-55.625,-70.686,-68.35,-64.59,-53.192,-58.803,-43.069,-47.729,-49.032,-45.415,-38.349,-50.967,-65.739,-82.283,-101.552,-83.38,-66.281,-102.93,-75.901,-120.282,-65.807,-115.03,-79.626,-72.307,-79.011,-112.095,-87.866,-81.877,-134.101,-82.663,-66.85,-36.163,-108.802,-62.577,-97.457,-84.498,-55.005,-36.769,-46.855,-54.188,-34.656,-53.404,-50.676,-49.35,-58.627,-80.885,-82.78,-75.638,-95.446,-86.1,-77.26,-73.785,-73.603,-73.142,-93.072,-101.559,-52.268,-65.239,-92.51,-97.73,-102.752,-103.92,-123.58,-123.375,-55.557,-34.566,-107.004,-79.729,-133.286,-76.012,-86.601,-40.272,-52.434,-44.097,-41.864,-58.618,-56.436,-56.061,-61.966,-108.543
-38.43176126,-35.92281276,-32.23757944,-69.53852534,-32.31433132,-67.0087634,-31.32778798,-70.27911493,-62.52460412,-38.69638935,-43.90453919,-40.27945017,-49.35790092,-27.02041006,-53.94772071,-45.25893429,-46.3238455,-50.47789369,-46.43429588,-70.6151476,-76.94545931,-69.63629495,-36.01045518,-34.40841026,-55.65550816,-84.42609299,-42.83075335,-37.76431869,-47.28246947,-65.01537669,-67.92447277,-69.2980098,-59.02481491,-51.34669919,-38.00338169,-69.80728033,-75.84320464,-46.94676424,-46.69078925,-49.08762746,-51.65343611,-38.29848393,-62.06659179,-30.17837848,-55.0547038,-73.48556107,-54.17135823,-44.72765293,-51.74271114,-87.68660261,-42.0271414,-67.97377265,-76.42619769,-54.56653369,-52.47785184,-73.66070171,-78.93665529,-36.57032166,-67.74740178,-48.01956722,-69.17768564,-41.6506684,-63.77036853,-48.87393583,-50.15103816,-72.59270477,-68.77900545,-73.81408243,-68.01146802,-72.17436095,-79.3918375,-55.98542117,-107.2420457,-55.11832535,-73.43053925,-67.70126924,-46.81048344,-40.80617199,-59.49845794,-79.23254242,-76.40061618,-67.19091786,-61.81095583,-47.54421788,-89.93796638,-77.96876951,-72.25092482,-101.3670697,-58.82694814,-73.0390098,-56.75417359,-47.2796684,-85.34804457,-73.52578983,-105.7041972,-62.20216502,-77.03647425,-49.07478504,-42.83081101,-41.13279168,-59.39867976,-82.22170939,-69.27244076,-59.498353,-73.07957273,-52.84801371,-66.72401915,-38.48675255,-87.73304848,-91.99659899,-89.27149925,-93.09993199,-110.1475564,-53.86390813,-74.83938721,-64.44094376,-41.41572129,-50.8455939,-64.1892142,-99.28315464,-56.48942302,-70.4015508,-69.39799588,-64.90944876,-54.72956081,-59.91704085,-43.22176358,-47.79826598,-49.68497771,-45.73177728,-38.50426026,-51.00787006,-65.5466357,-82.89635643,-102.8064427,-84.30038833,-66.69638962,-102.8775138,-76.33693179,-120.6710483,-65.89750644,-114.649498,-81.07019134,-73.37182521,-78.17796376,-111.5079407,-87.77036273,-81.97661814,-135.3077658,-82.39335526,-66.72276093,-37.14039005,-109.1695252,-62.99210778,-97.39535077,-84.58493514,-54.8757358,-37.99352193,-47.70136623,-55.26030217,-34.80270752,-53.3640762,-51.07313272,-49.70292569,-59.06307018,-81.44562724,-83.04638437,-76.28472193,-95.95763121,-87.44475474,-77.92606326,-74.03074677,-74.41413941,-73.03166585,-93.11281916,-102.7554326,-52.86528748,-65.05389083,-91.17945163,-96.51995426,-102.2092735,-104.1595477,-124.1314098,-122.5076711,-55.90469699,-35.44525738,-107.0956326,-80.56099014,-134.0725029,-77.26623501,-86.33636284,-41.98328605,-53.44589315,-43.63669629,-41.92955668,-58.65492666,-57.03804218,-56.54707801,-62.55742711,-109.4059109
-37.498,-35.358,-32.178,-70.67,-33.597,-68.199,-31.225,-71.818,-63.799,-39.256,-45.229,-40.806,-50.054,-26.863,-54.114,-45.904,-45.964,-49.878,-45.895,-69.826,-76.855,-69.991,-36.39,-34.893,-55.225,-83.286,-42.816,-37.741,-46.83,-65.072,-67.449,-69.631,-59.79,-51.737,-37.284,-69.196,-76.335,-47.045,-46.448,-48.834,-52.076,-38.109,-62.57,-30.361,-54.523,-74.809,-54.039,-44.987,-51.88,-88.532,-41.155,-67.824,-77.967,-55.32,-52.889,-74.472,-80.313,-36.106,-68.415,-48.042,-70.201,-42.38,-65.336,-49.089,-49.932,-71.27,-69.431,-74.627,-68.455,-74.067,-79.875,-56.811,-108.694,-55.97,-73.56,-68.4,-47.791,-41.337,-60.623,-80.574,-76.786,-66.391,-60.746,-47.803,-90.538,-78.377,-71.886,-102.509,-59.085,-73.096,-56.651,-47.927,-85.214,-74.235,-106.806,-63.72,-78.311,-49.306,-42.83,-41.532,-60.34,-83.247,-70.536,-60.066,-73.469,-53.536,-66.091,-39.014,-87.851,-93.241,-90.851,-92.844,-110.327,-54.322,-75.692,-65.134,-41.489,-52.372,-65.57,-99.536,-57.249,-70.112,-70.385,-65.159,-56.125,-60.873,-43.408,-47.967,-50.47,-46.123,-38.653,-51.194,-65.392,-83.706,-104.129,-85.144,-67.18,-102.736,-76.747,-120.941,-66.112,-114.342,-82.572,-74.457,-77.427,-111.095,-87.804,-81.863,-136.074,-82.039,-66.58,-38.228,-109.509,-63.254,-97.224,-84.541,-54.717,-39.027,-48.296,-56.12,-35.087,-53.432,-51.612,-50.044,-59.485,-81.979,-83.345,-77.086,-96.604,-88.766,-78.561,-74.263,-75.239,-72.908,-92.982,-103.94,-53.709,-64.945,-89.86,-95.161,-101.98,-104.307,-124.263,-121.719,-56.324,-36.372,-106.957,-81.158,-134.79,-78.49,-86.091,-43.297,-54.219,-43.398,-42.114,-58.75,-57.738,-57.129,-63.24,-110.349
-36.72471245,-35.22516618,-32.22370186,-71.27476452,-35.4499725,-69.45617578,-31.46072835,-73.44875118,-64.86683836,-39.95018144,-46.30038907,-41.35187596,-50.8031453,-26.71743963,-54.19357985,-46.50616455,-45.90446172,-49.00325679,-45.78534586,-69.11298269,-76.64746212,-70.29977779,-37.26937245,-35.36949811,-54.61308666,-81.87850796,-42.52282901,-37.67893033,-46.65818563,-65.02281764,-67.14310557,-69.65478545,-60.92630245,-52.04222605,-36.58104534,-68.40494928,-76.52988162,-46.97454001,-46.30643191,-48.74007872,-52.48575993,-37.83247621,-62.77099636,-31.02329447,-54.37705205,-76.10373085,-53.96884008,-45.10178002,-52.21408079,-89.00623179,-40.30716257,-67.7964753,-79.36739148,-55.93727407,-53.16692821,-75.07517729,-81.4198463,-36.16995054,-68.99589908,-48.08739726,-71.19367111,-43.38512335,-66.45707958,-49.06484808,-49.38181117,-70.32674217,-70.06057854,-75.11402911,-68.73965747,-75.54568368,-80.33754545,-57.372801,-109.7832668,-57.16484692,-73.72059607,-68.99007867,-48.81739767,-42.09763842,-61.88555845,-81.75013449,-76.93903378,-65.40528052,-60.00455899,-48.16982814,-90.59163528,-78.64898684,-71.42523035,-103.3470413,-59.05816387,-72.65791818,-56.25166131,-48.71726991,-85.00174785,-74.62280546,-107.5763089,-64.98725625,-79.55980422,-49.41232998,-42.83458481,-41.97407534,-61.29303194,-84.51631306,-71.81948123,-60.60284753,-73.69059586,-54.00606152,-65.38389893,-39.61378911,-88.07064081,-94.01930942,-92.1825013,-92.413441,-110.6176105,-54.68890557,-75.9510249,-65.69861955,-41.66101435,-53.97691427,-66.74349826,-99.66541245,-57.7008306,-69.87389995,-71.20440067,-65.49455478,-57.34216755,-61.68936425,-43.60094772,-48.23819506,-51.33456891,-46.60348606,-38.75783852,-51.53387323,-65.35997111,-84.73094934,-105.3608592,-85.9858551,-67.66917988,-102.574179,-77.06397607,-121.1089331,-66.44576763,-114.110834,-83.75576121,-75.46351341,-76.94565386,-110.8751298,-87.88951213,-81.55126615,-136.3645453,-81.80867793,-66.52976783,-39.21852422,-109.7900601,-63.4178742,-97.07281386,-84.39434847,-54.61137032,-39.87148077,-48.63535994,-56.74854468,-35.4860707,-53.61089755,-52.23184486,-50.34245281,-59.89650987,-82.45254215,-83.65286549,-78.07439263,-97.34661594,-89.98485021,-79.27149307,-74.46476393,-76.05983428,-72.65210624,-92.69266045,-105.0104042,-54.53093686,-64.81819754,-88.73082189,-93.80501306,-102.10837,-104.33434,-123.9995265,-121.2508461,-56.82260862,-37.18594514,-106.5932408,-81.56341543,-135.4254426,-79.60634108,-85.95325932,-44.15427061,-54.76399152,-43.3410656,-42.41169902,-58.92154126,-58.45199054,-57.79810707,-63.99846667,-111.2972794
-36.096,-35.442,-32.456,-71.469,-37.47,-70.679,-31.909,-75.029,-65.673,-40.81,-47.063,-41.84,-51.416,-26.582,-54.241,-47.126,-45.96,-48.054,-46.048,-68.553,-76.37,-70.494,-38.408,-35.905,-53.988,-80.331,-42.11,-37.519,-46.666,-64.861,-67.059,-69.405,-62.236,-52.271,-36.0,-67.537,-76.557,-46.926,-46.216,-48.774,-52.81,-37.483,-62.61,-32.016,-54.536,-77.324,-53.998,-44.893,-52.667,-89.174,-39.601,-67.821,-80.603,-56.503,-53.393,-75.437,-82.277,-36.627,-69.431,-48.157,-71.999,-44.583,-67.18,-48.958,-48.621,-69.834,-70.776,-75.341,-69.043,-76.613,-80.704,-57.541,-110.582,-58.461,-73.874,-69.481,-49.802,-43.02,-63.204,-82.753,-77.022,-64.399,-59.716,-48.802,-90.354,-79.013,-71.036,-103.848,-58.68,-71.949,-55.723,-49.542,-84.725,-74.723,-107.998,-65.849,-80.802,-49.412,-42.872,-42.418,-62.244,-85.898,-73.034,-61.123,-73.886,-54.302,-64.743,-40.201,-88.456,-94.441,-93.158,-91.975,-110.994,-54.957,-75.798,-66.165,-42.037,-55.473,-67.558,-99.614,-57.76,-69.729,-71.756,-65.991,-58.429,-62.468,-43.787,-48.601,-52.209,-47.141,-38.816,-52.005,-65.52,-85.953,-106.471,-86.853,-68.155,-102.496,-77.351,-121.191,-66.926,-114.064,-84.48,-76.233,-76.771,-110.766,-88.026,-81.092,-136.185,-81.771,-66.663,-39.929,-109.958,-63.581,-97.066,-84.183,-54.582,-40.512,-48.876,-57.237,-35.954,-53.89,-52.873,-50.64,-60.307,-82.855,-83.944,-79.298,-98.149,-91.06,-80.117,-74.704,-76.933,-72.28,-92.38,-105.887,-55.173,-64.6,-87.855,-92.603,-102.557,-104.301,-123.466,-121.174,-57.413,-37.824,-106.088,-81.856,-135.972,-80.528,-85.939,-44.646,-55.182,-43.429,-42.788,-59.17,-59.128,-58.551,-64.792,-112.194
-35.58633166,-35.90334603,-32.93293703,-71.40055938,-39.25548363,-71.78502203,-32.42465567,-76.43762094,-66.18156333,-41.85206181,-47.48332327,-42.22500259,-51.73220491,-26.48757268,-54.35400635,-47.83214173,-45.94558931,-47.23025378,-46.57963311,-68.22871715,-76.12154542,-70.48705117,-39.56723436,-36.53150363,-53.50687714,-78.77655014,-41.74120393,-37.23203721,-46.75408156,-64.61509104,-67.23120342,-68.9351309,-63.5297533,-52.41511195,-35.60350945,-66.67650945,-76.54822278,-47.08032675,-46.13724008,-48.91596183,-53.00888911,-37.09264759,-62.07541368,-33.16914061,-54.89636212,-78.43225341,-54.12982396,-44.24067653,-53.15028266,-89.13965683,-39.14951116,-67.82346156,-81.66047308,-57.12771388,-53.64267432,-75.55510216,-82.91900563,-37.30607241,-69.65658453,-48.21135539,-72.50390938,-45.84340004,-67.59096535,-48.94261049,-47.81215445,-69.79723502,-71.68793755,-75.3890555,-69.5127786,-77.31377367,-80.9170532,-57.24346508,-111.1749132,-59.63018598,-73.96556796,-69.88836172,-50.67264076,-44.01905664,-64.47794625,-83.58288211,-77.2161086,-63.54757416,-59.96232765,-49.84228976,-90.07464692,-79.65381642,-70.87904284,-104.0297645,-57.95284037,-71.21572554,-55.24542078,-50.30575561,-84.38394511,-74.59896531,-108.112041,-66.19902665,-82.04192749,-49.34375007,-42.97547881,-42.82727942,-63.16106718,-87.25805197,-74.09099855,-61.63411081,-74.19128062,-54.48809,-64.28240544,-40.70957536,-89.07105101,-94.65130761,-93.72126227,-91.65867949,-111.4082713,-55.15925661,-75.47423849,-66.57675266,-42.69299831,-56.69816791,-67.94570452,-99.32840134,-57.41718739,-69.71162969,-71.96993298,-66.66203026,-59.42193667,-63.28997753,-43.96056627,-49.03921891,-53.0307464,-47.69878704,-38.83911471,-52.57527702,-65.91037968,-87.32036761,-107.456473,-87.74882074,-68.63637881,-102.5839105,-77.68452313,-121.1880815,-67.57960345,-114.2917156,-84.69713766,-76.63662331,-76.88929554,-110.6778187,-88.24184111,-80.56500001,-135.5905295,-81.95414085,-67.02237328,-40.23815462,-109.9714583,-63.82551529,-97.28730034,-83.94352623,-54.62544252,-40.92174659,-49.16070564,-57.69005773,-36.44514541,-54.25397331,-53.48773882,-50.98938401,-60.72276493,-83.191567,-84.20115155,-80.77198496,-98.97141039,-91.97605994,-81.11849542,-75.04820202,-77.90540305,-71.83896187,-92.18852887,-106.5223552,-55.52293847,-64.23814188,-87.26522584,-91.68266667,-103.2624611,-104.2851933,-122.8169359,-121.4933083,-58.08788517,-38.25608952,-105.5333667,-82.11004427,-136.418331,-81.17519302,-86.03138576,-44.87574021,-55.58676675,-43.60734502,-43.20403631,-59.49091762,-59.73611216,-59.38400472,-65.57670843,-113.000088
-35.228,-36.573,-33.735,-71.134,-40.643,-72.79,-32.891,-77.617,-66.353,-42.914,-47.624,-42.554,-51.846,-26.519,-54.696,-48.593,-45.919,-46.624,-47.244,-68.173,-76.08,-70.221,-40.684,-37.209,-53.201,-77.309,-41.461,-36.862,-46.884,-64.448,-67.625,-68.289,-64.802,-52.56,-35.31,-65.791,-76.525,-47.42,-46.09,-49.155,-53.163,-36.832,-61.329,-34.428,-55.401,-79.468,-54.377,-43.26,-53.499,-88.961,-38.996,-67.736,-82.528,-57.835,-53.924,-75.515,-83.432,-38.131,-69.75,-48.167,-72.736,-46.965,-67.754,-49.061,-47.156,-70.046,-72.702,-75.339,-70.144,-77.724,-81.074,-56.552,-111.658,-60.595,-73.996,-70.185,-51.354,-44.985,-65.601,-84.177,-77.55,-62.988,-60.623,-51.135,-89.815,-80.547,-70.989,-104.034,-57.075,-70.635,-54.988,-51.017,-84.045,-74.411,-108.047,-66.091,-83.168,-49.259,-43.146,-43.188,-63.97,-88.471,-74.901,-62.161,-74.566,-54.68,-63.931,-41.147,-89.818,-94.734,-93.953,-91.481,-111.782,-55.356,-75.179,-67.061,-43.463,-57.6,-68.086,-98.857,-56.849,-69.841,-71.892,-67.357,-60.228,-64.07,-44.135,-49.529,-53.783,-48.269,-38.862,-53.205,-66.46,-88.684,-108.299,-88.63,-69.09,-102.799,-78.064,-121.041,-68.4,-114.708,-84.503,-76.724,-77.233,-110.592,-88.606,-80.132,-134.795,-82.364,-67.474,-40.248,-109.867,-64.131,-97.664,-83.697,-54.691,-41.045,-49.418,-58.158,-36.938,-54.683,-54.075,-51.415,-61.132,-83.512,-84.445,-82.364,-99.759,-92.784,-82.19,-75.478,-78.912,-71.367,-92.178,-106.976,-55.543,-63.745,-86.988,-91.079,-104.138,-104.353,-122.225,-122.12,-58.756,-38.488,-104.977,-82.347,-136.729,-81.509,-86.155,-44.85,-56.053,-43.748,-43.633,-59.878,-60.303,-60.287,-66.322,-113.729
-35.04878085,-37.40543648,-34.88256204,-70.72582246,-41.55208741,-73.71896277,-33.20860963,-78.53485719,-66.17740032,-43.81382716,-47.57574276,-42.88145254,-51.89506962,-26.75444475,-55.37431696,-49.35379317,-45.97354093,-46.2994931,-47.9295438,-68.37799687,-76.39002132,-69.67341553,-41.72117563,-37.88963115,-53.07049103,-76.01756532,-41.29028053,-36.49050186,-47.03399327,-64.51732463,-68.1991758,-67.5193796,-66.07142591,-52.78631929,-35.02796756,-64.86873664,-76.48472265,-47.88975317,-46.11996761,-49.48384613,-53.35017924,-36.88100783,-60.56001787,-35.74019426,-55.99555819,-80.47249414,-54.73878326,-42.14919925,-53.58650221,-88.68911225,-39.1501678,-67.5161386,-83.1872018,-58.62477273,-54.25312767,-75.41033953,-83.88084207,-39.05334179,-69.81421921,-47.96150542,-72.75781391,-47.76522789,-67.73312515,-49.32889933,-46.83073498,-70.37066479,-73.67643266,-75.25870029,-70.88917768,-77.94187871,-81.30045211,-55.59892775,-112.1021672,-61.31283081,-73.99696904,-70.33554371,-51.78793344,-45.81662573,-66.4714883,-84.47891262,-78.01655577,-62.81749854,-61.52076455,-52.45658802,-89.58965826,-81.6037206,-71.36566359,-104.0220809,-56.27870037,-70.34926251,-55.09205262,-51.69668678,-83.79471421,-74.3301632,-107.9254504,-65.63620865,-84.05857146,-49.2114157,-43.37326261,-43.49791645,-64.60480288,-89.43808093,-75.40036242,-62.72632765,-74.93530183,-54.97543992,-63.6067613,-41.51850052,-90.56743887,-94.75042366,-93.96222636,-91.43760524,-112.0710264,-55.60204881,-75.07690008,-67.72352138,-44.15344509,-58.14309587,-68.18825036,-98.28693242,-56.26768227,-70.12901149,-71.61126422,-67.91969853,-60.74947048,-64.69869963,-44.33028469,-50.04443706,-54.46030844,-48.8513658,-38.92757232,-53.86102433,-67.07728017,-89.90057857,-108.9888499,-89.454602,-69.49353527,-103.071329,-78.46669174,-120.7092175,-69.35838992,-115.1958569,-84.05546735,-76.58470874,-77.72836965,-110.5431896,-89.15878862,-79.96737913,-134.0362667,-82.9643577,-67.85902324,-40.10549573,-109.718077,-64.47095458,-98.10364102,-83.4699145,-54.75234655,-40.86076023,-49.55914172,-58.6661002,-37.41972097,-55.15609312,-54.64581922,-51.92665229,-61.52592915,-83.88106008,-84.71715091,-83.91130671,-100.4486133,-93.55075857,-83.24041242,-75.95532607,-79.85705761,-70.91901488,-92.36851299,-107.339334,-55.26880275,-63.19128299,-87.02876028,-90.81267511,-105.0785799,-104.5674014,-121.8418627,-122.9232564,-59.31697361,-38.5451897,-104.4895338,-82.58701433,-136.891451,-81.52800445,-86.25094606,-44.58819968,-56.63534063,-43.74440316,-44.05640566,-60.32204602,-60.86480291,-61.24625829,-67.00669622,-114.4108574
-35.0,-38.248,-36.132,-70.284,-41.998,-74.536,-33.319,-79.197,-65.768,-44.47,-47.446,-43.199,-51.937,-27.191,-56.205,-50.067,-46.102,-46.317,-48.656,-68.722,-76.984,-68.936,-42.57,-38.566,-53.116,-75.012,-41.274,-36.277,-47.188,-64.825,-68.955,-66.725,-67.27,-53.062,-34.77,-64.098,-76.439,-48.481,-46.317,-49.901,-53.517,-37.318,-59.895,-36.947,-56.59,-81.417,-55.151,-41.206,-53.517,-88.395,-39.556,-67.217,-83.592,-59.489,-54.746,-75.28,-84.194,-40.04,-69.914,-47.661,-72.632,-48.208,-67.615,-49.787,-46.886,-70.58,-74.485,-75.165,-71.683,-78.124,-81.681,-54.617,-112.467,-61.73,-74.069,-70.315,-51.989,-46.472,-67.013,-84.521,-78.618,-63.012,-62.453,-53.61,-89.414,-82.686,-71.995,-104.111,-55.737,-70.432,-55.598,-52.312,-83.734,-74.474,-107.759,-65.018,-84.668,-49.251,-43.634,-43.779,-65.075,-90.159,-75.63,-63.327,-75.263,-55.349,-63.369,-41.747,-91.225,-94.734,-93.835,-91.554,-112.399,-55.903,-75.236,-68.501,-44.702,-58.252,-68.335,-97.759,-55.843,-70.573,-71.275,-68.336,-61.0,-65.137,-44.574,-50.559,-55.057,-49.447,-39.088,-54.544,-67.698,-90.947,-109.566,-90.233,-69.851,-103.328,-78.858,-120.287,-70.37,-115.69,-83.619,-76.291,-78.33,-110.708,-89.785,-80.214,-133.49,-83.572,-68.095,-39.915,-109.668,-64.897,-98.591,-83.326,-54.928,-40.518,-49.641,-59.194,-37.888,-55.652,-55.213,-52.504,-61.926,-84.379,-85.105,-85.277,-100.959,-94.341,-84.265,-76.454,-80.634,-70.627,-92.706,-107.725,-54.957,-62.817,-87.314,-90.939,-105.929,-104.991,-121.717,-123.697,-59.718,-38.497,-104.278,-82.898,-137.009,-81.341,-86.385,-44.26,-57.347,-43.65,-44.477,-60.804,-61.439,-62.24,-67.634,-115.09
-35.01560822,-38.94327805,-37.21198105,-69.92276272,-42.05463292,-75.19060415,-33.21489944,-79.6251647,-65.26498928,-44.84791261,-47.33868351,-43.4939251,-51.99513957,-27.79498625,-56.97157642,-50.68324949,-46.27989397,-46.69513169,-49.4444498,-69.08233731,-77.76742321,-68.12908442,-43.13539344,-39.23983226,-53.32449008,-74.37317795,-41.4346432,-36.35313975,-47.34994006,-65.35300601,-69.85555283,-66.00283733,-68.31527991,-53.35287268,-34.57686296,-63.66409563,-76.40038057,-49.16471966,-46.75125031,-50.41654709,-53.62114099,-38.16175503,-59.40805253,-37.90137581,-57.10713636,-82.24763749,-55.55080426,-40.68240087,-53.43365347,-88.14313784,-40.13679528,-66.93556905,-83.73032364,-60.39172032,-55.49359678,-75.14464769,-84.29045804,-41.05808683,-70.07654906,-47.35519807,-72.44975849,-48.31719233,-67.48563398,-50.44526192,-47.32188127,-70.54742028,-75.04906331,-75.08687283,-72.45064535,-78.40232416,-82.25219632,-53.84440822,-112.6912631,-61.81000975,-74.29882479,-70.11587624,-52.00724353,-46.92852652,-67.19250602,-84.3659105,-79.32994059,-63.51789936,-63.25823619,-54.45417515,-89.31772425,-83.64442686,-72.83948799,-104.3721918,-55.56465933,-70.88521339,-56.47017455,-52.82185146,-83.92324541,-74.89610783,-107.5303838,-64.42732271,-84.97794066,-49.41360097,-43.8971015,-44.05167076,-65.40543928,-90.65083876,-75.66313599,-63.94958381,-75.5184922,-55.75068795,-63.29794219,-41.77835413,-91.73215716,-94.72660626,-93.64691648,-91.86628898,-112.8686285,-56.25094102,-75.65418252,-69.29484016,-45.10317501,-57.89056398,-68.55293233,-97.38650206,-55.6852788,-71.14001516,-71.02061346,-68.63283909,-61.01926097,-65.38686153,-44.88755381,-51.04615616,-55.5665072,-50.05100121,-39.38237421,-55.25312812,-68.26149878,-91.83154779,-110.0762333,-90.99375039,-70.17495201,-103.4987661,-79.21944856,-119.893532,-71.34697228,-116.1424692,-83.42873867,-75.93083261,-78.99987945,-111.2227519,-90.36751847,-80.93025944,-133.2747116,-84.00478871,-68.14606783,-39.74559931,-109.8207525,-65.45469024,-99.12301473,-83.31533269,-55.33034535,-40.17005709,-49.73150947,-59.71978753,-38.34171716,-56.14778158,-55.78298333,-53.11464528,-62.3501437,-85.05946038,-85.67662889,-86.34601549,-101.2287403,-95.20615835,-85.26022006,-76.94374363,-81.15247495,-70.60528757,-93.12282269,-108.2320551,-54.86068153,-62.84429222,-87.75456664,-91.47452037,-106.5663031,-105.6604998,-121.8546549,-124.2532695,-59.92756276,-38.39908443,-104.4998105,-83.33304188,-137.1863519,-81.0784491,-86.61383523,-44.03689688,-58.18619065,-43.53937066,-44.90121345,-61.30040252,-62.03080279,-63.23721666,-68.20875239,-115.8129804
-35.036,-39.422,-38.004,-69.73,-41.937,-75.635,-33.054,-79.867,-64.794,-45.001,-47.327,-43.799,-52.036,-28.49,-57.618,-51.139,-46.514,-47.288,-50.19,-69.446,-78.75,-67.374,-43.449,-39.909,-53.627,-74.045,-41.68,-36.661,-47.598,-66.159,-70.668,-65.397,-69.154,-53.729,-34.498,-63.54,-76.371,-49.783,-47.369,-51.081,-53.796,-39.292,-59.026,-38.61,-57.557,-82.88,-55.944,-40.547,-53.406,-87.952,-40.798,-66.849,-83.754,-61.193,-56.387,-75.007,-84.188,-42.06,-70.217,-47.1,-72.417,-48.211,-67.406,-51.165,-48.068,-70.387,-75.465,-75.153,-73.097,-78.752,-82.899,-53.441,-112.742,-61.597,-74.649,-69.791,-51.963,-47.182,-67.126,-84.109,-80.012,-64.284,-63.965,-55.046,-89.387,-84.333,-73.781,-104.739,-55.701,-71.492,-57.467,-53.206,-84.246,-75.447,-107.218,-64.014,-85.004,-49.682,-44.113,-44.306,-65.607,-90.902,-75.598,-64.565,-75.655,-56.155,-63.416,-41.733,-92.139,-94.832,-93.455,-92.423,-113.331,-56.633,-76.144,-70.034,-45.449,-57.222,-68.772,-97.119,-55.709,-71.69,-70.888,-68.86,-60.841,-65.545,-45.26,-51.48,-55.979,-50.633,-39.788,-55.948,-68.694,-92.568,-110.539,-91.786,-70.486,-103.527,-79.609,-119.613,-72.245,-116.523,-83.496,-75.673,-79.701,-111.92,-90.937,-81.867,-133.342,-84.232,-68.087,-39.568,-110.053,-66.087,-99.668,-83.396,-55.902,-39.819,-49.798,-60.261,-38.774,-56.614,-56.335,-53.708,-62.772,-85.854,-86.377,-87.065,-101.294,-96.147,-86.141,-77.366,-81.398,-70.82,-93.571,-108.884,-54.998,-63.254,-88.277,-92.245,-107.047,-106.509,-122.18,-124.552,-59.952,-38.209,-104.977,-83.838,-137.418,-80.848,-86.833,-43.948,-59.132,-43.412,-45.329,-61.78,-62.615,-64.178,-68.718,-116.621
-35.02839616,-39.65467416,-38.422262,-69.77104132,-41.88351587,-75.80220431,-33.01799714,-79.95783455,-64.46902321,-44.96994792,-47.47092062,-44.13059717,-52.01936029,-29.20426754,-58.10848904,-51.36581513,-46.82501869,-47.94410927,-50.79687077,-69.81701709,-79.96931749,-66.76188757,-43.58631313,-40.58339889,-53.95608261,-73.95771911,-41.9064395,-37.11377593,-48.01189055,-67.30779887,-71.1675499,-64.91568179,-69.76178747,-54.26708891,-34.5795108,-63.66150544,-76.34150444,-50.18706428,-48.11002319,-51.94925152,-54.17563777,-40.57630357,-58.64155655,-39.11612576,-57.96334258,-83.25080093,-56.34510847,-40.70487418,-53.49252446,-87.817722,-41.46667214,-67.11964276,-83.82899394,-61.77879641,-57.31713576,-74.84006443,-83.92351013,-43.01750904,-70.25982241,-46.92047204,-72.72157917,-48.01530817,-67.42259863,-51.79882399,-49.02906906,-70.2355978,-75.85792325,-75.49472868,-73.5549065,-79.13371609,-83.49753153,-53.53203364,-112.5799696,-61.14340326,-75.05052217,-69.38588908,-51.97080283,-47.24384937,-66.94741803,-83.84204797,-80.51705067,-65.25696602,-64.63199812,-55.47450943,-89.71873474,-84.60095982,-74.71415177,-105.1330521,-56.05811383,-72.01033893,-58.33981426,-53.45736561,-84.55921071,-75.92833536,-106.7939721,-63.88481313,-84.77232198,-50.03394635,-44.24106957,-44.5342684,-65.69391537,-90.90440528,-75.52095479,-65.14531768,-75.64130979,-56.55690146,-63.71715787,-41.71005117,-92.50539797,-95.16129822,-93.26923263,-93.27626214,-113.639947,-57.01644508,-76.49526887,-70.67730953,-45.85014653,-56.43558538,-68.90202011,-96.87733119,-55.78240493,-72.06828366,-70.88056902,-69.08177345,-60.49573873,-65.72004502,-45.68176013,-51.84767601,-56.29302195,-51.17612304,-40.28383632,-56.60783449,-68.9385814,-93.19233776,-110.9638337,-92.65889847,-70.80776686,-103.3720725,-80.08889014,-119.490171,-73.01066869,-116.820854,-83.77806729,-75.64150222,-80.42010633,-112.6313594,-91.5597452,-82.71216311,-133.6033364,-84.28485728,-68.02376062,-39.34110236,-110.2329248,-66.70730911,-100.1874242,-83.50927403,-56.57460352,-39.44724258,-49.7971437,-60.85423727,-39.18690465,-57.03314849,-56.85936813,-54.24313402,-63.170995,-86.69036232,-87.14459302,-87.41158923,-101.2047773,-97.16299433,-86.83442645,-77.67679266,-81.39389047,-71.21305553,-94.0219463,-109.6903631,-55.33211689,-64.01057022,-88.83760985,-93.10131053,-107.4618965,-107.4296429,-122.5909216,-124.6184451,-59.8041148,-37.88278371,-105.5061538,-84.32284092,-137.6697751,-80.74107865,-86.92945341,-43.99316896,-60.17543816,-43.25572887,-45.76673883,-62.22246484,-63.17385795,-65.01411447,-69.15891403,-117.5607288
-35.061,-39.684,-38.36,-70.047,-42.086,-75.546,-33.22,-79.858,-64.372,-44.657,-47.808,-44.394,-51.935,-29.927,-58.329,-51.291,-47.258,-48.653,-51.332,-70.158,-81.47,-66.262,-43.672,-41.325,-54.306,-74.123,-42.079,-37.698,-48.603,-68.817,-71.358,-64.476,-70.201,-54.966,-34.845,-64.027,-76.267,-50.394,-49.011,-53.053,-54.721,-41.971,-58.158,-39.457,-58.318,-83.412,-56.735,-41.088,-53.781,-87.693,-42.174,-67.77,-84.014,-62.243,-58.374,-74.516,-83.512,-43.995,-70.279,-46.752,-73.364,-47.793,-67.549,-52.313,-50.08,-70.081,-76.293,-76.154,-73.89,-79.607,-84.04,-54.181,-112.113,-60.455,-75.432,-68.857,-52.052,-47.17,-66.714,-83.61,-80.787,-66.372,-65.249,-55.76,-90.396,-84.276,-75.665,-105.567,-56.613,-72.316,-59.017,-53.601,-84.79,-76.149,-106.21,-64.015,-84.318,-50.48,-44.295,-44.768,-65.708,-90.693,-75.446,-65.683,-75.525,-57.009,-64.139,-41.549,-92.822,-95.793,-92.93,-94.48,-113.912,-57.294,-76.592,-71.276,-46.395,-55.627,-68.869,-96.631,-55.784,-72.169,-70.953,-69.398,-60.008,-65.974,-46.181,-52.188,-56.544,-51.743,-40.917,-57.33,-69.019,-93.824,-111.347,-93.641,-71.168,-103.044,-80.662,-119.447,-73.511,-117.086,-84.239,-75.7,-81.238,-113.488,-92.297,-83.209,-133.976,-84.292,-68.077,-39.075,-110.422,-67.213,-100.644,-83.621,-57.405,-39.11,-49.744,-61.573,-39.624,-57.442,-57.418,-54.736,-63.594,-87.603,-88.015,-87.426,-100.969,-98.299,-87.398,-77.919,-81.239,-71.777,-94.505,-110.68,-55.84,-65.253,-89.496,-94.185,-107.86,-108.259,-122.955,-124.592,-59.485,-37.469,-106.117,-84.661,-137.903,-80.807,-86.917,-44.197,-61.374,-43.087,-46.253,-62.659,-63.75,-65.773,-69.587,-118.706
-35.21190514,-39.57872391,-37.77036613,-70.5241196,-42.66817695,-74.77178546,-33.71830098,-79.53983152,-64.55245191,-43.98788188,-48.34619111,-44.50354618,-51.79257059,-30.65041626,-58.1907266,-50.87816396,-47.84313845,-49.42415426,-51.88523271,-70.42622687,-83.25071133,-65.82401679,-43.81196358,-42.18384069,-54.68349782,-74.555096,-42.18324479,-38.40645843,-49.3518753,-70.65110165,-71.30697793,-63.99892742,-70.53696869,-55.79188078,-35.29888081,-64.63409115,-76.11399289,-50.45556039,-50.10260139,-54.37905489,-55.35254253,-43.4333836,-57.51935843,-39.66579475,-58.60178112,-83.43201423,-57.08583538,-41.63368011,-54.3354182,-87.536162,-42.95792911,-68.7516231,-84.3317392,-62.70232621,-59.63876453,-73.94168853,-82.98363474,-45.04861575,-70.3571209,-46.5246332,-74.28137183,-47.58834437,-67.78537628,-52.70367545,-51.09222423,-69.8841152,-76.80398816,-77.11755575,-74.17932911,-80.21891034,-84.53558498,-55.37909089,-111.2979205,-59.55039534,-75.72765935,-68.16705941,-52.20554065,-47.02215583,-66.46281672,-83.43748151,-80.80697366,-67.54627019,-65.78848308,-55.90964508,-91.45059912,-83.2629868,-76.66646969,-106.0582127,-57.33703795,-72.34903851,-59.48918738,-53.67770165,-84.89812041,-75.97076328,-105.443398,-64.34892303,-83.69844555,-51.02395025,-44.30111984,-45.03494785,-65.69353363,-90.31769051,-75.37408635,-66.17143749,-75.37035187,-57.55706854,-64.60341585,-41.08760862,-93.05972657,-96.75164053,-92.2988508,-96.03730648,-114.2795165,-57.37075674,-76.37888772,-71.88392641,-47.13898834,-54.87208985,-68.63566569,-96.36917501,-55.61947304,-71.93958492,-71.05790397,-69.88405927,-59.41840496,-66.34395066,-46.77779798,-52.54087762,-56.76842155,-52.38854541,-41.72280968,-58.20414344,-68.97883198,-94.56140195,-111.6763326,-94.72985317,-71.58064622,-102.5803595,-81.30077901,-119.3931927,-73.64301174,-117.362712,-84.83967911,-75.6930295,-82.21562762,-114.6236849,-93.17222176,-83.1972065,-134.3838244,-84.37221063,-68.34280059,-38.80102746,-110.6994265,-67.52036547,-101.0060404,-83.70319191,-58.44107122,-38.87673709,-49.67401901,-62.46902387,-40.12239059,-57.87818563,-58.06217608,-55.20291273,-64.08517535,-88.62625996,-89.01847394,-87.16962095,-100.5961894,-99.57531605,-87.90217553,-78.15073412,-81.03725921,-72.49776883,-95.05005152,-111.8542319,-56.49360183,-67.08627431,-90.30068712,-95.62747907,-108.2695813,-108.8566713,-123.1654303,-124.6022227,-59.0151864,-37.0410941,-106.8599036,-84.7501864,-138.0803912,-81.06032031,-86.83594921,-44.58039641,-62.76393364,-42.93003552,-46.81827763,-63.12183626,-64.37857,-66.48102797,-70.05284825,-120.1000937
-35.49771705,-39.44070864,-36.8688344,-71.09292171,-43.52679247,-73.67138176,-34.4194655,-79.09889057,-64.96163973,-43.1214879,-48.99706815,-44.52122015,-51.65149915,-31.31780049,-57.78614182,-50.24252332,-48.52656456,-50.20574254,-52.47576478,-70.59921371,-85.11879234,-65.44093947,-43.98796291,-43.10993094,-55.08360751,-75.19646145,-42.21867563,-39.18327908,-50.18363704,-72.60916529,-71.11035537,-63.51188745,-70.760448,-56.65736686,-35.89049167,-65.41395673,-75.93026807,-50.39737825,-51.29377364,-55.75732466,-56.00174125,-44.8353344,-56.8224694,-39.76629611,-58.78360947,-83.33009285,-57.36869859,-42.27245437,-55.09424023,-87.37151713,-43.77924567,-69.87109414,-84.76823345,-63.1573078,-60.95805194,-73.26439315,-82.45146942,-46.10898328,-70.46177632,-46.23676793,-75.34347834,-47.43422561,-68.1110541,-52.9735468,-51.95289308,-69.64744314,-77.358916,-78.23971444,-74.41344847,-80.86761636,-84.94555856,-56.8872753,-110.3413753,-58.54681758,-75.89672659,-67.3934531,-52.4337282,-46.84087357,-66.2270804,-83.31462335,-80.64628836,-68.63599336,-66.22284326,-55.94718632,-92.72225224,-81.79904062,-77.64752676,-106.5518939,-58.11330905,-72.1904217,-59.82061976,-53.75942189,-84.90390966,-75.46084094,-104.5949717,-64.83827747,-83.05201514,-51.60957914,-44.28213658,-45.30854286,-65.67719385,-89.84545203,-75.32633229,-66.58763337,-75.22998538,-58.16181123,-65.02562063,-40.41682496,-93.17993705,-97.87786682,-91.49198399,-97.74585496,-114.6756549,-57.27648985,-75.95066134,-72.47339536,-48.02717729,-54.26113384,-68.29576022,-96.11107911,-55.29334308,-71.49315338,-71.18820331,-70.48166327,-58.83875505,-66.81370419,-47.4220184,-52.89895447,-56.97021481,-53.05728395,-42.62090523,-59.17082086,-68.86043156,-95.33539776,-111.9192665,-95.81936417,-72.00026438,-102.0786571,-81.91511137,-119.3121905,-73.50450418,-117.6119417,-85.52097763,-75.64873125,-83.24020471,-115.8826746,-94.06251391,-82.84815719,-134.7708956,-84.50771901,-68.80393065,-38.58446022,-111.0220584,-67.63776526,-101.2631644,-83.7280129,-59.56905395,-38.8011521,-49.64656207,-63.46965691,-40.65178145,-58.32851393,-58.72901992,-55.60484774,-64.61037799,-89.68728828,-90.06673936,-86.72626275,-100.1444419,-100.868433,-88.339087,-78.40444532,-80.83748375,-73.28372803,-95.63125504,-113.0844379,-57.23029405,-69.30323855,-91.15233075,-97.2283583,-108.6778471,-109.2311991,-123.2482746,-124.6254636,-58.50494246,-36.68006743,-107.6345538,-84.62232585,-138.1748134,-81.41819539,-86.7061578,-45.12405505,-64.22930159,-42.81167846,-47.42850233,-63.5958003,-65.0044222,-67.08472042,-70.52906212,-121.6367233
-35.91985964,-39.3800575,-35.93615342,-71.62502587,-44.50221105,-72.50805213,-35.19236946,-78.6615052,-65.52646099,-42.27484807,-49.64816397,-44.54579009,-51.58365827,-31.86009283,-57.25237243,-49.53670004,-49.23345581,-50.9305233,-53.10515809,-70.65939446,-86.83375911,-65.11663007,-44.15073574,-44.02832052,-55.49842064,-75.97180306,-42.18808209,-39.96046537,-51.00958521,-74.44890674,-70.87084367,-63.06889624,-70.84348053,-57.46170282,-36.55557642,-66.28131917,-75.78390462,-50.23832771,-52.46310661,-56.97847892,-56.60282421,-46.02705977,-56.20232669,-39.77971701,-58.82921843,-83.11314209,-57.55426706,-42.93325925,-55.96488783,-87.23986058,-44.57945563,-70.89880396,-85.30035428,-63.57940534,-62.11984523,-72.69137179,-82.04928943,-47.07521993,-70.53180754,-45.90379331,-76.40335832,-47.36072429,-68.50019408,-53.12671924,-52.55293452,-69.38381673,-77.9093869,-79.34178668,-74.56115329,-81.41404991,-85.21906724,-58.40933498,-109.5123643,-57.58607331,-75.90449802,-66.64212256,-52.73977655,-46.66140599,-66.03904605,-83.2229506,-80.39522551,-69.48203578,-66.52432975,-55.90041109,-94.00278506,-80.20388496,-78.51110328,-106.9751607,-58.80276561,-71.95592449,-60.09357015,-53.9259116,-84.84276555,-74.73735606,-103.7963051,-65.43671319,-82.53729531,-52.1656744,-44.25983733,-45.5486269,-65.68125557,-89.34749253,-75.32890662,-66.90432784,-75.15361386,-58.76267732,-65.31906653,-39.69065701,-93.14147752,-98.96642633,-90.68913048,-99.35198717,-114.9837518,-57.07180956,-75.43917471,-72.99622277,-48.97725895,-53.88824977,-67.97572347,-95.88344157,-54.83460629,-70.98393975,-71.34689893,-71.09919018,-58.39866986,-67.3538374,-48.04598579,-53.24305816,-57.1451557,-53.66614179,-43.50205756,-60.1333391,-68.70582082,-96.03495333,-112.0380875,-96.77748365,-72.36652956,-101.6513655,-82.39917906,-119.2058488,-73.24307123,-117.7737392,-86.21879741,-75.64106555,-84.15548787,-117.0368897,-94.80834823,-82.41581826,-135.0862992,-84.64663437,-69.41504276,-38.49912392,-111.3161701,-67.59634777,-101.4102342,-83.66760222,-60.63481355,-38.93334949,-49.72701807,-64.4712263,-41.16503555,-58.76708849,-59.32711411,-55.88888729,-65.11589397,-90.68643221,-91.0418911,-86.18528512,-99.68397535,-102.0188652,-88.68123007,-78.70617651,-80.67471376,-74.02385693,-96.20883601,-114.2094807,-57.97885432,-71.61905504,-91.91460583,-98.70436566,-109.0617058,-109.4281775,-123.2627454,-124.5997471,-58.08696273,-36.46893403,-108.3029558,-84.34262258,-138.1616036,-81.77348441,-86.54230617,-45.79886916,-65.61610754,-42.75946297,-48.03347864,-64.05386731,-65.54982612,-67.51057999,-70.96874775,-123.1722428
-36.48,-39.507,-35.253,-71.992,-45.435,-71.545,-35.906,-78.354,-66.174,-41.665,-50.187,-44.676,-51.661,-32.208,-56.726,-48.913,-49.889,-51.531,-53.775,-70.589,-88.155,-64.855,-44.251,-44.864,-55.92,-76.806,-42.094,-40.67,-51.741,-75.928,-70.691,-62.724,-70.758,-58.104,-37.23,-67.151,-75.743,-49.997,-53.489,-57.833,-57.09,-46.858,-55.794,-39.727,-58.704,-82.788,-57.613,-43.545,-56.855,-87.182,-45.3,-71.605,-85.905,-63.94,-62.912,-72.43,-81.911,-47.846,-70.506,-45.541,-77.314,-47.398,-68.927,-53.167,-52.783,-69.106,-78.407,-80.245,-74.591,-81.719,-85.305,-59.649,-109.08,-56.81,-75.716,-66.019,-53.127,-46.519,-65.931,-83.144,-80.144,-69.925,-66.665,-55.797,-95.084,-78.797,-79.16,-107.255,-59.266,-71.761,-60.39,-54.257,-84.75,-73.918,-103.179,-66.098,-82.313,-52.621,-44.256,-45.715,-65.728,-88.895,-75.408,-67.094,-75.191,-59.299,-65.397,-39.063,-92.903,-99.812,-90.07,-100.602,-115.087,-56.817,-74.976,-73.404,-49.907,-53.848,-67.802,-95.713,-54.272,-70.566,-71.537,-71.645,-58.228,-67.935,-48.582,-53.554,-57.289,-54.132,-44.257,-60.995,-68.557,-96.549,-111.995,-97.472,-72.619,-101.411,-82.647,-119.076,-73.006,-117.788,-86.869,-75.744,-84.805,-117.858,-95.25,-82.154,-135.279,-84.737,-70.131,-38.619,-111.508,-67.427,-101.442,-83.494,-61.484,-39.324,-49.981,-65.37,-41.615,-59.168,-59.765,-56.002,-65.548,-91.524,-91.826,-85.636,-99.285,-102.867,-88.901,-79.082,-80.584,-74.607,-96.743,-115.068,-58.668,-73.749,-92.451,-99.772,-109.398,-109.493,-123.268,-124.463,-57.894,-36.491,-108.727,-83.976,-138.016,-82.019,-86.359,-46.576,-66.77,-42.801,-48.583,-64.469,-65.937,-67.685,-71.325,-124.563
-37.17353132,-39.8955664,-35.01928076,-72.10562729,-46.20220883,-70.96977344,-36.46275931,-78.26760125,-66.84031244,-41.44321299,-50.53393885,-44.98697162,-51.926159,-32.31766968,-56.31030282,-48.48346687,-50.44088607,-51.96376624,-54.48546606,-70.3826247,-88.92294363,-64.65205421,-44.2507197,-45.56586869,-56.33992993,-77.6415253,-41.94930334,-41.25419984,-52.31533298,-76.88746156,-70.64631429,-62.50844211,-70.49223823,-58.51590631,-37.86284093,-67.95936748,-75.85305895,-49.700403,-54.2756671,-58.18634678,-57.42490432,-47.2383748,-55.67825803,-39.62663452,-58.39298821,-82.36904262,-57.52890845,-44.06139033,-57.69181609,-87.22876909,-45.8937862,-71.83330946,-86.56414458,-64.22565396,-63.19679853,-72.61020746,-82.12563222,-48.35911574,-70.34147292,-45.16350779,-77.96811475,-47.56031367,-69.3705073,-53.10831891,-52.58275107,-68.82450451,-78.81734143,-80.82487046,-74.49226597,-81.69032852,-85.18815978,-60.39700805,-109.2217015,-56.31534894,-75.32122711,-65.60430105,-53.59110052,-46.44386281,-65.91749903,-83.06638175,-79.96720273,-69.86920167,-66.62756362,-55.65997772,-95.81940556,-77.81804256,-79.53419488,-107.348028,-59.41295365,-71.68585987,-60.76593415,-54.79253872,-84.65629549,-73.1020537,-102.8382346,-66.78928308,-82.48750485,-52.92599797,-44.28630115,-45.7814583,-65.83138267,-88.54451961,-75.57737752,-67.14698788,-75.37868009,-59.7258529,-65.20776413,-38.64292848,-92.44549433,-100.2718158,-89.7571324,-101.3245363,-114.9069065,-56.56074518,-74.65995421,-73.66210763,-50.75605145,-54.19059651,-67.86015875,-95.61554548,-53.63615997,-70.36050832,-71.75971309,-72.05391085,-58.414977,-68.5316029,-48.98316406,-53.81887575,-57.40156722,-54.39992605,-44.80876313,-61.68797082,-68.44500096,-96.79678139,-111.770306,-97.82330106,-72.71781469,-101.4373548,-82.59374866,-118.9235796,-72.90203372,-117.6178518,-87.42489785,-76.00322638,-85.08724859,-118.1892713,-95.28663271,-82.25066045,-135.3175064,-84.73890016,-70.91061065,-38.99711743,-111.5489104,-67.16163901,-101.3622149,-83.19352789,-62.01192188,-39.99724717,-50.45389738,-66.08613658,-41.96895033,-59.51392986,-59.9833995,-55.91793182,-65.8704523,-92.1333144,-92.33982073,-85.14936821,-99.00168582,-103.3116485,-88.97949693,-79.54110887,-80.59653257,-74.95992948,-97.20394804,-115.5502255,-59.24300996,-75.48146282,-92.67760497,-100.2355354,-109.6695066,-109.4685275,-123.3093746,-124.1738259,-58.01971466,-36.80574193,-108.8177995,-83.5807162,-137.732377,-82.07987128,-86.17538977,-47.42970668,-67.58203404,-42.94634717,-49.04173777,-64.82336304,-66.11781286,-67.57168194,-71.56808263,-125.7051188
-37.97,-40.474,-35.111,-72.039,-46.827,-70.667,-36.899,-78.353,-67.497,-41.497,-50.741,-45.459,-52.304,-32.248,-55.976,-48.199,-50.927,-52.283,-55.231,-70.085,-89.303,-64.472,-44.157,-46.179,-56.748,-78.491,-41.809,-41.697,-52.775,-77.502,-70.704,-62.362,-70.1,-58.76,-38.456,-68.729,-76.069,-49.41,-54.832,-58.205,-57.679,-47.325,-55.718,-39.488,-57.961,-81.901,-57.341,-44.536,-58.481,-87.371,-46.36,-71.722,-87.28,-64.484,-63.135,-73.051,-82.602,-48.711,-70.069,-44.786,-78.418,-47.798,-69.829,-53.006,-52.089,-68.541,-79.162,-81.175,-74.338,-81.425,-84.998,-60.794,-109.747,-56.018,-74.811,-65.375,-54.097,-46.446,-65.942,-83.007,-79.877,-69.475,-66.438,-55.494,-96.31,-77.187,-79.723,-107.33,-59.353,-71.67,-61.174,-55.412,-84.574,-72.316,-102.723,-67.531,-82.967,-53.118,-44.342,-45.778,-65.972,-88.294,-75.801,-67.126,-75.7,-60.062,-64.841,-38.36,-91.84,-100.454,-89.644,-101.678,-114.519,-56.306,-74.459,-73.792,-51.552,-54.787,-68.072,-95.563,-52.966,-70.357,-72.009,-72.367,-58.88,-69.133,-49.286,-54.05,-57.499,-54.528,-45.21,-62.26,-68.357,-96.819,-111.417,-97.963,-72.706,-101.679,-82.34,-118.746,-72.886,-117.32,-87.91,-76.351,-85.122,-118.162,-95.054,-82.63,-135.249,-84.661,-71.728,-39.602,-111.491,-66.837,-101.211,-82.81,-62.314,-40.869,-51.109,-66.636,-42.252,-59.822,-60.052,-55.718,-66.117,-92.58,-92.659,-84.723,-98.824,-103.486,-88.933,-80.025,-80.728,-75.162,-97.602,-115.754,-59.716,-76.898,-92.722,-100.252,-109.883,-109.388,-123.377,-123.774,-58.401,-37.376,-108.684,-83.189,-137.382,-82.011,-86.029,-48.346,-68.127,-43.135,-49.434,-65.136,-66.163,-67.284,-71.737,-126.654
-38.83506206,-41.14916516,-35.35427546,-71.88640517,-47.35945878,-70.47892131,-37.27459646,-78.53807402,-68.12658298,-41.6782399,-50.88063517,-46.05118668,-52.71008465,-32.07314295,-55.66946212,-47.98345866,-51.39596717,-52.55411001,-56.00362118,-69.74926407,-89.50103737,-64.27977405,-43.98625239,-46.76289553,-57.13574808,-79.37614219,-41.7267987,-41.9980134,-53.18014341,-77.98501579,-70.81274132,-62.21646901,-69.64031932,-58.91593274,-39.02408749,-69.49710939,-76.33431753,-49.18410606,-55.19178233,-58.0909204,-57.93235927,-47.29919032,-55.75417091,-39.31692649,-57.47891983,-81.42609489,-57.09449951,-45.03280378,-59.24180615,-87.5922672,-46.71232376,-71.44971143,-88.06094338,-64.7634785,-62.92405923,-73.53735759,-83.22317602,-49.01411307,-69.72896567,-44.42067917,-78.74061198,-48.05776187,-70.30606384,-52.91463937,-51.46056174,-68.25823424,-79.47530082,-81.42018617,-74.20240509,-81.04352753,-84.86985709,-61.0297019,-110.4194788,-55.81092366,-74.28058619,-65.28780995,-54.6090649,-46.5285229,-65.94589035,-82.98519048,-79.8669208,-68.93093223,-66.13292208,-55.3030535,-96.69487918,-76.76880973,-79.83095398,-107.2915328,-59.2180288,-71.63377656,-61.55424636,-55.98362842,-84.50896537,-71.56788309,-102.7575841,-68.34646916,-83.62634071,-53.24753087,-44.41119312,-45.74243169,-66.12617516,-88.1284793,-76.03927396,-67.09676388,-76.12710535,-60.33637221,-64.40271471,-38.11776984,-91.16666533,-100.5059573,-89.59884843,-101.8632434,-114.0232736,-56.04546667,-74.31819437,-73.82422993,-52.33599225,-55.4903104,-68.33843558,-95.52261874,-52.29746719,-70.51734953,-72.27756106,-72.63924542,-59.51996092,-69.73290421,-49.53915729,-54.26329123,-57.59815578,-54.58966361,-45.53277129,-62.77639316,-68.27433913,-96.67946425,-110.9971864,-98.04479351,-72.63713336,-102.0630658,-82.00440401,-118.5435612,-72.88795555,-116.9637914,-88.35962216,-76.71050292,-85.05777793,-117.948586,-94.71436171,-83.17167786,-135.1284472,-84.52180392,-72.56467058,-40.38533424,-111.3989168,-66.48557245,-101.0303829,-82.39204923,-62.51125571,-41.84360301,-51.89458495,-67.05436595,-42.49815902,-60.11436767,-60.056647,-55.49196892,-66.33157988,-92.94779523,-92.8811918,-84.34097363,-98.72869283,-103.5506565,-88.78615775,-80.4717968,-80.98467462,-75.3095028,-97.95419512,-115.8077397,-60.11235868,-78.12904242,-92.73402649,-100.0291196,-110.0501007,-109.2761653,-123.4493235,-123.3180772,-58.94817658,-38.14629912,-108.4587928,-82.81948697,-137.0388182,-81.88440998,-85.9514597,-49.31255736,-68.50689414,-43.30507888,-49.79328345,-65.43139906,-66.15737644,-66.9478091,-71.87996181,-127.4905501
-39.74430367,-41.8873657,-35.69850572,-71.6660037,-47.81204963,-70.38071553,-37.61019201,-78.79980204,-68.71982159,-41.95930208,-50.9756886,-46.73212848,-53.14024189,-31.82619783,-55.3718993,-47.81294529,-51.84939576,-52.79071368,-56.79134554,-69.41240243,-89.56042342,-64.0750262,-43.74716124,-47.33907997,-57.50367496,-80.28499189,-41.70920149,-42.17843496,-53.55713819,-78.37123669,-70.95507114,-62.06304876,-69.12777648,-59.00136066,-39.58004502,-70.27347578,-76.63721096,-49.03407253,-55.38546261,-57.88777512,-58.18973158,-47.19582155,-55.75737585,-39.11444935,-56.96275384,-80.94623035,-56.80497764,-45.55803939,-59.97008513,-87.88699339,-46.97666223,-71.06290625,-88.9197464,-65.05483493,-62.61031065,-74.0282967,-83.94891508,-49.2877961,-69.32682058,-44.07031165,-78.95274607,-48.33555041,-70.80724947,-52.84481944,-50.74775785,-67.99217999,-79.78657098,-81.59282862,-74.08088981,-80.57214093,-84.81828261,-61.14232975,-111.1859133,-55.67582905,-73.7426305,-65.32107616,-55.12015645,-46.68705345,-65.93333408,-83.0017203,-79.91826021,-68.2829579,-65.74865515,-55.10691109,-97.01875906,-76.52682158,-79.87457989,-107.2639376,-59.03204165,-71.56157731,-61.89984158,-56.49096767,-84.45940398,-70.86475926,-102.9130666,-69.21716914,-84.41651575,-53.33116093,-44.49371463,-45.68775317,-66.28645799,-88.03984839,-76.28814294,-67.06514227,-76.64025189,-60.55561702,-63.92365288,-37.89486642,-90.45240122,-100.481996,-89.61768118,-101.9214751,-113.4641632,-55.77667785,-74.22143603,-73.77040834,-53.11614086,-56.26043392,-68.64033836,-95.48681193,-51.64654643,-70.82373575,-72.56028204,-72.87543603,-60.30443982,-70.32762923,-49.75656639,-54.4639283,-57.70245553,-54.60700053,-45.79758394,-63.25723021,-68.19886012,-96.41315198,-110.5368905,-98.10000696,-72.52452994,-102.5618169,-81.61301363,-118.3316845,-72.89252756,-116.575988,-88.78653648,-77.08185016,-84.93785374,-117.5992346,-94.30012875,-83.84016508,-134.9636095,-84.33105444,-73.4163091,-41.31537366,-111.2869585,-66.11827543,-100.8338087,-81.95029051,-62.62824309,-42.88626513,-52.77996263,-67.35427479,-42.71930012,-60.39895312,-60.01903348,-55.25605306,-66.52895077,-93.26078865,-93.03731634,-84.00653745,-98.70376413,-103.5419709,-88.56218067,-80.87382072,-81.35058138,-75.41456573,-98.26447806,-115.7555696,-60.44446731,-79.20855497,-92.74178473,-99.62612839,-110.1780337,-109.1335774,-123.513245,-122.8289148,-59.6216691,-39.08342784,-108.1764841,-82.46253032,-136.7107618,-81.71133289,-85.93240665,-50.31181077,-68.75069568,-43.45968066,-50.1303289,-65.71900318,-66.12338529,-66.58943794,-72.0133048,-128.2386211
-40.67581788,-42.66981194,-36.12398991,-71.37686902,-48.18766685,-70.38083314,-37.9165423,-79.12746054,-69.26946897,-42.3427511,-51.03656718,-47.47287387,-53.61036972,-31.52990728,-55.07313466,-47.67662507,-52.27711081,-52.99334361,-57.58116321,-69.10734705,-89.48382229,-63.86604961,-43.44643039,-47.91954827,-57.8544451,-81.19715277,-41.75098847,-42.26471217,-53.92389182,-78.6506999,-71.12197294,-61.90776209,-68.56580652,-59.01833703,-40.13634519,-71.06100132,-76.9770664,-48.95959796,-55.4421948,-57.59958648,-58.43703615,-47.0129241,-55.73057323,-38.88030532,-56.41470053,-80.45322356,-56.48050797,-46.10350334,-60.65563998,-88.25234369,-47.1818529,-70.57488988,-89.87029634,-65.3343766,-62.2022539,-74.52629583,-84.75819846,-49.52795405,-68.85922047,-43.73530326,-79.05599738,-48.63963019,-71.33860561,-52.79611681,-49.97372689,-67.76211486,-80.12388817,-81.70211515,-73.94913169,-80.0134114,-84.82769033,-61.13195429,-112.0389125,-55.61665476,-73.18909148,-65.45865856,-55.63021733,-46.91538003,-65.92416426,-83.05272763,-80.00927538,-67.54131367,-65.32137047,-54.92928113,-97.30269346,-76.44913898,-79.84834151,-107.2636885,-58.79189294,-71.45362325,-62.21704367,-56.9463124,-84.42161414,-70.21345906,-103.172304,-70.11414554,-85.30762605,-53.37694916,-44.59233565,-45.62074466,-66.44945084,-88.02173614,-76.55243402,-67.02198362,-77.22177327,-60.72062255,-63.41569117,-37.68868162,-89.71076543,-100.4130855,-89.72847036,-101.8539567,-112.8721434,-55.49830359,-74.16232816,-73.63721674,-53.8921954,-57.08401347,-68.97857991,-95.45426626,-51.02423411,-71.26356273,-72.85258635,-73.06772924,-61.22135106,-70.91408581,-49.94345291,-54.65439452,-57.81196034,-54.58923269,-46.01199633,-63.71127251,-68.13752938,-96.04779504,-110.053097,-98.12934206,-72.37136764,-103.1588517,-81.1686779,-118.1295631,-72.89792966,-116.1726514,-89.19780007,-77.48436143,-84.77909492,-117.1333983,-93.81117353,-84.62122388,-134.7503821,-84.0961827,-74.28212361,-42.36463429,-111.1568157,-65.74059732,-100.6275565,-81.48580666,-62.66522112,-43.97746343,-53.73981624,-67.54311725,-42.92174729,-60.68011072,-59.94479731,-55.00806937,-66.71657212,-93.52813327,-93.14159647,-83.72774531,-98.7400435,-103.4651871,-88.28386109,-81.23687295,-81.80420943,-75.468185,-98.53348142,-115.6203905,-60.72127153,-80.14618166,-92.74290803,-99.06492949,-110.2728646,-108.9546998,-123.5577622,-122.321393,-60.39448262,-40.15996732,-107.8466137,-82.10138785,-136.3892532,-81.48772479,-85.95100785,-51.32486917,-68.86875659,-43.61810871,-50.45017197,-66.00448901,-66.06786416,-66.21032428,-72.14539569,-128.9077697
-41.60770142,-43.47776052,-36.61113292,-71.01799204,-48.48898036,-70.48779022,-38.20430286,-79.51035479,-69.76818296,-42.83126579,-51.07363238,-48.24454143,-54.13639617,-31.20690798,-54.76285222,-47.56366009,-52.66888436,-53.16233589,-58.36001241,-68.86703923,-89.27378273,-63.66110297,-43.09070181,-48.51625604,-58.1906255,-82.092177,-41.84702401,-42.28313101,-54.29828634,-78.81340452,-71.30440949,-61.75660681,-67.95780056,-58.96876884,-40.70540963,-71.86255982,-77.35328777,-48.96048783,-55.39057701,-57.23026725,-58.66018652,-46.74816426,-55.67665863,-38.61409639,-55.836833,-79.93887872,-56.12905706,-46.66094773,-61.28798066,-88.68552315,-47.35660317,-69.99881194,-90.92650602,-65.57836059,-61.70830861,-75.03379998,-85.63007472,-49.73024244,-68.32273313,-43.41605699,-79.05173957,-48.97827994,-71.90619378,-52.76809529,-49.16153264,-67.58733397,-80.51533699,-81.7570786,-73.78271809,-79.36978441,-84.88253773,-60.99825192,-112.9711493,-55.63741382,-72.61186752,-65.68454497,-56.13913889,-47.20733889,-65.93820037,-83.13436494,-80.11824071,-66.7161241,-64.88715995,-54.79387595,-97.56765215,-76.52406905,-79.74661667,-107.3072516,-58.4941673,-71.30991959,-62.51188493,-57.36188083,-84.39188548,-69.62084945,-103.5182486,-71.00844718,-86.26986281,-53.39292539,-44.70983312,-45.5481645,-66.61174993,-88.06780256,-76.83697704,-66.95804839,-77.85405719,-60.83202074,-62.89063719,-37.49661009,-88.95526139,-100.3301201,-89.95926007,-101.6618954,-112.2776102,-55.20891966,-74.13446518,-73.43108345,-54.66375321,-57.94774208,-69.35405016,-95.42365341,-50.44153843,-71.82442136,-73.1498823,-73.20815236,-62.2588231,-71.48911019,-50.10500892,-54.83715938,-57.92672952,-54.54555301,-46.18348639,-64.14726585,-68.09731614,-95.61108059,-109.5627678,-98.13344723,-72.18072598,-103.8378303,-80.67416518,-117.9563868,-72.90230882,-115.7697783,-89.6003687,-77.93735332,-84.59824911,-116.5702583,-93.24725181,-85.5007325,-134.4845654,-83.82446614,-75.16129034,-43.50577097,-111.0101509,-65.35797791,-100.4178784,-80.99964077,-62.62218948,-45.09772045,-54.74892919,-67.62800139,-43.11180671,-60.96218685,-59.83955232,-54.74581371,-66.9018976,-93.75895145,-93.20823741,-83.51267173,-98.82838171,-103.3254804,-87.9739264,-81.56667326,-82.32407676,-75.46121055,-98.76178581,-115.4249119,-60.95148308,-80.9512883,-92.73496661,-98.36714778,-110.3405826,-108.7339343,-123.5718484,-121.8103307,-61.23968536,-41.34876396,-107.4786583,-81.71926301,-136.0657005,-81.20942561,-85.98644412,-52.33278997,-68.87092971,-43.79964622,-50.75782751,-66.29352773,-65.99763294,-65.81188815,-72.28459954,-129.5075105
-42.51800866,-44.29246998,-37.14041427,-70.58828031,-48.71844105,-70.71017507,-38.48405073,-79.93781332,-70.20851551,-43.42764256,-51.09721038,-49.01826671,-54.73430236,-30.87976908,-54.43056535,-47.4631777,-53.01442238,-53.29783069,-59.11475274,-68.72447808,-88.93274003,-63.4684216,-42.6865615,-49.14114301,-58.51469056,-82.94953014,-41.99224291,-42.2598546,-54.69819705,-78.84930818,-71.49330483,-61.61556304,-67.30710831,-58.85441974,-41.29963665,-72.68100088,-77.76529616,-49.03665416,-55.25873977,-56.78362505,-58.84508549,-46.39883737,-55.59846863,-38.31528923,-55.23110384,-79.39498265,-55.75849895,-47.2220538,-61.85628858,-89.18377464,-47.5295377,-69.34768304,-92.10231792,-65.76295966,-61.1368208,-75.55322417,-86.54363597,-49.8900522,-67.71383493,-43.11297381,-78.941127,-49.35980232,-72.51609367,-52.76030496,-48.33418759,-67.48717628,-80.98901924,-81.76661134,-73.5570988,-78.64358261,-84.96730223,-60.74050389,-113.9753514,-55.74219892,-72.00278556,-65.98282454,-56.64676045,-47.55680925,-65.99526846,-83.24279594,-80.22343386,-65.81741214,-64.48208141,-54.72443743,-97.83454617,-76.74010507,-79.56369181,-107.4111058,-58.13517046,-71.13025591,-62.79018936,-57.74982837,-84.36649524,-69.09384635,-103.9339242,-71.87108558,-87.27347168,-53.38709534,-44.84899189,-45.47675552,-66.76994308,-88.17173554,-77.14660717,-66.86399083,-78.51952442,-60.89018881,-62.36024577,-37.31604524,-88.19935272,-100.2639518,-90.33819589,-101.3464446,-111.7109169,-54.9070046,-74.13141853,-73.15819748,-55.43025613,-58.83833365,-69.76765811,-95.39362893,-49.90949823,-72.49406592,-73.44755734,-73.28858866,-63.40517211,-72.04945775,-50.2463972,-55.01468026,-58.04682063,-54.4851315,-46.31946088,-64.5739444,-68.08519587,-95.13066247,-109.0828516,-98.11291821,-71.95559069,-104.5824619,-80.13216621,-117.8313522,-72.90374178,-115.3833209,-90.00110902,-78.46017209,-84.4119715,-115.9287568,-92.60800261,-86.46466514,-134.1618606,-83.52304226,-76.0529516,-44.71154102,-110.8485988,-64.97581642,-100.2110058,-80.49279731,-62.49888858,-46.22753895,-55.78209583,-67.61576639,-43.295771,-61.24952262,-59.70889128,-54.46705894,-67.09237784,-93.96233965,-93.25143096,-83.36941542,-98.95964692,-103.1279611,-87.65505912,-81.86886707,-82.88872243,-75.38433016,-98.94992029,-115.1916864,-61.14360123,-81.63297689,-92.71546399,-97.55416133,-110.3871071,-108.465615,-123.5444457,-121.310502,-62.13038942,-42.62286664,-107.0820399,-81.29927948,-135.7314922,-80.87215322,-86.01788448,-53.31652713,-68.76659667,-44.02358603,-51.05829343,-66.59178795,-65.91949773,-65.39553268,-72.43928199,-130.0473207
-43.38470539,-45.09515631,-37.69235713,-70.08655702,-48.87828584,-71.05665481,-38.76630594,-80.39918241,-70.58290196,-44.1347988,-51.11760203,-49.76514924,-55.42014557,-30.57103052,-54.06558476,-47.36423869,-53.30335161,-53.3997723,-59.8321383,-68.71276891,-88.46301782,-63.29622865,-42.24054522,-49.80615653,-58.82902695,-83.74855586,-42.18163655,-42.22096174,-55.14151106,-78.74832368,-71.67952615,-61.49060049,-66.61704048,-58.67691293,-41.93142889,-73.51915401,-78.21252915,-49.18811532,-55.07443312,-56.26336652,-58.97761986,-45.96186,-55.49878451,-37.98321421,-54.59934969,-78.81330037,-55.37662936,-47.77840522,-62.34938005,-89.74437675,-47.7292457,-68.63439142,-93.41170837,-65.86422804,-60.49606922,-76.08695684,-87.47799412,-50.00249367,-67.02890727,-42.82645352,-78.72509654,-49.79253365,-73.17440841,-52.77228138,-47.51467637,-67.48105102,-81.57306422,-81.73947955,-73.24753844,-77.83700873,-85.06645753,-60.35759475,-115.044292,-55.9351876,-71.35358969,-66.33766125,-57.15286857,-47.95770841,-66.11522129,-83.37419262,-80.30312179,-64.85510939,-64.14220373,-54.74476249,-98.1242531,-77.08590913,-79.29375654,-107.5917632,-57.71091944,-70.9142059,-63.05758954,-58.1222612,-84.34170469,-68.63942716,-104.4024011,-72.67299438,-88.28871698,-53.36744569,-45.01260688,-45.41325151,-66.92060724,-88.32724739,-77.48616755,-66.73034066,-79.20060771,-60.89525002,-61.83623526,-37.14437527,-87.45647769,-100.2454225,-90.89355445,-100.9087041,-111.2024108,-54.59093668,-74.14672228,-72.82452196,-56.19098663,-59.74249377,-70.2203325,-95.36283109,-49.4392017,-73.26039086,-73.7409724,-73.30076323,-64.64887582,-72.59179665,-50.37275545,-55.18940415,-58.1722895,-54.41712122,-46.42726451,-65.00003471,-68.10815375,-94.63417255,-108.6302939,-98.06829873,-71.69885818,-105.376491,-79.54529718,-117.7736736,-72.90023129,-115.0292069,-90.40681076,-79.07222643,-84.23685217,-115.2276279,-91.89294799,-87.49907212,-133.7778647,-83.19892196,-76.95621361,-45.95476792,-110.6737685,-64.59947933,-100.0131537,-79.9662432,-62.29479897,-47.34733655,-56.81403204,-67.51299588,-43.47992354,-61.54645648,-59.55838896,-54.16955305,-67.29546313,-94.14737327,-93.2853598,-83.30610292,-99.12472082,-102.8776787,-87.34991689,-82.14903246,-83.4766989,-75.22805329,-99.09836276,-114.9431437,-61.30593376,-82.20009972,-92.68183315,-96.64713238,-110.4182947,-108.1440034,-123.4644578,-120.8366536,-63.03973154,-43.95546429,-106.6661342,-80.82445569,-135.37799,-80.47149742,-86.02446046,-54.25687905,-68.5646947,-44.30926038,-51.35655453,-66.90493863,-65.84025474,-64.96264497,-72.61781156,-130.5366439
-44.18562248,-45.86694839,-38.24749733,-69.51155997,-48.97054217,-71.53598208,-39.06155287,-80.8838205,-70.88365018,-44.95577639,-51.145093,-50.45619932,-56.21008241,-30.30324131,-53.65698583,-47.25580525,-53.52520634,-53.4679087,-60.49879062,-68.8651718,-87.86682997,-63.15274621,-41.75914428,-50.52327492,-59.13593814,-84.46844046,-42.41023922,-42.19248529,-55.64614595,-78.50031557,-71.85386556,-61.38768574,-65.89087128,-58.43773381,-42.6132209,-74.37983265,-78.69444017,-49.41499603,-54.8651128,-55.67310153,-59.04365535,-45.43376116,-55.3803359,-37.61706428,-53.94329569,-78.18557071,-54.99117987,-48.32146109,-62.75566887,-90.3646418,-47.98432813,-67.87171941,-94.8686917,-65.85806702,-59.79427171,-76.63736326,-88.41225724,-50.06237987,-66.26423294,-42.5568955,-78.4043691,-50.28485362,-73.88726997,-52.80354453,-46.72597921,-67.58846406,-82.29563911,-81.68433733,-72.82906844,-76.9521483,-85.1644499,-59.84801001,-116.1707811,-56.22064763,-70.65592958,-66.73326749,-57.65719618,-48.40398688,-66.31795847,-83.52473232,-80.33554669,-63.83906642,-63.9036521,-54.87872873,-98.45764219,-77.55029499,-78.93089806,-107.8657902,-57.21713203,-70.66112652,-63.31954295,-58.49124972,-84.31375547,-68.26464346,-104.9067722,-73.3849887,-89.28584599,-53.34194913,-45.20348522,-45.36438353,-67.06030616,-88.52807158,-77.86051192,-66.5474844,-79.87973083,-60.84707392,-61.33030376,-36.97897915,-86.74006363,-100.3053967,-91.65377308,-100.3497209,-110.7824687,-54.25899055,-74.17385865,-72.43580716,-56.94506352,-60.64689049,-70.71302252,-95.32987968,-49.04180524,-74.1114077,-74.02545615,-73.23622866,-65.97854761,-73.11270114,-50.48920053,-55.36376933,-58.30319026,-54.35066441,-46.51418902,-65.43425967,-68.17318803,-94.14923212,-108.2220469,-98.00008104,-71.41333993,-106.2036852,-78.91610272,-117.8025931,-72.88970226,-114.7233594,-90.82419864,-79.7930203,-84.08944325,-114.4854297,-91.10149268,-88.5900599,-133.328066,-82.8590028,-77.87014416,-47.20830506,-110.4872441,-64.23430831,-99.83052696,-79.42090879,-62.00914036,-48.43738008,-57.81928548,-67.32603086,-43.67054274,-61.85732696,-59.39360512,-53.85101726,-67.51860609,-94.32311141,-93.32420172,-83.33089226,-99.31449489,-102.5796258,-87.08115245,-82.41268709,-84.06656435,-74.98269461,-99.20754035,-114.7016249,-61.44661746,-82.6612731,-92.63143272,-95.66703812,-110.4399465,-107.7632826,-123.3207434,-120.4035222,-63.94085383,-45.3198236,-106.240279,-80.27767912,-134.996523,-80.0029137,-85.98524047,-55.13443596,-68.27374229,-44.67607075,-51.65758626,-67.23865199,-65.76669414,-64.51459696,-72.82856195,-130.9848941
-44.89840926,-46.58884327,-38.78635243,-68.86194048,-48.99703233,-72.15700178,-39.38026155,-81.38109271,-71.10292958,-45.8937453,-51.1899637,-51.06228483,-57.12039207,-30.09899779,-53.19357543,-47.12670866,-53.66941516,-53.5017907,-61.10117138,-69.21515034,-87.14628226,-63.0462064,-41.24881129,-51.30453092,-59.43764889,-85.0881773,-42.6731144,-42.20045058,-56.23006838,-78.09509677,-72.00702171,-61.31278952,-65.13184078,-58.13823241,-43.35750674,-75.26583826,-79.21049785,-49.71752738,-54.65802551,-55.01634727,-59.02903136,-44.81067254,-55.24580439,-37.21589349,-53.26455965,-77.5035019,-54.60983197,-48.84252858,-63.06312765,-91.04191372,-48.32344493,-67.07235989,-96.48732441,-65.72019044,-59.03959148,-77.20678886,-89.32550574,-50.06420883,-65.4159924,-42.30469957,-77.97945096,-50.84519518,-74.66084448,-52.85359789,-45.99109534,-67.82904449,-83.18495927,-81.60974065,-72.27643879,-75.99097231,-85.24567433,-59.20983299,-117.3476562,-56.60294233,-69.90134892,-67.15387773,-58.15942162,-48.88962356,-66.62344672,-83.6905947,-80.29891204,-62.77906296,-63.80265319,-55.15032009,-98.85559963,-78.1222111,-78.4690955,-108.2498281,-56.64921555,-70.37015671,-63.5813478,-58.86884207,-84.27886588,-67.97663362,-105.4301281,-73.97772432,-90.23505311,-53.31856934,-45.4244484,-45.33688633,-67.18558794,-88.76795938,-78.2745072,-66.30564665,-80.53928753,-60.74527601,-60.85414527,-36.81722256,-86.06354142,-100.4747935,-92.64747962,-99.67048956,-110.4815333,-53.90933375,-74.2062434,-71.99760314,-57.69143708,-61.53812493,-71.24669851,-95.29337484,-48.72855227,-75.03522211,-74.29629916,-73.08635044,-67.38291075,-73.60864489,-50.6008326,-55.54020704,-58.43957536,-54.2948984,-46.58748221,-65.88534249,-68.28731345,-93.70346321,-107.8750793,-97.90870645,-71.10176673,-107.0478215,-78.24705879,-117.9373912,-72.86999774,-114.4817171,-91.25994426,-80.64218583,-83.986286,-113.7205745,-90.23292364,-89.72377138,-132.807839,-82.51008202,-78.79377037,-48.44499953,-110.290586,-63.88562803,-99.66932509,-78.8576889,-61.6408701,-49.47771947,-58.77214527,-67.06098223,-43.87390633,-62.18647529,-59.22008751,-53.50914406,-67.76926447,-94.49860167,-93.38213389,-83.45197658,-99.51986661,-102.2387421,-86.87143368,-82.66529503,-84.63687494,-74.63835732,-99.27782972,-114.4894159,-61.57363831,-83.02489077,-92.56154294,-94.63470124,-110.4578143,-107.3175516,-123.1021086,-120.025851,-64.80688459,-46.6892269,-105.8137824,-79.64168051,-134.5783813,-79.46171683,-85.87920402,-55.92952698,-67.90186401,-45.14351777,-51.96635859,-67.59860638,-65.705604,-64.05274621,-73.07991427,-131.4014608
-45.50048667,-47.24166113,-39.28939067,-68.13626222,-48.95937724,-72.92865783,-39.7329089,-81.88036526,-71.23275992,-46.95200734,-51.26249936,-51.55407766,-58.16749971,-29.98098198,-52.66385785,-46.9656166,-53.72528747,-53.50077054,-61.62555485,-69.79642054,-86.30337407,-62.98486249,-40.7159658,-52.16203522,-59.73630951,-85.58653074,-42.96534106,-42.27091373,-56.91131277,-77.52242512,-72.12958123,-61.27189399,-64.34315735,-57.77962577,-44.17686768,-76.17996426,-79.76018541,-50.09604712,-54.48029372,-54.2965322,-58.91955583,-44.08831764,-55.09782705,-36.77861518,-52.56465608,-76.7587671,-54.24023098,-49.3327351,-63.25924812,-91.77356606,-48.77536228,-66.24893252,-98.28170937,-65.42608995,-58.24014335,-77.79756256,-90.19676869,-50.00214504,-64.48025998,-42.07026674,-77.4506347,-51.48205433,-75.50133761,-52.92192732,-45.33306641,-68.22257127,-84.26929862,-81.52416119,-71.56406924,-74.95533975,-85.29445074,-58.44074088,-118.5677738,-57.08653611,-69.08127364,-67.58372209,-58.6591676,-49.40862087,-67.05174002,-83.86795879,-80.17136853,-61.68481803,-63.87558055,-55.58365255,-99.3390537,-78.79072368,-77.90221422,-108.7606136,-56.00225495,-70.04021557,-63.84815838,-59.26707753,-84.2332272,-67.78263564,-105.955533,-74.42165674,-91.10644407,-53.30526603,-45.67833444,-45.33750473,-67.29298268,-89.04067655,-78.73303616,-65.99487085,-81.16162044,-60.58921673,-60.41946589,-36.65645386,-85.44035983,-100.7846192,-93.90352233,-98.87195236,-110.3301494,-53.54002296,-74.23721108,-71.51527204,-58.42888371,-62.40270187,-71.82235272,-95.25189588,-48.51079232,-76.02001105,-74.54874813,-72.84229209,-68.85077277,-74.07599401,-50.71273931,-55.72114318,-58.58149556,-54.2589617,-46.65435692,-66.36201068,-68.45756475,-93.32449997,-107.6063865,-97.79456584,-70.76679283,-107.8926739,-77.54057551,-118.1973972,-72.83887476,-114.3202541,-91.72067787,-81.63951643,-83.94393797,-112.95136,-89.28640953,-90.886366,-132.2124396,-82.15886941,-79.7260762,-49.63765592,-110.0853324,-63.55875393,-99.53574774,-78.27744377,-61.18868124,-50.44812105,-59.6465509,-66.72374299,-44.09629568,-62.53824808,-59.04337489,-53.14159526,-68.05490377,-94.6828849,-93.47333709,-83.67758773,-99.73173562,-101.8599184,-86.74346351,-82.91227358,-85.16617713,-74.18491614,-99.30955739,-114.3287818,-61.69485132,-83.29913711,-92.46936164,-93.57082032,-110.4776075,-106.8008195,-122.7973006,-119.7184075,-65.61091902,-48.03691002,-105.3959315,-78.89900783,-134.1148094,-78.8430744,-85.68521584,-56.62216653,-67.45681422,-45.73123117,-52.28783974,-67.99048925,-65.66377413,-63.57843677,-73.38025934,-131.7957122
-45.969,-47.806,-39.737,-67.333,-48.859,-73.86,-40.13,-82.371,-71.265,-48.134,-51.373,-51.902,-59.368,-29.972,-52.056,-46.761,-53.682,-53.464,-62.058,-70.643,-85.34,-62.977,-40.167,-53.108,-60.034,-85.942,-43.282,-42.43,-57.708,-76.772,-72.212,-61.271,-63.528,-57.363,-45.084,-77.125,-80.343,-50.551,-54.359,-53.517,-58.701,-43.262,-54.939,-36.304,-51.845,-75.943,-53.89,-49.783,-63.331,-92.557,-49.369,-65.414,-100.266,-64.951,-57.404,-78.412,-91.005,-49.87,-63.453,-41.854,-76.818,-52.204,-76.415,-53.008,-44.775,-68.789,-85.577,-81.436,-70.666,-73.847,-85.295,-57.538,-119.824,-57.676,-68.187,-68.007,-59.156,-49.955,-67.623,-84.053,-79.931,-60.566,-64.159,-56.203,-99.929,-79.545,-77.224,-109.415,-55.271,-69.67,-64.125,-59.698,-84.173,-67.69,-106.466,-74.687,-91.87,-53.31,-45.968,-45.373,-67.379,-89.34,-79.241,-65.605,-81.729,-60.378,-60.038,-36.494,-84.884,-101.266,-95.451,-97.955,-110.359,-53.149,-74.26,-70.994,-59.156,-63.227,-72.441,-95.204,-48.4,-77.054,-74.778,-72.495,-70.371,-74.511,-50.83,-55.909,-58.729,-54.252,-46.722,-66.873,-68.691,-93.04,-107.433,-97.658,-70.411,-108.722,-76.799,-118.602,-72.794,-114.255,-92.213,-82.805,-83.979,-112.196,-88.261,-92.064,-131.537,-81.812,-80.666,-50.759,-109.873,-63.259,-99.436,-77.681,-60.651,-51.328,-60.416,-66.32,-44.344,-62.917,-58.869,-52.746,-68.383,-94.885,-93.612,-84.016,-99.941,-101.448,-86.72,-83.159,-85.633,-73.612,-99.303,-114.242,-61.818,-83.492,-92.352,-92.496,-110.505,-106.207,-122.395,-119.496,-66.326,-49.336,-104.996,-78.032,-133.597,-78.142,-85.382,-57.192,-66.946,-46.459,-52.627,-68.42,-65.648,-63.093,-73.738,-132.177
-46.25462292,-48.25091299,-40.11071968,-66.42877025,-48.68453303,-74.93762938,-40.58386351,-82.82850638,-71.17843006,-49.44747094,-51.52026335,-52.06850375,-60.717742,-30.0968684,-51.36721267,-46.52885079,-53.51022321,-53.37396018,-62.37194287,-71.78463814,-84.25033754,-63.05230737,-39.60051374,-54.14129053,-60.32043002,-86.11319534,-43.62992228,-42.69667893,-58.61001922,-75.8300373,-72.25477228,-61.30971589,-62.70966274,-56.88813847,-46.08285764,-78.08624381,-80.96094361,-51.09699336,-54.30648275,-52.6844181,-58.37027792,-42.34889076,-54.76613329,-35.80402945,-51.13544997,-75.0565797,-53.56686465,-50.17836228,-63.25086895,-93.38964938,-50.11308796,-64.58962212,-102.4451312,-64.27120083,-56.54785407,-79.05089694,-91.73934477,-49.66010935,-62.33541436,-41.65210717,-76.07197481,-53.02320202,-77.4021219,-53.12536593,-44.35238427,-69.53656345,-87.12982753,-81.33757186,-69.56512347,-72.66988701,-85.25183259,-56.49539278,-121.1062976,-58.3944651,-67.2125167,-68.41930817,-59.6400673,-50.52553906,-68.35942512,-84.24166474,-79.56259565,-59.44446918,-64.68298982,-57.03484726,-100.6350488,-80.3912981,-76.42520825,-110.2570109,-54.4549936,-69.28142211,-64.40774765,-60.16102538,-84.09140501,-67.72659006,-106.9618666,-74.72977323,-92.47383377,-53.34330557,-46.29867198,-45.45880668,-67.44439821,-89.67501211,-79.80007814,-65.13350154,-82.21116887,-60.10744555,-59.72978915,-36.32638597,-84.4189983,-101.9576224,-97.3091576,-96.93932618,-110.6196833,-52.75533224,-74.2939255,-70.45560751,-59.8491208,-63.97619069,-73.08887408,-95.14296323,-48.430169,-78.12236784,-74.98026885,-72.02515041,-71.91435333,-74.87450573,-50.95920414,-56.10980283,-58.88964178,-54.29271418,-46.80567193,-67.42556477,-68.99935474,-92.88675446,-107.3801829,-97.50796027,-70.02828516,-109.5171605,-76.03478469,-119.1772937,-72.74891779,-114.3241015,-92.77139387,-84.15378481,-84.13536959,-111.4912173,-87.17648467,-93.23144946,-130.7842873,-81.47822948,-81.57653997,-51.75001837,-109.6527023,-63.0082895,-99.37318901,-77.0905659,-60.02291975,-52.07452701,-61.03068568,-65.8371523,-44.62599847,-63.32748189,-58.71369388,-52.33819896,-68.76722505,-95.12200052,-93.81338282,-84.47758873,-100.1605165,-101.0212823,-86.83137274,-83.38206797,-86.02157334,-72.9168569,-99.27027196,-114.2734683,-61.98239419,-83.60058351,-92.24075531,-91.44269472,-110.558117,-105.5308753,-121.8925296,-119.3921376,-66.90683876,-50.53471233,-104.6192607,-77.01712045,-133.0178196,-77.35712078,-84.94812357,-57.59567595,-66.35325046,-47.30608252,-52.98890649,-68.89288042,-65.67360432,-62.6166273,-74.17163381,-132.5615338
-46.203,-48.5,-40.397,-65.313,-48.374,-76.058,-41.114,-83.173,-70.9,-50.917,-51.657,-51.985,-62.129,-30.388,-50.632,-46.396,-53.107,-53.147,-62.491,-73.233,-82.998,-63.326,-38.984,-55.207,-60.536,-85.98,-44.063,-43.061,-59.494,-74.669,-72.299,-61.362,-61.992,-56.35,-47.142,-78.979,-81.626,-51.805,-54.276,-51.819,-57.969,-41.455,-54.553,-35.344,-50.58,-74.135,-53.279,-50.481,-62.935,-94.269,-50.935,-63.836,-104.787,-63.368,-55.723,-79.709,-92.43,-49.36,-61.15,-41.444,-75.165,-53.966,-78.439,-53.344,-44.15,-70.426,-88.923,-81.157,-68.281,-71.437,-85.251,-55.294,-122.393,-59.339,-66.163,-68.862,-60.064,-51.128,-69.291,-84.429,-79.078,-58.391,-65.451,-58.114,-101.421,-81.404,-75.485,-111.439,-53.574,-68.99,-64.656,-60.605,-83.97,-68.002,-107.513,-74.45,-92.779,-53.426,-46.685,-45.645,-67.507,-90.116,-80.399,-64.609,-82.528,-59.761,-59.548,-36.147,-84.114,-102.928,-99.457,-95.92,-111.247,-52.463,-74.463,-69.989,-60.396,-64.531,-73.693,-95.041,-48.725,-79.198,-75.156,-71.373,-73.379,-74.986,-51.113,-56.344,-59.101,-54.438,-46.953,-68.021,-69.413,-92.938,-107.506,-97.388,-69.578,-110.25,-75.301,-119.976,-72.781,-114.654,-93.542,-85.681,-84.566,-110.948,-86.136,-94.318,-129.988,-81.175,-82.277,-52.425,-109.414,-62.895,-99.338,-76.614,-59.287,-52.557,-61.349,-65.19,-44.962,-63.776,-58.639,-52.007,-69.246,-95.443,-94.097,-85.081,-100.491,-100.652,-87.138,-83.443,-86.339,-72.128,-99.271,-114.556,-62.354,-83.579,-92.304,-90.491,-110.705,-104.771,-121.322,-119.515,-67.235,-51.482,-104.255,-75.808,-132.377,-76.502,-84.362,-57.699,-65.569,-48.089,-53.379,-69.415,-65.79,-62.245,-74.74,-132.993
-45.6917519,-48.49303221,-40.58360874,-63.91471402,-47.89539633,-77.07096077,-41.7275771,-83.33522901,-70.38030477,-52.54500139,-51.71756478,-51.607187,-63.48260256,-30.85773905,-49.90666046,-46.49661355,-52.39391366,-52.72060772,-62.38057042,-74.93953664,-81.58977245,-63.91136867,-38.29944103,-56.24849714,-60.6349942,-85.45355849,-44.63464686,-43.50545871,-60.24060954,-73.30716651,-72.39656224,-61.41346251,-61.48943657,-55.74743927,-48.22778529,-79.70975166,-82.34148534,-52.73049916,-54.2103929,-50.96082274,-57.56545302,-40.71742794,-54.29671681,-35.00825783,-50.33055217,-73.23334412,-53.03092048,-50.67202312,-62.32742267,-95.18070736,-51.73524679,-63.22876195,-107.2134453,-62.25666008,-54.99426667,-80.39356597,-93.11464473,-48.9831956,-59.93880643,-41.20113514,-74.07406612,-55.03107395,-79.48566478,-53.72722392,-44.22634022,-71.37997846,-90.90840993,-80.83921862,-66.86500173,-70.18570778,-85.3901793,-53.94628669,-123.6711067,-60.58929114,-65.05579006,-69.36465873,-60.3662031,-51.76218113,-70.41216596,-84.6013292,-78.52596354,-57.48457528,-66.41024725,-59.43131786,-102.2272202,-82.62216944,-74.4059228,-113.0648014,-52.66959054,-68.92027099,-64.83870281,-60.98866441,-83.79986979,-68.60255603,-108.187023,-73.7864622,-92.67425045,-53.57433975,-47.13216881,-45.97102706,-67.58887003,-90.71928349,-81.01771937,-64.08452959,-82.62992848,-59.34857141,-59.51531304,-35.96351638,-84.0087557,-104.203938,-101.8182355,-95.01117663,-112.3227923,-52.37997907,-74.89704281,-69.69338826,-60.69977274,-64.78817454,-74.18172582,-94.88278316,-49.37958461,-80.24415956,-75.32394556,-70.50267673,-74.63912287,-74.68667613,-51.30280126,-56.62955079,-59.39614069,-54.73368569,-47.20690679,-68.65340258,-69.94731842,-93.24306156,-107.8387932,-97.34680685,-69.03787417,-110.9040189,-74.67241724,-121.0097582,-72.98534395,-115.3366313,-94.65182207,-87.34668753,-85.3793532,-110.6768902,-85.24852172,-95.2528932,-129.2001162,-80.903974,-82.61037083,-52.62203138,-109.1579232,-62.98558733,-99.30616514,-76.37277441,-58.45166013,-52.66960378,-61.25766083,-64.32016626,-45.3655823,-64.26138884,-58.69662113,-51.84014128,-69.84598779,-95.89144813,-94.46802968,-85.82694537,-101.0263175,-100.4133025,-87.67326705,-83.21942889,-86.61625552,-71.30263899,-99.38295886,-115.1827344,-63.08363809,-83.41056758,-92.69411641,-89.72501228,-111.0181684,-103.9333455,-120.7382036,-119.948083,-67.21228727,-52.04285526,-103.8991203,-74.37125717,-131.692942,-75.61186675,-83.63175502,-57.40170807,-64.50761112,-48.59647796,-53.79808311,-69.98194587,-66.03464673,-62.06841169,-75.48695417,-133.5159637
-44.833,-48.281,-40.659,-62.409,-47.388,-77.73,-42.375,-83.344,-69.717,-54.228,-51.609,-51.02,-64.617,-31.43,-49.298,-46.883,-51.465,-52.184,-62.224,-76.632,-80.236,-64.828,-37.618,-57.256,-60.677,-84.65,-45.349,-44.011,-60.86,-71.96,-72.602,-61.522,-61.278,-55.1,-49.333,-80.22,-83.066,-53.81,-54.07,-50.216,-57.29,-40.309,-54.111,-34.904,-50.456,-72.45,-52.812,-50.832,-61.542,-96.063,-52.388,-62.867,-109.499,-61.084,-54.446,-81.168,-93.82,-48.653,-58.801,-40.88,-72.913,-56.092,-80.461,-54.255,-44.485,-72.216,-92.891,-80.461,-65.46,-69.042,-85.732,-52.604,-124.974,-62.081,-63.946,-69.864,-60.466,-52.385,-71.567,-84.711,-78.076,-56.788,-67.309,-60.793,-102.946,-83.875,-73.296,-114.935,-51.851,-69.139,-64.999,-61.361,-83.622,-69.439,-108.973,-72.89,-92.247,-53.776,-47.598,-46.399,-67.712,-91.424,-81.614,-63.68,-82.64,-58.999,-59.499,-35.844,-83.983,-105.615,-104.135,-94.328,-113.633,-52.545,-75.644,-69.642,-60.815,-64.794,-74.548,-94.724,-50.284,-81.198,-75.572,-69.515,-75.546,-74.047,-51.529,-56.96,-59.76,-55.143,-47.559,-69.294,-70.539,-93.719,-108.255,-97.419,-68.494,-111.519,-74.27,-122.099,-73.464,-116.237,-96.039,-88.99,-86.396,-110.712,-84.563,-96.011,-128.515,-80.595,-82.659,-52.402,-108.941,-63.192,-99.206,-76.457,-57.642,-52.496,-60.851,-63.35,-45.815,-64.751,-58.854,-51.848,-70.522,-96.456,-94.87,-86.636,-101.745,-100.328,-88.332,-82.769,-86.957,-70.582,-99.709,-115.999,-64.134,-83.239,-93.362,-89.197,-111.538,-103.05,-120.252,-120.601,-66.895,-52.247,-103.59,-72.749,-131.052,-74.794,-82.885,-56.832,-63.274,-48.669,-54.228,-70.548,-66.363,-62.08,-76.356,-134.151
-43.79678542,-47.93943975,-40.62504216,-61.0097136,-47.01009556,-77.84594945,-43.01095814,-83.2496797,-69.02591281,-55.84741366,-51.26455442,-50.32901186,-65.40925064,-32.02233981,-48.9142056,-47.54440842,-50.44791756,-51.66599028,-62.22660559,-78.04644827,-79.16307823,-66.03270953,-37.02496916,-58.24418216,-60.72642078,-83.73555098,-46.20481824,-44.575874,-61.38937596,-70.84829711,-72.93040108,-61.74419596,-61.39239522,-54.45082213,-50.45499498,-80.4943861,-83.76173679,-54.97408073,-53.8347213,-49.67994474,-57.25579717,-40.36464787,-54.09439468,-35.11757465,-50.96791315,-71.88093363,-52.63332512,-51.04074233,-60.72761479,-96.86313664,-52.79584787,-62.82428101,-111.432576,-60.00650188,-54.13011499,-82.06649374,-94.52670755,-48.49448716,-57.83537513,-40.46006012,-71.81909088,-57.01762193,-81.29794715,-54.89842653,-44.8241739,-72.78559238,-94.6776566,-80.1211359,-64.20723459,-68.12268342,-86.2814033,-51.43131387,-126.3112763,-63.70295055,-62.89443759,-70.30391689,-60.31537667,-52.95085748,-72.59104137,-84.71750235,-77.89868947,-56.34015766,-67.92474035,-61.99814009,-103.4887809,-84.97202994,-72.27408722,-116.7803623,-51.22755354,-69.64992786,-65.17376534,-61.77668301,-83.4952313,-70.3984072,-109.8610672,-71.96015337,-91.63967539,-54.01171814,-48.03628011,-46.87373409,-67.88700298,-92.14549267,-82.15328921,-63.5010529,-82.7067033,-58.84603225,-59.36383285,-35.86181694,-83.91324459,-106.9664077,-106.1438825,-93.9324921,-114.9019678,-52.95239109,-76.68395284,-69.84222097,-60.80784029,-64.61470296,-74.81718984,-94.63214803,-51.30784309,-82.01767784,-75.98896612,-68.53582236,-76.00342832,-73.20547389,-51.78772168,-57.31862622,-60.16380531,-55.61006214,-47.984105,-69.91132514,-71.11600318,-94.26439198,-108.6136556,-97.6360857,-68.03970594,-112.141501,-74.20297876,-123.0546795,-74.27308543,-117.1909353,-97.58231532,-90.43869242,-87.38417416,-111.0484638,-84.10235883,-96.56752966,-128.000771,-80.15697049,-82.56319524,-51.89282512,-108.8336069,-63.40539897,-98.98525388,-76.91941432,-56.99680608,-52.16352363,-60.27083098,-62.43873213,-46.28067967,-65.2074623,-59.06008546,-52.01315028,-71.21270602,-97.10722208,-95.23937558,-87.4222612,-102.5939833,-100.400036,-88.98583502,-82.19012884,-87.45541008,-70.0972468,-100.3071888,-116.8197811,-65.39575704,-83.19500966,-94.19576008,-88.93033621,-112.2695165,-102.1442267,-119.9484206,-121.335217,-66.37807847,-52.17875478,-103.3825111,-71.00114022,-130.5516647,-74.15642831,-82.27133929,-56.16226878,-62.0181299,-48.23006047,-54.64701155,-71.06396007,-66.71632058,-62.24300465,-77.26968336,-134.9017483
-42.752,-47.532,-40.537,-59.84,-46.825,-77.556,-43.664,-83.091,-68.349,-57.33,-50.75,-49.594,-65.934,-32.615,-48.818,-48.298,-49.433,-51.303,-62.464,-79.176,-78.458,-67.324,-36.573,-59.279,-60.762,-82.873,-47.228,-45.269,-61.845,-70.017,-73.236,-62.059,-61.74,-53.917,-51.583,-80.656,-84.45,-56.248,-53.546,-49.339,-57.445,-40.83,-54.168,-35.628,-51.73,-71.569,-52.608,-51.276,-60.005,-97.612,-53.002,-63.048,-113.008,-59.088,-53.949,-82.95,-95.042,-48.53,-57.082,-40.028,-70.887,-57.783,-82.027,-55.676,-45.275,-73.182,-96.23,-79.875,-63.15,-67.419,-86.847,-50.503,-127.551,-65.3,-61.947,-70.75,-60.017,-53.447,-73.436,-84.643,-78.048,-56.1,-68.351,-63.002,-103.892,-85.854,-71.397,-118.355,-50.841,-70.261,-65.301,-62.223,-83.5,-71.448,-110.924,-71.18,-91.017,-54.263,-48.432,-47.348,-68.079,-92.821,-82.654,-63.529,-82.908,-58.924,-59.12,-36.051,-83.823,-108.163,-107.741,-93.673,-115.903,-53.487,-77.806,-70.063,-60.641,-64.248,-75.08,-94.651,-52.443,-82.772,-76.598,-67.655,-76.15,-72.345,-52.069,-57.672,-60.572,-56.085,-48.441,-70.486,-71.65,-94.836,-108.856,-98.031,-67.689,-112.789,-74.487,-123.841,-75.277,-118.144,-99.111,-91.596,-88.19,-111.601,-83.845,-96.854,-127.578,-79.487,-82.457,-51.269,-108.906,-63.588,-98.717,-77.694,-56.593,-51.787,-59.644,-61.713,-46.737,-65.606,-59.274,-52.284,-71.864,-97.798,-95.546,-88.154,-103.509,-100.608,-89.552,-81.565,-88.095,-69.855,-101.031,-117.586,-66.658,-83.197,-95.033,-88.864,-113.108,-101.178,-119.753,-121.993,-65.757,-51.978,-103.355,-69.184,-130.266,-73.738,-81.909,-55.515,-60.881,-47.485,-55.038,-71.508,-67.061,-62.498,-78.167,-135.728
-41.84210723,-47.11768992,-40.4484725,-58.9699521,-46.84744418,-77.04976681,-44.35078595,-82.9046964,-67.70752107,-58.62946585,-50.15848527,-48.85792287,-66.30297707,-33.20562082,-49.03630637,-48.94369308,-48.49164297,-51.20118431,-62.945676,-80.07088381,-78.15394591,-68.49147969,-36.29493933,-60.42386612,-60.75678195,-82.18888224,-48.4190795,-46.14202838,-62.23903383,-69.45380976,-73.37274756,-62.42993017,-62.20139463,-53.6085081,-52.69317291,-80.84367463,-85.14683825,-57.64534104,-53.25066621,-49.15820818,-57.80633301,-41.61886504,-54.23468274,-36.37937693,-52.57454884,-71.51879197,-52.83917399,-51.50273816,-59.45581137,-98.34181515,-53.06863478,-63.45906184,-114.2655921,-58.35600378,-53.79901185,-83.68303103,-95.1676898,-48.75931101,-56.55028272,-39.67103449,-70.17403774,-58.38931879,-82.69050105,-56.58903127,-45.8741364,-73.54372977,-97.54970579,-79.76172896,-62.30721897,-66.90067529,-87.24097485,-49.86820885,-128.5585644,-66.71958461,-61.12892929,-71.28274772,-59.69192026,-53.87239415,-74.08579097,-84.5196053,-78.51848874,-55.99233131,-68.73184631,-63.81561881,-104.2182685,-86.50622139,-70.69720329,-119.4648178,-50.70876791,-70.76343182,-65.31463731,-62.66439743,-83.69851306,-72.56286774,-112.233275,-70.69210049,-90.51937348,-54.51324111,-48.78061564,-47.78601284,-68.25302072,-93.40516018,-83.14747265,-63.70784111,-83.27046714,-59.23594396,-58.80065647,-36.41902586,-83.77383725,-109.1498173,-108.8833632,-93.3808441,-116.4703833,-54.03567358,-78.78572326,-70.06342594,-60.29192585,-63.69846931,-75.4180739,-94.80123221,-53.70404182,-83.53520832,-77.38666009,-66.93712421,-76.15674374,-71.6305133,-52.36133895,-57.9904547,-60.95472345,-56.5273925,-48.89249176,-71.00882537,-72.12765806,-95.41097771,-108.9571288,-98.62113617,-67.42924433,-113.4642062,-75.1001383,-124.4444119,-76.32445059,-119.0738763,-100.4886482,-92.41471151,-88.7096881,-112.2711243,-83.76224451,-96.8293917,-127.1539026,-78.51927963,-82.45675947,-50.68994064,-109.2032149,-63.72816735,-98.48898235,-78.68078325,-56.47113477,-51.45719696,-59.07571479,-61.26713095,-47.16508401,-65.93253579,-59.46654277,-52.60961081,-72.43574671,-98.48575453,-95.77689704,-88.82086408,-104.4311165,-100.9250612,-89.9758406,-80.96595847,-88.83284465,-69.82793385,-101.7160736,-118.2816979,-67.72516052,-83.15396743,-95.73037436,-88.93328687,-113.9374524,-100.1319362,-119.5767402,-122.4440947,-65.11502047,-51.77134569,-103.5643003,-67.34958299,-130.2412909,-73.54964952,-81.87268726,-54.98204756,-59.97500423,-46.66752374,-55.39139292,-71.87216934,-67.37800669,-62.79138942,-79.00176603,-136.585776
-41.11007176,-46.7492696,-40.35321642,-58.34769051,-46.99192624,-76.40090416,-44.96655621,-82.73123016,-67.11381018,-59.76241478,-49.56052985,-48.14246481,-66.57957522,-33.79883249,-49.49661907,-49.38412422,-47.65682084,-51.33726128,-63.54538196,-80.75372697,-78.20766848,-69.44730462,-36.17680401,-61.68065927,-60.74684813,-81.66802783,-49.64917946,-47.1065046,-62.58836054,-69.09311018,-73.35454484,-62.83621052,-62.67695743,-53.53257501,-53.71757343,-81.12127,-85.78821463,-59.03792374,-52.95616287,-49.12605644,-58.2856234,-42.70458933,-54.30160823,-37.28202496,-53.35503156,-71.63467292,-53.28767625,-51.73687407,-59.03311799,-99.00665472,-52.99396268,-63.99792049,-115.2269679,-57.78491483,-53.70171434,-84.31772709,-94.85779942,-49.19352504,-56.18526427,-39.37136885,-69.63024606,-58.8365018,-83.28087397,-57.52221009,-46.54718184,-73.94923443,-98.64413358,-79.79869985,-61.69757565,-66.57645699,-87.48619627,-49.56188678,-129.3305299,-67.86354388,-60.39748815,-71.92069765,-59.38474985,-54.2401793,-74.53742021,-84.35671108,-79.18323104,-55.88486535,-69.09804173,-64.51751662,-104.5103501,-86.96190734,-70.17152568,-120.1003969,-50.81736644,-71.07697565,-65.23177907,-63.04129031,-84.0582253,-73.66922891,-113.7721436,-70.4929963,-90.1676708,-54.75261996,-49.08832889,-48.18984477,-68.41921408,-93.90038749,-83.66385368,-63.95587702,-83.68533698,-59.75802198,-58.38579648,-36.90593258,-83.83270921,-109.9335218,-109.6130344,-93.03280365,-116.6341769,-54.60229894,-79.53540757,-69.80163068,-59.90188738,-63.06760543,-75.81150007,-95.03468012,-55.07373599,-84.29303065,-78.26529845,-66.38143303,-76.09122469,-71.11083354,-52.6531942,-58.27610774,-61.31169174,-56.92862315,-49.33351257,-71.49927993,-72.55197303,-95.98985408,-108.9455329,-99.3599506,-67.22026065,-114.139815,-75.96300256,-124.7873213,-77.39243841,-119.9771331,-101.7661406,-92.97158169,-88.96271298,-112.9873713,-83.84119171,-96.60711899,-126.7296801,-77.34916207,-82.61441696,-50.20850252,-109.6692696,-63.84800194,-98.32243602,-79.76212594,-56.58711298,-51.18162004,-58.60018221,-61.09812159,-47.56910904,-66.20328321,-59.64505377,-52.97566137,-72.93650816,-99.16370261,-95.9544806,-89.44390276,-105.3338927,-101.3278744,-90.26980024,-80.44238911,-89.63081698,-69.97667243,-102.3311078,-118.9378312,-68.5648639,-83.14953059,-96.27138067,-89.14266206,-114.7063055,-99.12269909,-119.431886,-122.6876609,-64.48612775,-51.57745734,-103.9574184,-65.53649437,-130.435827,-73.5592301,-82.09377506,-54.58262642,-59.30655615,-45.84400849,-55.72324456,-72.17673642,-67.68151674,-63.11546525,-79.77064562,-137.4598072
-40.574,-46.478,-40.23,-57.891,-47.148,-75.654,-45.376,-82.612,-66.578,-60.761,-49.021,-47.464,-66.815,-34.401,-50.102,-49.547,-46.952,-51.656,-64.103,-81.24,-78.557,-70.134,-36.193,-63.036,-60.784,-81.26,-50.757,-48.039,-62.911,-68.856,-73.235,-63.261,-63.072,-53.671,-54.577,-81.534,-86.29,-60.262,-52.66,-49.237,-58.828,-44.076,-54.402,-38.238,-53.93,-71.796,-53.879,-52.007,-58.658,-99.541,-52.76,-64.61,-115.909,-57.336,-53.71,-84.953,-94.104,-49.847,-55.916,-39.085,-69.179,-59.124,-83.778,-58.331,-47.192,-74.462,-99.522,-79.998,-61.34,-66.465,-87.658,-49.616,-129.896,-68.647,-59.693,-72.667,-59.121,-54.567,-74.791,-84.158,-79.885,-55.631,-69.452,-65.203,-104.806,-87.266,-69.808,-120.298,-51.146,-71.153,-65.09,-63.288,-84.523,-74.681,-115.502,-70.543,-89.953,-54.973,-49.364,-48.571,-68.599,-94.321,-84.233,-64.185,-84.01,-60.46,-57.842,-37.435,-84.068,-110.536,-109.993,-92.642,-116.473,-55.22,-80.001,-69.285,-59.653,-62.481,-76.215,-95.286,-56.527,-85.009,-79.125,-65.971,-75.995,-70.806,-52.933,-58.539,-61.65,-57.288,-49.767,-71.984,-72.93,-96.579,-108.863,-100.185,-67.015,-114.781,-76.982,-124.776,-78.49,-120.855,-103.041,-93.374,-88.999,-113.685,-84.073,-96.339,-126.33,-76.112,-82.966,-49.851,-110.223,-63.978,-98.222,-80.816,-56.876,-50.947,-58.234,-61.179,-47.959,-66.442,-59.826,-53.377,-73.387,-99.834,-96.11,-90.052,-106.199,-101.794,-90.463,-80.038,-90.452,-70.259,-102.878,-119.597,-69.185,-83.311,-96.671,-89.514,-115.379,-98.301,-119.356,-122.755,-63.892,-51.388,-104.454,-63.78,-130.786,-73.724,-82.468,-54.318,-58.856,-45.039,-56.056,-72.449,-67.994,-63.474,-80.481,-138.342
-40.25073239,-46.34044856,-40.07347114,-57.53079396,-47.23533586,-74.86242677,-45.48269403,-82.58917999,-66.10691363,-61.65883375,-48.58968795,-46.85171228,-67.03639802,-35.04626883,-50.7602699,-49.3852064,-46.42179002,-52.10452372,-64.47907843,-81.58032397,-79.16375304,-70.52181016,-36.34034812,-64.45671856,-60.89707405,-80.92208559,-51.5996809,-48.83253613,-63.24978685,-68.6947267,-73.06994074,-63.70848829,-63.33721669,-54.00043728,-55.1897162,-82.10529706,-86.58135444,-61.16611693,-52.3711668,-49.5116692,-59.40665964,-45.72320068,-54.57669784,-39.1633914,-54.1916526,-71.91359056,-54.54484724,-52.32050421,-58.26246261,-99.88328046,-52.37136511,-65.2750619,-116.3539613,-56.96886785,-53.83705149,-85.6772358,-92.92409171,-50.73553997,-55.690964,-38.77966194,-68.75302043,-59.25034246,-84.15672123,-58.89161761,-47.75026953,-75.14888568,-100.2162494,-80.36167822,-61.24573528,-66.56566901,-87.80644,-50.04876434,-130.2818561,-69.0131631,-58.98039944,-73.49082877,-58.91496407,-54.86294383,-74.84912697,-83.91990782,-80.48999621,-55.13025102,-69.81225815,-65.95798196,-105.1319538,-87.47780426,-69.59277134,-120.1003675,-51.65643374,-70.95523542,-64.90837476,-63.35677223,-85.05508694,-75.50672981,-117.3578,-70.79285202,-89.86037245,-55.1715861,-49.61614424,-48.93655776,-68.8045443,-94.67384152,-84.8802733,-64.3104512,-84.12427938,-61.30108475,-57.15853228,-37.95256699,-84.52610263,-110.9906979,-110.0902429,-92.25359555,-116.0617751,-55.88665484,-80.13584716,-68.53783167,-59.69516598,-62.05073272,-76.59928274,-95.50036784,-58.01443717,-85.63491575,-79.86785322,-65.68745286,-75.89897916,-70.72129831,-53.19315922,-58.78707986,-61.97311011,-57.60251572,-50.19149072,-72.48077084,-73.26735735,-97.17708858,-108.7536362,-101.0318692,-66.7789763,-115.3600714,-78.07697522,-124.3560532,-79.64153582,-121.7066171,-104.3979586,-93.7179564,-88.88479781,-114.2949389,-84.42016019,-96.14160539,-125.9709064,-74.93530142,-83.53075498,-49.64216395,-110.8007874,-64.13134031,-98.18607616,-81.72359622,-57.26890465,-50.72988347,-57.98782802,-61.47052473,-48.34154063,-66.66963585,-60.02358816,-53.80236734,-73.80292474,-100.4948903,-96.27084484,-90.66329646,-107.0059915,-102.3033342,-90.58306766,-79.78546445,-91.2719385,-70.62820852,-103.3842474,-120.3000427,-69.60506363,-83.74288342,-96.94198504,-90.03649046,-115.9015935,-97.78683877,-119.3877307,-122.6867909,-63.36484954,-51.198364,-104.9804585,-62.11364517,-131.2177673,-73.97640787,-82.88832329,-54.17488683,-58.59763498,-44.28545189,-56.40697458,-72.71289783,-68.33482915,-63.86420497,-81.13611153,-139.2190736
-40.151,-46.314,-39.942,-57.25,-47.294,-74.115,-45.347,-82.708,-65.694,-62.496,-48.256,-46.386,-67.175,-35.88,-51.397,-48.955,-46.195,-52.638,-64.617,-81.967,-80.085,-70.693,-36.705,-65.83,-61.023,-80.642,-52.109,-49.446,-63.747,-68.686,-72.925,-64.267,-63.605,-54.476,-55.465,-82.771,-86.645,-61.649,-52.145,-50.075,-60.107,-47.639,-54.897,-40.03,-54.168,-72.024,-55.241,-52.6,-57.822,-99.988,-51.924,-66.11,-116.706,-56.636,-53.937,-86.537,-91.442,-51.879,-55.536,-38.47,-68.322,-59.211,-84.372,-59.164,-48.339,-76.09,-100.857,-80.851,-61.394,-66.8,-87.881,-50.821,-130.507,-69.019,-58.323,-74.225,-58.736,-55.112,-74.725,-83.61,-80.958,-54.467,-70.262,-66.831,-105.471,-87.715,-69.504,-119.578,-52.239,-70.499,-64.633,-63.272,-85.69,-76.034,-119.168,-71.154,-89.85,-55.367,-49.852,-49.276,-69.011,-94.936,-85.613,-64.261,-83.998,-62.197,-56.416,-38.497,-85.165,-111.378,-109.989,-92.041,-115.462,-56.459,-79.925,-67.654,-60.049,-61.835,-76.999,-95.665,-59.389,-86.076,-80.44,-65.506,-75.792,-70.802,-53.442,-59.02,-62.27,-57.86,-50.588,-72.972,-73.564,-97.752,-108.671,-101.828,-66.528,-115.878,-79.221,-123.631,-80.933,-122.523,-105.871,-94.055,-88.753,-114.731,-84.73,-95.991,-125.634,-73.916,-84.26,-49.6,-111.409,-64.252,-98.188,-82.379,-57.68,-50.466,-57.848,-61.883,-48.711,-66.896,-60.243,-54.216,-74.18,-101.129,-96.449,-91.253,-107.726,-102.845,-90.652,-79.673,-92.116,-71.019,-103.98,-121.081,-69.893,-84.458,-97.089,-90.568,-116.147,-97.577,-119.57,-122.562,-62.979,-51.019,-105.49,-60.564,-131.615,-74.149,-83.236,-54.081,-58.48,-43.65,-56.773,-72.979,-68.711,-64.257,-81.723,-140.057
-40.2899902,-46.38781709,-39.92607915,-57.04601631,-47.39612074,-73.52648733,-45.08348724,-83.01790353,-65.32686396,-63.33102903,-48.02917203,-46.1503575,-67.17766218,-37.05061731,-51.95216001,-48.35976618,-46.40931382,-53.22132172,-64.5203616,-82.60184158,-81.38261859,-70.69994011,-37.38558981,-67.0531565,-61.09594456,-80.41612289,-52.27733493,-49.87989729,-64.54828289,-68.96271875,-72.84290954,-64.9922363,-64.0449696,-55.06066211,-55.37272649,-83.46102738,-86.49490683,-61.66888122,-52.04126833,-51.05024284,-61.05216323,-49.77791624,-55.4041083,-40.83102356,-53.93362665,-72.19955868,-55.93820525,-52.77376728,-57.3361724,-99.84264989,-51.55011394,-67.24413433,-117.1540012,-56.32711122,-53.89219598,-87.51688765,-89.82207112,-53.23756147,-55.49992601,-38.20422226,-67.88915626,-59.01473638,-84.38563703,-59.15339448,-49.1142558,-77.36839124,-101.6101992,-81.42096749,-61.73874658,-67.11835414,-87.79150872,-51.85316153,-130.5700601,-68.77911805,-57.82428384,-74.66579011,-58.57725176,-55.29758329,-74.43799369,-83.19446642,-81.28531757,-53.80861485,-70.90304911,-67.87090981,-105.804238,-88.07665467,-69.55406086,-118.7833748,-52.79751407,-69.85066724,-64.20019858,-63.10161487,-86.48625778,-76.1840563,-120.7245424,-71.53513879,-89.90489853,-55.58056366,-50.07779121,-49.57504241,-69.18761,-95.08475278,-86.4236235,-64.00568445,-83.65476582,-63.0725125,-55.74386972,-39.14729774,-85.89890883,-111.785887,-109.7783536,-92.20868444,-114.711709,-56.80658959,-79.35232585,-66.72050569,-60.66781025,-61.85837955,-77.48199895,-95.80635725,-60.52083427,-86.22323195,-80.81693161,-65.41554936,-75.67804428,-71.00372059,-53.69108129,-59.23875008,-62.52845328,-58.05260168,-50.9340731,-73.43148887,-73.82129866,-98.26428587,-108.6671899,-102.4934456,-66.29809581,-116.3284095,-80.40849295,-122.7769676,-82.41078522,-123.2517432,-107.4289049,-94.39542213,-88.7129156,-114.8944257,-84.88454948,-95.80902435,-125.3061779,-73.10861072,-85.07159808,-49.75263168,-112.0934801,-64.28313805,-98.20713498,-82.71814207,-58.03202451,-50.11366477,-57.81426178,-62.34508502,-49.06011045,-67.12648895,-60.48653853,-54.57594131,-74.51313211,-101.7147006,-96.65387807,-91.79126622,-108.3435198,-103.397175,-90.68764413,-79.67978587,-93.03703457,-71.34223749,-104.7956761,-121.9307325,-70.1245384,-85.40517211,-97.10566774,-90.93228596,-115.9906605,-97.5925178,-119.9463042,-122.441914,-62.84112135,-50.87986271,-105.9685221,-59.13903757,-131.8750029,-74.09142724,-83.40873445,-53.98608235,-58.46384489,-43.21353523,-57.14553266,-73.25044309,-69.12342167,-64.61251352,-82.22974896,-140.8177396
-40.706,-46.657,-40.181,-56.922,-47.622,-73.28,-44.868,-83.582,-64.983,-64.29,-48.058,-46.189,-67.15,-38.607,-52.406,-47.79,-47.153,-53.85,-64.352,-83.583,-83.042,-70.364,-38.441,-68.144,-61.131,-80.245,-52.267,-50.236,-65.713,-69.758,-72.765,-65.725,-64.794,-55.77,-55.136,-84.169,-86.217,-61.374,-52.091,-52.449,-62.404,-51.937,-55.988,-41.59,-53.615,-72.53,-56.643,-52.878,-56.858,-99.551,-51.436,-68.719,-117.964,-56.188,-53.857,-88.395,-88.285,-54.527,-55.646,-38.118,-67.555,-58.727,-84.207,-58.964,-50.213,-79.065,-102.688,-82.042,-62.164,-67.664,-87.39,-52.96,-130.397,-68.526,-57.65,-74.6,-58.572,-55.427,-74.022,-82.663,-81.521,-53.47,-71.847,-69.165,-106.15,-88.529,-69.9,-117.67,-53.361,-69.231,-63.581,-63.016,-87.521,-76.035,-121.78,-71.873,-90.124,-55.823,-50.297,-49.822,-69.317,-95.128,-87.263,-63.662,-83.244,-63.932,-55.376,-40.053,-86.555,-112.286,-109.55,-92.957,-113.769,-56.992,-78.367,-65.728,-61.363,-62.064,-78.185,-96.066,-61.447,-85.958,-81.048,-65.466,-75.664,-71.383,-53.949,-59.458,-62.746,-58.199,-51.211,-73.834,-74.052,-98.676,-108.779,-102.927,-66.156,-116.647,-81.666,-122.103,-83.901,-123.675,-108.83,-94.629,-88.713,-114.654,-85.02,-95.441,-125.03,-72.428,-85.817,-50.175,-112.988,-64.234,-98.272,-82.832,-58.299,-49.763,-57.964,-62.909,-49.388,-67.36,-60.754,-54.84,-74.814,-102.229,-96.9,-92.271,-108.905,-103.885,-90.697,-79.793,-94.148,-71.432,-105.86,-122.674,-70.359,-86.368,-96.95,-90.948,-115.392,-97.574,-120.558,-122.279,-63.145,-50.874,-106.506,-57.779,-131.991,-73.822,-83.382,-53.987,-58.584,-43.08,-57.515,-73.514,-69.561,-64.874,-82.665,-141.468
-41.43543941,-47.22137898,-40.84831588,-56.88565604,-48.03848895,-73.5518132,-44.86849721,-84.45723785,-64.64225513,-65.49445931,-48.50805594,-46.51835539,-67.2113052,-40.55467913,-52.73997849,-47.43134853,-48.49349591,-54.51082388,-64.29979114,-84.9575617,-85.03083998,-69.47018874,-39.93187208,-69.14131549,-61.16522975,-80.11693475,-52.25108126,-50.62621205,-67.25605428,-71.28931717,-72.62540754,-66.28969081,-65.97645919,-56.6333269,-55.01588905,-84.88246341,-85.89510705,-60.93003556,-52.28136783,-54.24160249,-64.30934996,-53.8845082,-56.52726532,-42.3620872,-53.32991104,-73.10994393,-57.37569542,-52.97882909,-56.44468976,-99.22621383,-51.73478608,-70.54038323,-119.3721868,-56.38136219,-54.01691098,-88.90967028,-87.04801555,-55.46274444,-56.04962408,-38.36825828,-67.42500678,-58.42167812,-83.83693454,-58.69782185,-51.74116554,-81.23093873,-104.2722343,-82.66808817,-62.56417492,-68.59072198,-86.51789577,-53.94886858,-129.9016983,-68.50585073,-57.97482208,-73.84078178,-58.8604615,-55.51558381,-73.52160903,-81.99345234,-81.71071699,-53.75999286,-73.21013221,-70.76582282,-106.5159654,-89.00973012,-70.69592796,-116.1594025,-53.97073208,-68.85646121,-62.78176319,-63.21540712,-88.87168512,-75.69026775,-122.1099557,-72.11419222,-90.60719919,-56.10066283,-50.51218787,-50.00963186,-69.38800481,-95.08613071,-88.0846098,-63.35200049,-82.92087902,-64.75970895,-55.54258684,-41.36471161,-86.94448798,-112.9221498,-109.3765834,-94.47109972,-112.5633272,-57.10224252,-76.90822177,-64.67209355,-61.92762404,-62.37733409,-79.2507632,-96.60284698,-62.22887365,-85.17394269,-81.18874246,-65.70902289,-75.86649739,-72.01188166,-54.2222654,-59.69391794,-62.92206941,-58.32444277,-51.40418965,-74.15964083,-74.27381827,-98.95463127,-109.0366192,-103.0261563,-66.17428746,-116.7703849,-83.03168912,-121.9308477,-85.18157401,-123.5438086,-109.7737196,-94.59692954,-88.67629764,-113.8751735,-85.30949808,-94.72734694,-124.8457622,-71.76942913,-86.3573046,-50.94251753,-114.2393256,-64.12769262,-98.42888696,-82.84039864,-58.47779838,-49.53478686,-58.38286054,-63.64116598,-49.69513737,-67.59215752,-61.04450992,-54.97059325,-75.09866803,-102.6521709,-97.20564528,-92.69563028,-109.4652967,-104.2165761,-90.67797187,-80.00891602,-95.55181501,-71.13172421,-107.1692248,-123.1053516,-70.61464747,-87.07680851,-96.58438895,-90.44860078,-114.3656152,-97.23745442,-121.4480863,-122.0021597,-64.09524056,-51.09724332,-107.2028345,-56.42534542,-131.9941859,-73.40041267,-83.15129095,-54.22130744,-58.88030087,-43.35851691,-57.872142,-73.75307783,-70.00923664,-64.98435091,-83.0420122,-141.9807033
-42.483,-48.093,-41.949,-56.957,-48.65,-74.422,-45.16,-85.662,-64.304,-66.98,-49.472,-47.082,-67.377,-42.824,-52.901,-47.363,-50.463,-55.125,-64.493,-86.671,-87.322,-67.89,-41.965,-70.048,-61.243,-79.967,-52.277,-51.102,-69.1,-73.611,-72.431,-66.66,-67.699,-57.682,-55.173,-85.501,-85.533,-60.384,-52.452,-56.344,-66.816,-55.431,-57.006,-43.299,-53.11,-74.036,-58.176,-53.155,-56.117,-98.903,-52.412,-72.658,-121.418,-56.981,-54.41,-88.847,-86.258,-56.004,-56.82,-39.109,-67.527,-58.15,-83.195,-58.35,-53.699,-83.799,-106.377,-83.172,-62.945,-69.901,-85.033,-54.703,-129.023,-68.902,-58.946,-72.318,-59.47,-55.587,-73.01,-81.093,-81.834,-54.815,-75.117,-72.548,-106.83,-89.475,-71.939,-114.145,-54.592,-68.772,-61.917,-63.917,-90.598,-75.199,-121.623,-72.217,-91.342,-56.413,-50.725,-50.146,-69.401,-94.999,-88.894,-63.068,-82.738,-65.38,-56.354,-43.166,-86.902,-113.643,-109.252,-96.879,-110.99,-57.13,-74.912,-63.665,-62.223,-62.734,-80.777,-97.53,-62.859,-83.825,-81.246,-66.142,-76.338,-72.923,-54.512,-59.955,-63.054,-58.454,-51.512,-74.409,-74.513,-99.088,-109.459,-102.705,-66.418,-116.697,-84.558,-122.5,-86.058,-122.651,-109.935,-94.067,-88.585,-112.444,-85.82,-93.566,-124.729,-71.089,-86.659,-52.085,-115.958,-63.977,-98.746,-82.824,-58.606,-49.541,-59.111,-64.541,-49.981,-67.812,-61.357,-54.949,-75.384,-102.979,-97.599,-93.088,-110.051,-104.285,-90.603,-80.352,-97.251,-70.4,-108.691,-123.065,-70.762,-87.214,-96.025,-89.333,-113.064,-96.381,-122.668,-121.555,-65.852,-51.593,-108.097,-55.092,-131.972,-72.884,-82.715,-54.842,-59.338,-44.155,-58.21,-73.954,-70.452,-64.902,-83.372,-142.349
-43.86777561,-49.28083008,-43.49944758,-57.16675554,-49.47413617,-75.96699844,-45.82578436,-87.22406053,-63.97048278,-68.78596661,-51.04485122,-47.81082126,-67.64539998,-45.36141564,-52.84275532,-47.64716056,-53.11326732,-55.60670193,-65.07032711,-88.69151934,-89.92582128,-65.48756835,-44.67078473,-70.85764619,-61.40264446,-79.7423616,-52.38159884,-51.72627665,-71.18682111,-76.79895241,-72.17766876,-66.82955689,-70.11015814,-58.95846744,-55.74311642,-85.91656816,-85.12327659,-59.76115911,-52.43309322,-58.70679672,-69.99261524,-56.379083,-57.41817774,-44.56820648,-52.98249995,-75.42395944,-59.09252943,-53.4811949,-55.91184315,-98.59899364,-53.40289706,-75.05228829,-124.1309243,-58.02533577,-55.03683138,-87.95957696,-86.04486303,-56.12933276,-58.09441575,-40.5300467,-67.89877044,-57.95518239,-82.16568946,-57.91426062,-56.10143505,-86.70897976,-109.0060361,-83.38587703,-63.29615915,-71.55224444,-82.76841754,-55.1085735,-127.6527789,-69.90310447,-60.7401456,-69.96000448,-60.4332896,-55.66282617,-72.55431349,-79.83593033,-81.86442724,-56.75610588,-77.71095619,-74.3517231,-106.9688843,-89.85053833,-73.58096259,-111.4874768,-55.17117194,-68.99203521,-61.10141364,-65.36588826,-92.7944583,-74.60329589,-120.2481976,-72.15753207,-92.3259948,-56.76166389,-50.93608007,-50.23691553,-69.35173412,-94.89859233,-89.70830804,-62.7655719,-82.73362989,-65.57337517,-57.9101234,-45.56203772,-86.23902247,-114.3499106,-109.1295743,-100.3208794,-108.8984967,-57.04788161,-72.28509675,-62.83587235,-62.1159325,-63.06716528,-82.89141206,-98.98283172,-63.31984976,-81.85321966,-81.22544091,-66.77092663,-77.1464583,-74.15674013,-54.8201081,-60.24720599,-63.13451181,-58.60775186,-51.52901245,-74.5813132,-74.79517931,-99.06029832,-110.0711042,-101.8736887,-66.9539527,-116.4306319,-86.30053731,-124.0461154,-86.34807457,-120.7562792,-108.9404776,-92.74939412,-88.42248154,-110.2134759,-86.61301549,-91.82280245,-124.6526579,-70.36139216,-86.68506284,-53.6232927,-118.2904206,-63.7714474,-99.31796851,-82.85337934,-58.74510194,-49.90908648,-60.20338588,-65.61156695,-50.24321015,-68.00487778,-61.6899237,-54.7511505,-75.68269542,-103.2018515,-98.1095468,-93.46858306,-110.685045,-103.9669672,-90.42645411,-80.83958359,-99.22285744,-69.18291809,-110.4075876,-122.3865419,-70.62766749,-86.41186285,-95.27981621,-87.46721034,-111.6362888,-94.79003295,-124.2990216,-120.8823878,-68.58543187,-52.40780074,-109.2398014,-53.80445263,-132.0361165,-72.33412719,-82.08265357,-56.02666014,-59.94428608,-45.61020826,-58.5202686,-74.10086461,-70.87237961,-64.57905394,-83.66019892,-142.5640542
-45.697,-50.868,-45.617,-57.576,-50.643,-78.344,-47.074,-89.247,-63.636,-71.052,-53.403,-48.657,-68.05,-48.252,-52.582,-48.383,-56.608,-55.908,-66.266,-91.179,-92.997,-62.013,-48.227,-71.563,-61.651,-79.492,-52.685,-52.668,-73.628,-81.178,-71.745,-66.723,-73.543,-60.547,-56.862,-86.079,-84.694,-59.119,-52.165,-61.473,-74.09,-56.46,-57.692,-46.303,-53.043,-77.464,-60.19,-54.003,-55.967,-98.342,-54.708,-77.882,-127.697,-59.499,-55.895,-85.82,-86.54,-55.654,-60.088,-42.966,-68.695,-57.871,-80.575,-57.486,-59.127,-90.046,-112.289,-83.061,-63.432,-73.472,-79.444,-54.989,-125.471,-71.781,-63.677,-66.575,-61.916,-55.748,-72.169,-78.036,-81.818,-59.814,-81.201,-76.057,-106.685,-89.922,-75.548,-107.946,-55.655,-69.579,-60.343,-67.901,-95.712,-73.972,-117.866,-71.972,-93.709,-57.164,-51.143,-50.264,-69.206,-94.766,-90.539,-62.383,-82.991,-65.106,-60.387,-48.81,-84.652,-114.85,-108.879,-105.042,-105.99,-56.843,-68.823,-62.265,-61.429,-63.29,-85.886,-101.231,-63.623,-79.095,-81.177,-67.69,-78.485,-75.823,-55.157,-60.574,-63.14,-58.786,-51.422,-74.65,-75.135,-98.821,-110.933,-100.411,-67.863,-115.935,-88.313,-126.871,-85.893,-117.447,-106.251,-90.199,-88.118,-106.886,-87.834,-89.179,-124.644,-69.575,-86.28,-55.587,-121.562,-63.418,-100.323,-82.998,-59.012,-50.836,-61.818,-66.937,-50.473,-68.148,-62.04,-54.313,-75.99,-103.289,-98.762,-93.829,-111.404,-103.089,-90.056,-81.432,-101.444,-67.263,-112.388,-120.833,-70.011,-84.152,-94.271,-84.522,-110.081,-92.118,-126.533,-119.92,-72.549,-53.652,-110.798,-52.562,-132.339,-71.831,-81.306,-58.034,-60.748,-48.006,-58.787,-74.166,-71.252,-63.927,-83.89,-142.589
-48.01344541,-52.88053513,-48.34450277,-58.21462087,-52.23428231,-81.60211391,-49.01968199,-91.77495773,-63.29280592,-73.84682873,-56.61311858,-49.57077857,-68.60439003,-51.53631058,-52.15667457,-49.59959746,-60.99771716,-56.00895439,-68.20484924,-94.23015894,-96.62421737,-57.36589076,-52.68631302,-72.15865372,-61.97297876,-79.26946767,-53.26639992,-54.03705432,-76.49463051,-86.92398025,-71.03467963,-66.29311174,-78.17810405,-62.47905584,-58.56959887,-85.97813696,-84.27265177,-58.50630217,-51.6421351,-64.736074,-79.23965424,-55.53326172,-57.76996973,-48.53963888,-53.35368196,-80.24793795,-61.49376612,-54.72128003,-56.37213435,-98.14844316,-56.30200302,-81.244355,-132.2021837,-61.33245255,-56.95743295,-82.19322877,-87.77299133,-54.4618491,-62.9019159,-46.58823277,-70.00658377,-57.9086241,-78.33441637,-57.15187676,-62.87063574,-93.84341298,-116.2806845,-82.04177569,-63.19581015,-75.56612471,-74.93510724,-54.24459064,-122.2746616,-74.66415796,-67.90278432,-62.1014809,-64.00725925,-55.84023705,-71.84727843,-75.5940833,-81.71930874,-64.06863501,-85.6570913,-77.58087198,-105.8043461,-89.52535328,-77.74167437,-103.410002,-56.00372987,-70.54425349,-59.62035395,-71.68312047,-99.48879427,-73.36239686,-114.4719783,-71.70662512,-95.5855671,-57.6285645,-51.34148935,-50.21268757,-68.93966386,-94.57874434,-91.38790941,-61.87552709,-83.5523039,-63.85776913,-63.83400257,-53.03537325,-81.97752421,-114.9936388,-108.3953239,-111.1216447,-102.0934123,-56.515638,-64.4413604,-61.97742961,-60.07234354,-63.3377963,-89.91878527,-104.4193845,-63.79102299,-75.48764235,-81.14485398,-68.95064454,-80.4588338,-77.96385959,-55.5265566,-60.93176305,-63.05487055,-58.98105304,-51.16996468,-74.5978429,-75.53397139,-98.34315123,-112.0692509,-98.27790533,-69.16666755,-115.1936602,-90.59973607,-131.0903775,-84.64196543,-112.5172082,-101.5927569,-86.1725226,-87.61732453,-102.3190398,-89.56019227,-85.44971604,-124.7219919,-68.72783235,-85.34084886,-57.95083152,-125.952552,-62.8432026,-101.8645864,-83.2956111,-59.48561003,-52.41720697,-64.02417036,-68.56006267,-50.66338981,-68.22507138,-62.40067174,-53.60012074,-76.29655069,-103.2216523,-99.55917862,-94.15678436,-112.2267822,-101.5611822,-89.42928573,-82.07327774,-103.868903,-64.51576084,-114.6662296,-118.2928545,-68.79844427,-80.15633429,-92.9471019,-80.3203767,-108.3813103,-88.18361846,-129.4713027,-118.6421892,-77.82514202,-55.3690525,-112.8715551,-51.35760488,-132.9761438,-71.43171604,-80.44341639,-60.97850424,-61.76717846,-51.48041617,-58.99802258,-74.13195114,-71.5777372,-62.90125517,-84.04856262,-142.4049304
-50.512,-55.04,-51.324,-58.957,-53.992,-85.276,-51.278,-94.538,-62.933,-76.854,-60.22,-50.473,-69.207,-54.937,-51.628,-51.006,-65.766,-55.965,-70.476,-97.496,-100.487,-52.161,-57.552,-72.648,-62.297,-79.045,-53.957,-55.6,-79.526,-93.367,-70.154,-65.675,-83.4,-64.532,-60.52,-85.707,-83.849,-57.905,-50.967,-68.198,-84.913,-54.049,-57.718,-50.958,-53.774,-83.399,-62.855,-55.486,-56.922,-97.979,-57.99,-84.811,-137.175,-63.292,-58.101,-77.798,-89.363,-52.879,-66.102,-50.767,-71.551,-57.998,-75.757,-56.862,-66.928,-97.781,-120.61,-80.628,-62.723,-77.683,-69.856,-53.149,-118.543,-78.022,-72.723,-57.123,-66.355,-55.925,-71.55,-72.821,-81.585,-68.885,-90.525,-78.949,-104.573,-88.839,-79.99,-98.394,-56.232,-71.645,-58.901,-76.064,-103.654,-72.759,-110.574,-71.388,-97.676,-58.113,-51.523,-50.108,-68.599,-94.351,-92.224,-61.284,-84.25,-62.182,-67.715,-57.682,-78.73,-114.899,-107.759,-117.869,-97.699,-56.105,-59.652,-61.825,-58.355,-63.255,-94.446,-108.058,-63.862,-71.481,-81.106,-70.344,-82.694,-80.279,-55.898,-61.291,-62.912,-59.173,-50.829,-74.471,-75.952,-97.729,-113.327,-95.797,-70.634,-114.31,-92.969,-136.008,-82.956,-106.764,-95.926,-81.394,-86.987,-97.145,-91.511,-81.173,-124.818,-67.843,-84.095,-60.46,-130.879,-62.135,-103.663,-83.658,-60.037,-54.269,-66.43,-70.276,-50.821,-68.254,-62.754,-52.737,-76.592,-103.057,-100.421,-94.452,-113.088,-99.679,-88.651,-82.699,-106.364,-61.355,-117.049,-115.23,-67.255,-75.264,-91.449,-75.493,-106.61,-83.601,-132.742,-117.188,-83.727,-57.269,-115.177,-50.185,-133.774,-71.082,-79.538,-64.312,-62.834,-55.452,-59.164,-74.034,-71.859,-61.674,-84.16,-142.093
-43.385414,-47.20807,-40.381844,-61.912712,-49.462227,-78.302765,-42.925495,-83.99992,-67.8247,-57.28874,-53.30221,-50.88861,-63.82988,-36.275303,-55.514233,-52.631573,-54.346043,-55.732063,-61.056164,-77.962524,-78.44655,-67.22286,-43.60799,-54.86413,-60.553795,-80.0133,-49.37302,-45.956676,-61.666294,-70.72362,-72.38742,-63.051296,-63.972397,-56.7687,-51.963287,-77.24104,-84.64088,-60.09551,-56.608932,-54.831066,-58.17387,-44.181255,-57.95272,-40.951614,-58.27714,-71.82778,-57.441,-54.463688,-59.50119,-97.162605,-53.616703,-66.015884,-113.59038,-60.186707,-57.978462,-82.79433,-94.34401,-53.08897,-60.744766,-45.541862,-70.13817,-58.305912,-84.31369,-58.128925,-50.193794,-72.70132,-97.92312,-79.676796,-63.565105,-68.321686,-86.81525,-56.47866,-128.24374,-65.39826,-63.719288,-70.12758,-58.5262,-54.75265,-72.35605,-84.11452,-78.035034,-61.16057,-68.37448,-61.883034,-104.610825,-85.35987,-71.72373,-118.52083,-57.583847,-69.87846,-64.4948,-61.851833,-83.20883,-72.05976,-111.36244,-69.12544,-89.668465,-57.046535,-51.370903,-49.545082,-66.65166,-92.73953,-84.02395,-65.21983,-82.79122,-60.553753,-62.729935,-40.246445,-84.97897,-109.01677,-106.00955,-95.0913,-116.440155,-58.757313,-77.69237,-69.225235,-58.691326,-60.748283,-74.565765,-95.717316,-58.304024,-80.766045,-75.75291,-66.74997,-73.185875,-69.555145,-55.021843,-58.470654,-60.68218,-57.55213,-49.57803,-68.7174,-70.08389,-96.439926,-110.49117,-100.791794,-67.77806,-111.77858,-75.386734,-122.255646,-75.24136,-118.4923,-99.28203,-89.60818,-89.01651,-113.46336,-85.399124,-94.39852,-128.63107,-77.454346,-79.758286,-50.194542,-110.6853,-65.053246,-99.05099,-78.15271,-59.055336,-54.291763,-58.669876,-62.666443,-46.86579,-64.32506,-60.002018,-56.163296,-70.70456,-98.148224,-94.842285,-88.37401,-105.28462,-103.775154,-91.158585,-79.79761,-88.80667,-69.50653,-101.452995,-119.16551,-65.577866,-80.525024,-96.1582,-90.24859,-113.44361,-102.08363,-120.99183,-121.815125,-63.71529,-50.34272,-105.933334,-69.01376,-130.69797,-73.72855,-81.164185,-56.657955,-61.70861,-48.74475,-55.95118,-70.242615,-66.43826,-63.455265,-78.2392,-137.2138
-44.3968,-47.31869,-40.37496,-63.73504,-51.12918,-79.279594,-41.993324,-84.78932,-67.56746,-56.022278,-55.582195,-52.191967,-61.761665,-37.910667,-58.50247,-54.773697,-57.508167,-57.945858,-59.556343,-76.1339,-78.17107,-66.35405,-47.135124,-51.079628,-60.370358,-78.55614,-49.974823,-45.78942,-61.13871,-70.97136,-71.59406,-63.136986,-64.581314,-58.42159,-51.289074,-74.256195,-83.81937,-61.057987,-58.225098,-57.81224,-58.141876,-46.01772,-59.38649,-43.053905,-60.244583,-71.566086,-59.62632,-55.98638,-59.87364,-95.79057,-53.80866,-66.83984,-113.40289,-61.41315,-59.738804,-81.62811,-93.67946,-55.7132,-62.760414,-48.825676,-69.81711,-58.062164,-85.451706,-58.479332,-52.707375,-71.99793,-97.47739,-79.3059,-64.46073,-68.76351,-86.293976,-59.34732,-128.72952,-64.396416,-65.29872,-69.129456,-58.091923,-54.96215,-71.03849,-83.73494,-77.16745,-63.317516,-68.09936,-60.799156,-104.92336,-84.06301,-71.93574,-118.42028,-60.327904,-69.164444,-63.91693,-61.182056,-82.40233,-71.353134,-110.66992,-67.916985,-89.0004,-57.95283,-53.010223,-50.45285,-65.63221,-91.78975,-84.45186,-65.99119,-82.07595,-61.052708,-64.50988,-42.09405,-85.70189,-108.977875,-104.04262,-96.82093,-116.75142,-60.34282,-76.456345,-68.64203,-58.021523,-59.681877,-73.656494,-96.32768,-59.715767,-78.14869,-74.09041,-66.62369,-70.983734,-68.19643,-56.17914,-58.5331,-60.36243,-57.78121,-49.971535,-67.09534,-68.71049,-97.01632,-111.611206,-102.401146,-67.72565,-110.773506,-74.98634,-121.205574,-73.944695,-118.336685,-97.66129,-86.574974,-88.983,-114.15544,-86.420876,-92.33415,-129.41382,-77.02568,-77.47035,-49.84453,-111.51016,-65.50447,-99.638214,-77.14989,-60.2282,-55.664528,-58.77337,-63.452255,-46.681957,-63.37108,-60.10503,-57.476444,-69.38501,-97.63443,-93.96516,-87.48074,-105.73152,-106.030785,-91.99864,-78.76589,-88.21951,-68.95842,-101.027466,-120.002914,-64.349396,-78.358955,-96.06051,-91.23186,-113.232574,-104.105995,-121.76445,-121.64434,-63.236057,-49.393173,-107.65222,-70.26918,-130.86928,-73.47547,-80.27111,-57.730995,-63.132957,-49.774025,-56.028084,-69.027985,-65.82004,-63.617798,-77.41647,-138.14017
-45.409164,-47.551746,-40.503872,-64.83717,-52.707424,-79.90628,-41.23137,-85.307045,-67.25224,-55.11874,-57.43879,-53.528496,-60.009384,-39.182384,-60.215458,-56.19127,-59.41116,-59.17057,-58.549232,-74.55035,-77.68552,-65.7616,-50.165703,-48.53603,-60.22285,-77.06984,-50.38505,-45.516895,-60.78224,-71.07631,-70.83766,-63.137253,-64.88653,-59.354347,-50.44722,-71.8094,-82.76425,-61.701904,-59.00269,-59.738174,-58.07103,-47.809937,-60.09192,-44.62136,-61.16384,-71.18667,-60.959225,-56.860863,-60.07127,-94.20926,-53.937893,-67.175766,-113.03021,-61.995037,-60.540176,-80.20655,-92.75809,-57.57729,-63.878788,-51.801277,-69.39268,-57.87987,-86.36781,-58.580585,-54.926094,-71.35893,-96.71727,-78.72029,-64.95987,-68.99716,-85.569534,-60.850006,-128.97705,-63.82294,-66.12835,-68.2553,-57.96971,-55.03527,-69.73532,-83.166794,-76.15633,-64.385414,-67.823685,-60.281998,-104.9915,-82.60781,-71.949425,-118.10443,-61.679443,-68.46326,-63.456898,-60.755367,-81.31712,-70.82835,-109.98126,-66.96024,-88.125336,-58.431065,-54.529766,-51.216785,-64.80245,-90.52127,-84.627205,-66.58945,-81.01377,-61.271427,-65.29802,-43.554638,-86.14604,-108.80713,-101.96146,-98.222336,-116.80704,-61.015514,-75.33121,-68.10172,-57.753765,-59.367603,-72.56723,-96.564995,-60.231544,-75.773865,-72.64744,-66.41224,-69.025406,-67.21492,-56.814487,-58.548687,-60.13983,-57.873734,-50.311222,-65.64557,-67.54278,-97.31384,-112.25877,-103.69653,-67.591385,-109.711624,-74.52367,-119.94475,-72.73575,-117.97757,-95.84479,-83.74153,-88.65703,-114.53996,-87.059265,-90.05556,-129.82855,-76.511406,-75.30792,-49.679935,-111.901535,-65.65039,-99.95212,-76.23619,-60.703976,-56.418724,-58.862953,-63.778152,-46.50599,-62.50023,-60.13563,-58.13758,-68.08653,-96.8805,-92.92398,-86.321594,-105.89136,-107.67494,-92.68432,-77.579124,-87.31235,-68.44727,-100.32716,-120.562294,-63.474834,-76.3902,-95.749725,-91.916626,-112.82361,-105.67499,-122.17093,-121.21547,-62.949768,-48.69878,-108.73354,-70.68381,-130.70695,-73.00058,-79.222534,-58.330906,-63.91559,-50.687042,-56.04745,-67.85262,-65.30182,-63.695328,-76.35302,-138.7547
-43.050137,-47.02846,-40.356316,-61.69372,-49.641865,-77.69703,-43.377953,-83.75704,-67.29554,-57.911125,-52.796795,-50.453377,-64.04067,-36.76213,-55.87872,-52.935585,-53.88175,-55.93185,-61.418404,-78.39633,-78.41157,-67.732605,-43.648026,-55.618397,-60.58411,-79.57718,-50.496113,-46.762524,-61.877182,-70.20541,-72.27169,-63.26615,-64.196945,-56.89765,-52.728012,-77.453766,-85.09221,-60.937416,-56.48714,-54.893456,-58.458076,-45.33046,-58.01579,-41.5382,-58.650066,-71.74309,-57.794407,-54.71741,-59.390404,-97.54413,-53.538395,-66.27817,-114.272675,-60.037453,-58.01017,-83.340515,-93.660965,-53.559025,-60.63633,-45.407246,-69.68594,-58.523075,-84.798935,-58.586014,-50.72495,-73.05171,-98.61803,-79.63276,-63.249092,-68.028175,-86.94171,-56.46151,-128.91156,-65.89471,-63.361904,-70.6387,-58.414352,-54.941948,-72.677765,-83.8391,-78.487236,-61.076042,-68.630035,-62.2718,-104.744064,-85.586,-71.12592,-118.99873,-57.741707,-69.99212,-64.40714,-62.024097,-83.45299,-72.75076,-112.39761,-68.97704,-89.288605,-57.167656,-51.65612,-49.855858,-66.727615,-92.98952,-84.46834,-65.34723,-83.021194,-60.99903,-62.468353,-40.60166,-85.00592,-109.45415,-106.30921,-94.6358,-116.47174,-59.045734,-78.05245,-68.90267,-58.571644,-60.48108,-74.8909,-95.83815,-58.94938,-81.29579,-76.27383,-66.406044,-73.09505,-69.210945,-55.254536,-58.60967,-60.878105,-57.722054,-49.972054,-69.1379,-70.37836,-96.8497,-110.34406,-101.42431,-67.51961,-112.19823,-75.96422,-122.3716,-76.03639,-119.07906,-100.273575,-89.83698,-89.01518,-113.83562,-85.4463,-93.98176,-128.02377,-76.462585,-79.8844,-49.8425,-110.90354,-65.09863,-98.82004,-78.83299,-59.25263,-54.1264,-58.550083,-62.72677,-47.262337,-64.489784,-60.089645,-56.399635,-71.13977,-98.65462,-94.86129,-88.83453,-105.831696,-104.07441,-91.24201,-79.22266,-89.490906,-69.51701,-101.86884,-119.62239,-66.03447,-80.50079,-96.34919,-90.44473,-113.91487,-101.19405,-120.65255,-121.86564,-63.380527,-50.207577,-106.19402,-67.7053,-130.55173,-73.65647,-81.2591,-56.614223,-61.50307,-48.300503,-56.1146,-70.48657,-66.62342,-63.636723,-78.990166,-137.78915
-44.215317,-47.20945,-40.377743,-63.554863,-51.292248,-78.71045,-42.32834,-84.48401,-67.055,-56.353317,-55.186485,-51.83739,-61.92382,-38.28218,-58.705906,-54.94618,-57.203392,-58.077568,-59.76434,-76.4631,-78.03837,-66.71745,-47.187096,-51.376297,-60.377808,-78.09559,-51.044426,-46.50831,-61.250404,-70.392525,-71.453,-63.23715,-64.67949,-58.509216,-51.950985,-74.36143,-84.21004,-61.67928,-58.150284,-57.837635,-58.242954,-47.211765,-59.39369,-43.47751,-60.397022,-71.42318,-59.848663,-56.13755,-59.83327,-96.093,-53.75165,-66.93637,-114.08441,-61.316216,-59.72805,-82.12686,-92.8876,-56.082344,-62.64789,-48.73506,-69.413,-58.17193,-85.88742,-58.69296,-53.16866,-72.23787,-98.10962,-79.18115,-64.199585,-68.45861,-86.364655,-59.33067,-129.38092,-64.68157,-65.02883,-69.51524,-58.069744,-55.03376,-71.28302,-83.4052,-77.523285,-63.222923,-68.25482,-60.988876,-105.020676,-84.21945,-71.24896,-118.87798,-60.3947,-69.217834,-63.822647,-61.25878,-82.57565,-71.835884,-111.50717,-67.7241,-88.5851,-57.999187,-53.26714,-50.68696,-65.64339,-91.9518,-84.840836,-66.05904,-82.23129,-61.31269,-64.3359,-42.36513,-85.674576,-109.32997,-104.28259,-96.30934,-116.75922,-60.470306,-76.711334,-68.35074,-57.98675,-59.598442,-73.93021,-96.37588,-59.970608,-78.51484,-74.4285,-66.33345,-70.854546,-67.87993,-56.29176,-58.58581,-60.456573,-57.84287,-50.303276,-67.423836,-68.91155,-97.35831,-111.47974,-102.972336,-67.4474,-111.10545,-75.34556,-121.26785,-74.558136,-118.84173,-98.54794,-86.730934,-88.87328,-114.44711,-86.412125,-91.85838,-128.78928,-76.28299,-77.50919,-49.57242,-111.652374,-65.50062,-99.406815,-77.64348,-60.31556,-55.572876,-58.74796,-63.446823,-47.036648,-63.458725,-60.127697,-57.57894,-69.74454,-98.08063,-93.937775,-87.85013,-106.13389,-106.261345,-91.981514,-78.13863,-88.817726,-68.91024,-101.36781,-120.41817,-64.663345,-78.26773,-96.13582,-91.35366,-113.6434,-103.327255,-121.406746,-121.65446,-63.054085,-49.2993,-107.84187,-69.459305,-130.6799,-73.31088,-80.27399,-57.744854,-62.980255,-49.515602,-56.089813,-69.20289,-65.91664,-63.71496,-78.13293,-138.696
-45.291294,-47.4794,-40.53003,-64.671776,-52.854763,-79.32051,-41.48382,-84.964386,-66.78165,-55.27429,-57.17677,-53.22816,-60.104214,-39.464848,-60.28465,-56.280136,-59.247063,-59.212566,-58.640602,-74.75654,-77.48314,-65.98647,-50.204,-48.671074,-60.204975,-76.6155,-51.43612,-46.155792,-60.82074,-70.47241,-70.67347,-63.17116,-64.918625,-59.37585,-51.106834,-71.82877,-83.08416,-62.17919,-58.951435,-59.724487,-58.08368,-48.9966,-60.070618,-44.932793,-61.215405,-71.00741,-61.069218,-56.92273,-60.039383,-94.440346,-53.906937,-67.20028,-113.6622,-61.904236,-60.505367,-80.631996,-91.79656,-57.777,-63.778954,-51.727524,-69.08163,-57.923824,-86.756454,-58.667137,-55.256065,-71.50702,-97.3089,-78.5191,-64.725044,-68.70127,-85.593765,-60.813328,-129.57909,-63.98823,-65.9077,-68.535774,-57.96801,-55.04581,-69.9117,-82.80022,-76.414925,-64.306885,-67.905075,-60.34806,-105.03956,-82.70342,-71.224045,-118.4963,-61.681084,-68.460175,-63.353065,-60.7753,-81.41267,-71.1492,-110.60985,-66.815765,-87.672455,-58.43515,-54.702473,-51.40118,-64.76975,-90.60799,-84.958954,-66.6066,-81.10599,-61.400066,-65.1743,-43.759193,-86.06183,-109.072014,-102.15277,-97.70927,-116.75454,-61.0511,-75.480255,-67.83194,-57.738113,-59.335724,-72.79559,-96.552185,-60.312073,-76.01701,-72.875305,-66.16022,-68.85878,-67.00861,-56.8514,-58.55543,-60.170975,-57.884094,-50.5957,-65.87563,-67.66447,-97.592834,-112.14044,-104.2074,-67.31232,-109.944885,-74.73774,-119.9365,-73.22421,-118.39576,-96.616425,-83.83196,-88.47722,-114.76965,-86.99664,-89.53901,-129.1816,-75.96273,-75.27174,-49.454536,-111.99148,-65.61423,-99.70656,-76.559364,-60.713917,-56.369522,-58.848778,-63.736588,-46.821205,-62.535114,-60.123466,-58.16533,-68.36806,-97.26367,-92.85019,-86.59079,-106.18142,-107.832855,-92.56999,-76.88999,-87.80104,-68.371826,-100.60974,-120.920525,-63.671635,-76.2532,-95.75682,-91.946075,-113.16468,-104.96561,-121.78628,-121.162674,-62.834995,-48.63648,-108.85382,-70.07529,-130.49391,-72.78523,-79.15777,-58.333454,-63.7782,-50.539444,-56.056034,-67.9616,-65.33779,-63.73915,-77.0209,-139.26813
-42.875103,-46.92984,-40.314857,-61.531765,-49.816647,-77.03029,-43.669216,-83.57281,-66.821304,-58.470005,-52.38701,-50.069714,-64.22666,-37.25343,-56.290173,-52.994675,-53.533466,-56.257656,-61.71813,-78.67264,-78.62187,-68.09363,-43.759415,-56.468903,-60.655544,-79.2041,-51.54358,-47.53065,-62.08715,-69.80919,-72.10412,-63.491913,-64.3507,-57.11498,-53.249947,-77.77712,-85.3768,-61.651764,-56.36097,-55.060757,-58.746723,-46.774734,-58.0999,-42.138626,-58.853855,-71.69055,-58.201187,-54.998,-59.278122,-97.79843,-53.355766,-66.55713,-114.798645,-59.929127,-58.081917,-83.90782,-92.466515,-54.204937,-60.550858,-45.283173,-69.30582,-58.65148,-85.16146,-58.933624,-51.22724,-73.504654,-99.16684,-79.74652,-63.140697,-67.89999,-87.00365,-56.63723,-129.40352,-66.18576,-63.01741,-71.234146,-58.35236,-55.0994,-72.823944,-83.54357,-78.94395,-60.861244,-68.87983,-62.696888,-104.90634,-85.69432,-70.664604,-119.13817,-58.009182,-69.926254,-64.2901,-62.1089,-83.789185,-73.3551,-113.627365,-68.954346,-89.0462,-57.2774,-51.917706,-50.152576,-66.819725,-93.17523,-84.97046,-65.44761,-83.109314,-61.48825,-62.114754,-40.975613,-85.2002,-109.79117,-106.3869,-94.0706,-116.256134,-59.351532,-78.19295,-68.43988,-58.598267,-60.306,-75.17894,-95.94311,-59.577488,-81.75483,-76.73521,-66.15634,-72.97215,-68.98657,-55.446793,-58.7392,-61.06335,-57.87169,-50.363754,-69.56279,-70.64922,-97.27518,-110.18498,-102.119194,-67.26854,-112.59654,-76.62077,-122.22277,-76.89789,-119.66741,-101.28288,-89.982506,-88.80344,-114.20163,-85.5958,-93.60614,-127.41446,-75.567535,-80.2077,-49.62633,-111.17655,-65.15814,-98.668625,-79.50497,-59.483562,-53.987354,-58.504307,-62.88659,-47.64444,-64.63337,-60.18284,-56.630615,-71.54155,-99.17424,-94.88535,-89.280594,-106.33983,-104.43239,-91.22496,-78.782455,-90.194916,-69.62193,-102.22137,-120.1043,-66.38757,-80.66029,-96.43347,-90.78227,-114.32402,-100.537735,-120.39992,-121.80102,-63.09803,-50.08964,-106.53257,-66.50093,-130.55298,-73.68439,-81.45117,-56.64119,-61.41735,-47.899654,-56.28051,-70.70831,-66.82593,-63.84388,-79.690414,-138.39873
-44.145226,-47.166214,-40.36176,-63.39475,-51.437572,-78.099655,-42.525818,-84.226685,-66.601814,-56.66004,-54.83612,-51.533543,-62.058426,-38.65832,-58.919144,-54.94191,-56.96253,-58.273994,-59.93261,-76.64644,-78.14308,-66.976166,-47.28659,-51.725826,-60.41048,-77.67721,-52.089916,-47.12122,-61.362343,-69.95462,-71.26903,-63.346794,-64.73991,-58.63579,-52.204334,-74.5495,-84.43242,-62.20034,-58.06683,-57.93306,-58.344734,-48.711403,-59.419506,-43.90906,-60.457973,-71.3172,-60.097687,-56.309555,-59.782444,-96.2769,-53.63319,-67.04851,-114.5925,-61.237297,-59.74578,-82.66937,-91.44531,-56.551105,-62.54955,-48.644737,-69.13385,-58.227207,-86.19397,-58.847637,-53.59219,-72.55585,-98.620636,-79.21968,-64.08241,-68.296,-86.383194,-59.42175,-129.8669,-64.84996,-64.77136,-69.97924,-58.068916,-55.092537,-71.361435,-83.062065,-77.89363,-63.059975,-68.40442,-61.21923,-105.15108,-84.269875,-70.7389,-118.99475,-60.5169,-69.11366,-63.711346,-61.285248,-82.844246,-72.26043,-112.59263,-67.63097,-88.30616,-58.03966,-53.504227,-50.91603,-65.66702,-92.05654,-85.30133,-66.10043,-82.23505,-61.604027,-64.100586,-42.64296,-85.79801,-109.61261,-104.335785,-95.6837,-116.527145,-60.613197,-76.780785,-67.965416,-58.026703,-59.553326,-74.1458,-96.40796,-60.206512,-78.833786,-74.720375,-66.117645,-70.68596,-67.65754,-56.376255,-58.634438,-60.546238,-57.89618,-50.641796,-67.76143,-69.09497,-97.725174,-111.33911,-103.609085,-67.18112,-111.42653,-75.78371,-121.07156,-75.25405,-119.34984,-99.50099,-86.8239,-88.57318,-114.75328,-86.490974,-91.44188,-128.15875,-75.62834,-77.72383,-49.4195,-111.84355,-65.50353,-99.24742,-78.1812,-60.407967,-55.48939,-58.751858,-63.495766,-47.37385,-63.525322,-60.15487,-57.678013,-70.073425,-98.55568,-93.924866,-88.20719,-106.52376,-106.54834,-91.852585,-77.62487,-89.42932,-68.94233,-101.66421,-120.85592,-64.90879,-78.33739,-96.147095,-91.61153,-114.00047,-102.74736,-121.131584,-121.55032,-62.90558,-49.216084,-108.08986,-68.6895,-130.6336,-73.25706,-80.36761,-57.78611,-62.896576,-49.290867,-56.154953,-69.35397,-66.0309,-63.834805,-78.8221,-139.2908
-45.252827,-47.4541,-40.541336,-64.52365,-52.99015,-78.72284,-41.649696,-84.650154,-66.36892,-55.41953,-56.92179,-52.968967,-60.176277,-39.75199,-60.358227,-56.274902,-59.11054,-59.281975,-58.714104,-74.844345,-77.5029,-66.13387,-50.277027,-48.788677,-60.19697,-76.20892,-52.56161,-46.683586,-60.857857,-70.00969,-70.47023,-63.2096,-64.92578,-59.415924,-51.313076,-71.906334,-83.24648,-62.560467,-58.896793,-59.74705,-58.096626,-50.497635,-60.05684,-45.260044,-61.2241,-70.85978,-61.197906,-56.993168,-60.00257,-94.56906,-53.85006,-67.23867,-114.119965,-61.825005,-60.482674,-81.108315,-90.14747,-58.028168,-63.688896,-51.65641,-68.89576,-57.934254,-87.0175,-58.72732,-55.54657,-71.718895,-97.790184,-78.48267,-64.5957,-68.52143,-85.56442,-60.817734,-130.01416,-64.07415,-65.69773,-68.88168,-57.970608,-55.050816,-69.93352,-82.39829,-76.69596,-64.19398,-67.982666,-60.434456,-105.123825,-82.68962,-70.69353,-118.54733,-61.706917,-68.312485,-63.236206,-60.765938,-81.60279,-71.418686,-111.4675,-66.73712,-87.35173,-58.43535,-54.85289,-51.583755,-64.745995,-90.63905,-85.37268,-66.60023,-81.03261,-61.554375,-65.01989,-43.97478,-86.109116,-109.28574,-102.1613,-97.080246,-116.47093,-61.093216,-75.47796,-67.497284,-57.744587,-59.31077,-72.963905,-96.52815,-60.385475,-76.22211,-73.053505,-65.97342,-68.65752,-66.85452,-56.87275,-58.559547,-60.198715,-57.89063,-50.890507,-66.11616,-67.76994,-97.90028,-112.008835,-104.78662,-67.045204,-110.17812,-75.019875,-119.678024,-73.75567,-118.817375,-97.46542,-83.86475,-88.13335,-115.010414,-87.00708,-89.096634,-128.52188,-75.4411,-75.37516,-49.329685,-112.12193,-65.5795,-99.52679,-76.932686,-60.725277,-56.32226,-58.841866,-63.726513,-47.126263,-62.55144,-60.113205,-58.19157,-68.61917,-97.68169,-92.791245,-86.85007,-106.46889,-108.04068,-92.31738,-76.32378,-88.31111,-68.35739,-100.84981,-121.30214,-63.8134,-76.241455,-95.722595,-92.112625,-113.458305,-104.42317,-121.48092,-120.99991,-62.73526,-48.583675,-109.02084,-69.576675,-130.41235,-72.67912,-79.17612,-58.343826,-63.685966,-50.417,-56.06518,-68.05061,-65.38557,-63.798317,-77.65667,-139.82123
-47.280388,-51.183685,-46.76708,-61.79184,-53.445034,-80.028725,-45.766136,-90.20943,-64.17668,-67.027145,-56.66734,-51.56972,-65.100136,-48.731884,-57.63167,-52.742058,-59.1793,-58.52107,-63.635197,-89.112854,-94.300446,-60.978004,-51.942425,-62.628887,-61.250813,-76.88646,-53.78704,-51.8743,-70.670616,-82.63236,-70.35449,-65.17923,-72.21888,-61.3375,-54.910442,-80.569115,-82.8188,-60.025776,-56.21077,-61.87792,-69.6189,-57.897068,-59.609352,-47.984726,-58.443268,-77.135925,-62.047092,-56.44353,-58.732964,-95.851685,-55.11893,-75.79129,-125.69515,-61.741947,-59.477398,-81.916916,-85.78137,-57.378227,-63.258476,-49.095047,-69.28975,-57.86893,-79.58153,-58.044586,-58.56647,-87.39541,-110.88733,-81.37666,-64.30445,-73.34919,-76.978584,-59.111782,-124.82973,-68.92123,-66.12163,-64.19899,-60.55756,-55.593643,-70.06978,-76.01057,-79.76799,-63.492424,-80.35715,-70.36541,-105.650345,-87.27065,-75.508446,-107.79786,-60.169376,-68.57688,-60.985138,-65.65485,-95.0041,-72.21858,-114.986855,-69.11562,-93.18381,-58.35149,-53.544037,-51.528477,-66.857735,-92.50751,-90.7526,-63.573982,-81.3609,-63.510967,-64.224464,-49.55532,-83.530876,-112.83818,-105.16644,-107.46831,-106.62407,-59.59702,-67.24782,-64.29584,-58.962234,-60.95308,-85.1037,-101.39432,-62.191853,-74.220856,-77.312485,-67.39813,-75.33919,-72.51085,-56.62943,-59.78365,-61.786263,-58.514404,-51.934063,-71.53918,-72.1061,-98.50081,-111.90219,-100.47921,-67.80905,-112.91829,-87.4225,-123.42071,-82.68789,-116.32976,-101.28029,-84.44076,-87.14343,-107.71372,-88.84636,-85.13817,-124.21425,-70.49045,-81.78694,-54.093834,-119.17388,-64.47454,-100.9503,-80.372826,-60.55448,-54.637547,-61.154045,-66.23091,-50.07132,-65.54247,-61.27784,-56.595276,-73.40347,-101.734604,-97.2516,-92.173836,-110.025566,-104.381584,-89.576965,-79.45411,-101.357666,-66.38244,-109.51605,-120.6488,-66.50583,-78.910225,-93.140945,-83.547485,-109.91987,-93.469955,-125.350845,-118.64173,-69.44354,-52.243717,-111.3817,-60.065125,-131.0643,-71.25438,-78.95661,-59.458694,-63.084778,-50.651325,-57.587555,-71.74466,-69.05829,-63.64924,-82.72301,-142.02316
-47.751442,-50.97079,-47.395508,-63.208385,-54.63765,-80.04355,-44.4967,-90.06992,-64.09708,-63.424973,-58.016174,-52.882698,-62.468025,-49.067745,-59.38436,-54.815556,-59.892456,-59.24754,-61.14067,-86.30916,-94.39665,-62.093025,-54.233006,-55.47404,-60.565456,-75.13432,-53.894135,-50.835796,-68.03036,-83.14926,-69.38617,-64.16127,-70.27605,-60.816704,-52.974796,-76.26512,-81.18523,-60.637836,-57.79888,-61.82244,-65.83496,-58.660965,-59.994915,-48.692226,-60.02966,-76.01861,-62.35486,-57.002956,-59.530094,-94.34926,-54.60511,-73.22967,-125.896736,-61.914417,-60.26635,-79.99829,-84.66558,-58.163773,-63.913963,-52.144455,-68.80513,-57.52745,-79.106445,-58.16566,-57.819897,-84.12555,-110.11184,-80.247406,-64.49431,-72.64225,-76.206474,-60.388462,-124.86072,-66.347855,-66.330574,-64.60159,-58.93315,-55.16546,-68.36569,-74.992226,-78.06044,-64.27727,-78.74175,-66.64612,-105.733215,-85.416046,-75.01323,-109.09741,-61.361443,-67.34919,-61.42996,-63.358017,-93.17089,-71.10539,-113.97746,-67.38607,-92.03572,-58.418953,-54.61492,-51.956398,-65.310524,-90.8629,-90.73576,-64.06648,-79.678444,-62.663322,-64.90025,-50.188557,-83.34766,-112.413956,-103.09817,-108.473724,-108.64766,-60.50158,-67.72589,-65.119736,-57.97909,-59.64904,-83.58379,-100.67174,-61.132236,-72.38965,-74.66939,-66.53457,-72.041626,-69.68647,-56.819168,-58.986515,-60.741337,-58.03026,-51.951553,-69.15891,-69.87941,-98.82463,-112.88808,-101.741425,-67.195694,-111.80304,-85.94617,-121.80362,-80.39728,-116.47826,-99.1734,-81.549286,-86.59883,-109.8871,-89.032684,-83.42486,-124.4448,-70.72357,-78.5289,-52.849003,-118.50403,-64.89743,-101.35136,-78.35651,-60.72485,-55.899628,-59.783794,-65.14672,-49.430405,-63.850998,-60.52685,-57.36299,-71.3249,-101.061066,-96.1323,-90.74598,-109.74712,-106.4778,-89.60633,-77.610725,-100.84987,-66.38454,-108.16373,-121.3827,-64.58537,-76.378845,-92.97574,-83.99111,-110.66466,-96.141495,-125.686195,-118.41803,-66.30118,-51.046234,-111.926346,-63.73155,-131.03824,-70.56866,-77.30958,-59.11086,-63.586746,-51.509678,-56.621727,-69.86242,-67.511505,-63.3437,-81.622765,-142.99802
-47.800987,-50.457676,-47.589443,-64.05854,-55.128944,-79.6997,-43.149036,-89.31862,-63.98591,-59.91868,-58.526134,-53.883858,-60.132023,-48.839306,-60.352543,-56.051125,-60.136192,-59.45687,-59.18535,-83.094986,-93.73854,-62.682613,-55.331345,-50.543938,-60.00869,-73.55498,-53.814026,-49.678,-65.79456,-82.8815,-68.50409,-63.414726,-68.56305,-60.29882,-51.548332,-72.60638,-79.145744,-60.971367,-58.607723,-61.712776,-62.541706,-59.264782,-60.0934,-48.962345,-60.7764,-74.79048,-62.3805,-57.106403,-59.69156,-92.351105,-54.051125,-71.32557,-125.72359,-61.852623,-60.43811,-77.87575,-83.02697,-58.68823,-64.18916,-54.351116,-68.377144,-57.254524,-78.378265,-58.1634,-57.282803,-80.52973,-109.09386,-78.8586,-64.52125,-71.88351,-75.09005,-60.98332,-124.153534,-64.7102,-66.28154,-64.73423,-57.983166,-54.90002,-66.89051,-73.799614,-76.14963,-64.53189,-76.65147,-63.83526,-105.455734,-83.2484,-74.38341,-109.86664,-61.838257,-66.39889,-61.489433,-61.685158,-90.61769,-70.07231,-112.54685,-66.291824,-90.34395,-58.389866,-55.34793,-52.419716,-64.06754,-88.89679,-90.19568,-64.41916,-77.69017,-61.97766,-65.082466,-50.149296,-82.97386,-111.62962,-100.5824,-108.87901,-110.03494,-60.78819,-67.56655,-65.34659,-57.56687,-59.15598,-81.341415,-99.425064,-60.53793,-70.619,-72.49393,-65.8605,-69.25984,-67.79706,-56.867256,-58.500797,-60.048275,-57.743263,-52.06467,-66.92881,-68.02661,-98.762405,-113.224525,-102.754944,-66.62692,-110.45537,-83.95198,-119.95851,-77.843155,-115.83623,-97.101364,-78.654396,-85.69505,-111.30211,-88.6916,-81.4678,-124.14599,-70.64442,-75.39587,-51.901825,-117.59375,-64.908226,-101.14137,-76.39778,-60.60969,-56.329372,-58.96141,-64.3822,-48.862267,-62.45958,-60.06876,-57.839947,-69.332565,-99.95221,-94.57308,-88.76944,-109.084564,-108.02893,-89.2284,-75.63892,-99.736115,-66.19917,-106.7571,-121.39968,-63.158913,-74.20526,-92.52339,-84.225464,-110.72742,-98.61299,-125.6045,-117.6726,-64.31372,-49.891884,-111.91772,-66.06917,-130.47397,-69.81712,-75.63634,-58.642174,-63.762352,-51.7284,-56.074303,-68.08242,-66.20766,-63.140175,-80.04675,-143.20407
-48.7317,-52.592754,-49.38429,-62.153545,-54.513023,-82.8407,-47.282845,-92.63156,-63.908546,-69.726814,-58.170383,-52.210194,-65.46354,-51.35896,-57.33724,-53.63469,-60.83575,-58.450775,-65.11213,-92.271095,-98.03102,-58.169064,-54.08496,-63.16843,-61.431522,-76.600494,-54.213985,-52.699818,-73.27879,-89.00045,-69.789345,-64.8678,-75.85456,-62.350952,-55.970093,-80.23401,-82.28924,-59.643326,-55.800926,-63.779892,-74.20778,-56.935658,-59.583725,-49.515606,-58.59642,-79.73807,-62.78286,-56.78417,-58.953384,-95.74196,-55.956512,-78.522125,-129.60323,-62.482773,-59.9682,-78.42438,-86.92346,-56.475616,-64.43887,-51.196053,-69.966934,-57.916477,-77.29246,-57.910866,-60.493275,-91.0948,-114.00412,-80.18894,-64.01364,-75.11072,-72.922646,-58.62883,-122.1033,-71.029724,-68.28046,-60.533348,-61.514027,-55.654728,-69.7441,-73.9044,-79.58856,-65.26296,-85.02197,-71.56373,-104.700645,-86.77707,-77.35351,-103.63556,-60.25475,-69.19504,-60.62661,-68.18513,-98.26936,-71.82201,-112.36132,-68.91323,-95.176926,-58.57596,-53.721745,-51.511494,-66.652855,-92.266525,-91.54996,-63.120106,-81.874954,-62.399174,-65.66732,-52.00094,-80.90105,-113.02893,-104.71864,-112.0965,-102.90063,-59.38458,-63.452736,-64.2281,-58.08107,-60.908463,-89.31784,-103.8074,-62.25264,-71.54092,-77.19934,-68.04895,-76.88063,-74.168274,-56.804222,-59.97657,-61.727623,-58.613792,-51.741493,-71.441696,-72.363434,-98.02629,-112.759186,-98.36957,-68.77449,-112.40655,-89.72044,-126.28246,-81.187,-112.887375,-97.15229,-80.82759,-86.58594,-103.76182,-90.30292,-81.69095,-124.08622,-69.93921,-80.67143,-55.205814,-122.17834,-64.13891,-102.37373,-80.53102,-60.77282,-55.50453,-62.158787,-67.12879,-50.296967,-65.58411,-61.44861,-56.183216,-73.620346,-101.6706,-98.0294,-92.46763,-110.70199,-102.77319,-88.943954,-79.95223,-103.54404,-64.33495,-111.11684,-118.806915,-65.700386,-75.753235,-92.08203,-79.77399,-108.56378,-89.75821,-127.498474,-117.64374,-73.14233,-53.034843,-112.74892,-59.283672,-131.4241,-70.878044,-78.00063,-60.67646,-63.573906,-52.122505,-57.69348,-71.6686,-69.31703,-62.944958,-82.84758,-142.08646
-48.77687,-52.220165,-50.093723,-63.403202,-55.226818,-82.80095,-45.815987,-92.40547,-63.85456,-66.11335,-58.740738,-53.406887,-62.695797,-51.63838,-59.178505,-55.433952,-60.51837,-59.16018,-62.29613,-89.389175,-98.43797,-60.449303,-55.48291,-55.87792,-60.623383,-74.83046,-54.132904,-51.423553,-70.364746,-90.4828,-68.879425,-63.893127,-73.436295,-61.387398,-53.470978,-75.857834,-80.506256,-60.309937,-57.526382,-63.170723,-70.03012,-57.783974,-59.945618,-49.921673,-60.075108,-78.33675,-62.804916,-57.132645,-59.599754,-94.26701,-54.95915,-75.33119,-130.37665,-62.264343,-60.46364,-76.713585,-85.80677,-57.51526,-64.5965,-53.99967,-69.08101,-57.509018,-76.73929,-58.069706,-58.767803,-87.58449,-112.90558,-78.90027,-64.25759,-74.29399,-72.436646,-60.11463,-122.12626,-67.91431,-67.65163,-62.18803,-59.228935,-55.16816,-68.00696,-72.994286,-77.77371,-65.217834,-83.98374,-67.502655,-104.78101,-84.89451,-76.56481,-105.27864,-61.375607,-67.79912,-61.19697,-65.30297,-96.40355,-70.73443,-111.92326,-67.22777,-94.1915,-58.50509,-54.694466,-51.91501,-65.084946,-90.571625,-91.53769,-63.648643,-80.14766,-61.83828,-65.62381,-52.39086,-80.51861,-112.70247,-102.66305,-112.22189,-105.16253,-60.344418,-64.97242,-65.03067,-57.552536,-59.612858,-88.15704,-102.79077,-61.12783,-70.30423,-74.48982,-66.84517,-73.16968,-70.89885,-56.875774,-59.054024,-60.65742,-58.046547,-51.735718,-68.99862,-70.022026,-98.40672,-113.679886,-99.75058,-67.96308,-111.499664,-88.15519,-124.60474,-78.74676,-113.75162,-95.413124,-78.30498,-85.95766,-106.55087,-90.20563,-80.106995,-124.30711,-70.305435,-77.40819,-53.274452,-121.3361,-64.69565,-102.7912,-78.38492,-60.790623,-56.309097,-60.145943,-65.647804,-49.623985,-63.82385,-60.585884,-57.09314,-71.4505,-101.04007,-96.937904,-91.02767,-110.40015,-104.93097,-88.98174,-78.03567,-103.21273,-64.99824,-109.5198,-119.71539,-63.978508,-74.23584,-92.07559,-80.37509,-109.65819,-92.41132,-127.889534,-117.588745,-69.114624,-51.394176,-113.045044,-63.12636,-131.3861,-70.15248,-76.394844,-59.580845,-63.831955,-52.483414,-56.641632,-69.72786,-67.68005,-62.802998,-81.680115,-143.13179
-48.445084,-51.57594,-50.2684,-64.12665,-55.33616,-82.19055,-44.181217,-91.425674,-63.74559,-62.452637,-58.819656,-54.169685,-60.227814,-51.441147,-60.214245,-56.30461,-60.36804,-59.37087,-59.946163,-85.93711,-98.04988,-61.784805,-55.922897,-50.724358,-59.97679,-73.20308,-53.880882,-50.136345,-67.75623,-90.884056,-68.03225,-63.15795,-71.195915,-60.572243,-51.686047,-72.17676,-78.34134,-60.65722,-58.46756,-62.59546,-66.176506,-58.58398,-60.026924,-49.894215,-60.748707,-76.63116,-62.62868,-57.097263,-59.655827,-92.192924,-54.128567,-72.67189,-130.7988,-61.989845,-60.471962,-74.74214,-84.14969,-58.29998,-64.5586,-55.582207,-68.45097,-57.18467,-75.848595,-58.062527,-57.59908,-83.6856,-111.5649,-77.3274,-64.29886,-73.36277,-71.33841,-60.839504,-121.28127,-65.73368,-67.13581,-63.290142,-57.96324,-54.862785,-66.54109,-71.75339,-75.768684,-65.04368,-82.04426,-64.44568,-104.477516,-82.60242,-75.66078,-106.61305,-61.801823,-66.65453,-61.302788,-63.071533,-93.7787,-69.71585,-111.02713,-66.12606,-92.42445,-58.38656,-55.34777,-52.3664,-63.83043,-88.589645,-90.95436,-64.0132,-78.03859,-61.376347,-65.45789,-52.264385,-79.85754,-111.922745,-100.145905,-111.992,-107.12932,-60.666004,-65.76175,-65.22633,-57.40306,-59.112896,-86.22191,-101.23555,-60.479813,-68.81998,-72.260994,-65.99714,-70.05754,-68.56489,-56.84818,-58.487522,-59.941658,-57.707382,-51.84556,-66.713684,-68.07736,-98.35717,-113.926506,-100.76776,-67.19936,-110.2728,-85.99794,-122.68044,-76.11366,-113.80172,-93.50376,-75.79012,-84.975624,-108.71174,-89.50563,-78.2744,-123.956566,-70.23551,-74.36792,-51.996506,-120.2076,-64.73775,-102.562256,-76.287445,-60.58187,-56.426056,-59.025013,-64.63893,-49.02146,-62.367058,-60.049114,-57.677025,-69.364716,-99.93413,-95.33718,-88.98836,-109.67285,-106.698746,-88.608826,-75.90505,-102.28016,-65.20689,-107.8819,-119.69256,-62.674007,-72.60597,-91.65889,-80.31315,-110.02777,-94.85753,-127.83224,-116.904755,-66.245705,-50.052464,-112.84198,-65.640526,-130.7764,-69.37762,-74.69995,-58.769745,-63.843914,-52.35613,-56.04007,-67.8917,-66.280464,-62.711754,-80.00133,-143.31631
-45.867683,-49.778725,-45.22649,-61.713966,-52.181213,-79.17286,-45.843643,-87.78835,-64.81708,-63.33426,-54.80978,-51.227234,-64.70431,-43.487835,-56.85078,-53.557034,-55.439827,-57.137726,-63.26379,-85.93994,-89.984055,-61.09713,-48.119858,-59.100616,-60.990986,-77.96808,-53.46664,-50.34959,-67.2317,-80.71944,-71.010185,-63.980885,-69.1528,-58.32826,-54.397728,-78.686035,-84.11176,-60.455933,-56.026302,-57.136215,-64.359436,-51.733883,-58.53534,-46.02663,-58.71473,-75.51934,-59.51373,-55.930866,-59.327015,-97.21971,-54.379757,-71.79128,-125.02141,-60.59777,-58.668953,-81.163414,-89.90027,-55.348267,-61.403774,-48.304733,-69.249725,-58.158592,-80.617256,-58.2921,-53.774506,-83.4695,-107.52883,-79.91921,-63.301357,-70.987366,-79.17301,-57.362717,-124.609505,-68.347664,-64.25874,-64.77104,-59.254784,-55.283855,-71.24333,-77.799416,-79.33377,-61.499336,-77.78774,-66.81425,-104.82152,-86.235344,-73.69951,-110.62559,-58.797165,-69.49561,-61.88629,-64.46982,-91.91943,-73.06435,-113.3241,-68.67744,-92.122345,-57.685303,-53.028908,-51.014263,-66.64923,-92.97379,-88.35878,-64.01441,-82.64572,-61.677494,-62.678238,-45.756523,-82.94801,-111.79247,-105.6418,-104.22634,-109.07947,-59.282166,-69.324,-65.89477,-58.37293,-60.45866,-82.97637,-99.938774,-60.110012,-76.61667,-77.01417,-66.596924,-74.45454,-70.82579,-55.940205,-59.13996,-61.299175,-58.07433,-51.297005,-70.66581,-71.48184,-97.907845,-111.70603,-100.35159,-67.61981,-112.541275,-83.405235,-124.70958,-79.05471,-115.77127,-99.03192,-85.491104,-87.923386,-108.90703,-87.66316,-87.9509,-124.58924,-72.46655,-80.430565,-52.208656,-117.82092,-64.67254,-100.83296,-80.123055,-59.95794,-54.87495,-59.420017,-63.931892,-49.299503,-64.96328,-60.54813,-56.26375,-72.66344,-100.70349,-96.64748,-90.98148,-108.907776,-103.64525,-90.232506,-79.024025,-97.63594,-66.58507,-106.94848,-119.40917,-66.199196,-78.287865,-94.836395,-85.37639,-111.38939,-95.61737,-124.963326,-118.95576,-66.84248,-51.6135,-109.72946,-61.341198,-131.06519,-72.350525,-79.83671,-57.734722,-62.25364,-49.80773,-56.73686,-71.21396,-68.00823,-63.28747,-81.52725,-141.38599
-45.80908,-48.933033,-44.55143,-62.946827,-53.0642,-79.15549,-44.0623,-87.51094,-64.44711,-59.772247,-55.791016,-52.26665,-61.816273,-42.13188,-58.766697,-55.141697,-57.205875,-58.195618,-60.542683,-83.41209,-90.20636,-62.39081,-49.42491,-52.389027,-60.149017,-75.55747,-53.4319,-48.826275,-65.35326,-82.15814,-69.607475,-63.156933,-67.95937,-58.34667,-52.176556,-74.303505,-82.399506,-60.86287,-57.596336,-58.224335,-61.466682,-52.730946,-59.16803,-46.10404,-60.000973,-74.33908,-60.17157,-56.42138,-59.537437,-95.40283,-53.690884,-70.79331,-125.0369,-60.945206,-59.4951,-79.085625,-88.477234,-56.71144,-62.404026,-50.510773,-68.36717,-57.56686,-80.193756,-58.170647,-53.96835,-81.36488,-106.31131,-78.4296,-63.614162,-70.56767,-78.307655,-59.26811,-123.81565,-65.80413,-64.87072,-65.38283,-57.72786,-54.840675,-69.12816,-76.4998,-77.319016,-62.812378,-76.91794,-63.89706,-104.51203,-84.0766,-73.17093,-111.44751,-60.413303,-67.8979,-61.74195,-62.398705,-90.151764,-71.33727,-112.11713,-66.808,-90.62819,-57.830322,-54.068657,-51.404594,-64.929825,-91.08411,-87.925934,-64.38223,-80.85232,-61.218235,-63.7598,-45.0717,-82.56372,-110.97389,-103.14646,-104.53662,-110.66831,-60.142372,-69.45613,-65.95303,-57.65965,-59.20776,-81.60564,-98.636,-59.870644,-74.271194,-74.03414,-65.67639,-70.93656,-68.31505,-56.21595,-58.401077,-60.23021,-57.598934,-51.284245,-68.098465,-69.10949,-97.92574,-112.101616,-101.5215,-66.8121,-110.946884,-81.88939,-122.65364,-76.41995,-115.54806,-97.179596,-82.34236,-87.09459,-110.788185,-87.509895,-86.263794,-124.287865,-72.181114,-76.963486,-50.928272,-117.16584,-64.74571,-100.635376,-77.82639,-60.15298,-55.653503,-58.388184,-63.426876,-48.551334,-63.19408,-59.877865,-57.141594,-70.36557,-99.575836,-95.01065,-89.07036,-108.19801,-105.53822,-90.019135,-76.88092,-96.35187,-66.52615,-105.25748,-119.59526,-64.20172,-75.745384,-94.457016,-86.26007,-111.353775,-98.4562,-124.99057,-118.11403,-64.829895,-50.061607,-109.89154,-64.786385,-130.4601,-71.231415,-77.84478,-57.467037,-62.79895,-50.05807,-55.95693,-69.1079,-66.40382,-62.973076,-79.976074,-141.7067
-46.81233,-49.114788,-45.239193,-64.13013,-54.526802,-79.454155,-43.109436,-87.5546,-64.47501,-57.537292,-57.5567,-53.70416,-59.883255,-43.16616,-60.245663,-56.3956,-59.31274,-59.181614,-59.06809,-80.90394,-90.021515,-62.903862,-52.400375,-49.147285,-59.94686,-74.01912,-53.775166,-48.28679,-63.856953,-82.999954,-68.92231,-62.9747,-67.0942,-59.23345,-51.273193,-71.395805,-80.581055,-61.339237,-58.640297,-60.025883,-59.777184,-55.27791,-59.893986,-47.44764,-60.92432,-73.734634,-61.24334,-57.033524,-59.75985,-93.2298,-53.85968,-69.84716,-124.99046,-61.6086,-60.301636,-77.10144,-86.80931,-58.13019,-63.625565,-53.490784,-68.34312,-57.456722,-79.63705,-58.293964,-55.87664,-78.778145,-106.26638,-77.27966,-64.16412,-70.41319,-76.913765,-60.71768,-122.85252,-64.63712,-65.77559,-65.259964,-57.719597,-54.911648,-67.79544,-75.253105,-75.784485,-64.12751,-75.689285,-62.047935,-103.87514,-82.012405,-73.007195,-111.02621,-61.631554,-67.10216,-61.752094,-61.42267,-88.63089,-70.47529,-110.68947,-66.117226,-89.32184,-58.296146,-55.259098,-52.140907,-64.03381,-89.04353,-87.76261,-64.90264,-79.12,-61.22405,-64.83253,-46.506275,-82.20219,-110.247894,-100.370636,-106.10974,-110.914246,-60.78942,-68.861595,-66.004196,-57.56628,-59.116257,-80.142426,-98.0258,-60.21848,-72.17377,-72.22599,-65.54634,-68.71689,-67.18754,-56.77394,-58.39769,-59.952507,-57.7146,-51.635036,-66.311516,-67.69979,-97.684235,-112.445045,-102.045,-66.65238,-109.48272,-80.43113,-120.867065,-74.45021,-114.69946,-94.70137,-79.22559,-86.20715,-111.298325,-87.60991,-83.99701,-123.94052,-72.01361,-74.344246,-50.903236,-116.61769,-64.97806,-100.46318,-76.23686,-60.52085,-56.391197,-58.585598,-63.62707,-48.344948,-62.220108,-59.93055,-57.88468,-68.80217,-98.340866,-93.479904,-87.283936,-107.71745,-106.812775,-89.55533,-75.329025,-95.64651,-66.39082,-104.34881,-119.43492,-63.11743,-73.83095,-93.69255,-86.40744,-110.82091,-100.077286,-124.89908,-117.231285,-63.77251,-49.43134,-110.37158,-66.91734,-129.77487,-70.62952,-76.28302,-58.099598,-63.50421,-51.075397,-55.954678,-67.735825,-65.62125,-63.07036,-78.60014,-141.59319
