issue_date,valid_date,precip_mm_mean,source,source_url
2015-03-05,2015-03-20,0.0,CHIRPS-GEFS v3 15_day global,https://data.chc.ucsb.edu/products/CHIRPS-GEFS/v3/15_day/global/data/2015/c3g_2015.03.05.tif
2015-03-17,2015-04-01,0.0033864758443087,CHIRPS-GEFS v3 15_day global,https://data.chc.ucsb.edu/products/CHIRPS-GEFS/v3/15_day/global/data/2015/c3g_2015.03.17.tif
2015-03-29,2015-04-13,17.128925323486328,CHIRPS-GEFS v3 15_day global,https://data.chc.ucsb.edu/products/CHIRPS-GEFS/v3/15_day/global/data/2015/c3g_2015.03.29.tif
2015-04-10,2015-04-25,7.370432376861572,CHIRPS-GEFS v3 15_day global,https://data.chc.ucsb.edu/products/CHIRPS-GEFS/v3/15_day/global/data/2015/c3g_2015.04.10.tif
2015-04-22,2015-05-07,36.39393615722656,CHIRPS-GEFS v3 15_day global,https://data.chc.ucsb.edu/products/CHIRPS-GEFS/v3/15_day/global/data/2015/c3g_2015.04.22.tif
2015-05-04,2015-05-19,1.2234103679656982,CHIRPS-GEFS v3 15_day global,https://data.chc.ucsb.edu/products/CHIRPS-GEFS/v3/15_day/global/data/2015/c3g_2015.05.04.tif
2015-05-16,2015-05-31,83.1585922241211,CHIRPS-GEFS v3 15_day global,https://data.chc.ucsb.edu/products/CHIRPS-GEFS/v3/15_day/global/data/2015/c3g_2015.05.16.tif
2015-05-28,2015-06-12,40.10691452026367,CHIRPS-GEFS v3 15_day global,https://data.chc.ucsb.edu/products/CHIRPS-GEFS/v3/15_day/global/data/2015/c3g_2015.05.28.tif
2015-06-09,2015-06-24,100.23478698730467,CHIRPS-GEFS v3 15_day global,https://data.chc.ucsb.edu/products/CHIRPS-GEFS/v3/15_day/global/data/2015/c3g_2015.06.09.tif
2015-06-21,2015-07-06,91.44281005859376,CHIRPS-GEFS v3 15_day global,https://data.chc.ucsb.edu/products/CHIRPS-GEFS/v3/15_day/global/data/2015/c3g_2015.06.21.tif
2015-07-03,2015-07-18,68.16317749023438,CHIRPS-GEFS v3 15_day global,https://data.chc.ucsb.edu/products/CHIRPS-GEFS/v3/15_day/global/data/2015/c3g_2015.07.03.tif
2015-07-15,2015-07-30,12.099522590637209,CHIRPS-GEFS v3 15_day global,https://data.chc.ucsb.edu/products/CHIRPS-GEFS/v3/15_day/global/data/2015/c3g_2015.07.15.tif
2015-07-27,2015-08-11,55.47628402709961,CHIRPS-GEFS v3 15_day global,https://data.chc.ucsb.edu/products/CHIRPS-GEFS/v3/15_day/global/data/2015/c3g_2015.07.27.tif
2015-08-08,2015-08-23,80.17140197753906,CHIRPS-GEFS v3 15_day global,https://data.chc.ucsb.edu/products/CHIRPS-GEFS/v3/15_day/global/data/2015/c3g_2015.08.08.tif
2015-08-20,2015-09-04,109.96678161621094,CHIRPS-GEFS v3 15_day global,https://data.chc.ucsb.edu/products/CHIRPS-GEFS/v3/15_day/global/data/2015/c3g_2015.08.20.tif
2015-09-01,2015-09-16,100.8111343383789,CHIRPS-GEFS v3 15_day global,https://data.chc.ucsb.edu/products/CHIRPS-GEFS/v3/15_day/global/data/2015/c3g_2015.09.01.tif
2015-09-13,2015-09-28,87.27274322509766,CHIRPS-GEFS v3 15_day global,https://data.chc.ucsb.edu/products/CHIRPS-GEFS/v3/15_day/global/data/2015/c3g_2015.09.13.tif
2015-09-25,2015-10-10,33.45615768432617,CHIRPS-GEFS v3 15_day global,https://data.chc.ucsb.edu/products/CHIRPS-GEFS/v3/15_day/global/data/2015/c3g_2015.09.25.tif
2015-10-07,2015-10-22,19.086200714111328,CHIRPS-GEFS v3 15_day global,https://data.chc.ucsb.edu/products/CHIRPS-GEFS/v3/15_day/global/data/2015/c3g_2015.10.07.tif
2015-10-19,2015-11-03,2.083434820175171,CHIRPS-GEFS v3 15_day global,https://data.chc.ucsb.edu/products/CHIRPS-GEFS/v3/15_day/global/data/2015/c3g_2015.10.19.tif
2015-10-31,2015-11-15,2.1881885528564453,CHIRPS-GEFS v3 15_day global,https://data.chc.ucsb.edu/products/CHIRPS-GEFS/v3/15_day/global/data/2015/c3g_2015.10.31.tif
2015-11-12,2015-11-27,1.0447348356246948,CHIRPS-GEFS v3 15_day global,https://data.chc.ucsb.edu/products/CHIRPS-GEFS/v3/15_day/global/data/2015/c3g_2015.11.12.tif
2015-11-24,2015-12-09,1.1094474792480469,CHIRPS-GEFS v3 15_day global,https://data.chc.ucsb.edu/products/CHIRPS-GEFS/v3/15_day/global/data/2015/c3g_2015.11.24.tif
2015-12-06,2015-12-21,0.0,CHIRPS-GEFS v3 15_day global,https://data.chc.ucsb.edu/products/CHIRPS-GEFS/v3/15_day/global/data/2015/c3g_2015.12.06.tif
2015-12-18,2016-01-02,0.0,CHIRPS-GEFS v3 15_day global,https://data.chc.ucsb.edu/products/CHIRPS-GEFS/v3/15_day/global/data/2015/c3g_2015.12.18.tif
2015-12-30,2016-01-14,0.7020030617713928,CHIRPS-GEFS v3 15_day global,https://data.chc.ucsb.edu/products/CHIRPS-GEFS/v3/15_day/global/data/2015/c3g_2015.12.30.tif
2016-01-11,2016-01-26,0.1037451103329658,CHIRPS-GEFS v3 15_day global,https://data.chc.ucsb.edu/products/CHIRPS-GEFS/v3/15_day/global/data/2016/c3g_2016.01.11.tif
2016-01-23,2016-02-07,2.2833869457244877,CHIRPS-GEFS v3 15_day global,https://data.chc.ucsb.edu/products/CHIRPS-GEFS/v3/15_day/global/data/2016/c3g_2016.01.23.tif
2016-02-04,2016-02-19,0.0,CHIRPS-GEFS v3 15_day global,https://data.chc.ucsb.edu/products/CHIRPS-GEFS/v3/15_day/global/data/2016/c3g_2016.02.04.tif
2016-02-16,2016-03-02,11.134695053100586,CHIRPS-GEFS v3 15_day global,https://data.chc.ucsb.edu/products/CHIRPS-GEFS/v3/15_day/global/data/2016/c3g_2016.02.16.tif
2016-02-28,2016-03-14,3.980579376220703,CHIRPS-GEFS v3 15_day global,https://data.chc.ucsb.edu/products/CHIRPS-GEFS/v3/15_day/global/data/2016/c3g_2016.02.28.tif
2016-03-11,2016-03-26,6.1952667236328125,CHIRPS-GEFS v3 15_day global,https://data.chc.ucsb.edu/products/CHIRPS-GEFS/v3/15_day/global/data/2016/c3g_2016.03.11.tif
2016-03-23,2016-04-07,2.189497470855713,CHIRPS-GEFS v3 15_day global,https://data.chc.ucsb.edu/products/CHIRPS-GEFS/v3/15_day/global/data/2016/c3g_2016.03.23.tif
2016-04-04,2016-04-19,28.721603393554688,CHIRPS-GEFS v3 15_day global,https://data.chc.ucsb.edu/products/CHIRPS-GEFS/v3/15_day/global/data/2016/c3g_2016.04.04.tif
2016-04-16,2016-05-01,37.57038497924805,CHIRPS-GEFS v3 15_day global,https://data.chc.ucsb.edu/products/CHIRPS-GEFS/v3/15_day/global/data/2016/c3g_2016.04.16.tif
2016-04-28,2016-05-13,7.820717811584473,CHIRPS-GEFS v3 15_day global,https://data.chc.ucsb.edu/products/CHIRPS-GEFS/v3/15_day/global/data/2016/c3g_2016.04.28.tif
2016-05-10,2016-05-25,25.810039520263672,CHIRPS-GEFS v3 15_day global,https://data.chc.ucsb.edu/products/CHIRPS-GEFS/v3/15_day/global/data/2016/c3g_2016.05.10.tif
2016-05-22,2016-06-06,26.14327812194824,CHIRPS-GEFS v3 15_day global,https://data.chc.ucsb.edu/products/CHIRPS-GEFS/v3/15_day/global/data/2016/c3g_2016.05.22.tif
2016-06-03,2016-06-18,36.02436065673828,CHIRPS-GEFS v3 15_day global,https://data.chc.ucsb.edu/products/CHIRPS-GEFS/v3/15_day/global/data/2016/c3g_2016.06.03.tif
2016-06-15,2016-06-30,56.49684143066406,CHIRPS-GEFS v3 15_day global,https://data.chc.ucsb.edu/products/CHIRPS-GEFS/v3/15_day/global/data/2016/c3g_2016.06.15.tif
2016-06-27,2016-07-12,83.4852523803711,CHIRPS-GEFS v3 15_day global,https://data.chc.ucsb.edu/products/CHIRPS-GEFS/v3/15_day/global/data/2016/c3g_2016.06.27.tif
2016-07-09,2016-07-24,92.6898956298828,CHIRPS-GEFS v3 15_day global,https://data.chc.ucsb.edu/products/CHIRPS-GEFS/v3/15_day/global/data/2016/c3g_2016.07.09.tif
2016-07-21,2016-08-05,128.3121795654297,CHIRPS-GEFS v3 15_day global,https://data.chc.ucsb.edu/products/CHIRPS-GEFS/v3/15_day/global/data/2016/c3g_2016.07.21.tif
2016-08-02,2016-08-17,77.25653839111328,CHIRPS-GEFS v3 15_day global,https://data.chc.ucsb.edu/products/CHIRPS-GEFS/v3/15_day/global/data/2016/c3g_2016.08.02.tif
2016-08-14,2016-08-29,49.88086700439453,CHIRPS-GEFS v3 15_day global,https://data.chc.ucsb.edu/products/CHIRPS-GEFS/v3/15_day/global/data/2016/c3g_2016.08.14.tif
2016-08-26,2016-09-10,196.8540802001953,CHIRPS-GEFS v3 15_day global,https://data.chc.ucsb.edu/products/CHIRPS-GEFS/v3/15_day/global/data/2016/c3g_2016.08.26.tif
2016-09-07,2016-09-22,99.70860290527344,CHIRPS-GEFS v3 15_day global,https://data.chc.ucsb.edu/products/CHIRPS-GEFS/v3/15_day/global/data/2016/c3g_2016.09.07.tif
2016-09-19,2016-10-04,84.20499420166016,CHIRPS-GEFS v3 15_day global,https://data.chc.ucsb.edu/products/CHIRPS-GEFS/v3/15_day/global/data/2016/c3g_2016.09.19.tif
2016-10-01,2016-10-16,9.10649585723877,CHIRPS-GEFS v3 15_day global,https://data.chc.ucsb.edu/products/CHIRPS-GEFS/v3/15_day/global/data/2016/c3g_2016.10.01.tif
2016-10-13,2016-10-28,6.024221897125244,CHIRPS-GEFS v3 15_day global,https://data.chc.ucsb.edu/products/CHIRPS-GEFS/v3/15_day/global/data/2016/c3g_2016.10.13.tif
2016-10-25,2016-11-09,4.094890594482422,CHIRPS-GEFS v3 15_day global,https://data.chc.ucsb.edu/products/CHIRPS-GEFS/v3/15_day/global/data/2016/c3g_2016.10.25.tif
2016-11-06,2016-11-21,6.926982879638672,CHIRPS-GEFS v3 15_day global,https://data.chc.ucsb.edu/products/CHIRPS-GEFS/v3/15_day/global/data/2016/c3g_2016.11.06.tif
2016-11-18,2016-12-03,0.2174341529607772,CHIRPS-GEFS v3 15_day global,https://data.chc.ucsb.edu/products/CHIRPS-GEFS/v3/15_day/global/data/2016/c3g_2016.11.18.tif
2016-11-30,2016-12-15,0.5823661088943481,CHIRPS-GEFS v3 15_day global,https://data.chc.ucsb.edu/products/CHIRPS-GEFS/v3/15_day/global/data/2016/c3g_2016.11.30.tif
2016-12-12,2016-12-27,0.0,CHIRPS-GEFS v3 15_day global,https://data.chc.ucsb.edu/products/CHIRPS-GEFS/v3/15_day/global/data/2016/c3g_2016.12.12.tif
2016-12-24,2017-01-08,2.153880834579468,CHIRPS-GEFS v3 15_day global,https://data.chc.ucsb.edu/products/CHIRPS-GEFS/v3/15_day/global/data/2016/c3g_2016.12.24.tif
2017-01-05,2017-01-20,0.8408253788948059,CHIRPS-GEFS v3 15_day global,https://data.chc.ucsb.edu/products/CHIRPS-GEFS/v3/15_day/global/data/2017/c3g_2017.01.05.tif
2017-01-17,2017-02-01,0.0,CHIRPS-GEFS v3 15_day global,https://data.chc.ucsb.edu/products/CHIRPS-GEFS/v3/15_day/global/data/2017/c3g_2017.01.17.tif
2017-01-29,2017-02-13,4.814922332763672,CHIRPS-GEFS v3 15_day global,https://data.chc.ucsb.edu/products/CHIRPS-GEFS/v3/15_day/global/data/2017/c3g_2017.01.29.tif
2017-02-10,2017-02-25,5.123154640197754,CHIRPS-GEFS v3 15_day global,https://data.chc.ucsb.edu/products/CHIRPS-GEFS/v3/15_day/global/data/2017/c3g_2017.02.10.tif
2017-02-22,2017-03-09,17.758108139038086,CHIRPS-GEFS v3 15_day global,https://data.chc.ucsb.edu/products/CHIRPS-GEFS/v3/15_day/global/data/2017/c3g_2017.02.22.tif
2017-03-06,2017-03-21,4.936774730682373,CHIRPS-GEFS v3 15_day global,https://data.chc.ucsb.edu/products/CHIRPS-GEFS/v3/15_day/global/data/2017/c3g_2017.03.06.tif
2017-03-18,2017-04-02,15.319378852844238,CHIRPS-GEFS v3 15_day global,https://data.chc.ucsb.edu/products/CHIRPS-GEFS/v3/15_day/global/data/2017/c3g_2017.03.18.tif
2017-03-30,2017-04-14,1.5589364767074585,CHIRPS-GEFS v3 15_day global,https://data.chc.ucsb.edu/products/CHIRPS-GEFS/v3/15_day/global/data/2017/c3g_2017.03.30.tif
2017-04-11,2017-04-26,2.908372402191162,CHIRPS-GEFS v3 15_day global,https://data.chc.ucsb.edu/products/CHIRPS-GEFS/v3/15_day/global/data/2017/c3g_2017.04.11.tif
2017-04-23,2017-05-08,52.143646240234375,CHIRPS-GEFS v3 15_day global,https://data.chc.ucsb.edu/products/CHIRPS-GEFS/v3/15_day/global/data/2017/c3g_2017.04.23.tif
2017-05-05,2017-05-20,8.79894733428955,CHIRPS-GEFS v3 15_day global,https://data.chc.ucsb.edu/products/CHIRPS-GEFS/v3/15_day/global/data/2017/c3g_2017.05.05.tif
2017-05-17,2017-06-01,48.3730354309082,CHIRPS-GEFS v3 15_day global,https://data.chc.ucsb.edu/products/CHIRPS-GEFS/v3/15_day/global/data/2017/c3g_2017.05.17.tif
2017-05-29,2017-06-13,32.026153564453125,CHIRPS-GEFS v3 15_day global,https://data.chc.ucsb.edu/products/CHIRPS-GEFS/v3/15_day/global/data/2017/c3g_2017.05.29.tif
2017-06-10,2017-06-25,78.70563507080078,CHIRPS-GEFS v3 15_day global,https://data.chc.ucsb.edu/products/CHIRPS-GEFS/v3/15_day/global/data/2017/c3g_2017.06.10.tif
2017-06-22,2017-07-07,124.42596435546876,CHIRPS-GEFS v3 15_day global,https://data.chc.ucsb.edu/products/CHIRPS-GEFS/v3/15_day/global/data/2017/c3g_2017.06.22.tif
2017-07-04,2017-07-19,105.57759857177734,CHIRPS-GEFS v3 15_day global,https://data.chc.ucsb.edu/products/CHIRPS-GEFS/v3/15_day/global/data/2017/c3g_2017.07.04.tif
2017-07-16,2017-07-31,50.941162109375,CHIRPS-GEFS v3 15_day global,https://data.chc.ucsb.edu/products/CHIRPS-GEFS/v3/15_day/global/data/2017/c3g_2017.07.16.tif
2017-07-28,2017-08-12,109.93025970458984,CHIRPS-GEFS v3 15_day global,https://data.chc.ucsb.edu/products/CHIRPS-GEFS/v3/15_day/global/data/2017/c3g_2017.07.28.tif
2017-08-09,2017-08-24,63.63535690307617,CHIRPS-GEFS v3 15_day global,https://data.chc.ucsb.edu/products/CHIRPS-GEFS/v3/15_day/global/data/2017/c3g_2017.08.09.tif
2017-08-21,2017-09-05,113.58423614501952,CHIRPS-GEFS v3 15_day global,https://data.chc.ucsb.edu/products/CHIRPS-GEFS/v3/15_day/global/data/2017/c3g_2017.08.21.tif
2017-09-02,2017-09-17,80.76543426513672,CHIRPS-GEFS v3 15_day global,https://data.chc.ucsb.edu/products/CHIRPS-GEFS/v3/15_day/global/data/2017/c3g_2017.09.02.tif
2017-09-14,2017-09-29,21.056411743164062,CHIRPS-GEFS v3 15_day global,https://data.chc.ucsb.edu/products/CHIRPS-GEFS/v3/15_day/global/data/2017/c3g_2017.09.14.tif
2017-09-26,2017-10-11,28.554330825805664,CHIRPS-GEFS v3 15_day global,https://data.chc.ucsb.edu/products/CHIRPS-GEFS/v3/15_day/global/data/2017/c3g_2017.09.26.tif
2017-10-08,2017-10-23,36.5419921875,CHIRPS-GEFS v3 15_day global,https://data.chc.ucsb.edu/products/CHIRPS-GEFS/v3/15_day/global/data/2017/c3g_2017.10.08.tif
2017-10-20,2017-11-04,23.524837493896484,CHIRPS-GEFS v3 15_day global,https://data.chc.ucsb.edu/products/CHIRPS-GEFS/v3/15_day/global/data/2017/c3g_2017.10.20.tif
2017-11-01,2017-11-16,2.5501182079315186,CHIRPS-GEFS v3 15_day global,https://data.chc.ucsb.edu/products/CHIRPS-GEFS/v3/15_day/global/data/2017/c3g_2017.11.01.tif
2017-11-13,2017-11-28,0.0,CHIRPS-GEFS v3 15_day global,https://data.chc.ucsb.edu/products/CHIRPS-GEFS/v3/15_day/global/data/2017/c3g_2017.11.13.tif
2017-11-25,2017-12-10,0.0,CHIRPS-GEFS v3 15_day global,https://data.chc.ucsb.edu/products/CHIRPS-GEFS/v3/15_day/global/data/2017/c3g_2017.11.25.tif
2017-12-07,2017-12-22,0.0,CHIRPS-GEFS v3 15_day global,https://data.chc.ucsb.edu/products/CHIRPS-GEFS/v3/15_day/global/data/2017/c3g_2017.12.07.tif
2017-12-19,2018-01-03,0.0,CHIRPS-GEFS v3 15_day global,https://data.chc.ucsb.edu/products/CHIRPS-GEFS/v3/15_day/global/data/2017/c3g_2017.12.19.tif
2017-12-31,2018-01-15,0.0,CHIRPS-GEFS v3 15_day global,https://data.chc.ucsb.edu/products/CHIRPS-GEFS/v3/15_day/global/data/2017/c3g_2017.12.31.tif
2018-01-12,2018-01-27,0.0,CHIRPS-GEFS v3 15_day global,https://data.chc.ucsb.edu/products/CHIRPS-GEFS/v3/15_day/global/data/2018/c3g_2018.01.12.tif
2018-01-24,2018-02-08,2.6466050148010254,CHIRPS-GEFS v3 15_day global,https://data.chc.ucsb.edu/products/CHIRPS-GEFS/v3/15_day/global/data/2018/c3g_2018.01.24.tif
2018-02-05,2018-02-20,3.194176197052002,CHIRPS-GEFS v3 15_day global,https://data.chc.ucsb.edu/products/CHIRPS-GEFS/v3/15_day/global/data/2018/c3g_2018.02.05.tif
2018-02-17,2018-03-04,4.4615631103515625,CHIRPS-GEFS v3 15_day global,https://data.chc.ucsb.edu/products/CHIRPS-GEFS/v3/15_day/global/data/2018/c3g_2018.02.17.tif
2018-03-01,2018-03-16,11.19711685180664,CHIRPS-GEFS v3 15_day global,https://data.chc.ucsb.edu/products/CHIRPS-GEFS/v3/15_day/global/data/2018/c3g_2018.03.01.tif
2018-03-13,2018-03-28,6.765214443206787,CHIRPS-GEFS v3 15_day global,https://data.chc.ucsb.edu/products/CHIRPS-GEFS/v3/15_day/global/data/2018/c3g_2018.03.13.tif
2018-03-25,2018-04-09,15.292577743530272,CHIRPS-GEFS v3 15_day global,https://data.chc.ucsb.edu/products/CHIRPS-GEFS/v3/15_day/global/data/2018/c3g_2018.03.25.tif
2018-04-06,2018-04-21,18.486555099487305,CHIRPS-GEFS v3 15_day global,https://data.chc.ucsb.edu/products/CHIRPS-GEFS/v3/15_day/global/data/2018/c3g_2018.04.06.tif
2018-04-18,2018-05-03,17.301528930664062,CHIRPS-GEFS v3 15_day global,https://data.chc.ucsb.edu/products/CHIRPS-GEFS/v3/15_day/global/data/2018/c3g_2018.04.18.tif
2018-04-30,2018-05-15,34.105594635009766,CHIRPS-GEFS v3 15_day global,https://data.chc.ucsb.edu/products/CHIRPS-GEFS/v3/15_day/global/data/2018/c3g_2018.04.30.tif
2018-05-12,2018-05-27,16.170886993408203,CHIRPS-GEFS v3 15_day global,https://data.chc.ucsb.edu/products/CHIRPS-GEFS/v3/15_day/global/data/2018/c3g_2018.05.12.tif
2018-05-24,2018-06-08,41.07678985595703,CHIRPS-GEFS v3 15_day global,https://data.chc.ucsb.edu/products/CHIRPS-GEFS/v3/15_day/global/data/2018/c3g_2018.05.24.tif
2018-06-05,2018-06-20,48.79353713989258,CHIRPS-GEFS v3 15_day global,https://data.chc.ucsb.edu/products/CHIRPS-GEFS/v3/15_day/global/data/2018/c3g_2018.06.05.tif
2018-06-17,2018-07-02,143.2023162841797,CHIRPS-GEFS v3 15_day global,https://data.chc.ucsb.edu/products/CHIRPS-GEFS/v3/15_day/global/data/2018/c3g_2018.06.17.tif
2018-06-29,2018-07-14,115.77014923095705,CHIRPS-GEFS v3 15_day global,https://data.chc.ucsb.edu/products/CHIRPS-GEFS/v3/15_day/global/data/2018/c3g_2018.06.29.tif
2018-07-11,2018-07-26,74.06319427490234,CHIRPS-GEFS v3 15_day global,https://data.chc.ucsb.edu/products/CHIRPS-GEFS/v3/15_day/global/data/2018/c3g_2018.07.11.tif
2018-07-23,2018-08-07,152.0258026123047,CHIRPS-GEFS v3 15_day global,https://data.chc.ucsb.edu/products/CHIRPS-GEFS/v3/15_day/global/data/2018/c3g_2018.07.23.tif
2018-08-04,2018-08-19,116.33912658691406,CHIRPS-GEFS v3 15_day global,https://data.chc.ucsb.edu/products/CHIRPS-GEFS/v3/15_day/global/data/2018/c3g_2018.08.04.tif
2018-08-16,2018-08-31,102.16951751708984,CHIRPS-GEFS v3 15_day global,https://data.chc.ucsb.edu/products/CHIRPS-GEFS/v3/15_day/global/data/2018/c3g_2018.08.16.tif
2018-08-28,2018-09-12,58.014984130859375,CHIRPS-GEFS v3 15_day global,https://data.chc.ucsb.edu/products/CHIRPS-GEFS/v3/15_day/global/data/2018/c3g_2018.08.28.tif
2018-09-09,2018-09-24,121.63716888427734,CHIRPS-GEFS v3 15_day global,https://data.chc.ucsb.edu/products/CHIRPS-GEFS/v3/15_day/global/data/2018/c3g_2018.09.09.tif
2018-09-21,2018-10-06,98.48159790039062,CHIRPS-GEFS v3 15_day global,https://data.chc.ucsb.edu/products/CHIRPS-GEFS/v3/15_day/global/data/2018/c3g_2018.09.21.tif
2018-10-03,2018-10-18,48.86589431762695,CHIRPS-GEFS v3 15_day global,https://data.chc.ucsb.edu/products/CHIRPS-GEFS/v3/15_day/global/data/2018/c3g_2018.10.03.tif
2018-10-15,2018-10-30,11.025787353515623,CHIRPS-GEFS v3 15_day global,https://data.chc.ucsb.edu/products/CHIRPS-GEFS/v3/15_day/global/data/2018/c3g_2018.10.15.tif
2018-10-27,2018-11-11,2.805274486541748,CHIRPS-GEFS v3 15_day global,https://data.chc.ucsb.edu/products/CHIRPS-GEFS/v3/15_day/global/data/2018/c3g_2018.10.27.tif
2018-11-08,2018-11-23,1.0961322784423828,CHIRPS-GEFS v3 15_day global,https://data.chc.ucsb.edu/products/CHIRPS-GEFS/v3/15_day/global/data/2018/c3g_2018.11.08.tif
2018-11-20,2018-12-05,0.8212323188781738,CHIRPS-GEFS v3 15_day global,https://data.chc.ucsb.edu/products/CHIRPS-GEFS/v3/15_day/global/data/2018/c3g_2018.11.20.tif
2018-12-02,2018-12-17,0.0,CHIRPS-GEFS v3 15_day global,https://data.chc.ucsb.edu/products/CHIRPS-GEFS/v3/15_day/global/data/2018/c3g_2018.12.02.tif
2018-12-14,2018-12-29,1.9490948915481567,CHIRPS-GEFS v3 15_day global,https://data.chc.ucsb.edu/products/CHIRPS-GEFS/v3/15_day/global/data/2018/c3g_2018.12.14.tif
2018-12-26,2019-01-10,0.5784932971000671,CHIRPS-GEFS v3 15_day global,https://data.chc.ucsb.edu/products/CHIRPS-GEFS/v3/15_day/global/data/2018/c3g_2018.12.26.tif
2019-01-07,2019-01-22,0.0,CHIRPS-GEFS v3 15_day global,https://data.chc.ucsb.edu/products/CHIRPS-GEFS/v3/15_day/global/data/2019/c3g_2019.01.07.tif
2019-01-19,2019-02-03,0.0,CHIRPS-GEFS v3 15_day global,https://data.chc.ucsb.edu/products/CHIRPS-GEFS/v3/15_day/global/data/2019/c3g_2019.01.19.tif
2019-01-31,2019-02-15,0.0,CHIRPS-GEFS v3 15_day global,https://data.chc.ucsb.edu/products/CHIRPS-GEFS/v3/15_day/global/data/2019/c3g_2019.01.31.tif
2019-02-12,2019-02-27,4.546597480773926,CHIRPS-GEFS v3 15_day global,https://data.chc.ucsb.edu/products/CHIRPS-GEFS/v3/15_day/global/data/2019/c3g_2019.02.12.tif
2019-02-24,2019-03-11,16.046367645263672,CHIRPS-GEFS v3 15_day global,https://data.chc.ucsb.edu/products/CHIRPS-GEFS/v3/15_day/global/data/2019/c3g_2019.02.24.tif
2019-03-08,2019-03-23,11.308260917663574,CHIRPS-GEFS v3 15_day global,https://data.chc.ucsb.edu/products/CHIRPS-GEFS/v3/15_day/global/data/2019/c3g_2019.03.08.tif
2019-03-20,2019-04-04,12.692554473876951,CHIRPS-GEFS v3 15_day global,https://data.chc.ucsb.edu/products/CHIRPS-GEFS/v3/15_day/global/data/2019/c3g_2019.03.20.tif
2019-04-01,2019-04-16,6.125810146331787,CHIRPS-GEFS v3 15_day global,https://data.chc.ucsb.edu/products/CHIRPS-GEFS/v3/15_day/global/data/2019/c3g_2019.04.01.tif
2019-04-13,2019-04-28,15.950122833251951,CHIRPS-GEFS v3 15_day global,https://data.chc.ucsb.edu/products/CHIRPS-GEFS/v3/15_day/global/data/2019/c3g_2019.04.13.tif
2019-04-25,2019-05-10,30.02248191833496,CHIRPS-GEFS v3 15_day global,https://data.chc.ucsb.edu/products/CHIRPS-GEFS/v3/15_day/global/data/2019/c3g_2019.04.25.tif
2019-05-07,2019-05-22,39.39630889892578,CHIRPS-GEFS v3 15_day global,https://data.chc.ucsb.edu/products/CHIRPS-GEFS/v3/15_day/global/data/2019/c3g_2019.05.07.tif
2019-05-19,2019-06-03,65.62515258789062,CHIRPS-GEFS v3 15_day global,https://data.chc.ucsb.edu/products/CHIRPS-GEFS/v3/15_day/global/data/2019/c3g_2019.05.19.tif
2019-05-31,2019-06-15,23.134496688842773,CHIRPS-GEFS v3 15_day global,https://data.chc.ucsb.edu/products/CHIRPS-GEFS/v3/15_day/global/data/2019/c3g_2019.05.31.tif
2019-06-12,2019-06-27,85.54266357421875,CHIRPS-GEFS v3 15_day global,https://data.chc.ucsb.edu/products/CHIRPS-GEFS/v3/15_day/global/data/2019/c3g_2019.06.12.tif
2019-06-24,2019-07-09,128.7942657470703,CHIRPS-GEFS v3 15_day global,https://data.chc.ucsb.edu/products/CHIRPS-GEFS/v3/15_day/global/data/2019/c3g_2019.06.24.tif
2019-07-06,2019-07-21,104.59105682373048,CHIRPS-GEFS v3 15_day global,https://data.chc.ucsb.edu/products/CHIRPS-GEFS/v3/15_day/global/data/2019/c3g_2019.07.06.tif
2019-07-18,2019-08-02,108.70729064941406,CHIRPS-GEFS v3 15_day global,https://data.chc.ucsb.edu/products/CHIRPS-GEFS/v3/15_day/global/data/2019/c3g_2019.07.18.tif
2019-07-30,2019-08-14,88.24002075195312,CHIRPS-GEFS v3 15_day global,https://data.chc.ucsb.edu/products/CHIRPS-GEFS/v3/15_day/global/data/2019/c3g_2019.07.30.tif
2019-08-11,2019-08-26,17.083602905273438,CHIRPS-GEFS v3 15_day global,https://data.chc.ucsb.edu/products/CHIRPS-GEFS/v3/15_day/global/data/2019/c3g_2019.08.11.tif
2019-08-23,2019-09-07,120.37266540527344,CHIRPS-GEFS v3 15_day global,https://data.chc.ucsb.edu/products/CHIRPS-GEFS/v3/15_day/global/data/2019/c3g_2019.08.23.tif
2019-09-04,2019-09-19,94.67967987060548,CHIRPS-GEFS v3 15_day global,https://data.chc.ucsb.edu/products/CHIRPS-GEFS/v3/15_day/global/data/2019/c3g_2019.09.04.tif
2019-09-16,2019-10-01,53.160831451416016,CHIRPS-GEFS v3 15_day global,https://data.chc.ucsb.edu/products/CHIRPS-GEFS/v3/15_day/global/data/2019/c3g_2019.09.16.tif
2019-09-28,2019-10-13,31.26189422607422,CHIRPS-GEFS v3 15_day global,https://data.chc.ucsb.edu/products/CHIRPS-GEFS/v3/15_day/global/data/2019/c3g_2019.09.28.tif
2019-10-10,2019-10-25,35.17431640625,CHIRPS-GEFS v3 15_day global,https://data.chc.ucsb.edu/products/CHIRPS-GEFS/v3/15_day/global/data/2019/c3g_2019.10.10.tif
2019-10-22,2019-11-06,43.04616165161133,CHIRPS-GEFS v3 15_day global,https://data.chc.ucsb.edu/products/CHIRPS-GEFS/v3/15_day/global/data/2019/c3g_2019.10.22.tif
2019-11-03,2019-11-18,0.4076500236988067,CHIRPS-GEFS v3 15_day global,https://data.chc.ucsb.edu/products/CHIRPS-GEFS/v3/15_day/global/data/2019/c3g_2019.11.03.tif
2019-11-15,2019-11-30,2.838134288787842,CHIRPS-GEFS v3 15_day global,https://data.chc.ucsb.edu/products/CHIRPS-GEFS/v3/15_day/global/data/2019/c3g_2019.11.15.tif
2019-11-27,2019-12-12,0.8270602822303772,CHIRPS-GEFS v3 15_day global,https://data.chc.ucsb.edu/products/CHIRPS-GEFS/v3/15_day/global/data/2019/c3g_2019.11.27.tif
2019-12-09,2019-12-24,4.001307487487793,CHIRPS-GEFS v3 15_day global,https://data.chc.ucsb.edu/products/CHIRPS-GEFS/v3/15_day/global/data/2019/c3g_2019.12.09.tif
2019-12-21,2020-01-05,5.432427883148193,CHIRPS-GEFS v3 15_day global,https://data.chc.ucsb.edu/products/CHIRPS-GEFS/v3/15_day/global/data/2019/c3g_2019.12.21.tif
2020-01-14,2020-01-15,0.03179186097439174,CHIRPS historical climatology fallback,
2020-01-14,2020-01-16,0.03341798965103163,CHIRPS historical climatology fallback,
2020-01-14,2020-01-17,0.03294477610566393,CHIRPS historical climatology fallback,
2020-01-14,2020-01-18,0.0332586256654004,CHIRPS historical climatology fallback,
2020-01-14,2020-01-19,0.033385826109946566,CHIRPS historical climatology fallback,
2020-01-14,2020-01-20,0.035196070560726364,CHIRPS historical climatology fallback,
2020-01-14,2020-01-21,0.037706638517649056,CHIRPS historical climatology fallback,
2020-01-14,2020-01-22,0.04316644143506456,CHIRPS historical climatology fallback,
2020-01-14,2020-01-23,0.04436031023089237,CHIRPS historical climatology fallback,
2020-01-14,2020-01-24,0.04834605353240703,CHIRPS historical climatology fallback,
2020-01-14,2020-01-25,0.050384242359082496,CHIRPS historical climatology fallback,
2020-01-14,2020-01-26,0.05148251828845414,CHIRPS historical climatology fallback,
2020-01-14,2020-01-27,0.0538346907358613,CHIRPS historical climatology fallback,
2020-01-14,2020-01-28,0.054855672312465055,CHIRPS historical climatology fallback,
2020-01-14,2020-01-29,0.05563842025064605,CHIRPS historical climatology fallback,
2020-01-26,2020-01-27,0.053260348677760534,CHIRPS historical climatology fallback,
2020-01-26,2020-01-28,0.05424222622699433,CHIRPS historical climatology fallback,
2020-01-26,2020-01-29,0.054994373488283455,CHIRPS historical climatology fallback,
2020-01-26,2020-01-30,0.060483572467488166,CHIRPS historical climatology fallback,
2020-01-26,2020-01-31,0.06396622276212534,CHIRPS historical climatology fallback,
2020-01-26,2020-02-01,0.0707864607556598,CHIRPS historical climatology fallback,
2020-01-26,2020-02-02,0.0754820984963949,CHIRPS historical climatology fallback,
2020-01-26,2020-02-03,0.07831091801447458,CHIRPS historical climatology fallback,
2020-01-26,2020-02-04,0.09074611419614233,CHIRPS historical climatology fallback,
2020-01-26,2020-02-05,0.09255906955550577,CHIRPS historical climatology fallback,
2020-01-26,2020-02-06,0.0945062206045928,CHIRPS historical climatology fallback,
2020-01-26,2020-02-07,0.10015146767619167,CHIRPS historical climatology fallback,
2020-01-26,2020-02-08,0.10894648899445218,CHIRPS historical climatology fallback,
2020-01-26,2020-02-09,0.11553827594059987,CHIRPS historical climatology fallback,
2020-01-26,2020-02-10,0.11903014300938822,CHIRPS historical climatology fallback,
2020-02-07,2020-02-08,0.10582494117319105,CHIRPS historical climatology fallback,
2020-02-07,2020-02-09,0.11216981222992423,CHIRPS historical climatology fallback,
2020-02-07,2020-02-10,0.11552532126095312,CHIRPS historical climatology fallback,
2020-02-07,2020-02-11,0.121797168453165,CHIRPS historical climatology fallback,
2020-02-07,2020-02-12,0.12407174044396511,CHIRPS historical climatology fallback,
2020-02-07,2020-02-13,0.12708398433691495,CHIRPS historical climatology fallback,
2020-02-07,2020-02-14,0.13537357339840506,CHIRPS historical climatology fallback,
2020-02-07,2020-02-15,0.13820689892710197,CHIRPS historical climatology fallback,
2020-02-07,2020-02-16,0.14702063360692016,CHIRPS historical climatology fallback,
2020-02-07,2020-02-17,0.15180011511445626,CHIRPS historical climatology fallback,
2020-02-07,2020-02-18,0.16246735700717158,CHIRPS historical climatology fallback,
2020-02-07,2020-02-19,0.1752529776666153,CHIRPS historical climatology fallback,
2020-02-07,2020-02-20,0.18527787642704435,CHIRPS historical climatology fallback,
2020-02-07,2020-02-21,0.2031046593697609,CHIRPS historical climatology fallback,
2020-02-07,2020-02-22,0.2103063397535152,CHIRPS historical climatology fallback,
2020-02-19,2020-02-20,0.18058407172067015,CHIRPS historical climatology fallback,
2020-02-19,2020-02-21,0.19775435256122764,CHIRPS historical climatology fallback,
2020-02-19,2020-02-22,0.20467961586241087,CHIRPS historical climatology fallback,
2020-02-19,2020-02-23,0.2056783958054373,CHIRPS historical climatology fallback,
2020-02-19,2020-02-24,0.22407391185565342,CHIRPS historical climatology fallback,
2020-02-19,2020-02-25,0.22631115181244893,CHIRPS historical climatology fallback,
2020-02-19,2020-02-26,0.23729712768438663,CHIRPS historical climatology fallback,
2020-02-19,2020-02-27,0.2539989149693858,CHIRPS historical climatology fallback,
2020-02-19,2020-02-28,0.26512612296397614,CHIRPS historical climatology fallback,
2020-02-19,2020-02-29,0.2735810272562174,CHIRPS historical climatology fallback,
2020-02-19,2020-03-01,0.2881620701592499,CHIRPS historical climatology fallback,
2020-02-19,2020-03-02,0.32067807534822745,CHIRPS historical climatology fallback,
2020-02-19,2020-03-03,0.3422973451303298,CHIRPS historical climatology fallback,
2020-02-19,2020-03-04,0.3646052817248658,CHIRPS historical climatology fallback,
2020-02-19,2020-03-05,0.417318750234881,CHIRPS historical climatology fallback,
2020-03-02,2020-03-03,0.33741717610154776,CHIRPS historical climatology fallback,
2020-03-02,2020-03-04,0.35890656792682485,CHIRPS historical climatology fallback,
2020-03-02,2020-03-05,0.4096975655455201,CHIRPS historical climatology fallback,
2020-03-02,2020-03-06,0.4397968014364913,CHIRPS historical climatology fallback,
2020-03-02,2020-03-07,0.44960041560292613,CHIRPS historical climatology fallback,
2020-03-02,2020-03-08,0.46639786834427294,CHIRPS historical climatology fallback,
2020-03-02,2020-03-09,0.5245349468692084,CHIRPS historical climatology fallback,
2020-03-02,2020-03-10,0.5394091522700256,CHIRPS historical climatology fallback,
2020-03-02,2020-03-11,0.5489281121010398,CHIRPS historical climatology fallback,
2020-03-02,2020-03-12,0.5540919427009514,CHIRPS historical climatology fallback,
2020-03-02,2020-03-13,0.5702768777390039,CHIRPS historical climatology fallback,
2020-03-02,2020-03-14,0.5878250601441216,CHIRPS historical climatology fallback,
2020-03-02,2020-03-15,0.6013910184789345,CHIRPS historical climatology fallback,
2020-03-02,2020-03-16,0.6197597173708448,CHIRPS historical climatology fallback,
2020-03-02,2020-03-17,0.6460486156873231,CHIRPS historical climatology fallback,
2020-03-14,2020-03-15,0.5824640113407256,CHIRPS historical climatology fallback,
2020-03-14,2020-03-16,0.6001139372781579,CHIRPS historical climatology fallback,
2020-03-14,2020-03-17,0.6253934604142434,CHIRPS historical climatology fallback,
2020-03-14,2020-03-18,0.6256687126419257,CHIRPS historical climatology fallback,
2020-03-14,2020-03-19,0.6492738053491903,CHIRPS historical climatology fallback,
2020-03-14,2020-03-20,0.6972016779391667,CHIRPS historical climatology fallback,
2020-03-14,2020-03-21,0.7440132324558274,CHIRPS historical climatology fallback,
2020-03-14,2020-03-22,0.7932738600745911,CHIRPS historical climatology fallback,
2020-03-14,2020-03-23,0.8472976580839261,CHIRPS historical climatology fallback,
2020-03-14,2020-03-24,0.877218653551088,CHIRPS historical climatology fallback,
2020-03-14,2020-03-25,0.8819659244769288,CHIRPS historical climatology fallback,
2020-03-14,2020-03-26,0.9066929160343373,CHIRPS historical climatology fallback,
2020-03-14,2020-03-27,0.9148237743958691,CHIRPS historical climatology fallback,
2020-03-14,2020-03-28,0.9202760015454758,CHIRPS historical climatology fallback,
2020-03-14,2020-03-29,0.9423250576655846,CHIRPS historical climatology fallback,
2020-03-26,2020-03-27,0.8972476351487556,CHIRPS historical climatology fallback,
2020-03-26,2020-03-28,0.902450604445382,CHIRPS historical climatology fallback,
2020-03-26,2020-03-29,0.9236490157747035,CHIRPS historical climatology fallback,
2020-03-26,2020-03-30,0.9525061127901348,CHIRPS historical climatology fallback,
2020-03-26,2020-03-31,0.9555783460989143,CHIRPS historical climatology fallback,
2020-03-26,2020-04-01,0.979708446874807,CHIRPS historical climatology fallback,
2020-03-26,2020-04-02,0.976145396101368,CHIRPS historical climatology fallback,
2020-03-26,2020-04-03,1.0035032014567575,CHIRPS historical climatology fallback,
2020-03-26,2020-04-04,1.0459530564107893,CHIRPS historical climatology fallback,
2020-03-26,2020-04-05,1.0502543470105872,CHIRPS historical climatology fallback,
2020-03-26,2020-04-06,1.0642240053505556,CHIRPS historical climatology fallback,
2020-03-26,2020-04-07,1.077848142025929,CHIRPS historical climatology fallback,
2020-03-26,2020-04-08,1.1301526677815001,CHIRPS historical climatology fallback,
2020-03-26,2020-04-09,1.1347161189513717,CHIRPS historical climatology fallback,
2020-03-26,2020-04-10,1.1769735400986974,CHIRPS historical climatology fallback,
2020-04-07,2020-04-08,1.1140042479794114,CHIRPS historical climatology fallback,
2020-04-07,2020-04-09,1.1183547567053176,CHIRPS historical climatology fallback,
2020-04-07,2020-04-10,1.159035519973083,CHIRPS historical climatology fallback,
2020-04-07,2020-04-11,1.2220030840545375,CHIRPS historical climatology fallback,
2020-04-07,2020-04-12,1.2437549803589443,CHIRPS historical climatology fallback,
2020-04-07,2020-04-13,1.277968099291258,CHIRPS historical climatology fallback,
2020-04-07,2020-04-14,1.2976462097523347,CHIRPS historical climatology fallback,
2020-04-07,2020-04-15,1.3214677556144467,CHIRPS historical climatology fallback,
2020-04-07,2020-04-16,1.4019278802414727,CHIRPS historical climatology fallback,
2020-04-07,2020-04-17,1.438186973879257,CHIRPS historical climatology fallback,
2020-04-07,2020-04-18,1.441684530100808,CHIRPS historical climatology fallback,
2020-04-07,2020-04-19,1.431908699376768,CHIRPS historical climatology fallback,
2020-04-07,2020-04-20,1.4249981386335393,CHIRPS historical climatology fallback,
2020-04-07,2020-04-21,1.4835919757907474,CHIRPS historical climatology fallback,
2020-04-07,2020-04-22,1.529314209021686,CHIRPS historical climatology fallback,
2020-04-19,2020-04-20,1.4119671429605027,CHIRPS historical climatology fallback,
2020-04-19,2020-04-21,1.4684103583712858,CHIRPS historical climatology fallback,
2020-04-19,2020-04-22,1.5124342529992405,CHIRPS historical climatology fallback,
2020-04-19,2020-04-23,1.5260813436428722,CHIRPS historical climatology fallback,
2020-04-19,2020-04-24,1.5259010738664955,CHIRPS historical climatology fallback,
2020-04-19,2020-04-25,1.5126783845261147,CHIRPS historical climatology fallback,
2020-04-19,2020-04-26,1.5247303405606256,CHIRPS historical climatology fallback,
2020-04-19,2020-04-27,1.5183646735601377,CHIRPS historical climatology fallback,
2020-04-19,2020-04-28,1.51020092998797,CHIRPS historical climatology fallback,
2020-04-19,2020-04-29,1.6206479634860387,CHIRPS historical climatology fallback,
2020-04-19,2020-04-30,1.6415742067907604,CHIRPS historical climatology fallback,
2020-04-19,2020-05-01,1.62704528699234,CHIRPS historical climatology fallback,
2020-04-19,2020-05-02,1.6050663193548966,CHIRPS historical climatology fallback,
2020-04-19,2020-05-03,1.5876234694793123,CHIRPS historical climatology fallback,
2020-04-19,2020-05-04,1.5761843453219626,CHIRPS historical climatology fallback,
2020-05-01,2020-05-02,1.637403749838516,CHIRPS historical climatology fallback,
2020-05-01,2020-05-03,1.6206865805304713,CHIRPS historical climatology fallback,
2020-05-01,2020-05-04,1.6097605063759508,CHIRPS historical climatology fallback,
2020-05-01,2020-05-05,1.5566981797278197,CHIRPS historical climatology fallback,
2020-05-01,2020-05-06,1.5740436017343944,CHIRPS historical climatology fallback,
2020-05-01,2020-05-07,1.585573279007273,CHIRPS historical climatology fallback,
2020-05-01,2020-05-08,1.5605842223811168,CHIRPS historical climatology fallback,
2020-05-01,2020-05-09,1.5255192833402926,CHIRPS historical climatology fallback,
2020-05-01,2020-05-10,1.5156842698543076,CHIRPS historical climatology fallback,
2020-05-01,2020-05-11,1.5213601987923566,CHIRPS historical climatology fallback,
2020-05-01,2020-05-12,1.6182892690757635,CHIRPS historical climatology fallback,
2020-05-01,2020-05-13,1.655751829321032,CHIRPS historical climatology fallback,
2020-05-01,2020-05-14,1.739147746142995,CHIRPS historical climatology fallback,
2020-05-01,2020-05-15,1.8092097172171249,CHIRPS historical climatology fallback,
2020-05-01,2020-05-16,1.8321085366711487,CHIRPS historical climatology fallback,
2020-05-13,2020-05-14,1.6830370355185544,CHIRPS historical climatology fallback,
2020-05-13,2020-05-15,1.7504057502457957,CHIRPS historical climatology fallback,
2020-05-13,2020-05-16,1.7722997811443386,CHIRPS historical climatology fallback,
2020-05-13,2020-05-17,1.8084779566046965,CHIRPS historical climatology fallback,
2020-05-13,2020-05-18,1.8943267970543467,CHIRPS historical climatology fallback,
2020-05-13,2020-05-19,1.9472122623735195,CHIRPS historical climatology fallback,
2020-05-13,2020-05-20,1.937351755996621,CHIRPS historical climatology fallback,
2020-05-13,2020-05-21,2.004635397464447,CHIRPS historical climatology fallback,
2020-05-13,2020-05-22,2.0253614128904385,CHIRPS historical climatology fallback,
2020-05-13,2020-05-23,2.1470483554498507,CHIRPS historical climatology fallback,
2020-05-13,2020-05-24,2.231781048004596,CHIRPS historical climatology fallback,
2020-05-13,2020-05-25,2.351413101067438,CHIRPS historical climatology fallback,
2020-05-13,2020-05-26,2.478755210699826,CHIRPS historical climatology fallback,
2020-05-13,2020-05-27,2.5070965477784752,CHIRPS historical climatology fallback,
2020-05-13,2020-05-28,2.5687841194856444,CHIRPS historical climatology fallback,
2020-05-25,2020-05-26,2.515625843226151,CHIRPS historical climatology fallback,
2020-05-25,2020-05-27,2.543056593480724,CHIRPS historical climatology fallback,
2020-05-25,2020-05-28,2.6026228073120388,CHIRPS historical climatology fallback,
2020-05-25,2020-05-29,2.7398309104560994,CHIRPS historical climatology fallback,
2020-05-25,2020-05-30,2.8014651596715505,CHIRPS historical climatology fallback,
2020-05-25,2020-05-31,3.0086754907749165,CHIRPS historical climatology fallback,
2020-05-25,2020-06-01,3.093509600054836,CHIRPS historical climatology fallback,
2020-05-25,2020-06-02,3.266990194649689,CHIRPS historical climatology fallback,
2020-05-25,2020-06-03,3.304993822919262,CHIRPS historical climatology fallback,
2020-05-25,2020-06-04,3.442543238332638,CHIRPS historical climatology fallback,
2020-05-25,2020-06-05,3.6102427179798666,CHIRPS historical climatology fallback,
2020-05-25,2020-06-06,3.8123733006394684,CHIRPS historical climatology fallback,
2020-05-25,2020-06-07,3.9795890267221083,CHIRPS historical climatology fallback,
2020-05-25,2020-06-08,3.978558414636,CHIRPS historical climatology fallback,
2020-05-25,2020-06-09,4.057733298093081,CHIRPS historical climatology fallback,
2020-06-06,2020-06-07,3.955823969921309,CHIRPS historical climatology fallback,
2020-06-06,2020-06-08,3.9547591304725356,CHIRPS historical climatology fallback,
2020-06-06,2020-06-09,4.031000586563205,CHIRPS historical climatology fallback,
2020-06-06,2020-06-10,4.072179684893783,CHIRPS historical climatology fallback,
2020-06-06,2020-06-11,4.1263550139060525,CHIRPS historical climatology fallback,
2020-06-06,2020-06-12,4.263976952485672,CHIRPS historical climatology fallback,
2020-06-06,2020-06-13,4.4280302996928915,CHIRPS historical climatology fallback,
2020-06-06,2020-06-14,4.4641114546139855,CHIRPS historical climatology fallback,
2020-06-06,2020-06-15,4.44660884552161,CHIRPS historical climatology fallback,
2020-06-06,2020-06-16,4.344613280743361,CHIRPS historical climatology fallback,
2020-06-06,2020-06-17,4.425683357177969,CHIRPS historical climatology fallback,
2020-06-06,2020-06-18,4.5014481545301965,CHIRPS historical climatology fallback,
2020-06-06,2020-06-19,4.581896040831571,CHIRPS historical climatology fallback,
2020-06-06,2020-06-20,4.705518020728945,CHIRPS historical climatology fallback,
2020-06-06,2020-06-21,4.789290556358173,CHIRPS historical climatology fallback,
2020-06-18,2020-06-19,4.46359626427962,CHIRPS historical climatology fallback,
2020-06-18,2020-06-20,4.582408143470326,CHIRPS historical climatology fallback,
2020-06-18,2020-06-21,4.662781943241695,CHIRPS historical climatology fallback,
2020-06-18,2020-06-22,4.696616050092295,CHIRPS historical climatology fallback,
2020-06-18,2020-06-23,4.766591764173724,CHIRPS historical climatology fallback,
2020-06-18,2020-06-24,4.820245355492214,CHIRPS historical climatology fallback,
2020-06-18,2020-06-25,4.8984436004240886,CHIRPS historical climatology fallback,
2020-06-18,2020-06-26,4.985003511099549,CHIRPS historical climatology fallback,
2020-06-18,2020-06-27,4.986585756009616,CHIRPS historical climatology fallback,
2020-06-18,2020-06-28,5.02480151918072,CHIRPS historical climatology fallback,
2020-06-18,2020-06-29,4.957234741947441,CHIRPS historical climatology fallback,
2020-06-18,2020-06-30,4.993564688603483,CHIRPS historical climatology fallback,
2020-06-18,2020-07-01,5.103975691005402,CHIRPS historical climatology fallback,
2020-06-18,2020-07-02,5.167908058046273,CHIRPS historical climatology fallback,
2020-06-18,2020-07-03,5.243231727986131,CHIRPS historical climatology fallback,
2020-06-30,2020-07-01,5.046274809969845,CHIRPS historical climatology fallback,
2020-06-30,2020-07-02,5.107730032009137,CHIRPS historical climatology fallback,
2020-06-30,2020-07-03,5.180149900547442,CHIRPS historical climatology fallback,
2020-06-30,2020-07-04,5.291233554088548,CHIRPS historical climatology fallback,
2020-06-30,2020-07-05,5.342298334441853,CHIRPS historical climatology fallback,
2020-06-30,2020-07-06,5.4556478593147455,CHIRPS historical climatology fallback,
2020-06-30,2020-07-07,5.504209983787249,CHIRPS historical climatology fallback,
2020-06-30,2020-07-08,5.5220822919422154,CHIRPS historical climatology fallback,
2020-06-30,2020-07-09,5.596859441544472,CHIRPS historical climatology fallback,
2020-06-30,2020-07-10,5.680861512296475,CHIRPS historical climatology fallback,
2020-06-30,2020-07-11,5.716753565660321,CHIRPS historical climatology fallback,
2020-06-30,2020-07-12,5.692324653556196,CHIRPS historical climatology fallback,
2020-06-30,2020-07-13,5.6708029740322266,CHIRPS historical climatology fallback,
2020-06-30,2020-07-14,5.6405066391366105,CHIRPS historical climatology fallback,
2020-06-30,2020-07-15,5.617951410112437,CHIRPS historical climatology fallback,
2020-07-12,2020-07-13,5.72833450561289,CHIRPS historical climatology fallback,
2020-07-12,2020-07-14,5.699302697895436,CHIRPS historical climatology fallback,
2020-07-12,2020-07-15,5.677739814675626,CHIRPS historical climatology fallback,
2020-07-12,2020-07-16,5.765242841544919,CHIRPS historical climatology fallback,
2020-07-12,2020-07-17,5.773804613349564,CHIRPS historical climatology fallback,
2020-07-12,2020-07-18,5.798624727852348,CHIRPS historical climatology fallback,
2020-07-12,2020-07-19,5.881705682985939,CHIRPS historical climatology fallback,
2020-07-12,2020-07-20,5.877238076248574,CHIRPS historical climatology fallback,
2020-07-12,2020-07-21,5.794334415632066,CHIRPS historical climatology fallback,
2020-07-12,2020-07-22,5.753507309269446,CHIRPS historical climatology fallback,
2020-07-12,2020-07-23,5.609352301196828,CHIRPS historical climatology fallback,
2020-07-12,2020-07-24,5.54118211063392,CHIRPS historical climatology fallback,
2020-07-12,2020-07-25,5.471168523932003,CHIRPS historical climatology fallback,
2020-07-12,2020-07-26,5.38887215184042,CHIRPS historical climatology fallback,
2020-07-12,2020-07-27,5.404950679128524,CHIRPS historical climatology fallback,
2020-07-24,2020-07-25,5.642404302809678,CHIRPS historical climatology fallback,
2020-07-24,2020-07-26,5.563587787306613,CHIRPS historical climatology fallback,
2020-07-24,2020-07-27,5.579611414920045,CHIRPS historical climatology fallback,
2020-07-24,2020-07-28,5.620532313176062,CHIRPS historical climatology fallback,
2020-07-24,2020-07-29,5.517369310907794,CHIRPS historical climatology fallback,
2020-07-24,2020-07-30,5.501668332048372,CHIRPS historical climatology fallback,
2020-07-24,2020-07-31,5.346407982486686,CHIRPS historical climatology fallback,
2020-07-24,2020-08-01,5.358347796553045,CHIRPS historical climatology fallback,
2020-07-24,2020-08-02,5.278063628605447,CHIRPS historical climatology fallback,
2020-07-24,2020-08-03,5.333447143882513,CHIRPS historical climatology fallback,
2020-07-24,2020-08-04,5.215795627749168,CHIRPS historical climatology fallback,
2020-07-24,2020-08-05,5.147265685082128,CHIRPS historical climatology fallback,
2020-07-24,2020-08-06,5.016972245486534,CHIRPS historical climatology fallback,
2020-07-24,2020-08-07,4.938561775823156,CHIRPS historical climatology fallback,
2020-07-24,2020-08-08,4.970084155199584,CHIRPS historical climatology fallback,
2020-08-05,2020-08-06,5.0620643063197415,CHIRPS historical climatology fallback,
2020-08-05,2020-08-07,4.986614850760849,CHIRPS historical climatology fallback,
2020-08-05,2020-08-08,5.017142605204809,CHIRPS historical climatology fallback,
2020-08-05,2020-08-09,4.9721852327018885,CHIRPS historical climatology fallback,
2020-08-05,2020-08-10,4.982494485592752,CHIRPS historical climatology fallback,
2020-08-05,2020-08-11,4.959274795495178,CHIRPS historical climatology fallback,
2020-08-05,2020-08-12,4.925421354099654,CHIRPS historical climatology fallback,
2020-08-05,2020-08-13,4.808709619094016,CHIRPS historical climatology fallback,
2020-08-05,2020-08-14,4.786129043957481,CHIRPS historical climatology fallback,
2020-08-05,2020-08-15,4.778410765929864,CHIRPS historical climatology fallback,
2020-08-05,2020-08-16,4.841962210546581,CHIRPS historical climatology fallback,
2020-08-05,2020-08-17,4.769787183844545,CHIRPS historical climatology fallback,
2020-08-05,2020-08-18,4.807599531556046,CHIRPS historical climatology fallback,
2020-08-05,2020-08-19,4.69169690888201,CHIRPS historical climatology fallback,
2020-08-05,2020-08-20,4.607707978680264,CHIRPS historical climatology fallback,
2020-08-17,2020-08-18,4.932800678781675,CHIRPS historical climatology fallback,
2020-08-17,2020-08-19,4.821450706616089,CHIRPS historical climatology fallback,
2020-08-17,2020-08-20,4.740888345571437,CHIRPS historical climatology fallback,
2020-08-17,2020-08-21,4.57728171842651,CHIRPS historical climatology fallback,
2020-08-17,2020-08-22,4.532256330944824,CHIRPS historical climatology fallback,
2020-08-17,2020-08-23,4.5928243776064335,CHIRPS historical climatology fallback,
2020-08-17,2020-08-24,4.602400982866018,CHIRPS historical climatology fallback,
2020-08-17,2020-08-25,4.554151521522882,CHIRPS historical climatology fallback,
2020-08-17,2020-08-26,4.535876807968126,CHIRPS historical climatology fallback,
2020-08-17,2020-08-27,4.525464584254301,CHIRPS historical climatology fallback,
2020-08-17,2020-08-28,4.476609397196659,CHIRPS historical climatology fallback,
2020-08-17,2020-08-29,4.4305987959445075,CHIRPS historical climatology fallback,
2020-08-17,2020-08-30,4.390516606038031,CHIRPS historical climatology fallback,
2020-08-17,2020-08-31,4.255807766545784,CHIRPS historical climatology fallback,
2020-08-17,2020-09-01,4.246469275443815,CHIRPS historical climatology fallback,
2020-08-29,2020-08-30,4.291339995194517,CHIRPS historical climatology fallback,
2020-08-29,2020-08-31,4.161187700636394,CHIRPS historical climatology fallback,
2020-08-29,2020-09-01,4.151901745158865,CHIRPS historical climatology fallback,
2020-08-29,2020-09-02,4.120248181087013,CHIRPS historical climatology fallback,
2020-08-29,2020-09-03,4.018235831572251,CHIRPS historical climatology fallback,
2020-08-29,2020-09-04,4.01632908772462,CHIRPS historical climatology fallback,
2020-08-29,2020-09-05,3.925311391650722,CHIRPS historical climatology fallback,
2020-08-29,2020-09-06,3.8700009318074318,CHIRPS historical climatology fallback,
2020-08-29,2020-09-07,3.870545633891426,CHIRPS historical climatology fallback,
2020-08-29,2020-09-08,3.7965882185560007,CHIRPS historical climatology fallback,
2020-08-29,2020-09-09,3.7454904320845266,CHIRPS historical climatology fallback,
2020-08-29,2020-09-10,3.6875686563620627,CHIRPS historical climatology fallback,
2020-08-29,2020-09-11,3.6065679955417695,CHIRPS historical climatology fallback,
2020-08-29,2020-09-12,3.600013598776495,CHIRPS historical climatology fallback,
2020-08-29,2020-09-13,3.531526429136284,CHIRPS historical climatology fallback,
2020-09-10,2020-09-11,3.61546213352707,CHIRPS historical climatology fallback,
2020-09-10,2020-09-12,3.609170640362902,CHIRPS historical climatology fallback,
2020-09-10,2020-09-13,3.5431864920397658,CHIRPS historical climatology fallback,
2020-09-10,2020-09-14,3.4610213024986294,CHIRPS historical climatology fallback,
2020-09-10,2020-09-15,3.3299955742264338,CHIRPS historical climatology fallback,
2020-09-10,2020-09-16,3.2853781599834515,CHIRPS historical climatology fallback,
2020-09-10,2020-09-17,3.1955601703943457,CHIRPS historical climatology fallback,
2020-09-10,2020-09-18,3.06571779594919,CHIRPS historical climatology fallback,
2020-09-10,2020-09-19,3.080159744613467,CHIRPS historical climatology fallback,
2020-09-10,2020-09-20,3.102251529200719,CHIRPS historical climatology fallback,
2020-09-10,2020-09-21,3.0829589904780375,CHIRPS historical climatology fallback,
2020-09-10,2020-09-22,3.0743513347886666,CHIRPS historical climatology fallback,
2020-09-10,2020-09-23,3.037787761735289,CHIRPS historical climatology fallback,
2020-09-10,2020-09-24,3.0031259706468774,CHIRPS historical climatology fallback,
2020-09-10,2020-09-25,2.9894144228506754,CHIRPS historical climatology fallback,
2020-09-22,2020-09-23,3.1171662365100277,CHIRPS historical climatology fallback,
2020-09-22,2020-09-24,3.0837460618188133,CHIRPS historical climatology fallback,
2020-09-22,2020-09-25,3.0705256739436693,CHIRPS historical climatology fallback,
2020-09-22,2020-09-26,3.019168228600452,CHIRPS historical climatology fallback,
2020-09-22,2020-09-27,2.8926537667415033,CHIRPS historical climatology fallback,
2020-09-22,2020-09-28,2.8578176118322274,CHIRPS historical climatology fallback,
2020-09-22,2020-09-29,2.817686996864739,CHIRPS historical climatology fallback,
2020-09-22,2020-09-30,2.744260411709547,CHIRPS historical climatology fallback,
2020-09-22,2020-10-01,2.647112349209501,CHIRPS historical climatology fallback,
2020-09-22,2020-10-02,2.5743759266920945,CHIRPS historical climatology fallback,
2020-09-22,2020-10-03,2.459164489750097,CHIRPS historical climatology fallback,
2020-09-22,2020-10-04,2.37924260943016,CHIRPS historical climatology fallback,
2020-09-22,2020-10-05,2.2507616565854693,CHIRPS historical climatology fallback,
2020-09-22,2020-10-06,2.1592127951390263,CHIRPS historical climatology fallback,
2020-09-22,2020-10-07,2.0717983383018135,CHIRPS historical climatology fallback,
2020-10-04,2020-10-05,2.273594897111572,CHIRPS historical climatology fallback,
2020-10-04,2020-10-06,2.18521199052783,CHIRPS historical climatology fallback,
2020-10-04,2020-10-07,2.1008205120250456,CHIRPS historical climatology fallback,
2020-10-04,2020-10-08,2.006344415252808,CHIRPS historical climatology fallback,
2020-10-04,2020-10-09,1.9436822143525572,CHIRPS historical climatology fallback,
2020-10-04,2020-10-10,1.840289724647183,CHIRPS historical climatology fallback,
2020-10-04,2020-10-11,1.7428872592865303,CHIRPS historical climatology fallback,
2020-10-04,2020-10-12,1.5636530804369997,CHIRPS historical climatology fallback,
2020-10-04,2020-10-13,1.4775896466441818,CHIRPS historical climatology fallback,
2020-10-04,2020-10-14,1.434842410618144,CHIRPS historical climatology fallback,
2020-10-04,2020-10-15,1.3941521120743465,CHIRPS historical climatology fallback,
2020-10-04,2020-10-16,1.2703536995861047,CHIRPS historical climatology fallback,
2020-10-04,2020-10-17,1.2123235206063354,CHIRPS historical climatology fallback,
2020-10-04,2020-10-18,1.1169348655145088,CHIRPS historical climatology fallback,
2020-10-04,2020-10-19,1.0972691927191074,CHIRPS historical climatology fallback,
2020-10-16,2020-10-17,1.194578476608173,CHIRPS historical climatology fallback,
2020-10-16,2020-10-18,1.102378300238079,CHIRPS historical climatology fallback,
2020-10-16,2020-10-19,1.0833699758369528,CHIRPS historical climatology fallback,
2020-10-16,2020-10-20,1.049098893235409,CHIRPS historical climatology fallback,
2020-10-16,2020-10-21,1.0382122034887968,CHIRPS historical climatology fallback,
2020-10-16,2020-10-22,0.9894458027511139,CHIRPS historical climatology fallback,
2020-10-16,2020-10-23,0.8384778977178483,CHIRPS historical climatology fallback,
2020-10-16,2020-10-24,0.7705925367078628,CHIRPS historical climatology fallback,
2020-10-16,2020-10-25,0.7075978433979224,CHIRPS historical climatology fallback,
2020-10-16,2020-10-26,0.6272672644815042,CHIRPS historical climatology fallback,
2020-10-16,2020-10-27,0.5885921585374229,CHIRPS historical climatology fallback,
2020-10-16,2020-10-28,0.5900932771719936,CHIRPS historical climatology fallback,
2020-10-16,2020-10-29,0.5575470769480209,CHIRPS historical climatology fallback,
2020-10-16,2020-10-30,0.5576855641686614,CHIRPS historical climatology fallback,
2020-10-16,2020-10-31,0.5425746690272418,CHIRPS historical climatology fallback,
2020-10-28,2020-10-29,0.5809806988093213,CHIRPS historical climatology fallback,
2020-10-28,2020-10-30,0.5811147066589439,CHIRPS historical climatology fallback,
2020-10-28,2020-10-31,0.5664925736245244,CHIRPS historical climatology fallback,
2020-10-28,2020-11-01,0.5269446323912546,CHIRPS historical climatology fallback,
2020-10-28,2020-11-02,0.5054615956842221,CHIRPS historical climatology fallback,
2020-10-28,2020-11-03,0.49573172256632925,CHIRPS historical climatology fallback,
2020-10-28,2020-11-04,0.4692161169302878,CHIRPS historical climatology fallback,
2020-10-28,2020-11-05,0.41914678239809466,CHIRPS historical climatology fallback,
2020-10-28,2020-11-06,0.3969649727881129,CHIRPS historical climatology fallback,
2020-10-28,2020-11-07,0.39479907462956904,CHIRPS historical climatology fallback,
2020-10-28,2020-11-08,0.38139680884935273,CHIRPS historical climatology fallback,
2020-10-28,2020-11-09,0.3752795457986179,CHIRPS historical climatology fallback,
2020-10-28,2020-11-10,0.3636914294590218,CHIRPS historical climatology fallback,
2020-10-28,2020-11-11,0.3533633035977266,CHIRPS historical climatology fallback,
2020-10-28,2020-11-12,0.3497492939661147,CHIRPS historical climatology fallback,
2020-11-09,2020-11-10,0.355717501206281,CHIRPS historical climatology fallback,
2020-11-09,2020-11-11,0.3457129719777157,CHIRPS historical climatology fallback,
2020-11-09,2020-11-12,0.3422121950238567,CHIRPS historical climatology fallback,
2020-11-09,2020-11-13,0.33785904433739844,CHIRPS historical climatology fallback,
2020-11-09,2020-11-14,0.3310705508410009,CHIRPS historical climatology fallback,
2020-11-09,2020-11-15,0.3292622943975958,CHIRPS historical climatology fallback,
2020-11-09,2020-11-16,0.30380993178825433,CHIRPS historical climatology fallback,
2020-11-09,2020-11-17,0.30360173754711267,CHIRPS historical climatology fallback,
2020-11-09,2020-11-18,0.3047881571075675,CHIRPS historical climatology fallback,
2020-11-09,2020-11-19,0.28127903852802544,CHIRPS historical climatology fallback,
2020-11-09,2020-11-20,0.24061298416763202,CHIRPS historical climatology fallback,
2020-11-09,2020-11-21,0.24059246076038596,CHIRPS historical climatology fallback,
2020-11-09,2020-11-22,0.24060983234346425,CHIRPS historical climatology fallback,
2020-11-09,2020-11-23,0.2163159615667988,CHIRPS historical climatology fallback,
2020-11-09,2020-11-24,0.21227518648228041,CHIRPS historical climatology fallback,
2020-11-21,2020-11-22,0.23534087914271942,CHIRPS historical climatology fallback,
2020-11-21,2020-11-23,0.2117735502343769,CHIRPS historical climatology fallback,
2020-11-21,2020-11-24,0.20784459929663154,CHIRPS historical climatology fallback,
2020-11-21,2020-11-25,0.16248656299199118,CHIRPS historical climatology fallback,
2020-11-21,2020-11-26,0.15906024153262038,CHIRPS historical climatology fallback,
2020-11-21,2020-11-27,0.14161325470287567,CHIRPS historical climatology fallback,
2020-11-21,2020-11-28,0.11415561425258887,CHIRPS historical climatology fallback,
2020-11-21,2020-11-29,0.05242862478192518,CHIRPS historical climatology fallback,
2020-11-21,2020-11-30,0.04991278356231043,CHIRPS historical climatology fallback,
2020-11-21,2020-12-01,0.04978357983607521,CHIRPS historical climatology fallback,
2020-11-21,2020-12-02,0.047417605560038885,CHIRPS historical climatology fallback,
2020-11-21,2020-12-03,0.043084602664950955,CHIRPS historical climatology fallback,
2020-11-21,2020-12-04,0.04035920341746641,CHIRPS historical climatology fallback,
2020-11-21,2020-12-05,0.040838805476476545,CHIRPS historical climatology fallback,
2020-11-21,2020-12-06,0.036696746764131184,CHIRPS historical climatology fallback,
2020-12-03,2020-12-04,0.04041523376963198,CHIRPS historical climatology fallback,
2020-12-03,2020-12-05,0.04088018494340829,CHIRPS historical climatology fallback,
2020-12-03,2020-12-06,0.036866337787802815,CHIRPS historical climatology fallback,
2020-12-03,2020-12-07,0.03713948404475282,CHIRPS historical climatology fallback,
2020-12-03,2020-12-08,0.036934999900644444,CHIRPS historical climatology fallback,
2020-12-03,2020-12-09,0.035567619602146335,CHIRPS historical climatology fallback,
2020-12-03,2020-12-10,0.03647066301485393,CHIRPS historical climatology fallback,
2020-12-03,2020-12-11,0.03406509114534099,CHIRPS historical climatology fallback,
2020-12-03,2020-12-12,0.030861053912590163,CHIRPS historical climatology fallback,
2020-12-03,2020-12-13,0.030771173638784826,CHIRPS historical climatology fallback,
2020-12-03,2020-12-14,0.030734242101177256,CHIRPS historical climatology fallback,
2020-12-03,2020-12-15,0.03062335881866739,CHIRPS historical climatology fallback,
2020-12-03,2020-12-16,0.0304879458890458,CHIRPS historical climatology fallback,
2020-12-03,2020-12-17,0.028334891329044532,CHIRPS historical climatology fallback,
2020-12-03,2020-12-18,0.02529971256904352,CHIRPS historical climatology fallback,
2020-12-15,2020-12-16,0.02966748647484611,CHIRPS historical climatology fallback,
2020-12-15,2020-12-17,0.027578740900206837,CHIRPS historical climatology fallback,
2020-12-15,2020-12-18,0.024635484806935653,CHIRPS historical climatology fallback,
2020-12-15,2020-12-19,0.02291492415103231,CHIRPS historical climatology fallback,
2020-12-15,2020-12-20,0.022974679576461446,CHIRPS historical climatology fallback,
2020-12-15,2020-12-21,0.024128170555139782,CHIRPS historical climatology fallback,
2020-12-15,2020-12-22,0.022756029106527836,CHIRPS historical climatology fallback,
2020-12-15,2020-12-23,0.022122324076434236,CHIRPS historical climatology fallback,
2020-12-15,2020-12-24,0.02315072584530529,CHIRPS historical climatology fallback,
2020-12-15,2020-12-25,0.022501335793904953,CHIRPS historical climatology fallback,
2020-12-15,2020-12-26,0.022559142950176463,CHIRPS historical climatology fallback,
2020-12-15,2020-12-27,0.02308996206247924,CHIRPS historical climatology fallback,
2020-12-15,2020-12-28,0.021493560321207,CHIRPS historical climatology fallback,
2020-12-15,2020-12-29,0.022112181809947482,CHIRPS historical climatology fallback,
2020-12-15,2020-12-30,0.02189418527580219,CHIRPS historical climatology fallback,
2020-12-27,2020-12-28,0.02206180215746523,CHIRPS historical climatology fallback,
2020-12-27,2020-12-29,0.02266280098289305,CHIRPS historical climatology fallback,
2020-12-27,2020-12-30,0.022452965731177364,CHIRPS historical climatology fallback,
2020-12-27,2020-12-31,0.023063542140403993,CHIRPS historical climatology fallback,
2020-12-27,2021-01-01,0.024037652293878123,CHIRPS historical climatology fallback,
2020-12-27,2021-01-02,0.024551145717454956,CHIRPS historical climatology fallback,
2020-12-27,2021-01-03,0.02683304165795732,CHIRPS historical climatology fallback,
2020-12-27,2021-01-04,0.026960102460268583,CHIRPS historical climatology fallback,
2020-12-27,2021-01-05,0.02706478100300088,CHIRPS historical climatology fallback,
2020-12-27,2021-01-06,0.027299056318193238,CHIRPS historical climatology fallback,
2020-12-27,2021-01-07,0.027533875606422942,CHIRPS historical climatology fallback,
2020-12-27,2021-01-08,0.02764011859014885,CHIRPS historical climatology fallback,
2020-12-27,2021-01-09,0.028331552157531536,CHIRPS historical climatology fallback,
2020-12-27,2021-01-10,0.02888120245278217,CHIRPS historical climatology fallback,
2020-12-27,2021-01-11,0.029092681810584983,CHIRPS historical climatology fallback,
2021-01-08,2021-01-23,0.0,CHIRPS-GEFS v3 15_day global,https://data.chc.ucsb.edu/products/CHIRPS-GEFS/v3/15_day/global/data/2021/c3g_2021.01.08.tif
2021-01-20,2021-02-04,1.2995145320892334,CHIRPS-GEFS v3 15_day global,https://data.chc.ucsb.edu/products/CHIRPS-GEFS/v3/15_day/global/data/2021/c3g_2021.01.20.tif
2021-02-01,2021-02-16,0.0,CHIRPS-GEFS v3 15_day global,https://data.chc.ucsb.edu/products/CHIRPS-GEFS/v3/15_day/global/data/2021/c3g_2021.02.01.tif
2021-02-13,2021-02-28,2.588169813156128,CHIRPS-GEFS v3 15_day global,https://data.chc.ucsb.edu/products/CHIRPS-GEFS/v3/15_day/global/data/2021/c3g_2021.02.13.tif
2021-02-25,2021-03-12,3.7360568046569824,CHIRPS-GEFS v3 15_day global,https://data.chc.ucsb.edu/products/CHIRPS-GEFS/v3/15_day/global/data/2021/c3g_2021.02.25.tif
2021-03-09,2021-03-24,10.86213493347168,CHIRPS-GEFS v3 15_day global,https://data.chc.ucsb.edu/products/CHIRPS-GEFS/v3/15_day/global/data/2021/c3g_2021.03.09.tif
2021-03-21,2021-04-05,1.4032779932022097,CHIRPS-GEFS v3 15_day global,https://data.chc.ucsb.edu/products/CHIRPS-GEFS/v3/15_day/global/data/2021/c3g_2021.03.21.tif
2021-04-02,2021-04-17,5.037397861480713,CHIRPS-GEFS v3 15_day global,https://data.chc.ucsb.edu/products/CHIRPS-GEFS/v3/15_day/global/data/2021/c3g_2021.04.02.tif
2021-04-26,2021-04-27,1.4932590417611071,CHIRPS historical climatology fallback,
2021-04-26,2021-04-28,1.5378087038401194,CHIRPS historical climatology fallback,
2021-04-26,2021-04-29,1.5271813923554642,CHIRPS historical climatology fallback,
2021-04-26,2021-04-30,1.61879431671577,CHIRPS historical climatology fallback,
2021-04-26,2021-05-01,1.6361299923780706,CHIRPS historical climatology fallback,
2021-04-26,2021-05-02,1.6240831069696027,CHIRPS historical climatology fallback,
2021-04-26,2021-05-03,1.6106356305996756,CHIRPS historical climatology fallback,
2021-04-26,2021-05-04,1.6064990639312136,CHIRPS historical climatology fallback,
2021-04-26,2021-05-05,1.6068420185435572,CHIRPS historical climatology fallback,
2021-04-26,2021-05-06,1.5660906668916499,CHIRPS historical climatology fallback,
2021-04-26,2021-05-07,1.5924899909209895,CHIRPS historical climatology fallback,
2021-04-26,2021-05-08,1.6065449450591889,CHIRPS historical climatology fallback,
2021-04-26,2021-05-09,1.5851991515674728,CHIRPS historical climatology fallback,
2021-04-26,2021-05-10,1.5549805468991789,CHIRPS historical climatology fallback,
2021-04-26,2021-05-11,1.543819554717209,CHIRPS historical climatology fallback,
2021-05-08,2021-05-09,1.6246926128581356,CHIRPS historical climatology fallback,
2021-05-08,2021-05-10,1.5954946089951973,CHIRPS historical climatology fallback,
2021-05-08,2021-05-11,1.5847774996841681,CHIRPS historical climatology fallback,
2021-05-08,2021-05-12,1.5865411526067372,CHIRPS historical climatology fallback,
2021-05-08,2021-05-13,1.6707550634718156,CHIRPS historical climatology fallback,
2021-05-08,2021-05-14,1.705785879196647,CHIRPS historical climatology fallback,
2021-05-08,2021-05-15,1.7776621218991004,CHIRPS historical climatology fallback,
2021-05-08,2021-05-16,1.8368009956860818,CHIRPS historical climatology fallback,
2021-05-08,2021-05-17,1.8588485331864166,CHIRPS historical climatology fallback,
2021-05-08,2021-05-18,1.890236412044711,CHIRPS historical climatology fallback,
2021-05-08,2021-05-19,1.9735931444574486,CHIRPS historical climatology fallback,
2021-05-08,2021-05-20,2.0216005304925297,CHIRPS historical climatology fallback,
2021-05-08,2021-05-21,2.024832105521823,CHIRPS historical climatology fallback,
2021-05-08,2021-05-22,2.090183312365912,CHIRPS historical climatology fallback,
2021-05-08,2021-05-23,2.1080683531811624,CHIRPS historical climatology fallback,
2021-05-20,2021-05-21,2.0789645538771455,CHIRPS historical climatology fallback,
2021-05-20,2021-05-22,2.1424627606355147,CHIRPS historical climatology fallback,
2021-05-20,2021-05-23,2.159934719920196,CHIRPS historical climatology fallback,
2021-05-20,2021-05-24,2.2616240325412353,CHIRPS historical climatology fallback,
2021-05-20,2021-05-25,2.3321303447274984,CHIRPS historical climatology fallback,
2021-05-20,2021-05-26,2.424526089682984,CHIRPS historical climatology fallback,
2021-05-20,2021-05-27,2.5361758514443906,CHIRPS historical climatology fallback,
2021-05-20,2021-05-28,2.5853593027862463,CHIRPS historical climatology fallback,
2021-05-20,2021-05-29,2.6595286582416113,CHIRPS historical climatology fallback,
2021-05-20,2021-05-30,2.7848553000732177,CHIRPS historical climatology fallback,
2021-05-20,2021-05-31,2.8510595313382225,CHIRPS historical climatology fallback,
2021-05-20,2021-06-01,3.063369036933485,CHIRPS historical climatology fallback,
2021-05-20,2021-06-02,3.115013596098432,CHIRPS historical climatology fallback,
2021-05-20,2021-06-03,3.2633628533538723,CHIRPS historical climatology fallback,
2021-05-20,2021-06-04,3.3150960341917246,CHIRPS historical climatology fallback,
2021-06-01,2021-06-02,3.0516302458941937,CHIRPS historical climatology fallback,
2021-06-01,2021-06-03,3.1953003802124016,CHIRPS historical climatology fallback,
2021-06-01,2021-06-04,3.245280734986143,CHIRPS historical climatology fallback,
2021-06-01,2021-06-05,3.356808663098788,CHIRPS historical climatology fallback,
2021-06-01,2021-06-06,3.5055753849923152,CHIRPS historical climatology fallback,
2021-06-01,2021-06-07,3.688081840120065,CHIRPS historical climatology fallback,
2021-06-01,2021-06-08,3.8317958690168616,CHIRPS historical climatology fallback,
2021-06-01,2021-06-09,3.8512623224637865,CHIRPS historical climatology fallback,
2021-06-01,2021-06-10,3.918555806985351,CHIRPS historical climatology fallback,
2021-06-01,2021-06-11,3.9358565466854856,CHIRPS historical climatology fallback,
2021-06-01,2021-06-12,3.967148776526575,CHIRPS historical climatology fallback,
2021-06-01,2021-06-13,4.136690258446227,CHIRPS historical climatology fallback,
2021-06-01,2021-06-14,4.287651939322448,CHIRPS historical climatology fallback,
2021-06-01,2021-06-15,4.341033200211628,CHIRPS historical climatology fallback,
2021-06-01,2021-06-16,4.346820932331439,CHIRPS historical climatology fallback,
2021-06-13,2021-06-14,4.2444285316086265,CHIRPS historical climatology fallback,
2021-06-13,2021-06-15,4.296074263212569,CHIRPS historical climatology fallback,
2021-06-13,2021-06-16,4.301570871356714,CHIRPS historical climatology fallback,
2021-06-13,2021-06-17,4.23398444264633,CHIRPS historical climatology fallback,
2021-06-13,2021-06-18,4.31104970004057,CHIRPS historical climatology fallback,
2021-06-13,2021-06-19,4.3683866485093645,CHIRPS historical climatology fallback,
2021-06-13,2021-06-20,4.496911168663468,CHIRPS historical climatology fallback,
2021-06-13,2021-06-21,4.610717913798373,CHIRPS historical climatology fallback,
2021-06-13,2021-06-22,4.709624488455381,CHIRPS historical climatology fallback,
2021-06-13,2021-06-23,4.765346488649981,CHIRPS historical climatology fallback,
2021-06-13,2021-06-24,4.850018346483831,CHIRPS historical climatology fallback,
2021-06-13,2021-06-25,4.916861795907607,CHIRPS historical climatology fallback,
2021-06-13,2021-06-26,4.997528864659233,CHIRPS historical climatology fallback,
2021-06-13,2021-06-27,5.071885346478894,CHIRPS historical climatology fallback,
2021-06-13,2021-06-28,5.09016151926688,CHIRPS historical climatology fallback,
2021-06-25,2021-06-26,4.939377634613952,CHIRPS historical climatology fallback,
2021-06-25,2021-06-27,5.01132186005828,CHIRPS historical climatology fallback,
2021-06-25,2021-06-28,5.028885876205359,CHIRPS historical climatology fallback,
2021-06-25,2021-06-29,5.0905462433774105,CHIRPS historical climatology fallback,
2021-06-25,2021-06-30,5.065888852252604,CHIRPS historical climatology fallback,
2021-06-25,2021-07-01,5.103876396163534,CHIRPS historical climatology fallback,
2021-06-25,2021-07-02,5.249669763252407,CHIRPS historical climatology fallback,
2021-06-25,2021-07-03,5.302937762975001,CHIRPS historical climatology fallback,
2021-06-25,2021-07-04,5.365569814875991,CHIRPS historical climatology fallback,
2021-06-25,2021-07-05,5.461305849167272,CHIRPS historical climatology fallback,
2021-06-25,2021-07-06,5.505517407119661,CHIRPS historical climatology fallback,
2021-06-25,2021-07-07,5.578990160710721,CHIRPS historical climatology fallback,
2021-06-25,2021-07-08,5.630806239939467,CHIRPS historical climatology fallback,
2021-06-25,2021-07-09,5.622544107705121,CHIRPS historical climatology fallback,
2021-06-25,2021-07-10,5.707973964639458,CHIRPS historical climatology fallback,
2021-07-07,2021-07-08,5.631416124529854,CHIRPS historical climatology fallback,
2021-07-07,2021-07-09,5.6234071787711475,CHIRPS historical climatology fallback,
2021-07-07,2021-07-10,5.706230686565164,CHIRPS historical climatology fallback,
2021-07-07,2021-07-11,5.7784960087939945,CHIRPS historical climatology fallback,
2021-07-07,2021-07-12,5.840308580985841,CHIRPS historical climatology fallback,
2021-07-07,2021-07-13,5.838737178584322,CHIRPS historical climatology fallback,
2021-07-07,2021-07-14,5.821298699711083,CHIRPS historical climatology fallback,
2021-07-07,2021-07-15,5.821337481298167,CHIRPS historical climatology fallback,
2021-07-07,2021-07-16,5.851189046106675,CHIRPS historical climatology fallback,
2021-07-07,2021-07-17,5.954567341172556,CHIRPS historical climatology fallback,
2021-07-07,2021-07-18,5.967114536183608,CHIRPS historical climatology fallback,
2021-07-07,2021-07-19,5.98702120349238,CHIRPS historical climatology fallback,
2021-07-07,2021-07-20,6.05866336996616,CHIRPS historical climatology fallback,
2021-07-07,2021-07-21,6.055302245054803,CHIRPS historical climatology fallback,
2021-07-07,2021-07-22,5.972150087698786,CHIRPS historical climatology fallback,
2021-07-19,2021-07-20,6.050906532012586,CHIRPS historical climatology fallback,
2021-07-19,2021-07-21,6.047628088981896,CHIRPS historical climatology fallback,
2021-07-19,2021-07-22,5.966995401682365,CHIRPS historical climatology fallback,
2021-07-19,2021-07-23,5.912985657351282,CHIRPS historical climatology fallback,
2021-07-19,2021-07-24,5.787430717578858,CHIRPS historical climatology fallback,
2021-07-19,2021-07-25,5.724673614660516,CHIRPS historical climatology fallback,
2021-07-19,2021-07-26,5.65172103111534,CHIRPS historical climatology fallback,
2021-07-19,2021-07-27,5.554015536158893,CHIRPS historical climatology fallback,
2021-07-19,2021-07-28,5.559273847188676,CHIRPS historical climatology fallback,
2021-07-19,2021-07-29,5.610338428815335,CHIRPS historical climatology fallback,
2021-07-19,2021-07-30,5.520249912752346,CHIRPS historical climatology fallback,
2021-07-19,2021-07-31,5.516221193160163,CHIRPS historical climatology fallback,
2021-07-19,2021-08-01,5.3674987488117445,CHIRPS historical climatology fallback,
2021-07-19,2021-08-02,5.377519934813623,CHIRPS historical climatology fallback,
2021-07-19,2021-08-03,5.29289565052534,CHIRPS historical climatology fallback,
2021-07-31,2021-08-01,5.2620271929174285,CHIRPS historical climatology fallback,
2021-07-31,2021-08-02,5.271475470828148,CHIRPS historical climatology fallback,
2021-07-31,2021-08-03,5.189165300910027,CHIRPS historical climatology fallback,
2021-07-31,2021-08-04,5.210758120220687,CHIRPS historical climatology fallback,
2021-07-31,2021-08-05,5.109787292283057,CHIRPS historical climatology fallback,
2021-07-31,2021-08-06,5.051664751252303,CHIRPS historical climatology fallback,
2021-07-31,2021-08-07,4.931776152420933,CHIRPS historical climatology fallback,
2021-07-31,2021-08-08,4.8383461405359895,CHIRPS historical climatology fallback,
2021-07-31,2021-08-09,4.8301476701632025,CHIRPS historical climatology fallback,
2021-07-31,2021-08-10,4.804686856644295,CHIRPS historical climatology fallback,
2021-07-31,2021-08-11,4.828463555872441,CHIRPS historical climatology fallback,
2021-07-31,2021-08-12,4.82629850221565,CHIRPS historical climatology fallback,
2021-07-31,2021-08-13,4.801295391514937,CHIRPS historical climatology fallback,
2021-07-31,2021-08-14,4.678782168112656,CHIRPS historical climatology fallback,
2021-07-31,2021-08-15,4.64532854720911,CHIRPS historical climatology fallback,
2021-08-12,2021-08-13,4.776388253233855,CHIRPS historical climatology fallback,
2021-08-12,2021-08-14,4.657543180954789,CHIRPS historical climatology fallback,
2021-08-12,2021-08-15,4.625057001434665,CHIRPS historical climatology fallback,
2021-08-12,2021-08-16,4.635465955152651,CHIRPS historical climatology fallback,
2021-08-12,2021-08-17,4.731881028303253,CHIRPS historical climatology fallback,
2021-08-12,2021-08-18,4.697369677382402,CHIRPS historical climatology fallback,
2021-08-12,2021-08-19,4.734762976994705,CHIRPS historical climatology fallback,
2021-08-12,2021-08-20,4.640911084801419,CHIRPS historical climatology fallback,
2021-08-12,2021-08-21,4.5741586660730436,CHIRPS historical climatology fallback,
2021-08-12,2021-08-22,4.438360769533277,CHIRPS historical climatology fallback,
2021-08-12,2021-08-23,4.39940674662977,CHIRPS historical climatology fallback,
2021-08-12,2021-08-24,4.456163126820077,CHIRPS historical climatology fallback,
2021-08-12,2021-08-25,4.466865843419695,CHIRPS historical climatology fallback,
2021-08-12,2021-08-26,4.403587302700153,CHIRPS historical climatology fallback,
2021-08-12,2021-08-27,4.421151505768534,CHIRPS historical climatology fallback,
2021-08-24,2021-08-25,4.602455338430178,CHIRPS historical climatology fallback,
2021-08-24,2021-08-26,4.541448198684354,CHIRPS historical climatology fallback,
2021-08-24,2021-08-27,4.558826881292592,CHIRPS historical climatology fallback,
2021-08-24,2021-08-28,4.550252843961804,CHIRPS historical climatology fallback,
2021-08-24,2021-08-29,4.5098326589311934,CHIRPS historical climatology fallback,
2021-08-24,2021-08-30,4.472367483921922,CHIRPS historical climatology fallback,
2021-08-24,2021-08-31,4.4392962847910535,CHIRPS historical climatology fallback,
2021-08-24,2021-09-01,4.331685218316762,CHIRPS historical climatology fallback,
2021-08-24,2021-09-02,4.324846510825924,CHIRPS historical climatology fallback,
2021-08-24,2021-09-03,4.298151213048421,CHIRPS historical climatology fallback,
2021-08-24,2021-09-04,4.220449259596599,CHIRPS historical climatology fallback,
2021-08-24,2021-09-05,4.222170791152166,CHIRPS historical climatology fallback,
2021-08-24,2021-09-06,4.146883945581418,CHIRPS historical climatology fallback,
2021-08-24,2021-09-07,4.114804063509194,CHIRPS historical climatology fallback,
2021-08-24,2021-09-08,4.098051897682778,CHIRPS historical climatology fallback,
2021-09-05,2021-09-06,4.218506410331289,CHIRPS historical climatology fallback,
2021-09-05,2021-09-07,4.187585363410375,CHIRPS historical climatology fallback,
2021-09-05,2021-09-08,4.171529908245074,CHIRPS historical climatology fallback,
2021-09-05,2021-09-09,4.086216861524676,CHIRPS historical climatology fallback,
2021-09-05,2021-09-10,4.012942278314658,CHIRPS historical climatology fallback,
2021-09-05,2021-09-11,3.919334964100749,CHIRPS historical climatology fallback,
2021-09-05,2021-09-12,3.8148400485419827,CHIRPS historical climatology fallback,
2021-09-05,2021-09-13,3.788112319957887,CHIRPS historical climatology fallback,
2021-09-05,2021-09-14,3.7270568421625505,CHIRPS historical climatology fallback,
2021-09-05,2021-09-15,3.6347533128094023,CHIRPS historical climatology fallback,
2021-09-05,2021-09-16,3.5079948785146335,CHIRPS historical climatology fallback,
2021-09-05,2021-09-17,3.4278215080945906,CHIRPS historical climatology fallback,
2021-09-05,2021-09-18,3.3298041978194415,CHIRPS historical climatology fallback,
2021-09-05,2021-09-19,3.19288180250655,CHIRPS historical climatology fallback,
2021-09-05,2021-09-20,3.1930601016918976,CHIRPS historical climatology fallback,
2021-09-17,2021-09-18,3.2816096742413468,CHIRPS historical climatology fallback,
2021-09-17,2021-09-19,3.1487351830405785,CHIRPS historical climatology fallback,
2021-09-17,2021-09-20,3.1487957056109384,CHIRPS historical climatology fallback,
2021-09-17,2021-09-21,3.15785273705248,CHIRPS historical climatology fallback,
2021-09-17,2021-09-22,3.1057265563427334,CHIRPS historical climatology fallback,
2021-09-17,2021-09-23,3.0876120511728984,CHIRPS historical climatology fallback,
2021-09-17,2021-09-24,3.0410743391857697,CHIRPS historical climatology fallback,
2021-09-17,2021-09-25,2.9823275133012195,CHIRPS historical climatology fallback,
2021-09-17,2021-09-26,2.964623613254382,CHIRPS historical climatology fallback,
2021-09-17,2021-09-27,2.8961823352827474,CHIRPS historical climatology fallback,
2021-09-17,2021-09-28,2.7975143890541334,CHIRPS historical climatology fallback,
2021-09-17,2021-09-29,2.76737970371659,CHIRPS historical climatology fallback,
2021-09-17,2021-09-30,2.709086772799492,CHIRPS historical climatology fallback,
2021-09-17,2021-10-01,2.6315689710183787,CHIRPS historical climatology fallback,
2021-09-17,2021-10-02,2.544678009587985,CHIRPS historical climatology fallback,
2021-09-29,2021-09-30,2.6643903188926368,CHIRPS historical climatology fallback,
2021-09-29,2021-10-01,2.5891864813437953,CHIRPS historical climatology fallback,
2021-09-29,2021-10-02,2.5048892799561,CHIRPS historical climatology fallback,
2021-09-29,2021-10-03,2.4422887994245213,CHIRPS historical climatology fallback,
2021-09-29,2021-10-04,2.313265958041027,CHIRPS historical climatology fallback,
2021-09-29,2021-10-05,2.217987485072432,CHIRPS historical climatology fallback,
2021-09-29,2021-10-06,2.0948343166423524,CHIRPS historical climatology fallback,
2021-09-29,2021-10-07,2.0053064758977412,CHIRPS historical climatology fallback,
2021-09-29,2021-10-08,1.9324610952000638,CHIRPS historical climatology fallback,
2021-09-29,2021-10-09,1.8509108325633317,CHIRPS historical climatology fallback,
2021-09-29,2021-10-10,1.7985173222928572,CHIRPS historical climatology fallback,
2021-09-29,2021-10-11,1.6939746612238127,CHIRPS historical climatology fallback,
2021-09-29,2021-10-12,1.6098984038105133,CHIRPS historical climatology fallback,
2021-09-29,2021-10-13,1.4564772455892827,CHIRPS historical climatology fallback,
2021-09-29,2021-10-14,1.3754798218431832,CHIRPS historical climatology fallback,
2021-10-11,2021-10-12,1.5648104813408807,CHIRPS historical climatology fallback,
2021-10-11,2021-10-13,1.4158363132130192,CHIRPS historical climatology fallback,
2021-10-11,2021-10-14,1.33718664087985,CHIRPS historical climatology fallback,
2021-10-11,2021-10-15,1.3013574358048863,CHIRPS historical climatology fallback,
2021-10-11,2021-10-16,1.2672522821945054,CHIRPS historical climatology fallback,
2021-10-11,2021-10-17,1.1634888784905923,CHIRPS historical climatology fallback,
2021-10-11,2021-10-18,1.0878220929624738,CHIRPS historical climatology fallback,
2021-10-11,2021-10-19,1.0051366669499284,CHIRPS historical climatology fallback,
2021-10-11,2021-10-20,0.9886536030368744,CHIRPS historical climatology fallback,
2021-10-11,2021-10-21,0.9589354420369851,CHIRPS historical climatology fallback,
2021-10-11,2021-10-22,0.9494950516528454,CHIRPS historical climatology fallback,
2021-10-11,2021-10-23,0.9072072790324877,CHIRPS historical climatology fallback,
2021-10-11,2021-10-24,0.7764071572762081,CHIRPS historical climatology fallback,
2021-10-11,2021-10-25,0.7123075166142406,CHIRPS historical climatology fallback,
2021-10-11,2021-10-26,0.6575532293803135,CHIRPS historical climatology fallback,
2021-10-23,2021-10-24,0.823968019986311,CHIRPS historical climatology fallback,
2021-10-23,2021-10-25,0.7616740030049621,CHIRPS historical climatology fallback,
2021-10-23,2021-10-26,0.7084620900593147,CHIRPS historical climatology fallback,
2021-10-23,2021-10-27,0.6407656632259952,CHIRPS historical climatology fallback,
2021-10-23,2021-10-28,0.6081732617379079,CHIRPS historical climatology fallback,
2021-10-23,2021-10-29,0.6100386484034749,CHIRPS historical climatology fallback,
2021-10-23,2021-10-30,0.5826112167593288,CHIRPS historical climatology fallback,
2021-10-23,2021-10-31,0.582727923126019,CHIRPS historical climatology fallback,
2021-10-23,2021-11-01,0.5699936241688133,CHIRPS historical climatology fallback,
2021-10-23,2021-11-02,0.5358783291336345,CHIRPS historical climatology fallback,
2021-10-23,2021-11-03,0.5173215322273548,CHIRPS historical climatology fallback,
2021-10-23,2021-11-04,0.5077177421105129,CHIRPS historical climatology fallback,
2021-10-23,2021-11-05,0.4846857804873359,CHIRPS historical climatology fallback,
2021-10-23,2021-11-06,0.4406795072679334,CHIRPS historical climatology fallback,
2021-10-23,2021-11-07,0.42140896917894105,CHIRPS historical climatology fallback,
2021-11-04,2021-11-05,0.4758099403775076,CHIRPS historical climatology fallback,
2021-11-04,2021-11-06,0.4330093184791846,CHIRPS historical climatology fallback,
2021-11-04,2021-11-07,0.41426674033783584,CHIRPS historical climatology fallback,
2021-11-04,2021-11-08,0.4124321553679277,CHIRPS historical climatology fallback,
2021-11-04,2021-11-09,0.40108000786916004,CHIRPS historical climatology fallback,
2021-11-04,2021-11-10,0.3958984905362317,CHIRPS historical climatology fallback,
2021-11-04,2021-11-11,0.386082985600181,CHIRPS historical climatology fallback,
2021-11-04,2021-11-12,0.3773347328729196,CHIRPS historical climatology fallback,
2021-11-04,2021-11-13,0.37427355119865474,CHIRPS historical climatology fallback,
2021-11-04,2021-11-14,0.3704670290230531,CHIRPS historical climatology fallback,
2021-11-04,2021-11-15,0.3645309719246051,CHIRPS historical climatology fallback,
2021-11-04,2021-11-16,0.36270758668488595,CHIRPS historical climatology fallback,
2021-11-04,2021-11-17,0.34045129700594134,CHIRPS historical climatology fallback,
2021-11-04,2021-11-18,0.34026924587727175,CHIRPS historical climatology fallback,
2021-11-04,2021-11-19,0.2762360632246982,CHIRPS historical climatology fallback,
2021-11-16,2021-11-17,0.33237585539429226,CHIRPS historical climatology fallback,
2021-11-16,2021-11-18,0.33219865896238726,CHIRPS historical climatology fallback,
2021-11-16,2021-11-19,0.2698730278472156,CHIRPS historical climatology fallback,
2021-11-16,2021-11-20,0.2486365082158033,CHIRPS historical climatology fallback,
2021-11-16,2021-11-21,0.21309549134241712,CHIRPS historical climatology fallback,
2021-11-16,2021-11-22,0.21307802364247216,CHIRPS historical climatology fallback,
2021-11-16,2021-11-23,0.21309280878984768,CHIRPS historical climatology fallback,
2021-11-16,2021-11-24,0.19236279618352292,CHIRPS historical climatology fallback,
2021-11-16,2021-11-25,0.1888728665572176,CHIRPS historical climatology fallback,
2021-11-16,2021-11-26,0.15012614413179645,CHIRPS historical climatology fallback,
2021-11-16,2021-11-27,0.1470946371598813,CHIRPS historical climatology fallback,
2021-11-16,2021-11-28,0.13177713049027864,CHIRPS historical climatology fallback,
2021-11-16,2021-11-29,0.10781281467896832,CHIRPS historical climatology fallback,
2021-11-16,2021-11-30,0.053735129093886745,CHIRPS historical climatology fallback,
2021-11-16,2021-12-01,0.050713010086131015,CHIRPS historical climatology fallback,
2021-11-28,2021-11-29,0.10577608031858449,CHIRPS historical climatology fallback,
2021-11-28,2021-11-30,0.053120143069020714,CHIRPS historical climatology fallback,
2021-11-28,2021-12-01,0.05017654926405839,CHIRPS historical climatology fallback,
2021-11-28,2021-12-02,0.046576542858970726,CHIRPS historical climatology fallback,
2021-11-28,2021-12-03,0.04455802549460628,CHIRPS historical climatology fallback,
2021-11-28,2021-12-04,0.040869532944597844,CHIRPS historical climatology fallback,
2021-11-28,2021-12-05,0.038549497022643896,CHIRPS historical climatology fallback,
2021-11-28,2021-12-06,0.03895265078357182,CHIRPS historical climatology fallback,
2021-11-28,2021-12-07,0.035432785703357915,CHIRPS historical climatology fallback,
2021-11-28,2021-12-08,0.03466824498213495,CHIRPS historical climatology fallback,
2021-11-28,2021-12-09,0.03448365967898653,CHIRPS historical climatology fallback,
2021-11-28,2021-12-10,0.033260572074811784,CHIRPS historical climatology fallback,
2021-11-28,2021-12-11,0.0340452226965712,CHIRPS historical climatology fallback,
2021-11-28,2021-12-12,0.03193618281907864,CHIRPS historical climatology fallback,
2021-11-28,2021-12-13,0.02913052805652239,CHIRPS historical climatology fallback,
2021-12-10,2021-12-11,0.03313936311262695,CHIRPS historical climatology fallback,
2021-12-10,2021-12-12,0.03108455127723654,CHIRPS historical climatology fallback,
2021-12-10,2021-12-13,0.028351983876838047,CHIRPS historical climatology fallback,
2021-12-10,2021-12-14,0.028269944916222912,CHIRPS historical climatology fallback,
2021-12-10,2021-12-15,0.028232953388228642,CHIRPS historical climatology fallback,
2021-12-10,2021-12-16,0.028133119189160952,CHIRPS historical climatology fallback,
2021-12-10,2021-12-17,0.027871860986488986,CHIRPS historical climatology fallback,
2021-12-10,2021-12-18,0.02603781221616684,CHIRPS historical climatology fallback,
2021-12-10,2021-12-19,0.023456493270629007,CHIRPS historical climatology fallback,
2021-12-10,2021-12-20,0.021951113318646586,CHIRPS historical climatology fallback,
2021-12-10,2021-12-21,0.02200123074128436,CHIRPS historical climatology fallback,
2021-12-10,2021-12-22,0.023008322963911598,CHIRPS historical climatology fallback,
2021-12-10,2021-12-23,0.0229608183477156,CHIRPS historical climatology fallback,
2021-12-10,2021-12-24,0.022418067150965514,CHIRPS historical climatology fallback,
2021-12-10,2021-12-25,0.023317712960538226,CHIRPS historical climatology fallback,
2021-12-22,2021-12-23,0.022349887482587913,CHIRPS historical climatology fallback,
2021-12-22,2021-12-24,0.021820252026939768,CHIRPS historical climatology fallback,
2021-12-22,2021-12-25,0.022694522413708697,CHIRPS historical climatology fallback,
2021-12-22,2021-12-26,0.02146618949481324,CHIRPS historical climatology fallback,
2021-12-22,2021-12-27,0.02151301628023624,CHIRPS historical climatology fallback,
2021-12-22,2021-12-28,0.021961747932462274,CHIRPS historical climatology fallback,
2021-12-22,2021-12-29,0.02060316799463998,CHIRPS historical climatology fallback,
2021-12-22,2021-12-30,0.021126433555289963,CHIRPS historical climatology fallback,
2021-12-22,2021-12-31,0.020939181986230623,CHIRPS historical climatology fallback,
2021-12-22,2022-01-01,0.02324130192737068,CHIRPS historical climatology fallback,
2021-12-22,2022-01-02,0.023688798785803804,CHIRPS historical climatology fallback,
2021-12-22,2022-01-03,0.025682843647355638,CHIRPS historical climatology fallback,
2021-12-22,2022-01-04,0.02579132330323374,CHIRPS historical climatology fallback,
2021-12-22,2022-01-05,0.025880152649152974,CHIRPS historical climatology fallback,
2021-12-22,2022-01-06,0.026082157848085177,CHIRPS historical climatology fallback,
2022-01-03,2022-01-04,0.02647220430030736,CHIRPS historical climatology fallback,
2022-01-03,2022-01-05,0.026560176026730033,CHIRPS historical climatology fallback,
2022-01-03,2022-01-06,0.026758288281444356,CHIRPS historical climatology fallback,
2022-01-03,2022-01-07,0.026956701170684935,CHIRPS historical climatology fallback,
2022-01-03,2022-01-08,0.027968832678732212,CHIRPS historical climatology fallback,
2022-01-03,2022-01-09,0.028556901448528245,CHIRPS historical climatology fallback,
2022-01-03,2022-01-10,0.029024116562493308,CHIRPS historical climatology fallback,
2022-01-03,2022-01-11,0.029631096837885045,CHIRPS historical climatology fallback,
2022-01-03,2022-01-12,0.029307931845554212,CHIRPS historical climatology fallback,
2022-01-03,2022-01-13,0.0298439449618023,CHIRPS historical climatology fallback,
2022-01-03,2022-01-14,0.03104225488321554,CHIRPS historical climatology fallback,
2022-01-03,2022-01-15,0.03233871573740505,CHIRPS historical climatology fallback,
2022-01-03,2022-01-16,0.034067090585687014,CHIRPS historical climatology fallback,
2022-01-03,2022-01-17,0.03384251175517727,CHIRPS historical climatology fallback,
2022-01-03,2022-01-18,0.034200945021981455,CHIRPS historical climatology fallback,
2022-01-15,2022-01-16,0.03424508402936528,CHIRPS historical climatology fallback,
2022-01-15,2022-01-17,0.03402690372760786,CHIRPS historical climatology fallback,
2022-01-15,2022-01-18,0.034376147692561115,CHIRPS historical climatology fallback,
2022-01-15,2022-01-19,0.0351953116526335,CHIRPS historical climatology fallback,
2022-01-15,2022-01-20,0.03775504173856231,CHIRPS historical climatology fallback,
2022-01-15,2022-01-21,0.04038976540177009,CHIRPS historical climatology fallback,
2022-01-15,2022-01-22,0.04467029819775929,CHIRPS historical climatology fallback,
2022-01-15,2022-01-23,0.0459208263321344,CHIRPS historical climatology fallback,
2022-01-15,2022-01-24,0.04880996292169533,CHIRPS historical climatology fallback,
2022-01-15,2022-01-25,0.04860038885698013,CHIRPS historical climatology fallback,
2022-01-15,2022-01-26,0.04939008861161213,CHIRPS historical climatology fallback,
2022-01-15,2022-01-27,0.05122681605032595,CHIRPS historical climatology fallback,
2022-01-15,2022-01-28,0.053570345519739465,CHIRPS historical climatology fallback,
2022-01-15,2022-01-29,0.05359243891331014,CHIRPS historical climatology fallback,
2022-01-15,2022-01-30,0.05769353279552519,CHIRPS historical climatology fallback,
2022-01-27,2022-01-28,0.0521723209770102,CHIRPS historical climatology fallback,
2022-01-27,2022-01-29,0.052190710260857975,CHIRPS historical climatology fallback,
2022-01-27,2022-01-30,0.0561788245554859,CHIRPS historical climatology fallback,
2022-01-27,2022-01-31,0.060457888007254,CHIRPS historical climatology fallback,
2022-01-27,2022-02-01,0.0654288605023995,CHIRPS historical climatology fallback,
2022-01-27,2022-02-02,0.07054331330432947,CHIRPS historical climatology fallback,
2022-01-27,2022-02-03,0.07500531536873799,CHIRPS historical climatology fallback,
2022-01-27,2022-02-04,0.08637782267408031,CHIRPS historical climatology fallback,
2022-01-27,2022-02-05,0.08745310849954128,CHIRPS historical climatology fallback,
2022-01-27,2022-02-06,0.08890185809587094,CHIRPS historical climatology fallback,
2022-01-27,2022-02-07,0.0953429878500908,CHIRPS historical climatology fallback,
2022-01-27,2022-02-08,0.10169622017515548,CHIRPS historical climatology fallback,
2022-01-27,2022-02-09,0.10644557454653861,CHIRPS historical climatology fallback,
2022-01-27,2022-02-10,0.1089473911619296,CHIRPS historical climatology fallback,
2022-01-27,2022-02-11,0.11362929951152939,CHIRPS historical climatology fallback,
2022-02-08,2022-02-09,0.10489863166345745,CHIRPS historical climatology fallback,
2022-02-08,2022-02-10,0.10733106642771048,CHIRPS historical climatology fallback,
2022-02-08,2022-02-11,0.1118856637091838,CHIRPS historical climatology fallback,
2022-02-08,2022-02-12,0.1191979353352508,CHIRPS historical climatology fallback,
2022-02-08,2022-02-13,0.12121121542979413,CHIRPS historical climatology fallback,
2022-02-08,2022-02-14,0.12732723017925188,CHIRPS historical climatology fallback,
2022-02-08,2022-02-15,0.1306938460433432,CHIRPS historical climatology fallback,
2022-02-08,2022-02-16,0.13707639493585316,CHIRPS historical climatology fallback,
2022-02-08,2022-02-17,0.14052145576459907,CHIRPS historical climatology fallback,
2022-02-08,2022-02-18,0.15230274953783476,CHIRPS historical climatology fallback,
2022-02-08,2022-02-19,0.16264168139198287,CHIRPS historical climatology fallback,
2022-02-08,2022-02-20,0.17292809035538942,CHIRPS historical climatology fallback,
2022-02-08,2022-02-21,0.18596010505769153,CHIRPS historical climatology fallback,
2022-02-08,2022-02-22,0.19280986267819467,CHIRPS historical climatology fallback,
2022-02-08,2022-02-23,0.19599459815532816,CHIRPS historical climatology fallback,
2022-02-20,2022-02-21,0.18110208606132897,CHIRPS historical climatology fallback,
2022-02-20,2022-02-22,0.1877605137687719,CHIRPS historical climatology fallback,
2022-02-20,2022-02-23,0.19084994930177537,CHIRPS historical climatology fallback,
2022-02-20,2022-02-24,0.2042179224807327,CHIRPS historical climatology fallback,
2022-02-20,2022-02-25,0.20580242680907518,CHIRPS historical climatology fallback,
2022-02-20,2022-02-26,0.21385506417010158,CHIRPS historical climatology fallback,
2022-02-20,2022-02-27,0.2293498184321086,CHIRPS historical climatology fallback,
2022-02-20,2022-02-28,0.23701162541242118,CHIRPS historical climatology fallback,
2022-02-20,2022-03-01,0.24305244569469714,CHIRPS historical climatology fallback,
2022-02-20,2022-03-02,0.25699263016948004,CHIRPS historical climatology fallback,
2022-02-20,2022-03-03,0.2842727640228432,CHIRPS historical climatology fallback,
2022-02-20,2022-03-04,0.2996558732579441,CHIRPS historical climatology fallback,
2022-02-20,2022-03-05,0.3153326013761306,CHIRPS historical climatology fallback,
2022-02-20,2022-03-06,0.3592179691936436,CHIRPS historical climatology fallback,
2022-02-20,2022-03-07,0.38508132256726035,CHIRPS historical climatology fallback,
2022-03-04,2022-03-05,0.3112127932301455,CHIRPS historical climatology fallback,
2022-03-04,2022-03-06,0.35393169023017246,CHIRPS historical climatology fallback,
2022-03-04,2022-03-07,0.37909978695302515,CHIRPS historical climatology fallback,
2022-03-04,2022-03-08,0.3886433690803066,CHIRPS historical climatology fallback,
2022-03-04,2022-03-09,0.411007738434859,CHIRPS historical climatology fallback,
2022-03-04,2022-03-10,0.4530660734588576,CHIRPS historical climatology fallback,
2022-03-04,2022-03-11,0.4664295596408192,CHIRPS historical climatology fallback,
2022-03-04,2022-03-12,0.4815618785245724,CHIRPS historical climatology fallback,
2022-03-04,2022-03-13,0.48595284511624676,CHIRPS historical climatology fallback,
2022-03-04,2022-03-14,0.5042424963136627,CHIRPS historical climatology fallback,
2022-03-04,2022-03-15,0.5199098226647185,CHIRPS historical climatology fallback,
2022-03-04,2022-03-16,0.534271075287206,CHIRPS historical climatology fallback,
2022-03-04,2022-03-17,0.5492256068166236,CHIRPS historical climatology fallback,
2022-03-04,2022-03-18,0.5675524741481637,CHIRPS historical climatology fallback,
2022-03-04,2022-03-19,0.5694193614829054,CHIRPS historical climatology fallback,
2022-03-16,2022-03-17,0.5355348853560843,CHIRPS historical climatology fallback,
2022-03-16,2022-03-18,0.5533483172383078,CHIRPS historical climatology fallback,
2022-03-16,2022-03-19,0.5551345728441359,CHIRPS historical climatology fallback,
2022-03-16,2022-03-20,0.572174631240603,CHIRPS historical climatology fallback,
2022-03-16,2022-03-21,0.6069722857019262,CHIRPS historical climatology fallback,
2022-03-16,2022-03-22,0.6400464824380192,CHIRPS historical climatology fallback,
2022-03-16,2022-03-23,0.6905695388166027,CHIRPS historical climatology fallback,
2022-03-16,2022-03-24,0.7303954170153939,CHIRPS historical climatology fallback,
2022-03-16,2022-03-25,0.76766759120801,CHIRPS historical climatology fallback,
2022-03-16,2022-03-26,0.7797502620787395,CHIRPS historical climatology fallback,
2022-03-16,2022-03-27,0.8086575986838361,CHIRPS historical climatology fallback,
2022-03-16,2022-03-28,0.8143207471671232,CHIRPS historical climatology fallback,
2022-03-16,2022-03-29,0.8180362018693641,CHIRPS historical climatology fallback,
2022-03-16,2022-03-30,0.8428415266784333,CHIRPS historical climatology fallback,
2022-03-16,2022-03-31,0.8792558194799728,CHIRPS historical climatology fallback,
2022-03-28,2022-03-29,0.8034872854467514,CHIRPS historical climatology fallback,
2022-03-28,2022-03-30,0.8276064282467405,CHIRPS historical climatology fallback,
2022-03-28,2022-03-31,0.8630246712420021,CHIRPS historical climatology fallback,
2022-03-28,2022-04-01,0.8680861355946553,CHIRPS historical climatology fallback,
2022-03-28,2022-04-02,0.9033775651843938,CHIRPS historical climatology fallback,
2022-03-28,2022-04-03,0.9053288812360865,CHIRPS historical climatology fallback,
2022-03-28,2022-04-04,0.9266838481701497,CHIRPS historical climatology fallback,
2022-03-28,2022-04-05,0.9791324265801113,CHIRPS historical climatology fallback,
2022-03-28,2022-04-06,0.9961998233723405,CHIRPS historical climatology fallback,
2022-03-28,2022-04-07,1.0102003665997228,CHIRPS historical climatology fallback,
2022-03-28,2022-04-08,1.0217590114997592,CHIRPS historical climatology fallback,
2022-03-28,2022-04-09,1.0625794198541914,CHIRPS historical climatology fallback,
2022-03-28,2022-04-10,1.0867043118892439,CHIRPS historical climatology fallback,
2022-03-28,2022-04-11,1.1488641493714102,CHIRPS historical climatology fallback,
2022-03-28,2022-04-12,1.2222841886257778,CHIRPS historical climatology fallback,
2022-04-09,2022-04-10,1.1536515130254996,CHIRPS historical climatology fallback,
2022-04-09,2022-04-11,1.2143191068842598,CHIRPS historical climatology fallback,
2022-04-09,2022-04-12,1.2859427022762056,CHIRPS historical climatology fallback,
2022-04-09,2022-04-13,1.3092511766631296,CHIRPS historical climatology fallback,
2022-04-09,2022-04-14,1.3377170575776476,CHIRPS historical climatology fallback,
2022-04-09,2022-04-15,1.359799713314513,CHIRPS historical climatology fallback,
2022-04-09,2022-04-16,1.383584311005349,CHIRPS historical climatology fallback,
2022-04-09,2022-04-17,1.4724709873444468,CHIRPS historical climatology fallback,
2022-04-09,2022-04-18,1.498932479619855,CHIRPS historical climatology fallback,
2022-04-09,2022-04-19,1.5133912334691575,CHIRPS historical climatology fallback,
2022-04-09,2022-04-20,1.5101773835804246,CHIRPS historical climatology fallback,
2022-04-09,2022-04-21,1.5096586122365898,CHIRPS historical climatology fallback,
2022-04-09,2022-04-22,1.5635056186075162,CHIRPS historical climatology fallback,
2022-04-09,2022-04-23,1.5999030876688187,CHIRPS historical climatology fallback,
2022-04-09,2022-04-24,1.6178555645752377,CHIRPS historical climatology fallback,
2022-04-21,2022-04-22,1.5889902109323117,CHIRPS historical climatology fallback,
2022-04-21,2022-04-23,1.6244837568366675,CHIRPS historical climatology fallback,
2022-04-21,2022-04-24,1.6420158613780882,CHIRPS historical climatology fallback,
2022-04-21,2022-04-25,1.6507718139852317,CHIRPS historical climatology fallback,
2022-04-21,2022-04-26,1.6504142129241564,CHIRPS historical climatology fallback,
2022-04-21,2022-04-27,1.6599100607503081,CHIRPS historical climatology fallback,
2022-04-21,2022-04-28,1.6998394558620122,CHIRPS historical climatology fallback,
2022-04-21,2022-04-29,1.6908984699790555,CHIRPS historical climatology fallback,
2022-04-21,2022-04-30,1.788138712619132,CHIRPS historical climatology fallback,
2022-04-21,2022-05-01,1.7853852050041392,CHIRPS historical climatology fallback,
2022-04-21,2022-05-02,1.7694439362575856,CHIRPS historical climatology fallback,
2022-04-21,2022-05-03,1.7580153801258696,CHIRPS historical climatology fallback,
2022-04-21,2022-05-04,1.7310131316845145,CHIRPS historical climatology fallback,
2022-04-21,2022-05-05,1.7045326422328133,CHIRPS historical climatology fallback,
2022-04-21,2022-05-06,1.6539664032207422,CHIRPS historical climatology fallback,
2022-05-03,2022-05-04,1.7061209978409144,CHIRPS historical climatology fallback,
2022-05-03,2022-05-05,1.6802841869377336,CHIRPS historical climatology fallback,
2022-05-03,2022-05-06,1.6310010898041862,CHIRPS historical climatology fallback,
2022-05-03,2022-05-07,1.6739819409103682,CHIRPS historical climatology fallback,
2022-05-03,2022-05-08,1.690091540993694,CHIRPS historical climatology fallback,
2022-05-03,2022-05-09,1.6945071406807015,CHIRPS historical climatology fallback,
2022-05-03,2022-05-10,1.668180550525172,CHIRPS historical climatology fallback,
2022-05-03,2022-05-11,1.653251173026561,CHIRPS historical climatology fallback,
2022-05-03,2022-05-12,1.6519211127451854,CHIRPS historical climatology fallback,
2022-05-03,2022-05-13,1.732486481590809,CHIRPS historical climatology fallback,
2022-05-03,2022-05-14,1.7496979175523892,CHIRPS historical climatology fallback,
2022-05-03,2022-05-15,1.8046315893258773,CHIRPS historical climatology fallback,
2022-05-03,2022-05-16,1.855811367119738,CHIRPS historical climatology fallback,
2022-05-03,2022-05-17,1.8561984416723891,CHIRPS historical climatology fallback,
2022-05-03,2022-05-18,1.9055806577976844,CHIRPS historical climatology fallback,
2022-05-15,2022-05-16,1.8361448829793452,CHIRPS historical climatology fallback,
2022-05-15,2022-05-17,1.8364785259302991,CHIRPS historical climatology fallback,
2022-05-15,2022-05-18,1.8845120493039522,CHIRPS historical climatology fallback,
2022-05-15,2022-05-19,1.9569897333645234,CHIRPS historical climatology fallback,
2022-05-15,2022-05-20,1.997098297579214,CHIRPS historical climatology fallback,
2022-05-15,2022-05-21,1.999788299803839,CHIRPS historical climatology fallback,
2022-05-15,2022-05-22,2.0659473219575983,CHIRPS historical climatology fallback,
2022-05-15,2022-05-23,2.099055642127277,CHIRPS historical climatology fallback,
2022-05-15,2022-05-24,2.1958864358041734,CHIRPS historical climatology fallback,
2022-05-15,2022-05-25,2.2714518274157673,CHIRPS historical climatology fallback,
2022-05-15,2022-05-26,2.3655000180611596,CHIRPS historical climatology fallback,
2022-05-15,2022-05-27,2.4891986256172314,CHIRPS historical climatology fallback,
2022-05-15,2022-05-28,2.53723961396168,CHIRPS historical climatology fallback,
2022-05-15,2022-05-29,2.6030852077718043,CHIRPS historical climatology fallback,
2022-05-15,2022-05-30,2.720968827491466,CHIRPS historical climatology fallback,
2022-05-27,2022-05-28,2.5320177662468173,CHIRPS historical climatology fallback,
2022-05-27,2022-05-29,2.5961152963790592,CHIRPS historical climatology fallback,
2022-05-27,2022-05-30,2.710867697270464,CHIRPS historical climatology fallback,
2022-05-27,2022-05-31,2.776122495388123,CHIRPS historical climatology fallback,
2022-05-27,2022-06-01,2.969967753197833,CHIRPS historical climatology fallback,
2022-05-27,2022-06-02,3.010382500784823,CHIRPS historical climatology fallback,
2022-05-27,2022-06-03,3.1365675093233585,CHIRPS historical climatology fallback,
2022-05-27,2022-06-04,3.20134361962765,CHIRPS historical climatology fallback,
2022-05-27,2022-06-05,3.3151702674970562,CHIRPS historical climatology fallback,
2022-05-27,2022-06-06,3.4545329189307203,CHIRPS historical climatology fallback,
2022-05-27,2022-06-07,3.637603494501568,CHIRPS historical climatology fallback,
2022-05-27,2022-06-08,3.793194038111172,CHIRPS historical climatology fallback,
2022-05-27,2022-06-09,3.8489968746833436,CHIRPS historical climatology fallback,
2022-05-27,2022-06-10,3.9004008413101157,CHIRPS historical climatology fallback,
2022-05-27,2022-06-11,3.914335820992473,CHIRPS historical climatology fallback,
