issue_date,valid_date,precip_mm_mean,source,source_url,fallback_method,analog_candidates
2015-03-05,2015-03-20,0.0,CHIRPS-GEFS v3 15_day global,https://data.chc.ucsb.edu/products/CHIRPS-GEFS/v3/15_day/global/data/2015/c3g_2015.03.05.tif,,
2015-03-17,2015-04-01,0.0033864758443087,CHIRPS-GEFS v3 15_day global,https://data.chc.ucsb.edu/products/CHIRPS-GEFS/v3/15_day/global/data/2015/c3g_2015.03.17.tif,,
2015-03-29,2015-04-13,17.128925323486328,CHIRPS-GEFS v3 15_day global,https://data.chc.ucsb.edu/products/CHIRPS-GEFS/v3/15_day/global/data/2015/c3g_2015.03.29.tif,,
2015-04-10,2015-04-25,7.370432376861572,CHIRPS-GEFS v3 15_day global,https://data.chc.ucsb.edu/products/CHIRPS-GEFS/v3/15_day/global/data/2015/c3g_2015.04.10.tif,,
2015-04-22,2015-05-07,36.39393615722656,CHIRPS-GEFS v3 15_day global,https://data.chc.ucsb.edu/products/CHIRPS-GEFS/v3/15_day/global/data/2015/c3g_2015.04.22.tif,,
2015-05-04,2015-05-19,1.2234103679656982,CHIRPS-GEFS v3 15_day global,https://data.chc.ucsb.edu/products/CHIRPS-GEFS/v3/15_day/global/data/2015/c3g_2015.05.04.tif,,
2015-05-16,2015-05-31,83.1585922241211,CHIRPS-GEFS v3 15_day global,https://data.chc.ucsb.edu/products/CHIRPS-GEFS/v3/15_day/global/data/2015/c3g_2015.05.16.tif,,
2015-05-28,2015-06-12,40.10691452026367,CHIRPS-GEFS v3 15_day global,https://data.chc.ucsb.edu/products/CHIRPS-GEFS/v3/15_day/global/data/2015/c3g_2015.05.28.tif,,
2015-06-09,2015-06-24,100.23478698730467,CHIRPS-GEFS v3 15_day global,https://data.chc.ucsb.edu/products/CHIRPS-GEFS/v3/15_day/global/data/2015/c3g_2015.06.09.tif,,
2015-06-21,2015-07-06,91.44281005859376,CHIRPS-GEFS v3 15_day global,https://data.chc.ucsb.edu/products/CHIRPS-GEFS/v3/15_day/global/data/2015/c3g_2015.06.21.tif,,
2015-07-03,2015-07-18,68.16317749023438,CHIRPS-GEFS v3 15_day global,https://data.chc.ucsb.edu/products/CHIRPS-GEFS/v3/15_day/global/data/2015/c3g_2015.07.03.tif,,
2015-07-15,2015-07-30,12.099522590637209,CHIRPS-GEFS v3 15_day global,https://data.chc.ucsb.edu/products/CHIRPS-GEFS/v3/15_day/global/data/2015/c3g_2015.07.15.tif,,
2015-07-27,2015-08-11,55.47628402709961,CHIRPS-GEFS v3 15_day global,https://data.chc.ucsb.edu/products/CHIRPS-GEFS/v3/15_day/global/data/2015/c3g_2015.07.27.tif,,
2015-08-08,2015-08-23,80.17140197753906,CHIRPS-GEFS v3 15_day global,https://data.chc.ucsb.edu/products/CHIRPS-GEFS/v3/15_day/global/data/2015/c3g_2015.08.08.tif,,
2015-08-20,2015-09-04,109.96678161621094,CHIRPS-GEFS v3 15_day global,https://data.chc.ucsb.edu/products/CHIRPS-GEFS/v3/15_day/global/data/2015/c3g_2015.08.20.tif,,
2015-09-01,2015-09-16,100.8111343383789,CHIRPS-GEFS v3 15_day global,https://data.chc.ucsb.edu/products/CHIRPS-GEFS/v3/15_day/global/data/2015/c3g_2015.09.01.tif,,
2015-09-13,2015-09-28,87.27274322509766,CHIRPS-GEFS v3 15_day global,https://data.chc.ucsb.edu/products/CHIRPS-GEFS/v3/15_day/global/data/2015/c3g_2015.09.13.tif,,
2015-09-25,2015-10-10,33.45615768432617,CHIRPS-GEFS v3 15_day global,https://data.chc.ucsb.edu/products/CHIRPS-GEFS/v3/15_day/global/data/2015/c3g_2015.09.25.tif,,
2015-10-07,2015-10-22,19.086200714111328,CHIRPS-GEFS v3 15_day global,https://data.chc.ucsb.edu/products/CHIRPS-GEFS/v3/15_day/global/data/2015/c3g_2015.10.07.tif,,
2015-10-19,2015-11-03,2.083434820175171,CHIRPS-GEFS v3 15_day global,https://data.chc.ucsb.edu/products/CHIRPS-GEFS/v3/15_day/global/data/2015/c3g_2015.10.19.tif,,
2015-10-31,2015-11-15,2.1881885528564453,CHIRPS-GEFS v3 15_day global,https://data.chc.ucsb.edu/products/CHIRPS-GEFS/v3/15_day/global/data/2015/c3g_2015.10.31.tif,,
2015-11-12,2015-11-27,1.0447348356246948,CHIRPS-GEFS v3 15_day global,https://data.chc.ucsb.edu/products/CHIRPS-GEFS/v3/15_day/global/data/2015/c3g_2015.11.12.tif,,
2015-11-24,2015-12-09,1.1094474792480469,CHIRPS-GEFS v3 15_day global,https://data.chc.ucsb.edu/products/CHIRPS-GEFS/v3/15_day/global/data/2015/c3g_2015.11.24.tif,,
2015-12-06,2015-12-21,0.0,CHIRPS-GEFS v3 15_day global,https://data.chc.ucsb.edu/products/CHIRPS-GEFS/v3/15_day/global/data/2015/c3g_2015.12.06.tif,,
2015-12-18,2016-01-02,0.0,CHIRPS-GEFS v3 15_day global,https://data.chc.ucsb.edu/products/CHIRPS-GEFS/v3/15_day/global/data/2015/c3g_2015.12.18.tif,,
2015-12-30,2016-01-14,0.7020030617713928,CHIRPS-GEFS v3 15_day global,https://data.chc.ucsb.edu/products/CHIRPS-GEFS/v3/15_day/global/data/2015/c3g_2015.12.30.tif,,
2016-01-11,2016-01-26,0.1037451103329658,CHIRPS-GEFS v3 15_day global,https://data.chc.ucsb.edu/products/CHIRPS-GEFS/v3/15_day/global/data/2016/c3g_2016.01.11.tif,,
2016-01-23,2016-02-07,2.2833869457244877,CHIRPS-GEFS v3 15_day global,https://data.chc.ucsb.edu/products/CHIRPS-GEFS/v3/15_day/global/data/2016/c3g_2016.01.23.tif,,
2016-02-04,2016-02-19,0.0,CHIRPS-GEFS v3 15_day global,https://data.chc.ucsb.edu/products/CHIRPS-GEFS/v3/15_day/global/data/2016/c3g_2016.02.04.tif,,
2016-02-16,2016-03-02,11.134695053100586,CHIRPS-GEFS v3 15_day global,https://data.chc.ucsb.edu/products/CHIRPS-GEFS/v3/15_day/global/data/2016/c3g_2016.02.16.tif,,
2016-02-28,2016-03-14,3.980579376220703,CHIRPS-GEFS v3 15_day global,https://data.chc.ucsb.edu/products/CHIRPS-GEFS/v3/15_day/global/data/2016/c3g_2016.02.28.tif,,
2016-03-11,2016-03-26,6.1952667236328125,CHIRPS-GEFS v3 15_day global,https://data.chc.ucsb.edu/products/CHIRPS-GEFS/v3/15_day/global/data/2016/c3g_2016.03.11.tif,,
2016-03-23,2016-04-07,2.189497470855713,CHIRPS-GEFS v3 15_day global,https://data.chc.ucsb.edu/products/CHIRPS-GEFS/v3/15_day/global/data/2016/c3g_2016.03.23.tif,,
2016-04-04,2016-04-19,28.721603393554688,CHIRPS-GEFS v3 15_day global,https://data.chc.ucsb.edu/products/CHIRPS-GEFS/v3/15_day/global/data/2016/c3g_2016.04.04.tif,,
2016-04-16,2016-05-01,37.57038497924805,CHIRPS-GEFS v3 15_day global,https://data.chc.ucsb.edu/products/CHIRPS-GEFS/v3/15_day/global/data/2016/c3g_2016.04.16.tif,,
2016-04-28,2016-05-13,7.820717811584473,CHIRPS-GEFS v3 15_day global,https://data.chc.ucsb.edu/products/CHIRPS-GEFS/v3/15_day/global/data/2016/c3g_2016.04.28.tif,,
2016-05-10,2016-05-25,25.810039520263672,CHIRPS-GEFS v3 15_day global,https://data.chc.ucsb.edu/products/CHIRPS-GEFS/v3/15_day/global/data/2016/c3g_2016.05.10.tif,,
2016-05-22,2016-06-06,26.14327812194824,CHIRPS-GEFS v3 15_day global,https://data.chc.ucsb.edu/products/CHIRPS-GEFS/v3/15_day/global/data/2016/c3g_2016.05.22.tif,,
2016-06-03,2016-06-18,36.02436065673828,CHIRPS-GEFS v3 15_day global,https://data.chc.ucsb.edu/products/CHIRPS-GEFS/v3/15_day/global/data/2016/c3g_2016.06.03.tif,,
2016-06-15,2016-06-30,56.49684143066406,CHIRPS-GEFS v3 15_day global,https://data.chc.ucsb.edu/products/CHIRPS-GEFS/v3/15_day/global/data/2016/c3g_2016.06.15.tif,,
2016-06-27,2016-07-12,83.4852523803711,CHIRPS-GEFS v3 15_day global,https://data.chc.ucsb.edu/products/CHIRPS-GEFS/v3/15_day/global/data/2016/c3g_2016.06.27.tif,,
2016-07-09,2016-07-24,92.6898956298828,CHIRPS-GEFS v3 15_day global,https://data.chc.ucsb.edu/products/CHIRPS-GEFS/v3/15_day/global/data/2016/c3g_2016.07.09.tif,,
2016-07-21,2016-08-05,128.3121795654297,CHIRPS-GEFS v3 15_day global,https://data.chc.ucsb.edu/products/CHIRPS-GEFS/v3/15_day/global/data/2016/c3g_2016.07.21.tif,,
2016-08-02,2016-08-17,77.25653839111328,CHIRPS-GEFS v3 15_day global,https://data.chc.ucsb.edu/products/CHIRPS-GEFS/v3/15_day/global/data/2016/c3g_2016.08.02.tif,,
2016-08-14,2016-08-29,49.88086700439453,CHIRPS-GEFS v3 15_day global,https://data.chc.ucsb.edu/products/CHIRPS-GEFS/v3/15_day/global/data/2016/c3g_2016.08.14.tif,,
2016-08-26,2016-09-10,196.8540802001953,CHIRPS-GEFS v3 15_day global,https://data.chc.ucsb.edu/products/CHIRPS-GEFS/v3/15_day/global/data/2016/c3g_2016.08.26.tif,,
2016-09-07,2016-09-22,99.70860290527344,CHIRPS-GEFS v3 15_day global,https://data.chc.ucsb.edu/products/CHIRPS-GEFS/v3/15_day/global/data/2016/c3g_2016.09.07.tif,,
2016-09-19,2016-10-04,84.20499420166016,CHIRPS-GEFS v3 15_day global,https://data.chc.ucsb.edu/products/CHIRPS-GEFS/v3/15_day/global/data/2016/c3g_2016.09.19.tif,,
2016-10-01,2016-10-16,9.10649585723877,CHIRPS-GEFS v3 15_day global,https://data.chc.ucsb.edu/products/CHIRPS-GEFS/v3/15_day/global/data/2016/c3g_2016.10.01.tif,,
2016-10-13,2016-10-28,6.024221897125244,CHIRPS-GEFS v3 15_day global,https://data.chc.ucsb.edu/products/CHIRPS-GEFS/v3/15_day/global/data/2016/c3g_2016.10.13.tif,,
2016-10-25,2016-11-09,4.094890594482422,CHIRPS-GEFS v3 15_day global,https://data.chc.ucsb.edu/products/CHIRPS-GEFS/v3/15_day/global/data/2016/c3g_2016.10.25.tif,,
2016-11-06,2016-11-21,6.926982879638672,CHIRPS-GEFS v3 15_day global,https://data.chc.ucsb.edu/products/CHIRPS-GEFS/v3/15_day/global/data/2016/c3g_2016.11.06.tif,,
2016-11-18,2016-12-03,0.2174341529607772,CHIRPS-GEFS v3 15_day global,https://data.chc.ucsb.edu/products/CHIRPS-GEFS/v3/15_day/global/data/2016/c3g_2016.11.18.tif,,
2016-11-30,2016-12-15,0.5823661088943481,CHIRPS-GEFS v3 15_day global,https://data.chc.ucsb.edu/products/CHIRPS-GEFS/v3/15_day/global/data/2016/c3g_2016.11.30.tif,,
2016-12-12,2016-12-27,0.0,CHIRPS-GEFS v3 15_day global,https://data.chc.ucsb.edu/products/CHIRPS-GEFS/v3/15_day/global/data/2016/c3g_2016.12.12.tif,,
2016-12-24,2017-01-08,2.153880834579468,CHIRPS-GEFS v3 15_day global,https://data.chc.ucsb.edu/products/CHIRPS-GEFS/v3/15_day/global/data/2016/c3g_2016.12.24.tif,,
2017-01-05,2017-01-20,0.8408253788948059,CHIRPS-GEFS v3 15_day global,https://data.chc.ucsb.edu/products/CHIRPS-GEFS/v3/15_day/global/data/2017/c3g_2017.01.05.tif,,
2017-01-17,2017-02-01,0.0,CHIRPS-GEFS v3 15_day global,https://data.chc.ucsb.edu/products/CHIRPS-GEFS/v3/15_day/global/data/2017/c3g_2017.01.17.tif,,
2017-01-29,2017-02-13,4.814922332763672,CHIRPS-GEFS v3 15_day global,https://data.chc.ucsb.edu/products/CHIRPS-GEFS/v3/15_day/global/data/2017/c3g_2017.01.29.tif,,
2017-02-10,2017-02-25,5.123154640197754,CHIRPS-GEFS v3 15_day global,https://data.chc.ucsb.edu/products/CHIRPS-GEFS/v3/15_day/global/data/2017/c3g_2017.02.10.tif,,
2017-02-22,2017-03-09,17.758108139038086,CHIRPS-GEFS v3 15_day global,https://data.chc.ucsb.edu/products/CHIRPS-GEFS/v3/15_day/global/data/2017/c3g_2017.02.22.tif,,
2017-03-06,2017-03-21,4.936774730682373,CHIRPS-GEFS v3 15_day global,https://data.chc.ucsb.edu/products/CHIRPS-GEFS/v3/15_day/global/data/2017/c3g_2017.03.06.tif,,
2017-03-18,2017-04-02,15.319378852844238,CHIRPS-GEFS v3 15_day global,https://data.chc.ucsb.edu/products/CHIRPS-GEFS/v3/15_day/global/data/2017/c3g_2017.03.18.tif,,
2017-03-30,2017-04-14,1.5589364767074585,CHIRPS-GEFS v3 15_day global,https://data.chc.ucsb.edu/products/CHIRPS-GEFS/v3/15_day/global/data/2017/c3g_2017.03.30.tif,,
2017-04-11,2017-04-26,2.908372402191162,CHIRPS-GEFS v3 15_day global,https://data.chc.ucsb.edu/products/CHIRPS-GEFS/v3/15_day/global/data/2017/c3g_2017.04.11.tif,,
2017-04-23,2017-05-08,52.143646240234375,CHIRPS-GEFS v3 15_day global,https://data.chc.ucsb.edu/products/CHIRPS-GEFS/v3/15_day/global/data/2017/c3g_2017.04.23.tif,,
2017-05-05,2017-05-20,8.79894733428955,CHIRPS-GEFS v3 15_day global,https://data.chc.ucsb.edu/products/CHIRPS-GEFS/v3/15_day/global/data/2017/c3g_2017.05.05.tif,,
2017-05-17,2017-06-01,48.3730354309082,CHIRPS-GEFS v3 15_day global,https://data.chc.ucsb.edu/products/CHIRPS-GEFS/v3/15_day/global/data/2017/c3g_2017.05.17.tif,,
2017-05-29,2017-06-13,32.026153564453125,CHIRPS-GEFS v3 15_day global,https://data.chc.ucsb.edu/products/CHIRPS-GEFS/v3/15_day/global/data/2017/c3g_2017.05.29.tif,,
2017-06-10,2017-06-25,78.70563507080078,CHIRPS-GEFS v3 15_day global,https://data.chc.ucsb.edu/products/CHIRPS-GEFS/v3/15_day/global/data/2017/c3g_2017.06.10.tif,,
2017-06-22,2017-07-07,124.42596435546876,CHIRPS-GEFS v3 15_day global,https://data.chc.ucsb.edu/products/CHIRPS-GEFS/v3/15_day/global/data/2017/c3g_2017.06.22.tif,,
2017-07-04,2017-07-19,105.57759857177734,CHIRPS-GEFS v3 15_day global,https://data.chc.ucsb.edu/products/CHIRPS-GEFS/v3/15_day/global/data/2017/c3g_2017.07.04.tif,,
2017-07-16,2017-07-31,50.941162109375,CHIRPS-GEFS v3 15_day global,https://data.chc.ucsb.edu/products/CHIRPS-GEFS/v3/15_day/global/data/2017/c3g_2017.07.16.tif,,
2017-07-28,2017-08-12,109.93025970458984,CHIRPS-GEFS v3 15_day global,https://data.chc.ucsb.edu/products/CHIRPS-GEFS/v3/15_day/global/data/2017/c3g_2017.07.28.tif,,
2017-08-09,2017-08-24,63.63535690307617,CHIRPS-GEFS v3 15_day global,https://data.chc.ucsb.edu/products/CHIRPS-GEFS/v3/15_day/global/data/2017/c3g_2017.08.09.tif,,
2017-08-21,2017-09-05,113.58423614501952,CHIRPS-GEFS v3 15_day global,https://data.chc.ucsb.edu/products/CHIRPS-GEFS/v3/15_day/global/data/2017/c3g_2017.08.21.tif,,
2017-09-02,2017-09-17,80.76543426513672,CHIRPS-GEFS v3 15_day global,https://data.chc.ucsb.edu/products/CHIRPS-GEFS/v3/15_day/global/data/2017/c3g_2017.09.02.tif,,
2017-09-14,2017-09-29,21.056411743164062,CHIRPS-GEFS v3 15_day global,https://data.chc.ucsb.edu/products/CHIRPS-GEFS/v3/15_day/global/data/2017/c3g_2017.09.14.tif,,
2017-09-26,2017-10-11,28.554330825805664,CHIRPS-GEFS v3 15_day global,https://data.chc.ucsb.edu/products/CHIRPS-GEFS/v3/15_day/global/data/2017/c3g_2017.09.26.tif,,
2017-10-08,2017-10-23,36.5419921875,CHIRPS-GEFS v3 15_day global,https://data.chc.ucsb.edu/products/CHIRPS-GEFS/v3/15_day/global/data/2017/c3g_2017.10.08.tif,,
2017-10-20,2017-11-04,23.524837493896484,CHIRPS-GEFS v3 15_day global,https://data.chc.ucsb.edu/products/CHIRPS-GEFS/v3/15_day/global/data/2017/c3g_2017.10.20.tif,,
2017-11-01,2017-11-16,2.5501182079315186,CHIRPS-GEFS v3 15_day global,https://data.chc.ucsb.edu/products/CHIRPS-GEFS/v3/15_day/global/data/2017/c3g_2017.11.01.tif,,
2017-11-13,2017-11-28,0.0,CHIRPS-GEFS v3 15_day global,https://data.chc.ucsb.edu/products/CHIRPS-GEFS/v3/15_day/global/data/2017/c3g_2017.11.13.tif,,
2017-11-25,2017-12-10,0.0,CHIRPS-GEFS v3 15_day global,https://data.chc.ucsb.edu/products/CHIRPS-GEFS/v3/15_day/global/data/2017/c3g_2017.11.25.tif,,
2017-12-07,2017-12-22,0.0,CHIRPS-GEFS v3 15_day global,https://data.chc.ucsb.edu/products/CHIRPS-GEFS/v3/15_day/global/data/2017/c3g_2017.12.07.tif,,
2017-12-19,2018-01-03,0.0,CHIRPS-GEFS v3 15_day global,https://data.chc.ucsb.edu/products/CHIRPS-GEFS/v3/15_day/global/data/2017/c3g_2017.12.19.tif,,
2017-12-31,2018-01-15,0.0,CHIRPS-GEFS v3 15_day global,https://data.chc.ucsb.edu/products/CHIRPS-GEFS/v3/15_day/global/data/2017/c3g_2017.12.31.tif,,
2018-01-12,2018-01-27,0.0,CHIRPS-GEFS v3 15_day global,https://data.chc.ucsb.edu/products/CHIRPS-GEFS/v3/15_day/global/data/2018/c3g_2018.01.12.tif,,
2018-01-24,2018-02-08,2.6466050148010254,CHIRPS-GEFS v3 15_day global,https://data.chc.ucsb.edu/products/CHIRPS-GEFS/v3/15_day/global/data/2018/c3g_2018.01.24.tif,,
2018-02-05,2018-02-20,3.194176197052002,CHIRPS-GEFS v3 15_day global,https://data.chc.ucsb.edu/products/CHIRPS-GEFS/v3/15_day/global/data/2018/c3g_2018.02.05.tif,,
2018-02-17,2018-03-04,4.4615631103515625,CHIRPS-GEFS v3 15_day global,https://data.chc.ucsb.edu/products/CHIRPS-GEFS/v3/15_day/global/data/2018/c3g_2018.02.17.tif,,
2018-03-01,2018-03-16,11.19711685180664,CHIRPS-GEFS v3 15_day global,https://data.chc.ucsb.edu/products/CHIRPS-GEFS/v3/15_day/global/data/2018/c3g_2018.03.01.tif,,
2018-03-13,2018-03-28,6.765214443206787,CHIRPS-GEFS v3 15_day global,https://data.chc.ucsb.edu/products/CHIRPS-GEFS/v3/15_day/global/data/2018/c3g_2018.03.13.tif,,
2018-03-25,2018-04-09,15.292577743530272,CHIRPS-GEFS v3 15_day global,https://data.chc.ucsb.edu/products/CHIRPS-GEFS/v3/15_day/global/data/2018/c3g_2018.03.25.tif,,
2018-04-06,2018-04-21,18.486555099487305,CHIRPS-GEFS v3 15_day global,https://data.chc.ucsb.edu/products/CHIRPS-GEFS/v3/15_day/global/data/2018/c3g_2018.04.06.tif,,
2018-04-18,2018-05-03,17.301528930664062,CHIRPS-GEFS v3 15_day global,https://data.chc.ucsb.edu/products/CHIRPS-GEFS/v3/15_day/global/data/2018/c3g_2018.04.18.tif,,
2018-04-30,2018-05-15,34.105594635009766,CHIRPS-GEFS v3 15_day global,https://data.chc.ucsb.edu/products/CHIRPS-GEFS/v3/15_day/global/data/2018/c3g_2018.04.30.tif,,
2018-05-12,2018-05-27,16.170886993408203,CHIRPS-GEFS v3 15_day global,https://data.chc.ucsb.edu/products/CHIRPS-GEFS/v3/15_day/global/data/2018/c3g_2018.05.12.tif,,
2018-05-24,2018-06-08,41.07678985595703,CHIRPS-GEFS v3 15_day global,https://data.chc.ucsb.edu/products/CHIRPS-GEFS/v3/15_day/global/data/2018/c3g_2018.05.24.tif,,
2018-06-05,2018-06-20,48.79353713989258,CHIRPS-GEFS v3 15_day global,https://data.chc.ucsb.edu/products/CHIRPS-GEFS/v3/15_day/global/data/2018/c3g_2018.06.05.tif,,
2018-06-17,2018-07-02,143.2023162841797,CHIRPS-GEFS v3 15_day global,https://data.chc.ucsb.edu/products/CHIRPS-GEFS/v3/15_day/global/data/2018/c3g_2018.06.17.tif,,
2018-06-29,2018-07-14,115.77014923095705,CHIRPS-GEFS v3 15_day global,https://data.chc.ucsb.edu/products/CHIRPS-GEFS/v3/15_day/global/data/2018/c3g_2018.06.29.tif,,
2018-07-11,2018-07-26,74.06319427490234,CHIRPS-GEFS v3 15_day global,https://data.chc.ucsb.edu/products/CHIRPS-GEFS/v3/15_day/global/data/2018/c3g_2018.07.11.tif,,
2018-07-23,2018-08-07,152.0258026123047,CHIRPS-GEFS v3 15_day global,https://data.chc.ucsb.edu/products/CHIRPS-GEFS/v3/15_day/global/data/2018/c3g_2018.07.23.tif,,
2018-08-04,2018-08-19,116.33912658691406,CHIRPS-GEFS v3 15_day global,https://data.chc.ucsb.edu/products/CHIRPS-GEFS/v3/15_day/global/data/2018/c3g_2018.08.04.tif,,
2018-08-16,2018-08-31,102.16951751708984,CHIRPS-GEFS v3 15_day global,https://data.chc.ucsb.edu/products/CHIRPS-GEFS/v3/15_day/global/data/2018/c3g_2018.08.16.tif,,
2018-08-28,2018-09-12,58.014984130859375,CHIRPS-GEFS v3 15_day global,https://data.chc.ucsb.edu/products/CHIRPS-GEFS/v3/15_day/global/data/2018/c3g_2018.08.28.tif,,
2018-09-09,2018-09-24,121.63716888427734,CHIRPS-GEFS v3 15_day global,https://data.chc.ucsb.edu/products/CHIRPS-GEFS/v3/15_day/global/data/2018/c3g_2018.09.09.tif,,
2018-09-21,2018-10-06,98.48159790039062,CHIRPS-GEFS v3 15_day global,https://data.chc.ucsb.edu/products/CHIRPS-GEFS/v3/15_day/global/data/2018/c3g_2018.09.21.tif,,
2018-10-03,2018-10-18,48.86589431762695,CHIRPS-GEFS v3 15_day global,https://data.chc.ucsb.edu/products/CHIRPS-GEFS/v3/15_day/global/data/2018/c3g_2018.10.03.tif,,
2018-10-15,2018-10-30,11.025787353515623,CHIRPS-GEFS v3 15_day global,https://data.chc.ucsb.edu/products/CHIRPS-GEFS/v3/15_day/global/data/2018/c3g_2018.10.15.tif,,
2018-10-27,2018-11-11,2.805274486541748,CHIRPS-GEFS v3 15_day global,https://data.chc.ucsb.edu/products/CHIRPS-GEFS/v3/15_day/global/data/2018/c3g_2018.10.27.tif,,
2018-11-08,2018-11-23,1.0961322784423828,CHIRPS-GEFS v3 15_day global,https://data.chc.ucsb.edu/products/CHIRPS-GEFS/v3/15_day/global/data/2018/c3g_2018.11.08.tif,,
2018-11-20,2018-12-05,0.8212323188781738,CHIRPS-GEFS v3 15_day global,https://data.chc.ucsb.edu/products/CHIRPS-GEFS/v3/15_day/global/data/2018/c3g_2018.11.20.tif,,
2018-12-02,2018-12-17,0.0,CHIRPS-GEFS v3 15_day global,https://data.chc.ucsb.edu/products/CHIRPS-GEFS/v3/15_day/global/data/2018/c3g_2018.12.02.tif,,
2018-12-14,2018-12-29,1.9490948915481567,CHIRPS-GEFS v3 15_day global,https://data.chc.ucsb.edu/products/CHIRPS-GEFS/v3/15_day/global/data/2018/c3g_2018.12.14.tif,,
2018-12-26,2019-01-10,0.5784932971000671,CHIRPS-GEFS v3 15_day global,https://data.chc.ucsb.edu/products/CHIRPS-GEFS/v3/15_day/global/data/2018/c3g_2018.12.26.tif,,
2019-01-07,2019-01-22,0.0,CHIRPS-GEFS v3 15_day global,https://data.chc.ucsb.edu/products/CHIRPS-GEFS/v3/15_day/global/data/2019/c3g_2019.01.07.tif,,
2019-01-19,2019-02-03,0.0,CHIRPS-GEFS v3 15_day global,https://data.chc.ucsb.edu/products/CHIRPS-GEFS/v3/15_day/global/data/2019/c3g_2019.01.19.tif,,
2019-01-31,2019-02-15,0.0,CHIRPS-GEFS v3 15_day global,https://data.chc.ucsb.edu/products/CHIRPS-GEFS/v3/15_day/global/data/2019/c3g_2019.01.31.tif,,
2019-02-12,2019-02-27,4.546597480773926,CHIRPS-GEFS v3 15_day global,https://data.chc.ucsb.edu/products/CHIRPS-GEFS/v3/15_day/global/data/2019/c3g_2019.02.12.tif,,
2019-02-24,2019-03-11,16.046367645263672,CHIRPS-GEFS v3 15_day global,https://data.chc.ucsb.edu/products/CHIRPS-GEFS/v3/15_day/global/data/2019/c3g_2019.02.24.tif,,
2019-03-08,2019-03-23,11.308260917663574,CHIRPS-GEFS v3 15_day global,https://data.chc.ucsb.edu/products/CHIRPS-GEFS/v3/15_day/global/data/2019/c3g_2019.03.08.tif,,
2019-03-20,2019-04-04,12.692554473876951,CHIRPS-GEFS v3 15_day global,https://data.chc.ucsb.edu/products/CHIRPS-GEFS/v3/15_day/global/data/2019/c3g_2019.03.20.tif,,
2019-04-01,2019-04-16,6.125810146331787,CHIRPS-GEFS v3 15_day global,https://data.chc.ucsb.edu/products/CHIRPS-GEFS/v3/15_day/global/data/2019/c3g_2019.04.01.tif,,
2019-04-13,2019-04-28,15.950122833251951,CHIRPS-GEFS v3 15_day global,https://data.chc.ucsb.edu/products/CHIRPS-GEFS/v3/15_day/global/data/2019/c3g_2019.04.13.tif,,
2019-04-25,2019-05-10,30.02248191833496,CHIRPS-GEFS v3 15_day global,https://data.chc.ucsb.edu/products/CHIRPS-GEFS/v3/15_day/global/data/2019/c3g_2019.04.25.tif,,
2019-05-07,2019-05-22,39.39630889892578,CHIRPS-GEFS v3 15_day global,https://data.chc.ucsb.edu/products/CHIRPS-GEFS/v3/15_day/global/data/2019/c3g_2019.05.07.tif,,
2019-05-19,2019-06-03,65.62515258789062,CHIRPS-GEFS v3 15_day global,https://data.chc.ucsb.edu/products/CHIRPS-GEFS/v3/15_day/global/data/2019/c3g_2019.05.19.tif,,
2019-05-31,2019-06-15,23.134496688842773,CHIRPS-GEFS v3 15_day global,https://data.chc.ucsb.edu/products/CHIRPS-GEFS/v3/15_day/global/data/2019/c3g_2019.05.31.tif,,
2019-06-12,2019-06-27,85.54266357421875,CHIRPS-GEFS v3 15_day global,https://data.chc.ucsb.edu/products/CHIRPS-GEFS/v3/15_day/global/data/2019/c3g_2019.06.12.tif,,
2019-06-24,2019-07-09,128.7942657470703,CHIRPS-GEFS v3 15_day global,https://data.chc.ucsb.edu/products/CHIRPS-GEFS/v3/15_day/global/data/2019/c3g_2019.06.24.tif,,
2019-07-06,2019-07-21,104.59105682373048,CHIRPS-GEFS v3 15_day global,https://data.chc.ucsb.edu/products/CHIRPS-GEFS/v3/15_day/global/data/2019/c3g_2019.07.06.tif,,
2019-07-18,2019-08-02,108.70729064941406,CHIRPS-GEFS v3 15_day global,https://data.chc.ucsb.edu/products/CHIRPS-GEFS/v3/15_day/global/data/2019/c3g_2019.07.18.tif,,
2019-07-30,2019-08-14,88.24002075195312,CHIRPS-GEFS v3 15_day global,https://data.chc.ucsb.edu/products/CHIRPS-GEFS/v3/15_day/global/data/2019/c3g_2019.07.30.tif,,
2019-08-11,2019-08-26,17.083602905273438,CHIRPS-GEFS v3 15_day global,https://data.chc.ucsb.edu/products/CHIRPS-GEFS/v3/15_day/global/data/2019/c3g_2019.08.11.tif,,
2019-08-23,2019-09-07,120.37266540527344,CHIRPS-GEFS v3 15_day global,https://data.chc.ucsb.edu/products/CHIRPS-GEFS/v3/15_day/global/data/2019/c3g_2019.08.23.tif,,
2019-09-04,2019-09-19,94.67967987060548,CHIRPS-GEFS v3 15_day global,https://data.chc.ucsb.edu/products/CHIRPS-GEFS/v3/15_day/global/data/2019/c3g_2019.09.04.tif,,
2019-09-16,2019-10-01,53.160831451416016,CHIRPS-GEFS v3 15_day global,https://data.chc.ucsb.edu/products/CHIRPS-GEFS/v3/15_day/global/data/2019/c3g_2019.09.16.tif,,
2019-09-28,2019-10-13,31.26189422607422,CHIRPS-GEFS v3 15_day global,https://data.chc.ucsb.edu/products/CHIRPS-GEFS/v3/15_day/global/data/2019/c3g_2019.09.28.tif,,
2019-10-10,2019-10-25,35.17431640625,CHIRPS-GEFS v3 15_day global,https://data.chc.ucsb.edu/products/CHIRPS-GEFS/v3/15_day/global/data/2019/c3g_2019.10.10.tif,,
2019-10-22,2019-11-06,43.04616165161133,CHIRPS-GEFS v3 15_day global,https://data.chc.ucsb.edu/products/CHIRPS-GEFS/v3/15_day/global/data/2019/c3g_2019.10.22.tif,,
2019-11-03,2019-11-18,0.4076500236988067,CHIRPS-GEFS v3 15_day global,https://data.chc.ucsb.edu/products/CHIRPS-GEFS/v3/15_day/global/data/2019/c3g_2019.11.03.tif,,
2019-11-15,2019-11-30,2.838134288787842,CHIRPS-GEFS v3 15_day global,https://data.chc.ucsb.edu/products/CHIRPS-GEFS/v3/15_day/global/data/2019/c3g_2019.11.15.tif,,
2019-11-27,2019-12-12,0.8270602822303772,CHIRPS-GEFS v3 15_day global,https://data.chc.ucsb.edu/products/CHIRPS-GEFS/v3/15_day/global/data/2019/c3g_2019.11.27.tif,,
2019-12-09,2019-12-24,4.001307487487793,CHIRPS-GEFS v3 15_day global,https://data.chc.ucsb.edu/products/CHIRPS-GEFS/v3/15_day/global/data/2019/c3g_2019.12.09.tif,,
2019-12-21,2020-01-05,5.432427883148193,CHIRPS-GEFS v3 15_day global,https://data.chc.ucsb.edu/products/CHIRPS-GEFS/v3/15_day/global/data/2019/c3g_2019.12.21.tif,,
2020-01-14,2020-01-15,0.0,CHIRPS historical analog fallback,,analog,1863.0
2020-01-14,2020-01-16,0.009961421415209759,CHIRPS historical analog fallback,,analog,1863.0
2020-01-14,2020-01-17,0.01810566782951354,CHIRPS historical analog fallback,,analog,1863.0
2020-01-14,2020-01-18,0.0,CHIRPS historical analog fallback,,analog,1863.0
2020-01-14,2020-01-19,0.0007910639047622601,CHIRPS historical analog fallback,,analog,1863.0
2020-01-14,2020-01-20,0.07160705924034118,CHIRPS historical analog fallback,,analog,1863.0
2020-01-14,2020-01-21,0.0,CHIRPS historical analog fallback,,analog,1863.0
2020-01-14,2020-01-22,2.7070000214735046e-05,CHIRPS historical analog fallback,,analog,1863.0
2020-01-14,2020-01-23,0.05167835503816605,CHIRPS historical analog fallback,,analog,1863.0
2020-01-14,2020-01-24,0.0,CHIRPS historical analog fallback,,analog,1863.0
2020-01-14,2020-01-25,0.03038260340690612,CHIRPS historical analog fallback,,analog,1863.0
2020-01-14,2020-01-26,0.03607328534126282,CHIRPS historical analog fallback,,analog,1863.0
2020-01-14,2020-01-27,0.035365453362464896,CHIRPS historical analog fallback,,analog,1863.0
2020-01-14,2020-01-28,0.0453011594712734,CHIRPS historical analog fallback,,analog,1863.0
2020-01-14,2020-01-29,0.02146352436393496,CHIRPS historical analog fallback,,analog,1863.0
2020-01-26,2020-01-27,0.035365453362464896,CHIRPS historical analog fallback,,analog,1875.0
2020-01-26,2020-01-28,0.0453011594712734,CHIRPS historical analog fallback,,analog,1875.0
2020-01-26,2020-01-29,0.02146352436393496,CHIRPS historical analog fallback,,analog,1875.0
2020-01-26,2020-01-30,0.05923467278480528,CHIRPS historical analog fallback,,analog,1875.0
2020-01-26,2020-01-31,0.13341052010655402,CHIRPS historical analog fallback,,analog,1875.0
2020-01-26,2020-02-01,0.11062184795737265,CHIRPS historical analog fallback,,analog,1875.0
2020-01-26,2020-02-02,0.14523884393274783,CHIRPS historical analog fallback,,analog,1875.0
2020-01-26,2020-02-03,0.00950105702504514,CHIRPS historical analog fallback,,analog,1875.0
2020-01-26,2020-02-04,0.00260542025789616,CHIRPS historical analog fallback,,analog,1875.0
2020-01-26,2020-02-05,0.0084563985466957,CHIRPS historical analog fallback,,analog,1875.0
2020-01-26,2020-02-06,0.012386454641819,CHIRPS historical analog fallback,,analog,1875.0
2020-01-26,2020-02-07,0.0270268976688385,CHIRPS historical analog fallback,,analog,1875.0
2020-01-26,2020-02-08,0.04674435397610068,CHIRPS historical analog fallback,,analog,1875.0
2020-01-26,2020-02-09,0.07459985651075837,CHIRPS historical analog fallback,,analog,1875.0
2020-01-26,2020-02-10,0.03376928344368932,CHIRPS historical analog fallback,,analog,1875.0
2020-02-07,2020-02-08,0.04674435397610068,CHIRPS historical analog fallback,,analog,1887.0
2020-02-07,2020-02-09,0.07414393350481982,CHIRPS historical analog fallback,,analog,1887.0
2020-02-07,2020-02-10,0.0262170298490673,CHIRPS historical analog fallback,,analog,1887.0
2020-02-07,2020-02-11,0.00295837060548364,CHIRPS historical analog fallback,,analog,1887.0
2020-02-07,2020-02-12,0.01369451575446872,CHIRPS historical analog fallback,,analog,1887.0
2020-02-07,2020-02-13,0.06655755483079698,CHIRPS historical analog fallback,,analog,1887.0
2020-02-07,2020-02-14,0.1423266381025314,CHIRPS historical analog fallback,,analog,1887.0
2020-02-07,2020-02-15,0.23812114000320433,CHIRPS historical analog fallback,,analog,1887.0
2020-02-07,2020-02-16,0.12895054677501316,CHIRPS historical analog fallback,,analog,1887.0
2020-02-07,2020-02-17,0.06784916445612904,CHIRPS historical analog fallback,,analog,1887.0
2020-02-07,2020-02-18,0.030446577211841897,CHIRPS historical analog fallback,,analog,1887.0
2020-02-07,2020-02-19,0.07609170675277706,CHIRPS historical analog fallback,,analog,1887.0
2020-02-07,2020-02-20,0.20961503982543944,CHIRPS historical analog fallback,,analog,1887.0
2020-02-07,2020-02-21,0.3507897317409515,CHIRPS historical analog fallback,,analog,1887.0
2020-02-07,2020-02-22,0.18153183534741402,CHIRPS historical analog fallback,,analog,1887.0
2020-02-19,2020-02-20,0.0753049552440643,CHIRPS historical analog fallback,,analog,1899.0
2020-02-19,2020-02-21,0.12994490871205922,CHIRPS historical analog fallback,,analog,1899.0
2020-02-19,2020-02-22,0.12426986172795293,CHIRPS historical analog fallback,,analog,1899.0
2020-02-19,2020-02-23,0.2998557198792696,CHIRPS historical analog fallback,,analog,1899.0
2020-02-19,2020-02-24,0.21798114180564881,CHIRPS historical analog fallback,,analog,1899.0
2020-02-19,2020-02-25,0.10221964865922924,CHIRPS historical analog fallback,,analog,1899.0
2020-02-19,2020-02-26,0.15969384014606475,CHIRPS historical analog fallback,,analog,1899.0
2020-02-19,2020-02-27,0.1197426388040185,CHIRPS historical analog fallback,,analog,1899.0
2020-02-19,2020-02-28,0.11118668168783186,CHIRPS historical analog fallback,,analog,1899.0
2020-02-19,2020-02-29,0.3720618784427643,CHIRPS historical analog fallback,,analog,1899.0
2020-02-19,2020-03-01,0.2782417774200439,CHIRPS historical analog fallback,,analog,1899.0
2020-02-19,2020-03-02,0.41319485902786257,CHIRPS historical analog fallback,,analog,1899.0
2020-02-19,2020-03-03,0.3194378301501274,CHIRPS historical analog fallback,,analog,1899.0
2020-02-19,2020-03-04,0.1233366873115301,CHIRPS historical analog fallback,,analog,1899.0
2020-02-19,2020-03-05,0.8355103969573975,CHIRPS historical analog fallback,,analog,1899.0
2020-03-02,2020-03-03,0.19449434801936144,CHIRPS historical analog fallback,,analog,1911.0
2020-03-02,2020-03-04,0.29867665842175484,CHIRPS historical analog fallback,,analog,1911.0
2020-03-02,2020-03-05,0.261203308776021,CHIRPS historical analog fallback,,analog,1911.0
2020-03-02,2020-03-06,0.5826562277972699,CHIRPS historical analog fallback,,analog,1911.0
2020-03-02,2020-03-07,0.09153446480631827,CHIRPS historical analog fallback,,analog,1911.0
2020-03-02,2020-03-08,0.0,CHIRPS historical analog fallback,,analog,1911.0
2020-03-02,2020-03-09,0.0,CHIRPS historical analog fallback,,analog,1911.0
2020-03-02,2020-03-10,0.39881672859191897,CHIRPS historical analog fallback,,analog,1911.0
2020-03-02,2020-03-11,0.2651898622512817,CHIRPS historical analog fallback,,analog,1911.0
2020-03-02,2020-03-12,0.19106317758560182,CHIRPS historical analog fallback,,analog,1911.0
2020-03-02,2020-03-13,0.2829396102577448,CHIRPS historical analog fallback,,analog,1911.0
2020-03-02,2020-03-14,0.4283992052078247,CHIRPS historical analog fallback,,analog,1911.0
2020-03-02,2020-03-15,0.5274069927632808,CHIRPS historical analog fallback,,analog,1911.0
2020-03-02,2020-03-16,0.4649753451347351,CHIRPS historical analog fallback,,analog,1911.0
2020-03-02,2020-03-17,0.5082038283348084,CHIRPS historical analog fallback,,analog,1911.0
2020-03-14,2020-03-15,0.4354148324579,CHIRPS historical analog fallback,,analog,1923.0
2020-03-14,2020-03-16,0.6450454592704773,CHIRPS historical analog fallback,,analog,1923.0
2020-03-14,2020-03-17,0.5082038283348084,CHIRPS historical analog fallback,,analog,1923.0
2020-03-14,2020-03-18,0.5768745005130768,CHIRPS historical analog fallback,,analog,1923.0
2020-03-14,2020-03-19,0.7446892321109772,CHIRPS historical analog fallback,,analog,1923.0
2020-03-14,2020-03-20,0.6638447865843773,CHIRPS historical analog fallback,,analog,1923.0
2020-03-14,2020-03-21,0.9338969692587853,CHIRPS historical analog fallback,,analog,1923.0
2020-03-14,2020-03-22,0.9616592347621917,CHIRPS historical analog fallback,,analog,1923.0
2020-03-14,2020-03-23,0.9394381001591683,CHIRPS historical analog fallback,,analog,1923.0
2020-03-14,2020-03-24,0.01757401973009108,CHIRPS historical analog fallback,,analog,1923.0
2020-03-14,2020-03-25,0.0,CHIRPS historical analog fallback,,analog,1923.0
2020-03-14,2020-03-26,0.11449100971221923,CHIRPS historical analog fallback,,analog,1923.0
2020-03-14,2020-03-27,0.7995733976364136,CHIRPS historical analog fallback,,analog,1923.0
2020-03-14,2020-03-28,0.880493450164795,CHIRPS historical analog fallback,,analog,1923.0
2020-03-14,2020-03-29,1.2113631963729858,CHIRPS historical analog fallback,,analog,1923.0
2020-03-26,2020-03-27,0.9537037253379822,CHIRPS historical analog fallback,,analog,1935.0
2020-03-26,2020-03-28,1.0317679703235627,CHIRPS historical analog fallback,,analog,1935.0
2020-03-26,2020-03-29,0.9138576000928879,CHIRPS historical analog fallback,,analog,1935.0
2020-03-26,2020-03-30,1.4585322886705399,CHIRPS historical analog fallback,,analog,1935.0
2020-03-26,2020-03-31,2.0256647139787676,CHIRPS historical analog fallback,,analog,1935.0
2020-03-26,2020-04-01,1.7852253645658493,CHIRPS historical analog fallback,,analog,1935.0
2020-03-26,2020-04-02,0.888930931687355,CHIRPS historical analog fallback,,analog,1935.0
2020-03-26,2020-04-03,2.393301486968994,CHIRPS historical analog fallback,,analog,1935.0
2020-03-26,2020-04-04,1.9789271757006646,CHIRPS historical analog fallback,,analog,1935.0
2020-03-26,2020-04-05,2.0197387501597404,CHIRPS historical analog fallback,,analog,1935.0
2020-03-26,2020-04-06,1.2596377730369568,CHIRPS historical analog fallback,,analog,1935.0
2020-03-26,2020-04-07,1.5427569627761841,CHIRPS historical analog fallback,,analog,1935.0
2020-03-26,2020-04-08,2.4307206153869627,CHIRPS historical analog fallback,,analog,1935.0
2020-03-26,2020-04-09,1.8207666993141174,CHIRPS historical analog fallback,,analog,1935.0
2020-03-26,2020-04-10,0.5351035356521606,CHIRPS historical analog fallback,,analog,1935.0
2020-04-07,2020-04-08,1.9699865460395813,CHIRPS historical analog fallback,,analog,1947.0
2020-04-07,2020-04-09,1.6629343152046203,CHIRPS historical analog fallback,,analog,1947.0
2020-04-07,2020-04-10,0.9841126084327698,CHIRPS historical analog fallback,,analog,1947.0
2020-04-07,2020-04-11,0.4906268000602722,CHIRPS historical analog fallback,,analog,1947.0
2020-04-07,2020-04-12,1.0709608286619186,CHIRPS historical analog fallback,,analog,1947.0
2020-04-07,2020-04-13,0.8930561631917954,CHIRPS historical analog fallback,,analog,1947.0
2020-04-07,2020-04-14,0.6788217067718506,CHIRPS historical analog fallback,,analog,1947.0
2020-04-07,2020-04-15,0.1779046654701233,CHIRPS historical analog fallback,,analog,1947.0
2020-04-07,2020-04-16,0.2257535070180893,CHIRPS historical analog fallback,,analog,1947.0
2020-04-07,2020-04-17,0.2257535070180893,CHIRPS historical analog fallback,,analog,1947.0
2020-04-07,2020-04-18,0.6807318657636643,CHIRPS historical analog fallback,,analog,1947.0
2020-04-07,2020-04-19,3.1577111721038817,CHIRPS historical analog fallback,,analog,1947.0
2020-04-07,2020-04-20,2.5248281478881838,CHIRPS historical analog fallback,,analog,1947.0
2020-04-07,2020-04-21,0.0,CHIRPS historical analog fallback,,analog,1947.0
2020-04-07,2020-04-22,0.6328830242156982,CHIRPS historical analog fallback,,analog,1947.0
2020-04-19,2020-04-20,0.498392391204834,CHIRPS historical analog fallback,,analog,1959.0
2020-04-19,2020-04-21,0.9894618034362793,CHIRPS historical analog fallback,,analog,1959.0
2020-04-19,2020-04-22,0.8935833692550659,CHIRPS historical analog fallback,,analog,1959.0
2020-04-19,2020-04-23,3.185125669836998,CHIRPS historical analog fallback,,analog,1959.0
2020-04-19,2020-04-24,3.2601598501205444,CHIRPS historical analog fallback,,analog,1959.0
2020-04-19,2020-04-25,2.5248281478881838,CHIRPS historical analog fallback,,analog,1959.0
2020-04-19,2020-04-26,0.0,CHIRPS historical analog fallback,,analog,1959.0
2020-04-19,2020-04-27,0.3879255294799805,CHIRPS historical analog fallback,,analog,1959.0
2020-04-19,2020-04-28,1.812340545654297,CHIRPS historical analog fallback,,analog,1959.0
2020-04-19,2020-04-29,1.8815851271152497,CHIRPS historical analog fallback,,analog,1959.0
2020-04-19,2020-04-30,2.426344412565231,CHIRPS historical analog fallback,,analog,1959.0
2020-04-19,2020-05-01,0.4816671550273896,CHIRPS historical analog fallback,,analog,1959.0
2020-04-19,2020-05-02,0.05548717379570006,CHIRPS historical analog fallback,,analog,1959.0
2020-04-19,2020-05-03,1.7106700897216798,CHIRPS historical analog fallback,,analog,1959.0
2020-04-19,2020-05-04,0.31433131694793703,CHIRPS historical analog fallback,,analog,1959.0
2020-05-01,2020-05-02,1.5818094730377197,CHIRPS historical analog fallback,,analog,1971.0
2020-05-01,2020-05-03,2.273330020904541,CHIRPS historical analog fallback,,analog,1971.0
2020-05-01,2020-05-04,3.381273102760315,CHIRPS historical analog fallback,,analog,1971.0
2020-05-01,2020-05-05,2.0563537552952766,CHIRPS historical analog fallback,,analog,1971.0
2020-05-01,2020-05-06,1.5607834592461587,CHIRPS historical analog fallback,,analog,1971.0
2020-05-01,2020-05-07,1.087695859745145,CHIRPS historical analog fallback,,analog,1971.0
2020-05-01,2020-05-08,1.201248335838318,CHIRPS historical analog fallback,,analog,1971.0
2020-05-01,2020-05-09,0.36580122709274293,CHIRPS historical analog fallback,,analog,1971.0
2020-05-01,2020-05-10,1.3337125897407531,CHIRPS historical analog fallback,,analog,1971.0
2020-05-01,2020-05-11,0.9605365186929703,CHIRPS historical analog fallback,,analog,1971.0
2020-05-01,2020-05-12,0.6782835647463799,CHIRPS historical analog fallback,,analog,1971.0
2020-05-01,2020-05-13,0.6208821773529053,CHIRPS historical analog fallback,,analog,1971.0
2020-05-01,2020-05-14,0.6381915807723999,CHIRPS historical analog fallback,,analog,1971.0
2020-05-01,2020-05-15,1.1970297574996949,CHIRPS historical analog fallback,,analog,1971.0
2020-05-01,2020-05-16,2.0201276421546934,CHIRPS historical analog fallback,,analog,1971.0
2020-05-13,2020-05-14,1.8593361876904964,CHIRPS historical analog fallback,,analog,1983.0
2020-05-13,2020-05-15,4.49782982096076,CHIRPS historical analog fallback,,analog,1983.0
2020-05-13,2020-05-16,8.701363279670478,CHIRPS historical analog fallback,,analog,1983.0
2020-05-13,2020-05-17,8.055146789550781,CHIRPS historical analog fallback,,analog,1983.0
2020-05-13,2020-05-18,2.1587063789367678,CHIRPS historical analog fallback,,analog,1983.0
2020-05-13,2020-05-19,1.487886381149292,CHIRPS historical analog fallback,,analog,1983.0
2020-05-13,2020-05-20,2.3729881763458254,CHIRPS historical analog fallback,,analog,1983.0
2020-05-13,2020-05-21,5.485466575622558,CHIRPS historical analog fallback,,analog,1983.0
2020-05-13,2020-05-22,4.2965555667877195,CHIRPS historical analog fallback,,analog,1983.0
2020-05-13,2020-05-23,2.218342351913452,CHIRPS historical analog fallback,,analog,1983.0
2020-05-13,2020-05-24,2.218342351913452,CHIRPS historical analog fallback,,analog,1983.0
2020-05-13,2020-05-25,1.549898052215576,CHIRPS historical analog fallback,,analog,1983.0
2020-05-13,2020-05-26,0.0,CHIRPS historical analog fallback,,analog,1983.0
2020-05-13,2020-05-27,0.49205584526062013,CHIRPS historical analog fallback,,analog,1983.0
2020-05-13,2020-05-28,0.49205584526062013,CHIRPS historical analog fallback,,analog,1983.0
2020-05-25,2020-05-26,0.49205584526062013,CHIRPS historical analog fallback,,analog,1995.0
2020-05-25,2020-05-27,0.49205584526062013,CHIRPS historical analog fallback,,analog,1995.0
2020-05-25,2020-05-28,0.49205584526062013,CHIRPS historical analog fallback,,analog,1995.0
2020-05-25,2020-05-29,0.0,CHIRPS historical analog fallback,,analog,1995.0
2020-05-25,2020-05-30,0.0,CHIRPS historical analog fallback,,analog,1995.0
2020-05-25,2020-05-31,0.0,CHIRPS historical analog fallback,,analog,1995.0
2020-05-25,2020-06-01,0.0,CHIRPS historical analog fallback,,analog,1995.0
2020-05-25,2020-06-02,0.4379593372344971,CHIRPS historical analog fallback,,analog,1995.0
2020-05-25,2020-06-03,1.0616522789001466,CHIRPS historical analog fallback,,analog,1995.0
2020-05-25,2020-06-04,7.627784490585327,CHIRPS historical analog fallback,,analog,1995.0
2020-05-25,2020-06-05,1.2449676036834716,CHIRPS historical analog fallback,,analog,1995.0
2020-05-25,2020-06-06,7.613756275177002,CHIRPS historical analog fallback,,analog,1995.0
2020-05-25,2020-06-07,2.756109285354614,CHIRPS historical analog fallback,,analog,1995.0
2020-05-25,2020-06-08,2.3723276138305662,CHIRPS historical analog fallback,,analog,1995.0
2020-05-25,2020-06-09,1.708485221862793,CHIRPS historical analog fallback,,analog,1995.0
2020-06-06,2020-06-07,3.3596200466156008,CHIRPS historical analog fallback,,analog,2007.0
2020-06-06,2020-06-08,1.956376886367798,CHIRPS historical analog fallback,,analog,2007.0
2020-06-06,2020-06-09,0.5391137078404427,CHIRPS historical analog fallback,,analog,2007.0
2020-06-06,2020-06-10,4.413236427307129,CHIRPS historical analog fallback,,analog,2007.0
2020-06-06,2020-06-11,5.283546841144561,CHIRPS historical analog fallback,,analog,2007.0
2020-06-06,2020-06-12,0.12060552835464478,CHIRPS historical analog fallback,,analog,2007.0
2020-06-06,2020-06-13,0.0,CHIRPS historical analog fallback,,analog,2007.0
2020-06-06,2020-06-14,3.5134479999542236,CHIRPS historical analog fallback,,analog,2007.0
2020-06-06,2020-06-15,2.4869927406311034,CHIRPS historical analog fallback,,analog,2007.0
2020-06-06,2020-06-16,5.109813642501831,CHIRPS historical analog fallback,,analog,2007.0
2020-06-06,2020-06-17,6.729862546920776,CHIRPS historical analog fallback,,analog,2007.0
2020-06-06,2020-06-18,3.3027320593595504,CHIRPS historical analog fallback,,analog,2007.0
2020-06-06,2020-06-19,2.3723276138305662,CHIRPS historical analog fallback,,analog,2007.0
2020-06-06,2020-06-20,1.708485221862793,CHIRPS historical analog fallback,,analog,2007.0
2020-06-06,2020-06-21,0.2910421848297119,CHIRPS historical analog fallback,,analog,2007.0
2020-06-18,2020-06-19,2.9303213119506837,CHIRPS historical analog fallback,,analog,2019.0
2020-06-18,2020-06-20,6.081788635253906,CHIRPS historical analog fallback,,analog,2019.0
2020-06-18,2020-06-21,6.267384946346283,CHIRPS historical analog fallback,,analog,2019.0
2020-06-18,2020-06-22,10.063899075984954,CHIRPS historical analog fallback,,analog,2019.0
2020-06-18,2020-06-23,7.212344634532928,CHIRPS historical analog fallback,,analog,2019.0
2020-06-18,2020-06-24,4.530640208721161,CHIRPS historical analog fallback,,analog,2019.0
2020-06-18,2020-06-25,7.29532727599144,CHIRPS historical analog fallback,,analog,2019.0
2020-06-18,2020-06-26,3.719959157705307,CHIRPS historical analog fallback,,analog,2019.0
2020-06-18,2020-06-27,0.8417393863201141,CHIRPS historical analog fallback,,analog,2019.0
2020-06-18,2020-06-28,6.646368962526322,CHIRPS historical analog fallback,,analog,2019.0
2020-06-18,2020-06-29,5.04206303358078,CHIRPS historical analog fallback,,analog,2019.0
2020-06-18,2020-06-30,5.9844991087913515,CHIRPS historical analog fallback,,analog,2019.0
2020-06-18,2020-07-01,7.504516547918319,CHIRPS historical analog fallback,,analog,2019.0
2020-06-18,2020-07-02,6.400804138183593,CHIRPS historical analog fallback,,analog,2019.0
2020-06-18,2020-07-03,6.265761029720307,CHIRPS historical analog fallback,,analog,2019.0
2020-06-30,2020-07-01,6.335597848892212,CHIRPS historical analog fallback,,analog,2031.0
2020-06-30,2020-07-02,15.56542148590088,CHIRPS historical analog fallback,,analog,2031.0
2020-06-30,2020-07-03,7.107929801940918,CHIRPS historical analog fallback,,analog,2031.0
2020-06-30,2020-07-04,12.068865776062012,CHIRPS historical analog fallback,,analog,2031.0
2020-06-30,2020-07-05,7.822751235961914,CHIRPS historical analog fallback,,analog,2031.0
2020-06-30,2020-07-06,4.532334685325623,CHIRPS historical analog fallback,,analog,2031.0
2020-06-30,2020-07-07,6.8682197570800785,CHIRPS historical analog fallback,,analog,2031.0
2020-06-30,2020-07-08,7.034214305877685,CHIRPS historical analog fallback,,analog,2031.0
2020-06-30,2020-07-09,13.188696002960205,CHIRPS historical analog fallback,,analog,2031.0
2020-06-30,2020-07-10,6.823168087005615,CHIRPS historical analog fallback,,analog,2031.0
2020-06-30,2020-07-11,6.790366685390472,CHIRPS historical analog fallback,,analog,2031.0
2020-06-30,2020-07-12,5.446954250335694,CHIRPS historical analog fallback,,analog,2031.0
2020-06-30,2020-07-13,7.034575110673904,CHIRPS historical analog fallback,,analog,2031.0
2020-06-30,2020-07-14,8.904684114456177,CHIRPS historical analog fallback,,analog,2031.0
2020-06-30,2020-07-15,12.951289081573487,CHIRPS historical analog fallback,,analog,2031.0
2020-07-12,2020-07-13,4.068876099586487,CHIRPS historical analog fallback,,analog,2043.0
2020-07-12,2020-07-14,6.380488419532776,CHIRPS historical analog fallback,,analog,2043.0
2020-07-12,2020-07-15,5.375751286745071,CHIRPS historical analog fallback,,analog,2043.0
2020-07-12,2020-07-16,6.205379962921143,CHIRPS historical analog fallback,,analog,2043.0
2020-07-12,2020-07-17,8.401081323623657,CHIRPS historical analog fallback,,analog,2043.0
2020-07-12,2020-07-18,9.222236013412475,CHIRPS historical analog fallback,,analog,2043.0
2020-07-12,2020-07-19,10.51669414639473,CHIRPS historical analog fallback,,analog,2043.0
2020-07-12,2020-07-20,7.417364674806595,CHIRPS historical analog fallback,,analog,2043.0
2020-07-12,2020-07-21,2.3526228725910188,CHIRPS historical analog fallback,,analog,2043.0
2020-07-12,2020-07-22,6.989567041397095,CHIRPS historical analog fallback,,analog,2043.0
2020-07-12,2020-07-23,2.7853784382343294,CHIRPS historical analog fallback,,analog,2043.0
2020-07-12,2020-07-24,4.282738256454468,CHIRPS historical analog fallback,,analog,2043.0
2020-07-12,2020-07-25,4.92417049407959,CHIRPS historical analog fallback,,analog,2043.0
2020-07-12,2020-07-26,11.285341596603393,CHIRPS historical analog fallback,,analog,2043.0
2020-07-12,2020-07-27,9.14134014248848,CHIRPS historical analog fallback,,analog,2043.0
2020-07-24,2020-07-25,3.707075100392103,CHIRPS historical analog fallback,,analog,2055.0
2020-07-24,2020-07-26,4.826684933155775,CHIRPS historical analog fallback,,analog,2055.0
2020-07-24,2020-07-27,3.6222879886627197,CHIRPS historical analog fallback,,analog,2055.0
2020-07-24,2020-07-28,6.21058201789856,CHIRPS historical analog fallback,,analog,2055.0
2020-07-24,2020-07-29,7.46635069847107,CHIRPS historical analog fallback,,analog,2055.0
2020-07-24,2020-07-30,5.509585535526275,CHIRPS historical analog fallback,,analog,2055.0
2020-07-24,2020-07-31,5.238178455829621,CHIRPS historical analog fallback,,analog,2055.0
2020-07-24,2020-08-01,13.20826072692871,CHIRPS historical analog fallback,,analog,2055.0
2020-07-24,2020-08-02,11.152397882938384,CHIRPS historical analog fallback,,analog,2055.0
2020-07-24,2020-08-03,11.43673324584961,CHIRPS historical analog fallback,,analog,2055.0
2020-07-24,2020-08-04,6.002081394195557,CHIRPS historical analog fallback,,analog,2055.0
2020-07-24,2020-08-05,5.944123583287,CHIRPS historical analog fallback,,analog,2055.0
2020-07-24,2020-08-06,2.816688757389784,CHIRPS historical analog fallback,,analog,2055.0
2020-07-24,2020-08-07,3.4017218589782714,CHIRPS historical analog fallback,,analog,2055.0
2020-07-24,2020-08-08,3.434504708647728,CHIRPS historical analog fallback,,analog,2055.0
2020-08-05,2020-08-06,4.234103733301163,CHIRPS historical analog fallback,,analog,2067.0
2020-08-05,2020-08-07,1.9250060617923737,CHIRPS historical analog fallback,,analog,2067.0
2020-08-05,2020-08-08,2.5555654138326647,CHIRPS historical analog fallback,,analog,2067.0
2020-08-05,2020-08-09,5.7664122700691225,CHIRPS historical analog fallback,,analog,2067.0
2020-08-05,2020-08-10,8.906609916687012,CHIRPS historical analog fallback,,analog,2067.0
2020-08-05,2020-08-11,6.12054967880249,CHIRPS historical analog fallback,,analog,2067.0
2020-08-05,2020-08-12,4.342562103271485,CHIRPS historical analog fallback,,analog,2067.0
2020-08-05,2020-08-13,7.70646333694458,CHIRPS historical analog fallback,,analog,2067.0
2020-08-05,2020-08-14,2.6155130743980406,CHIRPS historical analog fallback,,analog,2067.0
2020-08-05,2020-08-15,1.309448516368866,CHIRPS historical analog fallback,,analog,2067.0
2020-08-05,2020-08-16,4.428487730026245,CHIRPS historical analog fallback,,analog,2067.0
2020-08-05,2020-08-17,2.3511557936668397,CHIRPS historical analog fallback,,analog,2067.0
2020-08-05,2020-08-18,1.9359883397817612,CHIRPS historical analog fallback,,analog,2067.0
2020-08-05,2020-08-19,2.523781368136406,CHIRPS historical analog fallback,,analog,2067.0
2020-08-05,2020-08-20,3.358986163139343,CHIRPS historical analog fallback,,analog,2067.0
2020-08-17,2020-08-18,1.5064831882715226,CHIRPS historical analog fallback,,analog,2079.0
2020-08-17,2020-08-19,1.2616897970438004,CHIRPS historical analog fallback,,analog,2079.0
2020-08-17,2020-08-20,5.601655426621437,CHIRPS historical analog fallback,,analog,2079.0
2020-08-17,2020-08-21,4.736511921882629,CHIRPS historical analog fallback,,analog,2079.0
2020-08-17,2020-08-22,6.573769292235374,CHIRPS historical analog fallback,,analog,2079.0
2020-08-17,2020-08-23,5.374611878395081,CHIRPS historical analog fallback,,analog,2079.0
2020-08-17,2020-08-24,8.555108451843262,CHIRPS historical analog fallback,,analog,2079.0
2020-08-17,2020-08-25,5.5490866035223005,CHIRPS historical analog fallback,,analog,2079.0
2020-08-17,2020-08-26,8.903459930419922,CHIRPS historical analog fallback,,analog,2079.0
2020-08-17,2020-08-27,1.8960751175880433,CHIRPS historical analog fallback,,analog,2079.0
2020-08-17,2020-08-28,3.130005443096161,CHIRPS historical analog fallback,,analog,2079.0
2020-08-17,2020-08-29,5.230017626285553,CHIRPS historical analog fallback,,analog,2079.0
2020-08-17,2020-08-30,7.028502893447876,CHIRPS historical analog fallback,,analog,2079.0
2020-08-17,2020-08-31,5.558141708374023,CHIRPS historical analog fallback,,analog,2079.0
2020-08-17,2020-09-01,4.232793545722961,CHIRPS historical analog fallback,,analog,2079.0
2020-08-29,2020-08-30,3.1481320679187776,CHIRPS historical analog fallback,,analog,2091.0
2020-08-29,2020-08-31,0.8284069538116455,CHIRPS historical analog fallback,,analog,2091.0
2020-08-29,2020-09-01,0.7180250942707062,CHIRPS historical analog fallback,,analog,2091.0
2020-08-29,2020-09-02,0.05435789227485656,CHIRPS historical analog fallback,,analog,2091.0
2020-08-29,2020-09-03,4.835675525665283,CHIRPS historical analog fallback,,analog,2091.0
2020-08-29,2020-09-04,3.3146589756011964,CHIRPS historical analog fallback,,analog,2091.0
2020-08-29,2020-09-05,3.8254666924476624,CHIRPS historical analog fallback,,analog,2091.0
2020-08-29,2020-09-06,3.968027400970459,CHIRPS historical analog fallback,,analog,2091.0
2020-08-29,2020-09-07,8.375340366363526,CHIRPS historical analog fallback,,analog,2091.0
2020-08-29,2020-09-08,9.123967361450195,CHIRPS historical analog fallback,,analog,2091.0
2020-08-29,2020-09-09,7.154562520980835,CHIRPS historical analog fallback,,analog,2091.0
2020-08-29,2020-09-10,12.683976078033448,CHIRPS historical analog fallback,,analog,2091.0
2020-08-29,2020-09-11,10.755838775634766,CHIRPS historical analog fallback,,analog,2091.0
2020-08-29,2020-09-12,8.678298377990723,CHIRPS historical analog fallback,,analog,2091.0
2020-08-29,2020-09-13,9.019042718410493,CHIRPS historical analog fallback,,analog,2091.0
2020-09-10,2020-09-11,1.5645087718963624,CHIRPS historical analog fallback,,analog,2103.0
2020-09-10,2020-09-12,7.894267606735229,CHIRPS historical analog fallback,,analog,2103.0
2020-09-10,2020-09-13,3.411998748779297,CHIRPS historical analog fallback,,analog,2103.0
2020-09-10,2020-09-14,2.310091972351074,CHIRPS historical analog fallback,,analog,2103.0
2020-09-10,2020-09-15,6.499244904518127,CHIRPS historical analog fallback,,analog,2103.0
2020-09-10,2020-09-16,1.9589484542608262,CHIRPS historical analog fallback,,analog,2103.0
2020-09-10,2020-09-17,2.2572434663772585,CHIRPS historical analog fallback,,analog,2103.0
2020-09-10,2020-09-18,4.171501901745796,CHIRPS historical analog fallback,,analog,2103.0
2020-09-10,2020-09-19,0.8315411418676376,CHIRPS historical analog fallback,,analog,2103.0
2020-09-10,2020-09-20,2.7813557386398315,CHIRPS historical analog fallback,,analog,2103.0
2020-09-10,2020-09-21,2.8274240076541903,CHIRPS historical analog fallback,,analog,2103.0
2020-09-10,2020-09-22,4.625089550018311,CHIRPS historical analog fallback,,analog,2103.0
2020-09-10,2020-09-23,2.7253841400146483,CHIRPS historical analog fallback,,analog,2103.0
2020-09-10,2020-09-24,1.0626581192016602,CHIRPS historical analog fallback,,analog,2103.0
2020-09-10,2020-09-25,4.762670384347439,CHIRPS historical analog fallback,,analog,2103.0
2020-09-22,2020-09-23,6.334153652191162,CHIRPS historical analog fallback,,analog,2115.0
2020-09-22,2020-09-24,4.682055568695069,CHIRPS historical analog fallback,,analog,2115.0
2020-09-22,2020-09-25,4.841326951980592,CHIRPS historical analog fallback,,analog,2115.0
2020-09-22,2020-09-26,1.5988438814878463,CHIRPS historical analog fallback,,analog,2115.0
2020-09-22,2020-09-27,5.016137608885765,CHIRPS historical analog fallback,,analog,2115.0
2020-09-22,2020-09-28,6.772962188720703,CHIRPS historical analog fallback,,analog,2115.0
2020-09-22,2020-09-29,1.3818859964609147,CHIRPS historical analog fallback,,analog,2115.0
2020-09-22,2020-09-30,2.4252865463495255,CHIRPS historical analog fallback,,analog,2115.0
2020-09-22,2020-10-01,3.0526920557022095,CHIRPS historical analog fallback,,analog,2115.0
2020-09-22,2020-10-02,0.7815805673599243,CHIRPS historical analog fallback,,analog,2115.0
2020-09-22,2020-10-03,0.13571155071258545,CHIRPS historical analog fallback,,analog,2115.0
2020-09-22,2020-10-04,0.021893258392810817,CHIRPS historical analog fallback,,analog,2115.0
2020-09-22,2020-10-05,0.02966579794883726,CHIRPS historical analog fallback,,analog,2115.0
2020-09-22,2020-10-06,0.7204440206289291,CHIRPS historical analog fallback,,analog,2115.0
2020-09-22,2020-10-07,3.901912212371826,CHIRPS historical analog fallback,,analog,2115.0
2020-10-04,2020-10-05,5.3819738864898685,CHIRPS historical analog fallback,,analog,2127.0
2020-10-04,2020-10-06,4.069468051195145,CHIRPS historical analog fallback,,analog,2127.0
2020-10-04,2020-10-07,1.0534397900104522,CHIRPS historical analog fallback,,analog,2127.0
2020-10-04,2020-10-08,1.0450843155384064,CHIRPS historical analog fallback,,analog,2127.0
2020-10-04,2020-10-09,0.6935373902320862,CHIRPS historical analog fallback,,analog,2127.0
2020-10-04,2020-10-10,0.4844231903553009,CHIRPS historical analog fallback,,analog,2127.0
2020-10-04,2020-10-11,0.3015559256076813,CHIRPS historical analog fallback,,analog,2127.0
2020-10-04,2020-10-12,0.42577009201049804,CHIRPS historical analog fallback,,analog,2127.0
2020-10-04,2020-10-13,0.27531451582908634,CHIRPS historical analog fallback,,analog,2127.0
2020-10-04,2020-10-14,0.41175535321235657,CHIRPS historical analog fallback,,analog,2127.0
2020-10-04,2020-10-15,1.6327454626560212,CHIRPS historical analog fallback,,analog,2127.0
2020-10-04,2020-10-16,0.07830401062965392,CHIRPS historical analog fallback,,analog,2127.0
2020-10-04,2020-10-17,1.5544414520263672,CHIRPS historical analog fallback,,analog,2127.0
2020-10-04,2020-10-18,0.0,CHIRPS historical analog fallback,,analog,2127.0
2020-10-04,2020-10-19,0.02988169193267822,CHIRPS historical analog fallback,,analog,2127.0
2020-10-16,2020-10-17,0.06230434775352478,CHIRPS historical analog fallback,,analog,2139.0
2020-10-16,2020-10-18,0.06230434775352478,CHIRPS historical analog fallback,,analog,2139.0
2020-10-16,2020-10-19,2.3048266887664797,CHIRPS historical analog fallback,,analog,2139.0
2020-10-16,2020-10-20,3.2675758361816407,CHIRPS historical analog fallback,,analog,2139.0
2020-10-16,2020-10-21,3.2749783851206304,CHIRPS historical analog fallback,,analog,2139.0
2020-10-16,2020-10-22,3.2749783851206304,CHIRPS historical analog fallback,,analog,2139.0
2020-10-16,2020-10-23,1.439236006885767,CHIRPS historical analog fallback,,analog,2139.0
2020-10-16,2020-10-24,0.00740254893898962,CHIRPS historical analog fallback,,analog,2139.0
2020-10-16,2020-10-25,0.0,CHIRPS historical analog fallback,,analog,2139.0
2020-10-16,2020-10-26,0.0,CHIRPS historical analog fallback,,analog,2139.0
2020-10-16,2020-10-27,2.1518121719360352,CHIRPS historical analog fallback,,analog,2139.0
2020-10-16,2020-10-28,0.0,CHIRPS historical analog fallback,,analog,2139.0
2020-10-16,2020-10-29,3.0109361648559565,CHIRPS historical analog fallback,,analog,2139.0
2020-10-16,2020-10-30,3.185733664035797,CHIRPS historical analog fallback,,analog,2139.0
2020-10-16,2020-10-31,3.192285125702619,CHIRPS historical analog fallback,,analog,2139.0
2020-10-28,2020-10-29,0.0,CHIRPS historical analog fallback,,analog,2151.0
2020-10-28,2020-10-30,0.0,CHIRPS historical analog fallback,,analog,2151.0
2020-10-28,2020-10-31,0.1654154896736145,CHIRPS historical analog fallback,,analog,2151.0
2020-10-28,2020-11-01,0.08420460820198059,CHIRPS historical analog fallback,,analog,2151.0
2020-10-28,2020-11-02,0.1790778160095215,CHIRPS historical analog fallback,,analog,2151.0
2020-10-28,2020-11-03,0.015044474974274621,CHIRPS historical analog fallback,,analog,2151.0
2020-10-28,2020-11-04,0.1539805769920349,CHIRPS historical analog fallback,,analog,2151.0
2020-10-28,2020-11-05,0.08984236121177672,CHIRPS historical analog fallback,,analog,2151.0
2020-10-28,2020-11-06,0.08984236121177672,CHIRPS historical analog fallback,,analog,2151.0
2020-10-28,2020-11-07,0.10164018049836157,CHIRPS historical analog fallback,,analog,2151.0
2020-10-28,2020-11-08,0.01179781928658484,CHIRPS historical analog fallback,,analog,2151.0
2020-10-28,2020-11-09,0.01179781928658484,CHIRPS historical analog fallback,,analog,2151.0
2020-10-28,2020-11-10,0.0,CHIRPS historical analog fallback,,analog,2151.0
2020-10-28,2020-11-11,0.0,CHIRPS historical analog fallback,,analog,2151.0
2020-10-28,2020-11-12,0.0,CHIRPS historical analog fallback,,analog,2151.0
2020-11-09,2020-11-10,0.0,CHIRPS historical analog fallback,,analog,2163.0
2020-11-09,2020-11-11,0.0,CHIRPS historical analog fallback,,analog,2163.0
2020-11-09,2020-11-12,0.0,CHIRPS historical analog fallback,,analog,2163.0
2020-11-09,2020-11-13,0.0,CHIRPS historical analog fallback,,analog,2163.0
2020-11-09,2020-11-14,0.0,CHIRPS historical analog fallback,,analog,2163.0
2020-11-09,2020-11-15,0.0,CHIRPS historical analog fallback,,analog,2163.0
2020-11-09,2020-11-16,0.0516922891139984,CHIRPS historical analog fallback,,analog,2163.0
2020-11-09,2020-11-17,0.07601481676101682,CHIRPS historical analog fallback,,analog,2163.0
2020-11-09,2020-11-18,0.024322527647018418,CHIRPS historical analog fallback,,analog,2163.0
2020-11-09,2020-11-19,0.024322527647018418,CHIRPS historical analog fallback,,analog,2163.0
2020-11-09,2020-11-20,0.0,CHIRPS historical analog fallback,,analog,2163.0
2020-11-09,2020-11-21,0.0,CHIRPS historical analog fallback,,analog,2163.0
2020-11-09,2020-11-22,0.0586974799633026,CHIRPS historical analog fallback,,analog,2163.0
2020-11-09,2020-11-23,0.11259502768516538,CHIRPS historical analog fallback,,analog,2163.0
2020-11-09,2020-11-24,0.11259502768516538,CHIRPS historical analog fallback,,analog,2163.0
2020-11-21,2020-11-22,0.0586974799633026,CHIRPS historical analog fallback,,analog,2175.0
2020-11-21,2020-11-23,0.05389754772186278,CHIRPS historical analog fallback,,analog,2175.0
2020-11-21,2020-11-24,0.05389754772186278,CHIRPS historical analog fallback,,analog,2175.0
2020-11-21,2020-11-25,0.02194783017039298,CHIRPS historical analog fallback,,analog,2175.0
2020-11-21,2020-11-26,0.00034902521874754,CHIRPS historical analog fallback,,analog,2175.0
2020-11-21,2020-11-27,0.12624382525682448,CHIRPS historical analog fallback,,analog,2175.0
2020-11-21,2020-11-28,0.00295581128448246,CHIRPS historical analog fallback,,analog,2175.0
2020-11-21,2020-11-29,0.042279300093650815,CHIRPS historical analog fallback,,analog,2175.0
2020-11-21,2020-11-30,0.01646665185689926,CHIRPS historical analog fallback,,analog,2175.0
2020-11-21,2020-12-01,0.09995299875736235,CHIRPS historical analog fallback,,analog,2175.0
2020-11-21,2020-12-02,0.06496517658233641,CHIRPS historical analog fallback,,analog,2175.0
2020-11-21,2020-12-03,0.0,CHIRPS historical analog fallback,,analog,2175.0
2020-11-21,2020-12-04,0.0,CHIRPS historical analog fallback,,analog,2175.0
2020-11-21,2020-12-05,3.716086605098922e-11,CHIRPS historical analog fallback,,analog,2175.0
2020-11-21,2020-12-06,0.0010287390090525,CHIRPS historical analog fallback,,analog,2175.0
2020-12-03,2020-12-04,0.0,CHIRPS historical analog fallback,,analog,2187.0
2020-12-03,2020-12-05,3.716086605098922e-11,CHIRPS historical analog fallback,,analog,2187.0
2020-12-03,2020-12-06,0.0010287390090525,CHIRPS historical analog fallback,,analog,2187.0
2020-12-03,2020-12-07,0.0,CHIRPS historical analog fallback,,analog,2187.0
2020-12-03,2020-12-08,0.0,CHIRPS historical analog fallback,,analog,2187.0
2020-12-03,2020-12-09,0.0,CHIRPS historical analog fallback,,analog,2187.0
2020-12-03,2020-12-10,0.0,CHIRPS historical analog fallback,,analog,2187.0
2020-12-03,2020-12-11,0.0236422762274742,CHIRPS historical analog fallback,,analog,2187.0
2020-12-03,2020-12-12,0.0,CHIRPS historical analog fallback,,analog,2187.0
2020-12-03,2020-12-13,0.0,CHIRPS historical analog fallback,,analog,2187.0
2020-12-03,2020-12-14,0.011190887540578839,CHIRPS historical analog fallback,,analog,2187.0
2020-12-03,2020-12-15,0.0020959148183465,CHIRPS historical analog fallback,,analog,2187.0
2020-12-03,2020-12-16,0.0396371008828282,CHIRPS historical analog fallback,,analog,2187.0
2020-12-03,2020-12-17,0.12944561969488858,CHIRPS historical analog fallback,,analog,2187.0
2020-12-03,2020-12-18,0.04695887267589568,CHIRPS historical analog fallback,,analog,2187.0
2020-12-15,2020-12-16,0.0396371008828282,CHIRPS historical analog fallback,,analog,2199.0
2020-12-15,2020-12-17,0.12944561969488858,CHIRPS historical analog fallback,,analog,2199.0
2020-12-15,2020-12-18,0.04695887267589568,CHIRPS historical analog fallback,,analog,2199.0
2020-12-15,2020-12-19,0.00097229331731796,CHIRPS historical analog fallback,,analog,2199.0
2020-12-15,2020-12-20,0.02057896703481674,CHIRPS historical analog fallback,,analog,2199.0
2020-12-15,2020-12-21,0.00583045594394206,CHIRPS historical analog fallback,,analog,2199.0
2020-12-15,2020-12-22,0.00133066326379776,CHIRPS historical analog fallback,,analog,2199.0
2020-12-15,2020-12-23,0.03251342996954916,CHIRPS historical analog fallback,,analog,2199.0
2020-12-15,2020-12-24,0.10220507383346558,CHIRPS historical analog fallback,,analog,2199.0
2020-12-15,2020-12-25,0.0081306681036949,CHIRPS historical analog fallback,,analog,2199.0
2020-12-15,2020-12-26,0.0034365560859441597,CHIRPS historical analog fallback,,analog,2199.0
2020-12-15,2020-12-27,0.0,CHIRPS historical analog fallback,,analog,2199.0
2020-12-15,2020-12-28,0.01529656201601028,CHIRPS historical analog fallback,,analog,2199.0
2020-12-15,2020-12-29,0.017273008823394758,CHIRPS historical analog fallback,,analog,2199.0
2020-12-15,2020-12-30,0.0,CHIRPS historical analog fallback,,analog,2199.0
2020-12-27,2020-12-28,0.01529656201601028,CHIRPS historical analog fallback,,analog,2211.0
2020-12-27,2020-12-29,0.017273008823394758,CHIRPS historical analog fallback,,analog,2211.0
2020-12-27,2020-12-30,0.0,CHIRPS historical analog fallback,,analog,2211.0
2020-12-27,2020-12-31,0.00111114308238028,CHIRPS historical analog fallback,,analog,2211.0
2020-12-27,2021-01-01,0.00664713829755782,CHIRPS historical analog fallback,,analog,2211.0
2020-12-27,2021-01-02,0.00408794619143008,CHIRPS historical analog fallback,,analog,2211.0
2020-12-27,2021-01-03,0.04039778951555488,CHIRPS historical analog fallback,,analog,2211.0
2020-12-27,2021-01-04,0.041247051581740364,CHIRPS historical analog fallback,,analog,2211.0
2020-12-27,2021-01-05,0.01376825273036956,CHIRPS historical analog fallback,,analog,2211.0
2020-12-27,2021-01-06,0.01305362582206726,CHIRPS historical analog fallback,,analog,2211.0
2020-12-27,2021-01-07,0.0236432337667793,CHIRPS historical analog fallback,,analog,2211.0
2020-12-27,2021-01-08,0.06224021017551422,CHIRPS historical analog fallback,,analog,2211.0
2020-12-27,2021-01-09,6.56169198919e-05,CHIRPS historical analog fallback,,analog,2211.0
2020-12-27,2021-01-10,0.0121019311249256,CHIRPS historical analog fallback,,analog,2211.0
2020-12-27,2021-01-11,0.0,CHIRPS historical analog fallback,,analog,2211.0
2021-01-08,2021-01-23,0.0,CHIRPS-GEFS v3 15_day global,https://data.chc.ucsb.edu/products/CHIRPS-GEFS/v3/15_day/global/data/2021/c3g_2021.01.08.tif,,
2021-01-20,2021-02-04,1.2995145320892334,CHIRPS-GEFS v3 15_day global,https://data.chc.ucsb.edu/products/CHIRPS-GEFS/v3/15_day/global/data/2021/c3g_2021.01.20.tif,,
2021-02-01,2021-02-16,0.0,CHIRPS-GEFS v3 15_day global,https://data.chc.ucsb.edu/products/CHIRPS-GEFS/v3/15_day/global/data/2021/c3g_2021.02.01.tif,,
2021-02-13,2021-02-28,2.588169813156128,CHIRPS-GEFS v3 15_day global,https://data.chc.ucsb.edu/products/CHIRPS-GEFS/v3/15_day/global/data/2021/c3g_2021.02.13.tif,,
2021-02-25,2021-03-12,3.7360568046569824,CHIRPS-GEFS v3 15_day global,https://data.chc.ucsb.edu/products/CHIRPS-GEFS/v3/15_day/global/data/2021/c3g_2021.02.25.tif,,
2021-03-09,2021-03-24,10.86213493347168,CHIRPS-GEFS v3 15_day global,https://data.chc.ucsb.edu/products/CHIRPS-GEFS/v3/15_day/global/data/2021/c3g_2021.03.09.tif,,
2021-03-21,2021-04-05,1.4032779932022097,CHIRPS-GEFS v3 15_day global,https://data.chc.ucsb.edu/products/CHIRPS-GEFS/v3/15_day/global/data/2021/c3g_2021.03.21.tif,,
2021-04-02,2021-04-17,5.037397861480713,CHIRPS-GEFS v3 15_day global,https://data.chc.ucsb.edu/products/CHIRPS-GEFS/v3/15_day/global/data/2021/c3g_2021.04.02.tif,,
2021-04-26,2021-04-27,0.705425500869751,CHIRPS historical analog fallback,,analog,2331.0
2021-04-26,2021-04-28,1.940067195892334,CHIRPS historical analog fallback,,analog,2331.0
2021-04-26,2021-04-29,1.4153279781341552,CHIRPS historical analog fallback,,analog,2331.0
2021-04-26,2021-04-30,1.8696416378021241,CHIRPS historical analog fallback,,analog,2331.0
2021-04-26,2021-05-01,3.972847318649292,CHIRPS historical analog fallback,,analog,2331.0
2021-04-26,2021-05-02,1.5827504873275757,CHIRPS historical analog fallback,,analog,2331.0
2021-04-26,2021-05-03,2.3646054446697233,CHIRPS historical analog fallback,,analog,2331.0
2021-04-26,2021-05-04,2.344361758232117,CHIRPS historical analog fallback,,analog,2331.0
2021-04-26,2021-05-05,2.8624096870422364,CHIRPS historical analog fallback,,analog,2331.0
2021-04-26,2021-05-06,1.2321398496627807,CHIRPS historical analog fallback,,analog,2331.0
2021-04-26,2021-05-07,1.7558230638504029,CHIRPS historical analog fallback,,analog,2331.0
2021-04-26,2021-05-08,0.5583204507827759,CHIRPS historical analog fallback,,analog,2331.0
2021-04-26,2021-05-09,1.3084315538406373,CHIRPS historical analog fallback,,analog,2331.0
2021-04-26,2021-05-10,1.6805542945861816,CHIRPS historical analog fallback,,analog,2331.0
2021-04-26,2021-05-11,1.0694714546203614,CHIRPS historical analog fallback,,analog,2331.0
2021-05-08,2021-05-09,3.3452416896820067,CHIRPS historical analog fallback,,analog,2343.0
2021-05-08,2021-05-10,6.001099443435669,CHIRPS historical analog fallback,,analog,2343.0
2021-05-08,2021-05-11,6.488424301147461,CHIRPS historical analog fallback,,analog,2343.0
2021-05-08,2021-05-12,3.9486359119415284,CHIRPS historical analog fallback,,analog,2343.0
2021-05-08,2021-05-13,0.6660677909851074,CHIRPS historical analog fallback,,analog,2343.0
2021-05-08,2021-05-14,0.782000207901001,CHIRPS historical analog fallback,,analog,2343.0
2021-05-08,2021-05-15,0.8127516746520996,CHIRPS historical analog fallback,,analog,2343.0
2021-05-08,2021-05-16,0.03836999237537384,CHIRPS historical analog fallback,,analog,2343.0
2021-05-08,2021-05-17,3.9448918648064137,CHIRPS historical analog fallback,,analog,2343.0
2021-05-08,2021-05-18,0.920225715637207,CHIRPS historical analog fallback,,analog,2343.0
2021-05-08,2021-05-19,0.15271447896957396,CHIRPS historical analog fallback,,analog,2343.0
2021-05-08,2021-05-20,0.5725284576416015,CHIRPS historical analog fallback,,analog,2343.0
2021-05-08,2021-05-21,0.0,CHIRPS historical analog fallback,,analog,2343.0
2021-05-08,2021-05-22,0.8391701936721802,CHIRPS historical analog fallback,,analog,2343.0
2021-05-08,2021-05-23,1.8927382946014404,CHIRPS historical analog fallback,,analog,2343.0
2021-05-20,2021-05-21,0.0,CHIRPS historical analog fallback,,analog,2355.0
2021-05-20,2021-05-22,2.6334310531616207,CHIRPS historical analog fallback,,analog,2355.0
2021-05-20,2021-05-23,0.2383720874786377,CHIRPS historical analog fallback,,analog,2355.0
2021-05-20,2021-05-24,0.0,CHIRPS historical analog fallback,,analog,2355.0
2021-05-20,2021-05-25,0.0,CHIRPS historical analog fallback,,analog,2355.0
2021-05-20,2021-05-26,3.8422950744628905,CHIRPS historical analog fallback,,analog,2355.0
2021-05-20,2021-05-27,0.0,CHIRPS historical analog fallback,,analog,2355.0
2021-05-20,2021-05-28,0.0,CHIRPS historical analog fallback,,analog,2355.0
2021-05-20,2021-05-29,0.0,CHIRPS historical analog fallback,,analog,2355.0
2021-05-20,2021-05-30,0.0,CHIRPS historical analog fallback,,analog,2355.0
2021-05-20,2021-05-31,8.701609230041504,CHIRPS historical analog fallback,,analog,2355.0
2021-05-20,2021-06-01,2.3729700088500976,CHIRPS historical analog fallback,,analog,2355.0
2021-05-20,2021-06-02,2.3729700088500976,CHIRPS historical analog fallback,,analog,2355.0
2021-05-20,2021-06-03,0.0,CHIRPS historical analog fallback,,analog,2355.0
2021-05-20,2021-06-04,0.0,CHIRPS historical analog fallback,,analog,2355.0
2021-06-01,2021-06-02,1.3418068408966064,CHIRPS historical analog fallback,,analog,2367.0
2021-06-01,2021-06-03,0.8497509956359863,CHIRPS historical analog fallback,,analog,2367.0
2021-06-01,2021-06-04,0.0,CHIRPS historical analog fallback,,analog,2367.0
2021-06-01,2021-06-05,0.0,CHIRPS historical analog fallback,,analog,2367.0
2021-06-01,2021-06-06,0.0,CHIRPS historical analog fallback,,analog,2367.0
2021-06-01,2021-06-07,0.0,CHIRPS historical analog fallback,,analog,2367.0
2021-06-01,2021-06-08,0.04811060428619384,CHIRPS historical analog fallback,,analog,2367.0
2021-06-01,2021-06-09,4.208271861076355,CHIRPS historical analog fallback,,analog,2367.0
2021-06-01,2021-06-10,7.569104623794556,CHIRPS historical analog fallback,,analog,2367.0
2021-06-01,2021-06-11,6.049630427360535,CHIRPS historical analog fallback,,analog,2367.0
2021-06-01,2021-06-12,6.69491126537323,CHIRPS historical analog fallback,,analog,2367.0
2021-06-01,2021-06-13,8.322403717041016,CHIRPS historical analog fallback,,analog,2367.0
2021-06-01,2021-06-14,8.473928689956665,CHIRPS historical analog fallback,,analog,2367.0
2021-06-01,2021-06-15,2.8590995818376537,CHIRPS historical analog fallback,,analog,2367.0
2021-06-01,2021-06-16,0.7431651622056962,CHIRPS historical analog fallback,,analog,2367.0
2021-06-13,2021-06-14,10.951470279693604,CHIRPS historical analog fallback,,analog,2379.0
2021-06-13,2021-06-15,8.06149115115404,CHIRPS historical analog fallback,,analog,2379.0
2021-06-13,2021-06-16,7.973097224533558,CHIRPS historical analog fallback,,analog,2379.0
2021-06-13,2021-06-17,11.131239891052246,CHIRPS historical analog fallback,,analog,2379.0
2021-06-13,2021-06-18,10.720266342163086,CHIRPS historical analog fallback,,analog,2379.0
2021-06-13,2021-06-19,4.474243402481079,CHIRPS historical analog fallback,,analog,2379.0
2021-06-13,2021-06-20,5.045773315429687,CHIRPS historical analog fallback,,analog,2379.0
2021-06-13,2021-06-21,7.047364807128906,CHIRPS historical analog fallback,,analog,2379.0
2021-06-13,2021-06-22,10.229768586158752,CHIRPS historical analog fallback,,analog,2379.0
2021-06-13,2021-06-23,12.495680379867554,CHIRPS historical analog fallback,,analog,2379.0
2021-06-13,2021-06-24,5.100574550032616,CHIRPS historical analog fallback,,analog,2379.0
2021-06-13,2021-06-25,0.4619088500738144,CHIRPS historical analog fallback,,analog,2379.0
2021-06-13,2021-06-26,0.13733545392751692,CHIRPS historical analog fallback,,analog,2379.0
2021-06-13,2021-06-27,4.641460800170899,CHIRPS historical analog fallback,,analog,2379.0
2021-06-13,2021-06-28,13.189971148967743,CHIRPS historical analog fallback,,analog,2379.0
2021-06-25,2021-06-26,7.279999613761902,CHIRPS historical analog fallback,,analog,2391.0
2021-06-25,2021-06-27,8.508507347106933,CHIRPS historical analog fallback,,analog,2391.0
2021-06-25,2021-06-28,2.841752767562866,CHIRPS historical analog fallback,,analog,2391.0
2021-06-25,2021-06-29,4.98115029335022,CHIRPS historical analog fallback,,analog,2391.0
2021-06-25,2021-06-30,9.201019287109375,CHIRPS historical analog fallback,,analog,2391.0
2021-06-25,2021-07-01,9.958181858062744,CHIRPS historical analog fallback,,analog,2391.0
2021-06-25,2021-07-02,8.471156024932862,CHIRPS historical analog fallback,,analog,2391.0
2021-06-25,2021-07-03,10.229176950454711,CHIRPS historical analog fallback,,analog,2391.0
2021-06-25,2021-07-04,6.375631591677665,CHIRPS historical analog fallback,,analog,2391.0
2021-06-25,2021-07-05,8.299413681030273,CHIRPS historical analog fallback,,analog,2391.0
2021-06-25,2021-07-06,6.276665687561035,CHIRPS historical analog fallback,,analog,2391.0
2021-06-25,2021-07-07,8.95175404548645,CHIRPS historical analog fallback,,analog,2391.0
2021-06-25,2021-07-08,12.219701957702636,CHIRPS historical analog fallback,,analog,2391.0
2021-06-25,2021-07-09,10.279974365234375,CHIRPS historical analog fallback,,analog,2391.0
2021-06-25,2021-07-10,12.437507724761963,CHIRPS historical analog fallback,,analog,2391.0
2021-07-07,2021-07-08,7.102736854553223,CHIRPS historical analog fallback,,analog,2403.0
2021-07-07,2021-07-09,3.8119359731674196,CHIRPS historical analog fallback,,analog,2403.0
2021-07-07,2021-07-10,8.95446617603302,CHIRPS historical analog fallback,,analog,2403.0
2021-07-07,2021-07-11,10.202116680145263,CHIRPS historical analog fallback,,analog,2403.0
2021-07-07,2021-07-12,8.478306102752686,CHIRPS historical analog fallback,,analog,2403.0
2021-07-07,2021-07-13,8.74563627243042,CHIRPS historical analog fallback,,analog,2403.0
2021-07-07,2021-07-14,11.709585571289063,CHIRPS historical analog fallback,,analog,2403.0
2021-07-07,2021-07-15,8.15448727607727,CHIRPS historical analog fallback,,analog,2403.0
2021-07-07,2021-07-16,5.794761401414871,CHIRPS historical analog fallback,,analog,2403.0
2021-07-07,2021-07-17,7.5479029476642605,CHIRPS historical analog fallback,,analog,2403.0
2021-07-07,2021-07-18,9.00048770904541,CHIRPS historical analog fallback,,analog,2403.0
2021-07-07,2021-07-19,6.195361137390137,CHIRPS historical analog fallback,,analog,2403.0
2021-07-07,2021-07-20,6.762720155715942,CHIRPS historical analog fallback,,analog,2403.0
2021-07-07,2021-07-21,12.776237964630127,CHIRPS historical analog fallback,,analog,2403.0
2021-07-07,2021-07-22,8.764694213867188,CHIRPS historical analog fallback,,analog,2403.0
2021-07-19,2021-07-20,4.625127792358398,CHIRPS historical analog fallback,,analog,2415.0
2021-07-19,2021-07-21,6.368140649795532,CHIRPS historical analog fallback,,analog,2415.0
2021-07-19,2021-07-22,12.799451160430909,CHIRPS historical analog fallback,,analog,2415.0
2021-07-19,2021-07-23,11.961061125993728,CHIRPS historical analog fallback,,analog,2415.0
2021-07-19,2021-07-24,2.3437713921070102,CHIRPS historical analog fallback,,analog,2415.0
2021-07-19,2021-07-25,0.0,CHIRPS historical analog fallback,,analog,2415.0
2021-07-19,2021-07-26,0.2629415988922119,CHIRPS historical analog fallback,,analog,2415.0
2021-07-19,2021-07-27,2.2624918460845946,CHIRPS historical analog fallback,,analog,2415.0
2021-07-19,2021-07-28,2.7295653402805327,CHIRPS historical analog fallback,,analog,2415.0
2021-07-19,2021-07-29,3.9157419234514235,CHIRPS historical analog fallback,,analog,2415.0
2021-07-19,2021-07-30,3.138070008158684,CHIRPS historical analog fallback,,analog,2415.0
2021-07-19,2021-07-31,1.691073489189148,CHIRPS historical analog fallback,,analog,2415.0
2021-07-19,2021-08-01,2.8894463062286375,CHIRPS historical analog fallback,,analog,2415.0
2021-07-19,2021-08-02,4.067943286895752,CHIRPS historical analog fallback,,analog,2415.0
2021-07-19,2021-08-03,6.930301380157471,CHIRPS historical analog fallback,,analog,2415.0
2021-07-31,2021-08-01,4.286085605621338,CHIRPS historical analog fallback,,analog,2427.0
2021-07-31,2021-08-02,2.5100360035896303,CHIRPS historical analog fallback,,analog,2427.0
2021-07-31,2021-08-03,2.111218038201332,CHIRPS historical analog fallback,,analog,2427.0
2021-07-31,2021-08-04,3.501218119263649,CHIRPS historical analog fallback,,analog,2427.0
2021-07-31,2021-08-05,3.9672890216112138,CHIRPS historical analog fallback,,analog,2427.0
2021-07-31,2021-08-06,3.625673031806946,CHIRPS historical analog fallback,,analog,2427.0
2021-07-31,2021-08-07,5.9713249683380125,CHIRPS historical analog fallback,,analog,2427.0
2021-07-31,2021-08-08,12.884683060646058,CHIRPS historical analog fallback,,analog,2427.0
2021-07-31,2021-08-09,6.85729444026947,CHIRPS historical analog fallback,,analog,2427.0
2021-07-31,2021-08-10,8.347120666503907,CHIRPS historical analog fallback,,analog,2427.0
2021-07-31,2021-08-11,0.8996602058410644,CHIRPS historical analog fallback,,analog,2427.0
2021-07-31,2021-08-12,3.5243136405944826,CHIRPS historical analog fallback,,analog,2427.0
2021-07-31,2021-08-13,4.2328235626220705,CHIRPS historical analog fallback,,analog,2427.0
2021-07-31,2021-08-14,3.333163356781006,CHIRPS historical analog fallback,,analog,2427.0
2021-07-31,2021-08-15,2.085345649719238,CHIRPS historical analog fallback,,analog,2427.0
2021-08-12,2021-08-13,5.349863147735595,CHIRPS historical analog fallback,,analog,2439.0
2021-08-12,2021-08-14,7.4392828941345215,CHIRPS historical analog fallback,,analog,2439.0
2021-08-12,2021-08-15,3.333163356781006,CHIRPS historical analog fallback,,analog,2439.0
2021-08-12,2021-08-16,0.927309250831604,CHIRPS historical analog fallback,,analog,2439.0
2021-08-12,2021-08-17,1.4251783281564712,CHIRPS historical analog fallback,,analog,2439.0
2021-08-12,2021-08-18,2.432231044769287,CHIRPS historical analog fallback,,analog,2439.0
2021-08-12,2021-08-19,4.938535499572754,CHIRPS historical analog fallback,,analog,2439.0
2021-08-12,2021-08-20,7.875963616371155,CHIRPS historical analog fallback,,analog,2439.0
2021-08-12,2021-08-21,10.811351418495178,CHIRPS historical analog fallback,,analog,2439.0
2021-08-12,2021-08-22,5.8868766784667965,CHIRPS historical analog fallback,,analog,2439.0
2021-08-12,2021-08-23,11.703244400024413,CHIRPS historical analog fallback,,analog,2439.0
2021-08-12,2021-08-24,4.06221250295639,CHIRPS historical analog fallback,,analog,2439.0
2021-08-12,2021-08-25,2.6037460923194886,CHIRPS historical analog fallback,,analog,2439.0
2021-08-12,2021-08-26,1.0325365632772445,CHIRPS historical analog fallback,,analog,2439.0
2021-08-12,2021-08-27,3.3571398705244064,CHIRPS historical analog fallback,,analog,2439.0
2021-08-24,2021-08-25,8.672051751613617,CHIRPS historical analog fallback,,analog,2451.0
2021-08-24,2021-08-26,3.379458896815777,CHIRPS historical analog fallback,,analog,2451.0
2021-08-24,2021-08-27,5.948938369750977,CHIRPS historical analog fallback,,analog,2451.0
2021-08-24,2021-08-28,3.5366155743598937,CHIRPS historical analog fallback,,analog,2451.0
2021-08-24,2021-08-29,4.468975710868835,CHIRPS historical analog fallback,,analog,2451.0
2021-08-24,2021-08-30,5.146752142906189,CHIRPS historical analog fallback,,analog,2451.0
2021-08-24,2021-08-31,4.8240585088729855,CHIRPS historical analog fallback,,analog,2451.0
2021-08-24,2021-09-01,3.099376082420349,CHIRPS historical analog fallback,,analog,2451.0
2021-08-24,2021-09-02,3.413299036026001,CHIRPS historical analog fallback,,analog,2451.0
2021-08-24,2021-09-03,1.398919153213501,CHIRPS historical analog fallback,,analog,2451.0
2021-08-24,2021-09-04,3.6354469776153566,CHIRPS historical analog fallback,,analog,2451.0
2021-08-24,2021-09-05,5.972167205810547,CHIRPS historical analog fallback,,analog,2451.0
2021-08-24,2021-09-06,6.808208179473877,CHIRPS historical analog fallback,,analog,2451.0
2021-08-24,2021-09-07,5.841508626937866,CHIRPS historical analog fallback,,analog,2451.0
2021-08-24,2021-09-08,4.007873751223087,CHIRPS historical analog fallback,,analog,2451.0
2021-09-05,2021-09-06,3.8751779794692993,CHIRPS historical analog fallback,,analog,2463.0
2021-09-05,2021-09-07,5.48632287979126,CHIRPS historical analog fallback,,analog,2463.0
2021-09-05,2021-09-08,4.405444097518921,CHIRPS historical analog fallback,,analog,2463.0
2021-09-05,2021-09-09,4.204773044586181,CHIRPS historical analog fallback,,analog,2463.0
2021-09-05,2021-09-10,3.4040581703186037,CHIRPS historical analog fallback,,analog,2463.0
2021-09-05,2021-09-11,4.007965040206909,CHIRPS historical analog fallback,,analog,2463.0
2021-09-05,2021-09-12,2.9889641284942625,CHIRPS historical analog fallback,,analog,2463.0
2021-09-05,2021-09-13,8.317516708374024,CHIRPS historical analog fallback,,analog,2463.0
2021-09-05,2021-09-14,3.223785674571991,CHIRPS historical analog fallback,,analog,2463.0
2021-09-05,2021-09-15,5.622403073310852,CHIRPS historical analog fallback,,analog,2463.0
2021-09-05,2021-09-16,1.8537580966949463,CHIRPS historical analog fallback,,analog,2463.0
2021-09-05,2021-09-17,3.9671586036682127,CHIRPS historical analog fallback,,analog,2463.0
2021-09-05,2021-09-18,2.6910343170166016,CHIRPS historical analog fallback,,analog,2463.0
2021-09-05,2021-09-19,1.0622962951660155,CHIRPS historical analog fallback,,analog,2463.0
2021-09-05,2021-09-20,1.1611660361289977,CHIRPS historical analog fallback,,analog,2463.0
2021-09-17,2021-09-18,1.5321817517280578,CHIRPS historical analog fallback,,analog,2475.0
2021-09-17,2021-09-19,2.001216435432434,CHIRPS historical analog fallback,,analog,2475.0
2021-09-17,2021-09-20,2.8070256710052495,CHIRPS historical analog fallback,,analog,2475.0
2021-09-17,2021-09-21,0.401157283782959,CHIRPS historical analog fallback,,analog,2475.0
2021-09-17,2021-09-22,2.13217830657959,CHIRPS historical analog fallback,,analog,2475.0
2021-09-17,2021-09-23,0.8922175645828248,CHIRPS historical analog fallback,,analog,2475.0
2021-09-17,2021-09-24,0.807632040977478,CHIRPS historical analog fallback,,analog,2475.0
2021-09-17,2021-09-25,0.2876827478408813,CHIRPS historical analog fallback,,analog,2475.0
2021-09-17,2021-09-26,0.2876827478408813,CHIRPS historical analog fallback,,analog,2475.0
2021-09-17,2021-09-27,1.2159847259521483,CHIRPS historical analog fallback,,analog,2475.0
2021-09-17,2021-09-28,0.0,CHIRPS historical analog fallback,,analog,2475.0
2021-09-17,2021-09-29,0.024188852310180663,CHIRPS historical analog fallback,,analog,2475.0
2021-09-17,2021-09-30,0.01044265925884246,CHIRPS historical analog fallback,,analog,2475.0
2021-09-17,2021-10-01,0.0333869069814682,CHIRPS historical analog fallback,,analog,2475.0
2021-09-17,2021-10-02,1.5721159920096397,CHIRPS historical analog fallback,,analog,2475.0
2021-09-29,2021-09-30,0.2876827478408813,CHIRPS historical analog fallback,,analog,2487.0
2021-09-29,2021-10-01,0.0,CHIRPS historical analog fallback,,analog,2487.0
2021-09-29,2021-10-02,0.0,CHIRPS historical analog fallback,,analog,2487.0
2021-09-29,2021-10-03,0.0,CHIRPS historical analog fallback,,analog,2487.0
2021-09-29,2021-10-04,0.01974649280309676,CHIRPS historical analog fallback,,analog,2487.0
2021-09-29,2021-10-05,0.8921658501029015,CHIRPS historical analog fallback,,analog,2487.0
2021-09-29,2021-10-06,0.8921658501029015,CHIRPS historical analog fallback,,analog,2487.0
2021-09-29,2021-10-07,0.8921658501029015,CHIRPS historical analog fallback,,analog,2487.0
2021-09-29,2021-10-08,0.8724193572998047,CHIRPS historical analog fallback,,analog,2487.0
2021-09-29,2021-10-09,0.5509359821677208,CHIRPS historical analog fallback,,analog,2487.0
2021-09-29,2021-10-10,1.4036088466644288,CHIRPS historical analog fallback,,analog,2487.0
2021-09-29,2021-10-11,0.9841316699981689,CHIRPS historical analog fallback,,analog,2487.0
2021-09-29,2021-10-12,0.9841316699981689,CHIRPS historical analog fallback,,analog,2487.0
2021-09-29,2021-10-13,0.4529421806335449,CHIRPS historical analog fallback,,analog,2487.0
2021-09-29,2021-10-14,0.9841316699981689,CHIRPS historical analog fallback,,analog,2487.0
2021-10-11,2021-10-12,2.323999308049679,CHIRPS historical analog fallback,,analog,2499.0
2021-10-11,2021-10-13,1.3327640868723392,CHIRPS historical analog fallback,,analog,2499.0
2021-10-11,2021-10-14,0.0,CHIRPS historical analog fallback,,analog,2499.0
2021-10-11,2021-10-15,0.5311894893646241,CHIRPS historical analog fallback,,analog,2499.0
2021-10-11,2021-10-16,0.5311894893646241,CHIRPS historical analog fallback,,analog,2499.0
2021-10-11,2021-10-17,0.9841316699981689,CHIRPS historical analog fallback,,analog,2499.0
2021-10-11,2021-10-18,0.4529421806335449,CHIRPS historical analog fallback,,analog,2499.0
2021-10-11,2021-10-19,0.4529421806335449,CHIRPS historical analog fallback,,analog,2499.0
2021-10-11,2021-10-20,1.0363555908203126,CHIRPS historical analog fallback,,analog,2499.0
2021-10-11,2021-10-21,3.0109361648559565,CHIRPS historical analog fallback,,analog,2499.0
2021-10-11,2021-10-22,0.17479749917984008,CHIRPS historical analog fallback,,analog,2499.0
2021-10-11,2021-10-23,0.00655146166682242,CHIRPS historical analog fallback,,analog,2499.0
2021-10-11,2021-10-24,1.2302894473075867,CHIRPS historical analog fallback,,analog,2499.0
2021-10-11,2021-10-25,1.1451568365097047,CHIRPS historical analog fallback,,analog,2499.0
2021-10-11,2021-10-26,2.0457412719726564,CHIRPS historical analog fallback,,analog,2499.0
2021-10-23,2021-10-24,0.0,CHIRPS historical analog fallback,,analog,2511.0
2021-10-23,2021-10-25,0.0,CHIRPS historical analog fallback,,analog,2511.0
2021-10-23,2021-10-26,3.0109361648559565,CHIRPS historical analog fallback,,analog,2511.0
2021-10-23,2021-10-27,3.24443496465683,CHIRPS historical analog fallback,,analog,2511.0
2021-10-23,2021-10-28,3.250986426323652,CHIRPS historical analog fallback,,analog,2511.0
2021-10-23,2021-10-29,0.3752828173339367,CHIRPS historical analog fallback,,analog,2511.0
2021-10-23,2021-10-30,0.34323573037981986,CHIRPS historical analog fallback,,analog,2511.0
2021-10-23,2021-10-31,0.41964388489723203,CHIRPS historical analog fallback,,analog,2511.0
2021-10-23,2021-11-01,0.1917608618736267,CHIRPS historical analog fallback,,analog,2511.0
2021-10-23,2021-11-02,0.0,CHIRPS historical analog fallback,,analog,2511.0
2021-10-23,2021-11-03,0.0429421305656433,CHIRPS historical analog fallback,,analog,2511.0
2021-10-23,2021-11-04,0.10164343118667603,CHIRPS historical analog fallback,,analog,2511.0
2021-10-23,2021-11-05,0.058701300621032716,CHIRPS historical analog fallback,,analog,2511.0
2021-10-23,2021-11-06,0.058701300621032716,CHIRPS historical analog fallback,,analog,2511.0
2021-10-23,2021-11-07,0.03394916653633116,CHIRPS historical analog fallback,,analog,2511.0
2021-11-04,2021-11-05,0.08984236121177672,CHIRPS historical analog fallback,,analog,2523.0
2021-11-04,2021-11-06,0.08984236121177672,CHIRPS historical analog fallback,,analog,2523.0
2021-11-04,2021-11-07,0.10164018049836157,CHIRPS historical analog fallback,,analog,2523.0
2021-11-04,2021-11-08,0.01179781928658484,CHIRPS historical analog fallback,,analog,2523.0
2021-11-04,2021-11-09,0.01179781928658484,CHIRPS historical analog fallback,,analog,2523.0
2021-11-04,2021-11-10,0.0,CHIRPS historical analog fallback,,analog,2523.0
2021-11-04,2021-11-11,0.0,CHIRPS historical analog fallback,,analog,2523.0
2021-11-04,2021-11-12,0.0,CHIRPS historical analog fallback,,analog,2523.0
2021-11-04,2021-11-13,0.0163618892431259,CHIRPS historical analog fallback,,analog,2523.0
2021-11-04,2021-11-14,0.19476121366024016,CHIRPS historical analog fallback,,analog,2523.0
2021-11-04,2021-11-15,0.18998884633183477,CHIRPS historical analog fallback,,analog,2523.0
2021-11-04,2021-11-16,0.01158952191472052,CHIRPS historical analog fallback,,analog,2523.0
2021-11-04,2021-11-17,0.024322527647018418,CHIRPS historical analog fallback,,analog,2523.0
2021-11-04,2021-11-18,0.024322527647018418,CHIRPS historical analog fallback,,analog,2523.0
2021-11-04,2021-11-19,0.024322527647018418,CHIRPS historical analog fallback,,analog,2523.0
2021-11-16,2021-11-17,0.17839932441711426,CHIRPS historical analog fallback,,analog,2535.0
2021-11-16,2021-11-18,0.1760032720863819,CHIRPS historical analog fallback,,analog,2535.0
2021-11-16,2021-11-19,0.11535747051239013,CHIRPS historical analog fallback,,analog,2535.0
2021-11-16,2021-11-20,0.00076092989183962,CHIRPS historical analog fallback,,analog,2535.0
2021-11-16,2021-11-21,0.0,CHIRPS historical analog fallback,,analog,2535.0
2021-11-16,2021-11-22,0.14944607019424438,CHIRPS historical analog fallback,,analog,2535.0
2021-11-16,2021-11-23,0.0,CHIRPS historical analog fallback,,analog,2535.0
2021-11-16,2021-11-24,0.0,CHIRPS historical analog fallback,,analog,2535.0
2021-11-16,2021-11-25,0.00248091258108614,CHIRPS historical analog fallback,,analog,2535.0
2021-11-16,2021-11-26,0.01009814962744712,CHIRPS historical analog fallback,,analog,2535.0
2021-11-16,2021-11-27,0.11179625988006592,CHIRPS historical analog fallback,,analog,2535.0
2021-11-16,2021-11-28,0.11179625988006592,CHIRPS historical analog fallback,,analog,2535.0
2021-11-16,2021-11-29,0.11475207116454837,CHIRPS historical analog fallback,,analog,2535.0
2021-11-16,2021-11-30,0.0,CHIRPS historical analog fallback,,analog,2535.0
2021-11-16,2021-12-01,0.0,CHIRPS historical analog fallback,,analog,2535.0
2021-11-28,2021-11-29,0.0,CHIRPS historical analog fallback,,analog,2547.0
2021-11-28,2021-11-30,0.042279300093650815,CHIRPS historical analog fallback,,analog,2547.0
2021-11-28,2021-12-01,0.0443007543683052,CHIRPS historical analog fallback,,analog,2547.0
2021-11-28,2021-12-02,0.040836329758167256,CHIRPS historical analog fallback,,analog,2547.0
2021-11-28,2021-12-03,0.07796740382909774,CHIRPS historical analog fallback,,analog,2547.0
2021-11-28,2021-12-04,0.0051348078995943,CHIRPS historical analog fallback,,analog,2547.0
2021-11-28,2021-12-05,0.005134807947635321,CHIRPS historical analog fallback,,analog,2547.0
2021-11-28,2021-12-06,0.004040427963700907,CHIRPS historical analog fallback,,analog,2547.0
2021-11-28,2021-12-07,0.00506916688755152,CHIRPS historical analog fallback,,analog,2547.0
2021-11-28,2021-12-08,0.0,CHIRPS historical analog fallback,,analog,2547.0
2021-11-28,2021-12-09,0.0,CHIRPS historical analog fallback,,analog,2547.0
2021-11-28,2021-12-10,0.0,CHIRPS historical analog fallback,,analog,2547.0
2021-11-28,2021-12-11,0.0,CHIRPS historical analog fallback,,analog,2547.0
2021-11-28,2021-12-12,0.0236422762274742,CHIRPS historical analog fallback,,analog,2547.0
2021-11-28,2021-12-13,0.0,CHIRPS historical analog fallback,,analog,2547.0
2021-12-10,2021-12-11,0.0,CHIRPS historical analog fallback,,analog,2559.0
2021-12-10,2021-12-12,0.0,CHIRPS historical analog fallback,,analog,2559.0
2021-12-10,2021-12-13,0.0,CHIRPS historical analog fallback,,analog,2559.0
2021-12-10,2021-12-14,0.0,CHIRPS historical analog fallback,,analog,2559.0
2021-12-10,2021-12-15,0.0,CHIRPS historical analog fallback,,analog,2559.0
2021-12-10,2021-12-16,0.0,CHIRPS historical analog fallback,,analog,2559.0
2021-12-10,2021-12-17,0.0396371008828282,CHIRPS historical analog fallback,,analog,2559.0
2021-12-10,2021-12-18,0.12944561969488858,CHIRPS historical analog fallback,,analog,2559.0
2021-12-10,2021-12-19,0.0,CHIRPS historical analog fallback,,analog,2559.0
2021-12-10,2021-12-20,0.0,CHIRPS historical analog fallback,,analog,2559.0
2021-12-10,2021-12-21,0.02057896703481674,CHIRPS historical analog fallback,,analog,2559.0
2021-12-10,2021-12-22,0.00583045594394206,CHIRPS historical analog fallback,,analog,2559.0
2021-12-10,2021-12-23,0.00133066326379776,CHIRPS historical analog fallback,,analog,2559.0
2021-12-10,2021-12-24,0.03251342996954916,CHIRPS historical analog fallback,,analog,2559.0
2021-12-10,2021-12-25,0.10220507383346558,CHIRPS historical analog fallback,,analog,2559.0
2021-12-22,2021-12-23,0.0,CHIRPS historical analog fallback,,analog,2571.0
2021-12-22,2021-12-24,0.02455451786518096,CHIRPS historical analog fallback,,analog,2571.0
2021-12-22,2021-12-25,0.0,CHIRPS historical analog fallback,,analog,2571.0
2021-12-22,2021-12-26,0.10403807610273359,CHIRPS historical analog fallback,,analog,2571.0
2021-12-22,2021-12-27,0.0034365560859441597,CHIRPS historical analog fallback,,analog,2571.0
2021-12-22,2021-12-28,0.0,CHIRPS historical analog fallback,,analog,2571.0
2021-12-22,2021-12-29,0.010140407830476759,CHIRPS historical analog fallback,,analog,2571.0
2021-12-22,2021-12-30,0.017273008823394758,CHIRPS historical analog fallback,,analog,2571.0
2021-12-22,2021-12-31,0.0,CHIRPS historical analog fallback,,analog,2571.0
2021-12-22,2022-01-01,0.004163095541298361,CHIRPS historical analog fallback,,analog,2571.0
2021-12-22,2022-01-02,0.01891414821147918,CHIRPS historical analog fallback,,analog,2571.0
2021-12-22,2022-01-03,0.04862532056868074,CHIRPS historical analog fallback,,analog,2571.0
2021-12-22,2022-01-04,0.0,CHIRPS historical analog fallback,,analog,2571.0
2021-12-22,2022-01-05,0.0044057395309209805,CHIRPS historical analog fallback,,analog,2571.0
2021-12-22,2022-01-06,0.0,CHIRPS historical analog fallback,,analog,2571.0
2022-01-03,2022-01-04,0.04039778951555488,CHIRPS historical analog fallback,,analog,2583.0
2022-01-03,2022-01-05,0.03684131205081938,CHIRPS historical analog fallback,,analog,2583.0
2022-01-03,2022-01-06,0.01376825273036956,CHIRPS historical analog fallback,,analog,2583.0
2022-01-03,2022-01-07,0.04728504717350006,CHIRPS historical analog fallback,,analog,2583.0
2022-01-03,2022-01-08,0.0236432337667793,CHIRPS historical analog fallback,,analog,2583.0
2022-01-03,2022-01-09,0.06224021017551422,CHIRPS historical analog fallback,,analog,2583.0
2022-01-03,2022-01-10,6.56169198919e-05,CHIRPS historical analog fallback,,analog,2583.0
2022-01-03,2022-01-11,0.0121019311249256,CHIRPS historical analog fallback,,analog,2583.0
2022-01-03,2022-01-12,0.0,CHIRPS historical analog fallback,,analog,2583.0
2022-01-03,2022-01-13,0.0,CHIRPS historical analog fallback,,analog,2583.0
2022-01-03,2022-01-14,0.031533163785934445,CHIRPS historical analog fallback,,analog,2583.0
2022-01-03,2022-01-15,0.0,CHIRPS historical analog fallback,,analog,2583.0
2022-01-03,2022-01-16,0.00805198401212692,CHIRPS historical analog fallback,,analog,2583.0
2022-01-03,2022-01-17,0.01810566782951354,CHIRPS historical analog fallback,,analog,2583.0
2022-01-03,2022-01-18,0.00033160531893372,CHIRPS historical analog fallback,,analog,2583.0
2022-01-15,2022-01-16,0.00805198401212692,CHIRPS historical analog fallback,,analog,2595.0
2022-01-15,2022-01-17,0.01810566782951354,CHIRPS historical analog fallback,,analog,2595.0
2022-01-15,2022-01-18,0.00033160531893372,CHIRPS historical analog fallback,,analog,2595.0
2022-01-15,2022-01-19,0.0,CHIRPS historical analog fallback,,analog,2595.0
2022-01-15,2022-01-20,0.01261681020259856,CHIRPS historical analog fallback,,analog,2595.0
2022-01-15,2022-01-21,0.14067350029945375,CHIRPS historical analog fallback,,analog,2595.0
2022-01-15,2022-01-22,0.01578662752217495,CHIRPS historical analog fallback,,analog,2595.0
2022-01-15,2022-01-23,0.02246707528829574,CHIRPS historical analog fallback,,analog,2595.0
2022-01-15,2022-01-24,0.00226479321718214,CHIRPS historical analog fallback,,analog,2595.0
2022-01-15,2022-01-25,0.03038260340690612,CHIRPS historical analog fallback,,analog,2595.0
2022-01-15,2022-01-26,0.03607328534126282,CHIRPS historical analog fallback,,analog,2595.0
2022-01-15,2022-01-27,0.0520884871482849,CHIRPS historical analog fallback,,analog,2595.0
2022-01-15,2022-01-28,0.0374963879585266,CHIRPS historical analog fallback,,analog,2595.0
2022-01-15,2022-01-29,0.012746476195752601,CHIRPS historical analog fallback,,analog,2595.0
2022-01-15,2022-01-30,0.05977976769208906,CHIRPS historical analog fallback,,analog,2595.0
2022-01-27,2022-01-28,0.0078047715127468,CHIRPS historical analog fallback,,analog,2607.0
2022-01-27,2022-01-29,0.020004261285066584,CHIRPS historical analog fallback,,analog,2607.0
2022-01-27,2022-01-30,0.05028068646788596,CHIRPS historical analog fallback,,analog,2607.0
2022-01-27,2022-01-31,0.13341052010655402,CHIRPS historical analog fallback,,analog,2607.0
2022-01-27,2022-02-01,0.11269886698573824,CHIRPS historical analog fallback,,analog,2607.0
2022-01-27,2022-02-02,0.17033937908709046,CHIRPS historical analog fallback,,analog,2607.0
2022-01-27,2022-02-03,0.0085763745009899,CHIRPS historical analog fallback,,analog,2607.0
2022-01-27,2022-02-04,0.00260542025789616,CHIRPS historical analog fallback,,analog,2607.0
2022-01-27,2022-02-05,0.0175079897046089,CHIRPS historical analog fallback,,analog,2607.0
2022-01-27,2022-02-06,0.012386454641819,CHIRPS historical analog fallback,,analog,2607.0
2022-01-27,2022-02-07,0.0270268976688385,CHIRPS historical analog fallback,,analog,2607.0
2022-01-27,2022-02-08,0.04674435397610068,CHIRPS historical analog fallback,,analog,2607.0
2022-01-27,2022-02-09,0.05541172660887239,CHIRPS historical analog fallback,,analog,2607.0
2022-01-27,2022-02-10,0.01057694777846334,CHIRPS historical analog fallback,,analog,2607.0
2022-01-27,2022-02-11,0.00029262833995742003,CHIRPS historical analog fallback,,analog,2607.0
2022-02-08,2022-02-09,0.0712712526321411,CHIRPS historical analog fallback,,analog,2619.0
2022-02-08,2022-02-10,0.026065016537904717,CHIRPS historical analog fallback,,analog,2619.0
2022-02-08,2022-02-11,0.00309898563427848,CHIRPS historical analog fallback,,analog,2619.0
2022-02-08,2022-02-12,0.041414770483970645,CHIRPS historical analog fallback,,analog,2619.0
2022-02-08,2022-02-13,0.062148515065200596,CHIRPS historical analog fallback,,analog,2619.0
2022-02-08,2022-02-14,0.04894939512014386,CHIRPS historical analog fallback,,analog,2619.0
2022-02-08,2022-02-15,0.15804832577705383,CHIRPS historical analog fallback,,analog,2619.0
2022-02-08,2022-02-16,0.12028164202347394,CHIRPS historical analog fallback,,analog,2619.0
2022-02-08,2022-02-17,0.07531716823577879,CHIRPS historical analog fallback,,analog,2619.0
2022-02-08,2022-02-18,0.06866990043781693,CHIRPS historical analog fallback,,analog,2619.0
2022-02-08,2022-02-19,0.08901115655899043,CHIRPS historical analog fallback,,analog,2619.0
2022-02-08,2022-02-20,0.22123547196388244,CHIRPS historical analog fallback,,analog,2619.0
2022-02-08,2022-02-21,0.3722208552062511,CHIRPS historical analog fallback,,analog,2619.0
2022-02-08,2022-02-22,0.13437616303563116,CHIRPS historical analog fallback,,analog,2619.0
2022-02-08,2022-02-23,0.3448450744152069,CHIRPS historical analog fallback,,analog,2619.0
2022-02-20,2022-02-21,0.4227067641913891,CHIRPS historical analog fallback,,analog,2631.0
2022-02-20,2022-02-22,0.37155058681964875,CHIRPS historical analog fallback,,analog,2631.0
2022-02-20,2022-02-23,0.2859755128622055,CHIRPS historical analog fallback,,analog,2631.0
2022-02-20,2022-02-24,0.09895092248916626,CHIRPS historical analog fallback,,analog,2631.0
2022-02-20,2022-02-25,0.05163031965494154,CHIRPS historical analog fallback,,analog,2631.0
2022-02-20,2022-02-26,0.14406027942895888,CHIRPS historical analog fallback,,analog,2631.0
2022-02-20,2022-02-27,0.21005815211683512,CHIRPS historical analog fallback,,analog,2631.0
2022-02-20,2022-02-28,0.027411304414272298,CHIRPS historical analog fallback,,analog,2631.0
2022-02-20,2022-03-01,0.15145713090896606,CHIRPS historical analog fallback,,analog,2631.0
2022-02-20,2022-03-02,0.44386197328567506,CHIRPS historical analog fallback,,analog,2631.0
2022-02-20,2022-03-03,0.19629795020446178,CHIRPS historical analog fallback,,analog,2631.0
2022-02-20,2022-03-04,0.2870941936969757,CHIRPS historical analog fallback,,analog,2631.0
2022-02-20,2022-03-05,0.09724289961159228,CHIRPS historical analog fallback,,analog,2631.0
2022-02-20,2022-03-06,0.6252828121185303,CHIRPS historical analog fallback,,analog,2631.0
2022-02-20,2022-03-07,0.09468705654144285,CHIRPS historical analog fallback,,analog,2631.0
2022-03-04,2022-03-05,0.33721926212310793,CHIRPS historical analog fallback,,analog,2643.0
2022-03-04,2022-03-06,0.3063344955444336,CHIRPS historical analog fallback,,analog,2643.0
2022-03-04,2022-03-07,0.00947014689445494,CHIRPS historical analog fallback,,analog,2643.0
2022-03-04,2022-03-08,0.047881846129894226,CHIRPS historical analog fallback,,analog,2643.0
2022-03-04,2022-03-09,0.490586644411087,CHIRPS historical analog fallback,,analog,2643.0
2022-03-04,2022-03-10,0.3638561964035034,CHIRPS historical analog fallback,,analog,2643.0
2022-03-04,2022-03-11,0.31675769090652467,CHIRPS historical analog fallback,,analog,2643.0
2022-03-04,2022-03-12,0.20782804861664772,CHIRPS historical analog fallback,,analog,2643.0
2022-03-04,2022-03-13,0.37453538551926613,CHIRPS historical analog fallback,,analog,2643.0
2022-03-04,2022-03-14,0.9009068846702576,CHIRPS historical analog fallback,,analog,2643.0
2022-03-04,2022-03-15,0.22364704310894012,CHIRPS historical analog fallback,,analog,2643.0
2022-03-04,2022-03-16,0.29890809655189515,CHIRPS historical analog fallback,,analog,2643.0
2022-03-04,2022-03-17,0.4364771693944931,CHIRPS historical analog fallback,,analog,2643.0
2022-03-04,2022-03-18,0.27019350230693817,CHIRPS historical analog fallback,,analog,2643.0
2022-03-04,2022-03-19,0.03671949505805968,CHIRPS historical analog fallback,,analog,2643.0
2022-03-16,2022-03-17,0.2510800912976265,CHIRPS historical analog fallback,,analog,2655.0
2022-03-16,2022-03-18,0.4146506905555725,CHIRPS historical analog fallback,,analog,2655.0
2022-03-16,2022-03-19,0.5591078221797943,CHIRPS historical analog fallback,,analog,2655.0
2022-03-16,2022-03-20,0.44275829270482064,CHIRPS historical analog fallback,,analog,2655.0
2022-03-16,2022-03-21,0.7638326771557331,CHIRPS historical analog fallback,,analog,2655.0
2022-03-16,2022-03-22,0.3761293157935143,CHIRPS historical analog fallback,,analog,2655.0
2022-03-16,2022-03-23,1.1537288188934327,CHIRPS historical analog fallback,,analog,2655.0
2022-03-16,2022-03-24,0.8753031447529793,CHIRPS historical analog fallback,,analog,2655.0
2022-03-16,2022-03-25,0.21778533458709717,CHIRPS historical analog fallback,,analog,2655.0
2022-03-16,2022-03-26,0.0,CHIRPS historical analog fallback,,analog,2655.0
2022-03-16,2022-03-27,0.12426062747836113,CHIRPS historical analog fallback,,analog,2655.0
2022-03-16,2022-03-28,0.4364765278995037,CHIRPS historical analog fallback,,analog,2655.0
2022-03-16,2022-03-29,0.6850823879241943,CHIRPS historical analog fallback,,analog,2655.0
2022-03-16,2022-03-30,0.4435276985168457,CHIRPS historical analog fallback,,analog,2655.0
2022-03-16,2022-03-31,1.0474789261817932,CHIRPS historical analog fallback,,analog,2655.0
2022-03-28,2022-03-29,0.6191353082656861,CHIRPS historical analog fallback,,analog,2667.0
2022-03-28,2022-03-30,0.30691940784454347,CHIRPS historical analog fallback,,analog,2667.0
2022-03-28,2022-03-31,0.5550360441207886,CHIRPS historical analog fallback,,analog,2667.0
2022-03-28,2022-04-01,0.08688026666641234,CHIRPS historical analog fallback,,analog,2667.0
2022-03-28,2022-04-02,0.18348461389541623,CHIRPS historical analog fallback,,analog,2667.0
2022-03-28,2022-04-03,0.6082948684692383,CHIRPS historical analog fallback,,analog,2667.0
2022-03-28,2022-04-04,0.01586086452007292,CHIRPS historical analog fallback,,analog,2667.0
2022-03-28,2022-04-05,0.29047277979552744,CHIRPS historical analog fallback,,analog,2667.0
2022-03-28,2022-04-06,0.1738411884754896,CHIRPS historical analog fallback,,analog,2667.0
2022-03-28,2022-04-07,1.0116172771900893,CHIRPS historical analog fallback,,analog,2667.0
2022-03-28,2022-04-08,0.34055507741868496,CHIRPS historical analog fallback,,analog,2667.0
2022-03-28,2022-04-09,0.40586589127779005,CHIRPS historical analog fallback,,analog,2667.0
2022-03-28,2022-04-10,0.696424300968647,CHIRPS historical analog fallback,,analog,2667.0
2022-03-28,2022-04-11,1.2088603928685189,CHIRPS historical analog fallback,,analog,2667.0
2022-03-28,2022-04-12,0.5096613168716431,CHIRPS historical analog fallback,,analog,2667.0
2022-04-09,2022-04-10,1.261215877532959,CHIRPS historical analog fallback,,analog,2679.0
2022-04-09,2022-04-11,1.8730404138565064,CHIRPS historical analog fallback,,analog,2679.0
2022-04-09,2022-04-12,1.832088053226471,CHIRPS historical analog fallback,,analog,2679.0
2022-04-09,2022-04-13,1.9857308864593506,CHIRPS historical analog fallback,,analog,2679.0
2022-04-09,2022-04-14,0.6360556602478027,CHIRPS historical analog fallback,,analog,2679.0
2022-04-09,2022-04-15,1.2483484096825124,CHIRPS historical analog fallback,,analog,2679.0
2022-04-09,2022-04-16,4.414235019683838,CHIRPS historical analog fallback,,analog,2679.0
2022-04-09,2022-04-17,2.241927945613861,CHIRPS historical analog fallback,,analog,2679.0
2022-04-09,2022-04-18,3.136161756515503,CHIRPS historical analog fallback,,analog,2679.0
2022-04-09,2022-04-19,2.153551483154297,CHIRPS historical analog fallback,,analog,2679.0
2022-04-09,2022-04-20,2.1584491968154906,CHIRPS historical analog fallback,,analog,2679.0
2022-04-09,2022-04-21,3.2824209928512573,CHIRPS historical analog fallback,,analog,2679.0
2022-04-09,2022-04-22,1.253955864906311,CHIRPS historical analog fallback,,analog,2679.0
2022-04-09,2022-04-23,1.9921964392066003,CHIRPS historical analog fallback,,analog,2679.0
2022-04-09,2022-04-24,2.847119402885437,CHIRPS historical analog fallback,,analog,2679.0
2022-04-21,2022-04-22,4.220179653167724,CHIRPS historical analog fallback,,analog,2691.0
2022-04-21,2022-04-23,3.5863078821450474,CHIRPS historical analog fallback,,analog,2691.0
2022-04-21,2022-04-24,2.5768035162240266,CHIRPS historical analog fallback,,analog,2691.0
2022-04-21,2022-04-25,2.4514909029006957,CHIRPS historical analog fallback,,analog,2691.0
2022-04-21,2022-04-26,1.9686590909957886,CHIRPS historical analog fallback,,analog,2691.0
2022-04-21,2022-04-27,2.7006203174591064,CHIRPS historical analog fallback,,analog,2691.0
2022-04-21,2022-04-28,2.2638342872262003,CHIRPS historical analog fallback,,analog,2691.0
2022-04-21,2022-04-29,2.4129777923226357,CHIRPS historical analog fallback,,analog,2691.0
2022-04-21,2022-04-30,2.1371621835976837,CHIRPS historical analog fallback,,analog,2691.0
2022-04-21,2022-05-01,2.2787668693810703,CHIRPS historical analog fallback,,analog,2691.0
2022-04-21,2022-05-02,1.370264970138669,CHIRPS historical analog fallback,,analog,2691.0
2022-04-21,2022-05-03,2.3319803357124327,CHIRPS historical analog fallback,,analog,2691.0
2022-04-21,2022-05-04,2.131428471207619,CHIRPS historical analog fallback,,analog,2691.0
2022-04-21,2022-05-05,2.7713545486330986,CHIRPS historical analog fallback,,analog,2691.0
2022-04-21,2022-05-06,1.5621051087975502,CHIRPS historical analog fallback,,analog,2691.0
2022-05-03,2022-05-04,3.962259364128113,CHIRPS historical analog fallback,,analog,2703.0
2022-05-03,2022-05-05,1.0954877853393554,CHIRPS historical analog fallback,,analog,2703.0
2022-05-03,2022-05-06,2.6426076874136926,CHIRPS historical analog fallback,,analog,2703.0
2022-05-03,2022-05-07,2.5833218574523924,CHIRPS historical analog fallback,,analog,2703.0
2022-05-03,2022-05-08,1.655858087539673,CHIRPS historical analog fallback,,analog,2703.0
2022-05-03,2022-05-09,1.5913441359996796,CHIRPS historical analog fallback,,analog,2703.0
2022-05-03,2022-05-10,1.4499068975448608,CHIRPS historical analog fallback,,analog,2703.0
2022-05-03,2022-05-11,0.709377121925354,CHIRPS historical analog fallback,,analog,2703.0
2022-05-03,2022-05-12,3.682169055938721,CHIRPS historical analog fallback,,analog,2703.0
2022-05-03,2022-05-13,1.6805542945861816,CHIRPS historical analog fallback,,analog,2703.0
2022-05-03,2022-05-14,0.470417022705078,CHIRPS historical analog fallback,,analog,2703.0
2022-05-03,2022-05-15,1.5519168853759766,CHIRPS historical analog fallback,,analog,2703.0
2022-05-03,2022-05-16,1.0814998626708985,CHIRPS historical analog fallback,,analog,2703.0
2022-05-03,2022-05-17,0.0,CHIRPS historical analog fallback,,analog,2703.0
2022-05-03,2022-05-18,0.0,CHIRPS historical analog fallback,,analog,2703.0
2022-05-15,2022-05-16,2.7843771897256375,CHIRPS historical analog fallback,,analog,2715.0
2022-05-15,2022-05-17,5.715280914306641,CHIRPS historical analog fallback,,analog,2715.0
2022-05-15,2022-05-18,4.818804600089789,CHIRPS historical analog fallback,,analog,2715.0
2022-05-15,2022-05-19,7.51553373336792,CHIRPS historical analog fallback,,analog,2715.0
2022-05-15,2022-05-20,4.048827362060547,CHIRPS historical analog fallback,,analog,2715.0
2022-05-15,2022-05-21,0.0,CHIRPS historical analog fallback,,analog,2715.0
2022-05-15,2022-05-22,1.0029577255249023,CHIRPS historical analog fallback,,analog,2715.0
2022-05-15,2022-05-23,1.323482370376587,CHIRPS historical analog fallback,,analog,2715.0
2022-05-15,2022-05-24,1.9895501613616944,CHIRPS historical analog fallback,,analog,2715.0
2022-05-15,2022-05-25,2.7715503692626955,CHIRPS historical analog fallback,,analog,2715.0
2022-05-15,2022-05-26,3.2497886180877686,CHIRPS historical analog fallback,,analog,2715.0
2022-05-15,2022-05-27,3.849087718129158,CHIRPS historical analog fallback,,analog,2715.0
2022-05-15,2022-05-28,5.566244128346443,CHIRPS historical analog fallback,,analog,2715.0
2022-05-15,2022-05-29,4.7842439204454426,CHIRPS historical analog fallback,,analog,2715.0
2022-05-15,2022-05-30,3.9714922457933426,CHIRPS historical analog fallback,,analog,2715.0
2022-05-27,2022-05-28,3.933122253417969,CHIRPS historical analog fallback,,analog,2727.0
2022-05-27,2022-05-29,0.49205584526062013,CHIRPS historical analog fallback,,analog,2727.0
2022-05-27,2022-05-30,5.002795219421387,CHIRPS historical analog fallback,,analog,2727.0
2022-05-27,2022-05-31,1.549898052215576,CHIRPS historical analog fallback,,analog,2727.0
2022-05-27,2022-06-01,0.0,CHIRPS historical analog fallback,,analog,2727.0
2022-05-27,2022-06-02,0.3698242902755738,CHIRPS historical analog fallback,,analog,2727.0
2022-05-27,2022-06-03,0.7977195262908936,CHIRPS historical analog fallback,,analog,2727.0
2022-05-27,2022-06-04,1.2469293594360351,CHIRPS historical analog fallback,,analog,2727.0
2022-05-27,2022-06-05,0.8052647113800049,CHIRPS historical analog fallback,,analog,2727.0
2022-05-27,2022-06-06,1.9511935234069824,CHIRPS historical analog fallback,,analog,2727.0
2022-05-27,2022-06-07,1.3486359119415283,CHIRPS historical analog fallback,,analog,2727.0
2022-05-27,2022-06-08,0.6212746620178223,CHIRPS historical analog fallback,,analog,2727.0
2022-05-27,2022-06-09,1.0476240634918212,CHIRPS historical analog fallback,,analog,2727.0
2022-05-27,2022-06-10,2.3723276138305662,CHIRPS historical analog fallback,,analog,2727.0
2022-05-27,2022-06-11,2.1965052604675295,CHIRPS historical analog fallback,,analog,2727.0
