date,rain_mm,source,lon_min,lon_max,lat_min,lat_max
2014-10-24,0.0,CHIRPS-2.0-global-daily-tif-p05-crop,98.66454315185547,99.18871307373047,30.327224731445312,30.84276580810547
2014-10-25,0.0,CHIRPS-2.0-global-daily-tif-p05-crop,98.66454315185547,99.18871307373047,30.327224731445312,30.84276580810547
2014-10-26,0.0,CHIRPS-2.0-global-daily-tif-p05-crop,98.66454315185547,99.18871307373047,30.327224731445312,30.84276580810547
2014-10-27,0.45438453555107117,CHIRPS-2.0-global-daily-tif-p05-crop,98.66454315185547,99.18871307373047,30.327224731445312,30.84276580810547
2014-10-28,0.0,CHIRPS-2.0-global-daily-tif-p05-crop,98.66454315185547,99.18871307373047,30.327224731445312,30.84276580810547
2014-10-29,0.0,CHIRPS-2.0-global-daily-tif-p05-crop,98.66454315185547,99.18871307373047,30.327224731445312,30.84276580810547
2014-10-30,0.0,CHIRPS-2.0-global-daily-tif-p05-crop,98.66454315185547,99.18871307373047,30.327224731445312,30.84276580810547
2014-10-31,0.0,CHIRPS-2.0-global-daily-tif-p05-crop,98.66454315185547,99.18871307373047,30.327224731445312,30.84276580810547
2014-11-01,0.0,CHIRPS-2.0-global-daily-tif-p05-crop,98.66454315185547,99.18871307373047,30.327224731445312,30.84276580810547
2014-11-02,0.0,CHIRPS-2.0-global-daily-tif-p05-crop,98.66454315185547,99.18871307373047,30.327224731445312,30.84276580810547
2014-11-03,0.4463484585285187,CHIRPS-2.0-global-daily-tif-p05-crop,98.66454315185547,99.18871307373047,30.327224731445312,30.84276580810547
2014-11-04,0.0,CHIRPS-2.0-global-daily-tif-p05-crop,98.66454315185547,99.18871307373047,30.327224731445312,30.84276580810547
2014-11-05,0.0,CHIRPS-2.0-global-daily-tif-p05-crop,98.66454315185547,99.18871307373047,30.327224731445312,30.84276580810547
2014-11-06,0.571689248085022,CHIRPS-2.0-global-daily-tif-p05-crop,98.66454315185547,99.18871307373047,30.327224731445312,30.84276580810547
2014-11-07,0.0,CHIRPS-2.0-global-daily-tif-p05-crop,98.66454315185547,99.18871307373047,30.327224731445312,30.84276580810547
2014-11-08,0.0,CHIRPS-2.0-global-daily-tif-p05-crop,98.66454315185547,99.18871307373047,30.327224731445312,30.84276580810547
2014-11-09,0.0,CHIRPS-2.0-global-daily-tif-p05-crop,98.66454315185547,99.18871307373047,30.327224731445312,30.84276580810547
2014-11-10,0.0,CHIRPS-2.0-global-daily-tif-p05-crop,98.66454315185547,99.18871307373047,30.327224731445312,30.84276580810547
2014-11-11,0.0,CHIRPS-2.0-global-daily-tif-p05-crop,98.66454315185547,99.18871307373047,30.327224731445312,30.84276580810547
2014-11-12,0.0,CHIRPS-2.0-global-daily-tif-p05-crop,98.66454315185547,99.18871307373047,30.327224731445312,30.84276580810547
2014-11-13,0.0,CHIRPS-2.0-global-daily-tif-p05-crop,98.66454315185547,99.18871307373047,30.327224731445312,30.84276580810547
2014-11-14,0.0,CHIRPS-2.0-global-daily-tif-p05-crop,98.66454315185547,99.18871307373047,30.327224731445312,30.84276580810547
2014-11-15,0.0,CHIRPS-2.0-global-daily-tif-p05-crop,98.66454315185547,99.18871307373047,30.327224731445312,30.84276580810547
2014-11-16,0.0,CHIRPS-2.0-global-daily-tif-p05-crop,98.66454315185547,99.18871307373047,30.327224731445312,30.84276580810547
2014-11-17,0.0,CHIRPS-2.0-global-daily-tif-p05-crop,98.66454315185547,99.18871307373047,30.327224731445312,30.84276580810547
2014-11-18,0.0,CHIRPS-2.0-global-daily-tif-p05-crop,98.66454315185547,99.18871307373047,30.327224731445312,30.84276580810547
2014-11-19,0.1137051060795784,CHIRPS-2.0-global-daily-tif-p05-crop,98.66454315185547,99.18871307373047,30.327224731445312,30.84276580810547
2014-11-20,0.0,CHIRPS-2.0-global-daily-tif-p05-crop,98.66454315185547,99.18871307373047,30.327224731445312,30.84276580810547
2014-11-21,0.0,CHIRPS-2.0-global-daily-tif-p05-crop,98.66454315185547,99.18871307373047,30.327224731445312,30.84276580810547
2014-11-22,0.0,CHIRPS-2.0-global-daily-tif-p05-crop,98.66454315185547,99.18871307373047,30.327224731445312,30.84276580810547
2014-11-23,0.0,CHIRPS-2.0-global-daily-tif-p05-crop,98.66454315185547,99.18871307373047,30.327224731445312,30.84276580810547
2014-11-24,0.0,CHIRPS-2.0-global-daily-tif-p05-crop,98.66454315185547,99.18871307373047,30.327224731445312,30.84276580810547
2014-11-25,0.0,CHIRPS-2.0-global-daily-tif-p05-crop,98.66454315185547,99.18871307373047,30.327224731445312,30.84276580810547
2014-11-26,0.04270848259329796,CHIRPS-2.0-global-daily-tif-p05-crop,98.66454315185547,99.18871307373047,30.327224731445312,30.84276580810547
2014-11-27,0.0,CHIRPS-2.0-global-daily-tif-p05-crop,98.66454315185547,99.18871307373047,30.327224731445312,30.84276580810547
2014-11-28,0.0,CHIRPS-2.0-global-daily-tif-p05-crop,98.66454315185547,99.18871307373047,30.327224731445312,30.84276580810547
2014-11-29,0.0,CHIRPS-2.0-global-daily-tif-p05-crop,98.66454315185547,99.18871307373047,30.327224731445312,30.84276580810547
2014-11-30,0.0,CHIRPS-2.0-global-daily-tif-p05-crop,98.66454315185547,99.18871307373047,30.327224731445312,30.84276580810547
2014-12-01,0.0,CHIRPS-2.0-global-daily-tif-p05-crop,98.66454315185547,99.18871307373047,30.327224731445312,30.84276580810547
2014-12-02,0.0,CHIRPS-2.0-global-daily-tif-p05-crop,98.66454315185547,99.18871307373047,30.327224731445312,30.84276580810547
2014-12-03,0.0,CHIRPS-2.0-global-daily-tif-p05-crop,98.66454315185547,99.18871307373047,30.327224731445312,30.84276580810547
2014-12-04,0.0,CHIRPS-2.0-global-daily-tif-p05-crop,98.66454315185547,99.18871307373047,30.327224731445312,30.84276580810547
2014-12-05,0.0,CHIRPS-2.0-global-daily-tif-p05-crop,98.66454315185547,99.18871307373047,30.327224731445312,30.84276580810547
2014-12-06,0.0,CHIRPS-2.0-global-daily-tif-p05-crop,98.66454315185547,99.18871307373047,30.327224731445312,30.84276580810547
2014-12-07,0.0,CHIRPS-2.0-global-daily-tif-p05-crop,98.66454315185547,99.18871307373047,30.327224731445312,30.84276580810547
2014-12-08,0.0,CHIRPS-2.0-global-daily-tif-p05-crop,98.66454315185547,99.18871307373047,30.327224731445312,30.84276580810547
2014-12-09,0.0,CHIRPS-2.0-global-daily-tif-p05-crop,98.66454315185547,99.18871307373047,30.327224731445312,30.84276580810547
2014-12-10,0.0,CHIRPS-2.0-global-daily-tif-p05-crop,98.66454315185547,99.18871307373047,30.327224731445312,30.84276580810547
2014-12-11,0.0,CHIRPS-2.0-global-daily-tif-p05-crop,98.66454315185547,99.18871307373047,30.327224731445312,30.84276580810547
2014-12-12,0.0,CHIRPS-2.0-global-daily-tif-p05-crop,98.66454315185547,99.18871307373047,30.327224731445312,30.84276580810547
2014-12-13,0.0,CHIRPS-2.0-global-daily-tif-p05-crop,98.66454315185547,99.18871307373047,30.327224731445312,30.84276580810547
2014-12-14,0.0,CHIRPS-2.0-global-daily-tif-p05-crop,98.66454315185547,99.18871307373047,30.327224731445312,30.84276580810547
2014-12-15,0.0,CHIRPS-2.0-global-daily-tif-p05-crop,98.66454315185547,99.18871307373047,30.327224731445312,30.84276580810547
2014-12-16,0.0,CHIRPS-2.0-global-daily-tif-p05-crop,98.66454315185547,99.18871307373047,30.327224731445312,30.84276580810547
2014-12-17,0.007899354211986065,CHIRPS-2.0-global-daily-tif-p05-crop,98.66454315185547,99.18871307373047,30.327224731445312,30.84276580810547
2014-12-18,0.0,CHIRPS-2.0-global-daily-tif-p05-crop,98.66454315185547,99.18871307373047,30.327224731445312,30.84276580810547
2014-12-19,0.0,CHIRPS-2.0-global-daily-tif-p05-crop,98.66454315185547,99.18871307373047,30.327224731445312,30.84276580810547
2014-12-20,0.0,CHIRPS-2.0-global-daily-tif-p05-crop,98.66454315185547,99.18871307373047,30.327224731445312,30.84276580810547
2014-12-21,0.0,CHIRPS-2.0-global-daily-tif-p05-crop,98.66454315185547,99.18871307373047,30.327224731445312,30.84276580810547
2014-12-22,0.0,CHIRPS-2.0-global-daily-tif-p05-crop,98.66454315185547,99.18871307373047,30.327224731445312,30.84276580810547
2014-12-23,0.0,CHIRPS-2.0-global-daily-tif-p05-crop,98.66454315185547,99.18871307373047,30.327224731445312,30.84276580810547
2014-12-24,0.12277258932590485,CHIRPS-2.0-global-daily-tif-p05-crop,98.66454315185547,99.18871307373047,30.327224731445312,30.84276580810547
2014-12-25,0.0,CHIRPS-2.0-global-daily-tif-p05-crop,98.66454315185547,99.18871307373047,30.327224731445312,30.84276580810547
2014-12-26,0.0,CHIRPS-2.0-global-daily-tif-p05-crop,98.66454315185547,99.18871307373047,30.327224731445312,30.84276580810547
2014-12-27,0.0,CHIRPS-2.0-global-daily-tif-p05-crop,98.66454315185547,99.18871307373047,30.327224731445312,30.84276580810547
2014-12-28,0.0,CHIRPS-2.0-global-daily-tif-p05-crop,98.66454315185547,99.18871307373047,30.327224731445312,30.84276580810547
2014-12-29,0.0,CHIRPS-2.0-global-daily-tif-p05-crop,98.66454315185547,99.18871307373047,30.327224731445312,30.84276580810547
2014-12-30,0.0,CHIRPS-2.0-global-daily-tif-p05-crop,98.66454315185547,99.18871307373047,30.327224731445312,30.84276580810547
2014-12-31,0.0,CHIRPS-2.0-global-daily-tif-p05-crop,98.66454315185547,99.18871307373047,30.327224731445312,30.84276580810547
2015-01-01,0.005555715411901474,CHIRPS-2.0-global-daily-tif-p05-crop,98.66454315185547,99.18871307373047,30.327224731445312,30.84276580810547
2015-01-02,0.0,CHIRPS-2.0-global-daily-tif-p05-crop,98.66454315185547,99.18871307373047,30.327224731445312,30.84276580810547
2015-01-03,0.0,CHIRPS-2.0-global-daily-tif-p05-crop,98.66454315185547,99.18871307373047,30.327224731445312,30.84276580810547
2015-01-04,0.0,CHIRPS-2.0-global-daily-tif-p05-crop,98.66454315185547,99.18871307373047,30.327224731445312,30.84276580810547
2015-01-05,0.022028697654604912,CHIRPS-2.0-global-daily-tif-p05-crop,98.66454315185547,99.18871307373047,30.327224731445312,30.84276580810547
2015-01-06,0.0,CHIRPS-2.0-global-daily-tif-p05-crop,98.66454315185547,99.18871307373047,30.327224731445312,30.84276580810547
2015-01-07,0.0,CHIRPS-2.0-global-daily-tif-p05-crop,98.66454315185547,99.18871307373047,30.327224731445312,30.84276580810547
2015-01-08,0.0,CHIRPS-2.0-global-daily-tif-p05-crop,98.66454315185547,99.18871307373047,30.327224731445312,30.84276580810547
2015-01-09,0.0,CHIRPS-2.0-global-daily-tif-p05-crop,98.66454315185547,99.18871307373047,30.327224731445312,30.84276580810547
2015-01-10,0.0,CHIRPS-2.0-global-daily-tif-p05-crop,98.66454315185547,99.18871307373047,30.327224731445312,30.84276580810547
2015-01-11,0.0,CHIRPS-2.0-global-daily-tif-p05-crop,98.66454315185547,99.18871307373047,30.327224731445312,30.84276580810547
2015-01-12,0.0,CHIRPS-2.0-global-daily-tif-p05-crop,98.66454315185547,99.18871307373047,30.327224731445312,30.84276580810547
2015-01-13,0.0,CHIRPS-2.0-global-daily-tif-p05-crop,98.66454315185547,99.18871307373047,30.327224731445312,30.84276580810547
2015-01-14,0.0,CHIRPS-2.0-global-daily-tif-p05-crop,98.66454315185547,99.18871307373047,30.327224731445312,30.84276580810547
2015-01-15,0.0,CHIRPS-2.0-global-daily-tif-p05-crop,98.66454315185547,99.18871307373047,30.327224731445312,30.84276580810547
2015-01-16,0.0,CHIRPS-2.0-global-daily-tif-p05-crop,98.66454315185547,99.18871307373047,30.327224731445312,30.84276580810547
2015-01-17,0.0,CHIRPS-2.0-global-daily-tif-p05-crop,98.66454315185547,99.18871307373047,30.327224731445312,30.84276580810547
2015-01-18,0.0,CHIRPS-2.0-global-daily-tif-p05-crop,98.66454315185547,99.18871307373047,30.327224731445312,30.84276580810547
2015-01-19,0.00395531952381134,CHIRPS-2.0-global-daily-tif-p05-crop,98.66454315185547,99.18871307373047,30.327224731445312,30.84276580810547
2015-01-20,0.35803529620170593,CHIRPS-2.0-global-daily-tif-p05-crop,98.66454315185547,99.18871307373047,30.327224731445312,30.84276580810547
2015-01-21,0.0,CHIRPS-2.0-global-daily-tif-p05-crop,98.66454315185547,99.18871307373047,30.327224731445312,30.84276580810547
2015-01-22,0.0,CHIRPS-2.0-global-daily-tif-p05-crop,98.66454315185547,99.18871307373047,30.327224731445312,30.84276580810547
2015-01-23,0.07959245890378952,CHIRPS-2.0-global-daily-tif-p05-crop,98.66454315185547,99.18871307373047,30.327224731445312,30.84276580810547
2015-01-24,0.0,CHIRPS-2.0-global-daily-tif-p05-crop,98.66454315185547,99.18871307373047,30.327224731445312,30.84276580810547
2015-01-25,0.0,CHIRPS-2.0-global-daily-tif-p05-crop,98.66454315185547,99.18871307373047,30.327224731445312,30.84276580810547
2015-01-26,0.0,CHIRPS-2.0-global-daily-tif-p05-crop,98.66454315185547,99.18871307373047,30.327224731445312,30.84276580810547
2015-01-27,0.0,CHIRPS-2.0-global-daily-tif-p05-crop,98.66454315185547,99.18871307373047,30.327224731445312,30.84276580810547
2015-01-28,0.0,CHIRPS-2.0-global-daily-tif-p05-crop,98.66454315185547,99.18871307373047,30.327224731445312,30.84276580810547
2015-01-29,0.0,CHIRPS-2.0-global-daily-tif-p05-crop,98.66454315185547,99.18871307373047,30.327224731445312,30.84276580810547
2015-01-30,0.0,CHIRPS-2.0-global-daily-tif-p05-crop,98.66454315185547,99.18871307373047,30.327224731445312,30.84276580810547
2015-01-31,0.23779338598251343,CHIRPS-2.0-global-daily-tif-p05-crop,98.66454315185547,99.18871307373047,30.327224731445312,30.84276580810547
2015-02-01,0.10696770250797272,CHIRPS-2.0-global-daily-tif-p05-crop,98.66454315185547,99.18871307373047,30.327224731445312,30.84276580810547
2015-02-02,0.0,CHIRPS-2.0-global-daily-tif-p05-crop,98.66454315185547,99.18871307373047,30.327224731445312,30.84276580810547
2015-02-03,0.0,CHIRPS-2.0-global-daily-tif-p05-crop,98.66454315185547,99.18871307373047,30.327224731445312,30.84276580810547
2015-02-04,0.0,CHIRPS-2.0-global-daily-tif-p05-crop,98.66454315185547,99.18871307373047,30.327224731445312,30.84276580810547
2015-02-05,0.0,CHIRPS-2.0-global-daily-tif-p05-crop,98.66454315185547,99.18871307373047,30.327224731445312,30.84276580810547
2015-02-06,0.0,CHIRPS-2.0-global-daily-tif-p05-crop,98.66454315185547,99.18871307373047,30.327224731445312,30.84276580810547
2015-02-07,0.0,CHIRPS-2.0-global-daily-tif-p05-crop,98.66454315185547,99.18871307373047,30.327224731445312,30.84276580810547
2015-02-08,0.007717465050518513,CHIRPS-2.0-global-daily-tif-p05-crop,98.66454315185547,99.18871307373047,30.327224731445312,30.84276580810547
2015-02-09,0.0,CHIRPS-2.0-global-daily-tif-p05-crop,98.66454315185547,99.18871307373047,30.327224731445312,30.84276580810547
2015-02-10,0.0,CHIRPS-2.0-global-daily-tif-p05-crop,98.66454315185547,99.18871307373047,30.327224731445312,30.84276580810547
2015-02-11,0.0,CHIRPS-2.0-global-daily-tif-p05-crop,98.66454315185547,99.18871307373047,30.327224731445312,30.84276580810547
2015-02-12,0.0665912926197052,CHIRPS-2.0-global-daily-tif-p05-crop,98.66454315185547,99.18871307373047,30.327224731445312,30.84276580810547
2015-02-13,0.25745081901550293,CHIRPS-2.0-global-daily-tif-p05-crop,98.66454315185547,99.18871307373047,30.327224731445312,30.84276580810547
2015-02-14,0.10967005044221878,CHIRPS-2.0-global-daily-tif-p05-crop,98.66454315185547,99.18871307373047,30.327224731445312,30.84276580810547
2015-02-15,0.26173415780067444,CHIRPS-2.0-global-daily-tif-p05-crop,98.66454315185547,99.18871307373047,30.327224731445312,30.84276580810547
2015-02-16,0.0036517460830509663,CHIRPS-2.0-global-daily-tif-p05-crop,98.66454315185547,99.18871307373047,30.327224731445312,30.84276580810547
2015-02-17,0.0,CHIRPS-2.0-global-daily-tif-p05-crop,98.66454315185547,99.18871307373047,30.327224731445312,30.84276580810547
2015-02-18,0.001957085682079196,CHIRPS-2.0-global-daily-tif-p05-crop,98.66454315185547,99.18871307373047,30.327224731445312,30.84276580810547
2015-02-19,0.08067216724157333,CHIRPS-2.0-global-daily-tif-p05-crop,98.66454315185547,99.18871307373047,30.327224731445312,30.84276580810547
2015-02-20,0.141254723072052,CHIRPS-2.0-global-daily-tif-p05-crop,98.66454315185547,99.18871307373047,30.327224731445312,30.84276580810547
2015-02-21,0.22939549386501312,CHIRPS-2.0-global-daily-tif-p05-crop,98.66454315185547,99.18871307373047,30.327224731445312,30.84276580810547
2015-02-22,0.1602884829044342,CHIRPS-2.0-global-daily-tif-p05-crop,98.66454315185547,99.18871307373047,30.327224731445312,30.84276580810547
2015-02-23,0.44741618633270264,CHIRPS-2.0-global-daily-tif-p05-crop,98.66454315185547,99.18871307373047,30.327224731445312,30.84276580810547
2015-02-24,0.09164181351661682,CHIRPS-2.0-global-daily-tif-p05-crop,98.66454315185547,99.18871307373047,30.327224731445312,30.84276580810547
2015-02-25,0.10431305319070816,CHIRPS-2.0-global-daily-tif-p05-crop,98.66454315185547,99.18871307373047,30.327224731445312,30.84276580810547
2015-02-26,0.2534348964691162,CHIRPS-2.0-global-daily-tif-p05-crop,98.66454315185547,99.18871307373047,30.327224731445312,30.84276580810547
2015-02-27,0.2778584361076355,CHIRPS-2.0-global-daily-tif-p05-crop,98.66454315185547,99.18871307373047,30.327224731445312,30.84276580810547
2015-02-28,0.12582489848136902,CHIRPS-2.0-global-daily-tif-p05-crop,98.66454315185547,99.18871307373047,30.327224731445312,30.84276580810547
2015-03-01,0.0,CHIRPS-2.0-global-daily-tif-p05-crop,98.66454315185547,99.18871307373047,30.327224731445312,30.84276580810547
2015-03-02,0.0,CHIRPS-2.0-global-daily-tif-p05-crop,98.66454315185547,99.18871307373047,30.327224731445312,30.84276580810547
2015-03-03,0.0,CHIRPS-2.0-global-daily-tif-p05-crop,98.66454315185547,99.18871307373047,30.327224731445312,30.84276580810547
2015-03-04,0.0,CHIRPS-2.0-global-daily-tif-p05-crop,98.66454315185547,99.18871307373047,30.327224731445312,30.84276580810547
2015-03-05,0.0,CHIRPS-2.0-global-daily-tif-p05-crop,98.66454315185547,99.18871307373047,30.327224731445312,30.84276580810547
2015-03-06,0.0,CHIRPS-2.0-global-daily-tif-p05-crop,98.66454315185547,99.18871307373047,30.327224731445312,30.84276580810547
2015-03-07,0.0,CHIRPS-2.0-global-daily-tif-p05-crop,98.66454315185547,99.18871307373047,30.327224731445312,30.84276580810547
2015-03-08,0.0,CHIRPS-2.0-global-daily-tif-p05-crop,98.66454315185547,99.18871307373047,30.327224731445312,30.84276580810547
2015-03-09,0.0,CHIRPS-2.0-global-daily-tif-p05-crop,98.66454315185547,99.18871307373047,30.327224731445312,30.84276580810547
2015-03-10,0.0,CHIRPS-2.0-global-daily-tif-p05-crop,98.66454315185547,99.18871307373047,30.327224731445312,30.84276580810547
2015-03-11,0.0,CHIRPS-2.0-global-daily-tif-p05-crop,98.66454315185547,99.18871307373047,30.327224731445312,30.84276580810547
2015-03-12,0.0,CHIRPS-2.0-global-daily-tif-p05-crop,98.66454315185547,99.18871307373047,30.327224731445312,30.84276580810547
2015-03-13,0.0,CHIRPS-2.0-global-daily-tif-p05-crop,98.66454315185547,99.18871307373047,30.327224731445312,30.84276580810547
2015-03-14,0.5941755771636963,CHIRPS-2.0-global-daily-tif-p05-crop,98.66454315185547,99.18871307373047,30.327224731445312,30.84276580810547
2015-03-15,0.00859401747584343,CHIRPS-2.0-global-daily-tif-p05-crop,98.66454315185547,99.18871307373047,30.327224731445312,30.84276580810547
2015-03-16,0.6431341171264648,CHIRPS-2.0-global-daily-tif-p05-crop,98.66454315185547,99.18871307373047,30.327224731445312,30.84276580810547
2015-03-17,0.5153780579566956,CHIRPS-2.0-global-daily-tif-p05-crop,98.66454315185547,99.18871307373047,30.327224731445312,30.84276580810547
2015-03-18,0.9853196144104004,CHIRPS-2.0-global-daily-tif-p05-crop,98.66454315185547,99.18871307373047,30.327224731445312,30.84276580810547
2015-03-19,0.047562211751937866,CHIRPS-2.0-global-daily-tif-p05-crop,98.66454315185547,99.18871307373047,30.327224731445312,30.84276580810547
2015-03-20,0.0,CHIRPS-2.0-global-daily-tif-p05-crop,98.66454315185547,99.18871307373047,30.327224731445312,30.84276580810547
2015-03-21,0.0,CHIRPS-2.0-global-daily-tif-p05-crop,98.66454315185547,99.18871307373047,30.327224731445312,30.84276580810547
2015-03-22,0.0,CHIRPS-2.0-global-daily-tif-p05-crop,98.66454315185547,99.18871307373047,30.327224731445312,30.84276580810547
2015-03-23,2.447890281677246,CHIRPS-2.0-global-daily-tif-p05-crop,98.66454315185547,99.18871307373047,30.327224731445312,30.84276580810547
2015-03-24,0.0,CHIRPS-2.0-global-daily-tif-p05-crop,98.66454315185547,99.18871307373047,30.327224731445312,30.84276580810547
2015-03-25,0.0,CHIRPS-2.0-global-daily-tif-p05-crop,98.66454315185547,99.18871307373047,30.327224731445312,30.84276580810547
2015-03-26,0.0,CHIRPS-2.0-global-daily-tif-p05-crop,98.66454315185547,99.18871307373047,30.327224731445312,30.84276580810547
2015-03-27,0.5724550485610962,CHIRPS-2.0-global-daily-tif-p05-crop,98.66454315185547,99.18871307373047,30.327224731445312,30.84276580810547
2015-03-28,1.561079502105713,CHIRPS-2.0-global-daily-tif-p05-crop,98.66454315185547,99.18871307373047,30.327224731445312,30.84276580810547
2015-03-29,0.0,CHIRPS-2.0-global-daily-tif-p05-crop,98.66454315185547,99.18871307373047,30.327224731445312,30.84276580810547
2015-03-30,1.2405831813812256,CHIRPS-2.0-global-daily-tif-p05-crop,98.66454315185547,99.18871307373047,30.327224731445312,30.84276580810547
2015-03-31,0.43440133333206177,CHIRPS-2.0-global-daily-tif-p05-crop,98.66454315185547,99.18871307373047,30.327224731445312,30.84276580810547
2015-04-01,0.9174230694770813,CHIRPS-2.0-global-daily-tif-p05-crop,98.66454315185547,99.18871307373047,30.327224731445312,30.84276580810547
2015-04-02,3.0414743423461914,CHIRPS-2.0-global-daily-tif-p05-crop,98.66454315185547,99.18871307373047,30.327224731445312,30.84276580810547
2015-04-03,0.07930432260036469,CHIRPS-2.0-global-daily-tif-p05-crop,98.66454315185547,99.18871307373047,30.327224731445312,30.84276580810547
2015-04-04,1.4350156784057617,CHIRPS-2.0-global-daily-tif-p05-crop,98.66454315185547,99.18871307373047,30.327224731445312,30.84276580810547
2015-04-05,0.0,CHIRPS-2.0-global-daily-tif-p05-crop,98.66454315185547,99.18871307373047,30.327224731445312,30.84276580810547
2015-04-06,4.188880443572998,CHIRPS-2.0-global-daily-tif-p05-crop,98.66454315185547,99.18871307373047,30.327224731445312,30.84276580810547
2015-04-07,0.7316825985908508,CHIRPS-2.0-global-daily-tif-p05-crop,98.66454315185547,99.18871307373047,30.327224731445312,30.84276580810547
2015-04-08,0.0,CHIRPS-2.0-global-daily-tif-p05-crop,98.66454315185547,99.18871307373047,30.327224731445312,30.84276580810547
2015-04-09,0.8319280743598938,CHIRPS-2.0-global-daily-tif-p05-crop,98.66454315185547,99.18871307373047,30.327224731445312,30.84276580810547
2015-04-10,3.394108533859253,CHIRPS-2.0-global-daily-tif-p05-crop,98.66454315185547,99.18871307373047,30.327224731445312,30.84276580810547
2015-04-11,0.0,CHIRPS-2.0-global-daily-tif-p05-crop,98.66454315185547,99.18871307373047,30.327224731445312,30.84276580810547
2015-04-12,0.0,CHIRPS-2.0-global-daily-tif-p05-crop,98.66454315185547,99.18871307373047,30.327224731445312,30.84276580810547
2015-04-13,0.8895233273506165,CHIRPS-2.0-global-daily-tif-p05-crop,98.66454315185547,99.18871307373047,30.327224731445312,30.84276580810547
2015-04-14,0.23924420773983002,CHIRPS-2.0-global-daily-tif-p05-crop,98.66454315185547,99.18871307373047,30.327224731445312,30.84276580810547
2015-04-15,0.0,CHIRPS-2.0-global-daily-tif-p05-crop,98.66454315185547,99.18871307373047,30.327224731445312,30.84276580810547
2015-04-16,0.0,CHIRPS-2.0-global-daily-tif-p05-crop,98.66454315185547,99.18871307373047,30.327224731445312,30.84276580810547
2015-04-17,0.0,CHIRPS-2.0-global-daily-tif-p05-crop,98.66454315185547,99.18871307373047,30.327224731445312,30.84276580810547
2015-04-18,0.0,CHIRPS-2.0-global-daily-tif-p05-crop,98.66454315185547,99.18871307373047,30.327224731445312,30.84276580810547
2015-04-19,0.0,CHIRPS-2.0-global-daily-tif-p05-crop,98.66454315185547,99.18871307373047,30.327224731445312,30.84276580810547
2015-04-20,3.164415121078491,CHIRPS-2.0-global-daily-tif-p05-crop,98.66454315185547,99.18871307373047,30.327224731445312,30.84276580810547
2015-04-21,12.624140739440918,CHIRPS-2.0-global-daily-tif-p05-crop,98.66454315185547,99.18871307373047,30.327224731445312,30.84276580810547
2015-04-22,0.0,CHIRPS-2.0-global-daily-tif-p05-crop,98.66454315185547,99.18871307373047,30.327224731445312,30.84276580810547
2015-04-23,0.0,CHIRPS-2.0-global-daily-tif-p05-crop,98.66454315185547,99.18871307373047,30.327224731445312,30.84276580810547
2015-04-24,0.0,CHIRPS-2.0-global-daily-tif-p05-crop,98.66454315185547,99.18871307373047,30.327224731445312,30.84276580810547
2015-04-25,0.0,CHIRPS-2.0-global-daily-tif-p05-crop,98.66454315185547,99.18871307373047,30.327224731445312,30.84276580810547
2015-04-26,5.512190341949463,CHIRPS-2.0-global-daily-tif-p05-crop,98.66454315185547,99.18871307373047,30.327224731445312,30.84276580810547
2015-04-27,2.1308999061584473,CHIRPS-2.0-global-daily-tif-p05-crop,98.66454315185547,99.18871307373047,30.327224731445312,30.84276580810547
2015-04-28,0.27743586897850037,CHIRPS-2.0-global-daily-tif-p05-crop,98.66454315185547,99.18871307373047,30.327224731445312,30.84276580810547
2015-04-29,0.0,CHIRPS-2.0-global-daily-tif-p05-crop,98.66454315185547,99.18871307373047,30.327224731445312,30.84276580810547
2015-04-30,0.0,CHIRPS-2.0-global-daily-tif-p05-crop,98.66454315185547,99.18871307373047,30.327224731445312,30.84276580810547
2015-05-01,0.0,CHIRPS-2.0-global-daily-tif-p05-crop,98.66454315185547,99.18871307373047,30.327224731445312,30.84276580810547
2015-05-02,0.0,CHIRPS-2.0-global-daily-tif-p05-crop,98.66454315185547,99.18871307373047,30.327224731445312,30.84276580810547
2015-05-03,0.0,CHIRPS-2.0-global-daily-tif-p05-crop,98.66454315185547,99.18871307373047,30.327224731445312,30.84276580810547
2015-05-04,0.0,CHIRPS-2.0-global-daily-tif-p05-crop,98.66454315185547,99.18871307373047,30.327224731445312,30.84276580810547
2015-05-05,0.0,CHIRPS-2.0-global-daily-tif-p05-crop,98.66454315185547,99.18871307373047,30.327224731445312,30.84276580810547
2015-05-06,0.0,CHIRPS-2.0-global-daily-tif-p05-crop,98.66454315185547,99.18871307373047,30.327224731445312,30.84276580810547
2015-05-07,1.1883736848831177,CHIRPS-2.0-global-daily-tif-p05-crop,98.66454315185547,99.18871307373047,30.327224731445312,30.84276580810547
2015-05-08,0.0,CHIRPS-2.0-global-daily-tif-p05-crop,98.66454315185547,99.18871307373047,30.327224731445312,30.84276580810547
2015-05-09,7.424829959869385,CHIRPS-2.0-global-daily-tif-p05-crop,98.66454315185547,99.18871307373047,30.327224731445312,30.84276580810547
2015-05-10,1.45713210105896,CHIRPS-2.0-global-daily-tif-p05-crop,98.66454315185547,99.18871307373047,30.327224731445312,30.84276580810547
2015-05-11,3.1906661987304688,CHIRPS-2.0-global-daily-tif-p05-crop,98.66454315185547,99.18871307373047,30.327224731445312,30.84276580810547
2015-05-12,16.916837692260742,CHIRPS-2.0-global-daily-tif-p05-crop,98.66454315185547,99.18871307373047,30.327224731445312,30.84276580810547
2015-05-13,0.0,CHIRPS-2.0-global-daily-tif-p05-crop,98.66454315185547,99.18871307373047,30.327224731445312,30.84276580810547
2015-05-14,4.861267566680908,CHIRPS-2.0-global-daily-tif-p05-crop,98.66454315185547,99.18871307373047,30.327224731445312,30.84276580810547
2015-05-15,2.5781643390655518,CHIRPS-2.0-global-daily-tif-p05-crop,98.66454315185547,99.18871307373047,30.327224731445312,30.84276580810547
2015-05-16,9.286776542663574,CHIRPS-2.0-global-daily-tif-p05-crop,98.66454315185547,99.18871307373047,30.327224731445312,30.84276580810547
2015-05-17,18.14055633544922,CHIRPS-2.0-global-daily-tif-p05-crop,98.66454315185547,99.18871307373047,30.327224731445312,30.84276580810547
2015-05-18,0.0,CHIRPS-2.0-global-daily-tif-p05-crop,98.66454315185547,99.18871307373047,30.327224731445312,30.84276580810547
2015-05-19,0.0,CHIRPS-2.0-global-daily-tif-p05-crop,98.66454315185547,99.18871307373047,30.327224731445312,30.84276580810547
2015-05-20,0.0,CHIRPS-2.0-global-daily-tif-p05-crop,98.66454315185547,99.18871307373047,30.327224731445312,30.84276580810547
2015-05-21,0.0,CHIRPS-2.0-global-daily-tif-p05-crop,98.66454315185547,99.18871307373047,30.327224731445312,30.84276580810547
2015-05-22,0.0,CHIRPS-2.0-global-daily-tif-p05-crop,98.66454315185547,99.18871307373047,30.327224731445312,30.84276580810547
2015-05-23,0.0,CHIRPS-2.0-global-daily-tif-p05-crop,98.66454315185547,99.18871307373047,30.327224731445312,30.84276580810547
2015-05-24,0.0,CHIRPS-2.0-global-daily-tif-p05-crop,98.66454315185547,99.18871307373047,30.327224731445312,30.84276580810547
2015-05-25,0.0,CHIRPS-2.0-global-daily-tif-p05-crop,98.66454315185547,99.18871307373047,30.327224731445312,30.84276580810547
2015-05-26,0.0,CHIRPS-2.0-global-daily-tif-p05-crop,98.66454315185547,99.18871307373047,30.327224731445312,30.84276580810547
2015-05-27,0.0,CHIRPS-2.0-global-daily-tif-p05-crop,98.66454315185547,99.18871307373047,30.327224731445312,30.84276580810547
2015-05-28,0.0,CHIRPS-2.0-global-daily-tif-p05-crop,98.66454315185547,99.18871307373047,30.327224731445312,30.84276580810547
2015-05-29,0.0,CHIRPS-2.0-global-daily-tif-p05-crop,98.66454315185547,99.18871307373047,30.327224731445312,30.84276580810547
2015-05-30,0.0,CHIRPS-2.0-global-daily-tif-p05-crop,98.66454315185547,99.18871307373047,30.327224731445312,30.84276580810547
2015-05-31,0.0,CHIRPS-2.0-global-daily-tif-p05-crop,98.66454315185547,99.18871307373047,30.327224731445312,30.84276580810547
2015-06-01,0.0,CHIRPS-2.0-global-daily-tif-p05-crop,98.66454315185547,99.18871307373047,30.327224731445312,30.84276580810547
2015-06-02,0.0,CHIRPS-2.0-global-daily-tif-p05-crop,98.66454315185547,99.18871307373047,30.327224731445312,30.84276580810547
2015-06-03,0.0,CHIRPS-2.0-global-daily-tif-p05-crop,98.66454315185547,99.18871307373047,30.327224731445312,30.84276580810547
2015-06-04,0.0,CHIRPS-2.0-global-daily-tif-p05-crop,98.66454315185547,99.18871307373047,30.327224731445312,30.84276580810547
2015-06-05,0.0,CHIRPS-2.0-global-daily-tif-p05-crop,98.66454315185547,99.18871307373047,30.327224731445312,30.84276580810547
2015-06-06,11.864850044250488,CHIRPS-2.0-global-daily-tif-p05-crop,98.66454315185547,99.18871307373047,30.327224731445312,30.84276580810547
2015-06-07,0.0,CHIRPS-2.0-global-daily-tif-p05-crop,98.66454315185547,99.18871307373047,30.327224731445312,30.84276580810547
2015-06-08,0.0,CHIRPS-2.0-global-daily-tif-p05-crop,98.66454315185547,99.18871307373047,30.327224731445312,30.84276580810547
2015-06-09,0.0,CHIRPS-2.0-global-daily-tif-p05-crop,98.66454315185547,99.18871307373047,30.327224731445312,30.84276580810547
2015-06-10,0.0,CHIRPS-2.0-global-daily-tif-p05-crop,98.66454315185547,99.18871307373047,30.327224731445312,30.84276580810547
2015-06-11,2.6312057971954346,CHIRPS-2.0-global-daily-tif-p05-crop,98.66454315185547,99.18871307373047,30.327224731445312,30.84276580810547
2015-06-12,2.090705633163452,CHIRPS-2.0-global-daily-tif-p05-crop,98.66454315185547,99.18871307373047,30.327224731445312,30.84276580810547
2015-06-13,0.6030276417732239,CHIRPS-2.0-global-daily-tif-p05-crop,98.66454315185547,99.18871307373047,30.327224731445312,30.84276580810547
2015-06-14,0.0,CHIRPS-2.0-global-daily-tif-p05-crop,98.66454315185547,99.18871307373047,30.327224731445312,30.84276580810547
2015-06-15,0.0,CHIRPS-2.0-global-daily-tif-p05-crop,98.66454315185547,99.18871307373047,30.327224731445312,30.84276580810547
2015-06-16,0.0,CHIRPS-2.0-global-daily-tif-p05-crop,98.66454315185547,99.18871307373047,30.327224731445312,30.84276580810547
2015-06-17,0.0,CHIRPS-2.0-global-daily-tif-p05-crop,98.66454315185547,99.18871307373047,30.327224731445312,30.84276580810547
2015-06-18,3.517014741897583,CHIRPS-2.0-global-daily-tif-p05-crop,98.66454315185547,99.18871307373047,30.327224731445312,30.84276580810547
2015-06-19,11.123394012451172,CHIRPS-2.0-global-daily-tif-p05-crop,98.66454315185547,99.18871307373047,30.327224731445312,30.84276580810547
2015-06-20,0.0,CHIRPS-2.0-global-daily-tif-p05-crop,98.66454315185547,99.18871307373047,30.327224731445312,30.84276580810547
2015-06-21,0.0,CHIRPS-2.0-global-daily-tif-p05-crop,98.66454315185547,99.18871307373047,30.327224731445312,30.84276580810547
2015-06-22,0.0,CHIRPS-2.0-global-daily-tif-p05-crop,98.66454315185547,99.18871307373047,30.327224731445312,30.84276580810547
2015-06-23,0.0,CHIRPS-2.0-global-daily-tif-p05-crop,98.66454315185547,99.18871307373047,30.327224731445312,30.84276580810547
2015-06-24,5.300495624542236,CHIRPS-2.0-global-daily-tif-p05-crop,98.66454315185547,99.18871307373047,30.327224731445312,30.84276580810547
2015-06-25,25.376739501953125,CHIRPS-2.0-global-daily-tif-p05-crop,98.66454315185547,99.18871307373047,30.327224731445312,30.84276580810547
2015-06-26,4.8513407707214355,CHIRPS-2.0-global-daily-tif-p05-crop,98.66454315185547,99.18871307373047,30.327224731445312,30.84276580810547
2015-06-27,0.0,CHIRPS-2.0-global-daily-tif-p05-crop,98.66454315185547,99.18871307373047,30.327224731445312,30.84276580810547
2015-06-28,6.007574558258057,CHIRPS-2.0-global-daily-tif-p05-crop,98.66454315185547,99.18871307373047,30.327224731445312,30.84276580810547
2015-06-29,15.245399475097656,CHIRPS-2.0-global-daily-tif-p05-crop,98.66454315185547,99.18871307373047,30.327224731445312,30.84276580810547
2015-06-30,5.454852104187012,CHIRPS-2.0-global-daily-tif-p05-crop,98.66454315185547,99.18871307373047,30.327224731445312,30.84276580810547
2015-07-01,22.675390243530273,CHIRPS-2.0-global-daily-tif-p05-crop,98.66454315185547,99.18871307373047,30.327224731445312,30.84276580810547
2015-07-02,5.905810356140137,CHIRPS-2.0-global-daily-tif-p05-crop,98.66454315185547,99.18871307373047,30.327224731445312,30.84276580810547
2015-07-03,18.062253952026367,CHIRPS-2.0-global-daily-tif-p05-crop,98.66454315185547,99.18871307373047,30.327224731445312,30.84276580810547
2015-07-04,0.0,CHIRPS-2.0-global-daily-tif-p05-crop,98.66454315185547,99.18871307373047,30.327224731445312,30.84276580810547
2015-07-05,0.0,CHIRPS-2.0-global-daily-tif-p05-crop,98.66454315185547,99.18871307373047,30.327224731445312,30.84276580810547
2015-07-06,0.0,CHIRPS-2.0-global-daily-tif-p05-crop,98.66454315185547,99.18871307373047,30.327224731445312,30.84276580810547
2015-07-07,0.0,CHIRPS-2.0-global-daily-tif-p05-crop,98.66454315185547,99.18871307373047,30.327224731445312,30.84276580810547
2015-07-08,3.8361287117004395,CHIRPS-2.0-global-daily-tif-p05-crop,98.66454315185547,99.18871307373047,30.327224731445312,30.84276580810547
2015-07-09,0.0,CHIRPS-2.0-global-daily-tif-p05-crop,98.66454315185547,99.18871307373047,30.327224731445312,30.84276580810547
2015-07-10,0.0,CHIRPS-2.0-global-daily-tif-p05-crop,98.66454315185547,99.18871307373047,30.327224731445312,30.84276580810547
2015-07-11,3.2294890880584717,CHIRPS-2.0-global-daily-tif-p05-crop,98.66454315185547,99.18871307373047,30.327224731445312,30.84276580810547
2015-07-12,9.064948081970215,CHIRPS-2.0-global-daily-tif-p05-crop,98.66454315185547,99.18871307373047,30.327224731445312,30.84276580810547
2015-07-13,21.66771697998047,CHIRPS-2.0-global-daily-tif-p05-crop,98.66454315185547,99.18871307373047,30.327224731445312,30.84276580810547
2015-07-14,11.395654678344727,CHIRPS-2.0-global-daily-tif-p05-crop,98.66454315185547,99.18871307373047,30.327224731445312,30.84276580810547
2015-07-15,0.0,CHIRPS-2.0-global-daily-tif-p05-crop,98.66454315185547,99.18871307373047,30.327224731445312,30.84276580810547
2015-07-16,0.0,CHIRPS-2.0-global-daily-tif-p05-crop,98.66454315185547,99.18871307373047,30.327224731445312,30.84276580810547
2015-07-17,0.0,CHIRPS-2.0-global-daily-tif-p05-crop,98.66454315185547,99.18871307373047,30.327224731445312,30.84276580810547
2015-07-18,0.0,CHIRPS-2.0-global-daily-tif-p05-crop,98.66454315185547,99.18871307373047,30.327224731445312,30.84276580810547
2015-07-19,0.0,CHIRPS-2.0-global-daily-tif-p05-crop,98.66454315185547,99.18871307373047,30.327224731445312,30.84276580810547
2015-07-20,9.147002220153809,CHIRPS-2.0-global-daily-tif-p05-crop,98.66454315185547,99.18871307373047,30.327224731445312,30.84276580810547
2015-07-21,2.1211564540863037,CHIRPS-2.0-global-daily-tif-p05-crop,98.66454315185547,99.18871307373047,30.327224731445312,30.84276580810547
2015-07-22,0.0,CHIRPS-2.0-global-daily-tif-p05-crop,98.66454315185547,99.18871307373047,30.327224731445312,30.84276580810547
2015-07-23,0.0,CHIRPS-2.0-global-daily-tif-p05-crop,98.66454315185547,99.18871307373047,30.327224731445312,30.84276580810547
2015-07-24,0.0,CHIRPS-2.0-global-daily-tif-p05-crop,98.66454315185547,99.18871307373047,30.327224731445312,30.84276580810547
2015-07-25,0.0,CHIRPS-2.0-global-daily-tif-p05-crop,98.66454315185547,99.18871307373047,30.327224731445312,30.84276580810547
2015-07-26,0.0,CHIRPS-2.0-global-daily-tif-p05-crop,98.66454315185547,99.18871307373047,30.327224731445312,30.84276580810547
2015-07-27,0.0,CHIRPS-2.0-global-daily-tif-p05-crop,98.66454315185547,99.18871307373047,30.327224731445312,30.84276580810547
2015-07-28,0.0,CHIRPS-2.0-global-daily-tif-p05-crop,98.66454315185547,99.18871307373047,30.327224731445312,30.84276580810547
2015-07-29,3.3754680156707764,CHIRPS-2.0-global-daily-tif-p05-crop,98.66454315185547,99.18871307373047,30.327224731445312,30.84276580810547
2015-07-30,10.004392623901367,CHIRPS-2.0-global-daily-tif-p05-crop,98.66454315185547,99.18871307373047,30.327224731445312,30.84276580810547
2015-07-31,4.269484043121338,CHIRPS-2.0-global-daily-tif-p05-crop,98.66454315185547,99.18871307373047,30.327224731445312,30.84276580810547
2015-08-01,0.22967779636383057,CHIRPS-2.0-global-daily-tif-p05-crop,98.66454315185547,99.18871307373047,30.327224731445312,30.84276580810547
2015-08-02,3.621027708053589,CHIRPS-2.0-global-daily-tif-p05-crop,98.66454315185547,99.18871307373047,30.327224731445312,30.84276580810547
2015-08-03,9.296030044555664,CHIRPS-2.0-global-daily-tif-p05-crop,98.66454315185547,99.18871307373047,30.327224731445312,30.84276580810547
2015-08-04,4.331936359405518,CHIRPS-2.0-global-daily-tif-p05-crop,98.66454315185547,99.18871307373047,30.327224731445312,30.84276580810547
2015-08-05,1.4291743040084839,CHIRPS-2.0-global-daily-tif-p05-crop,98.66454315185547,99.18871307373047,30.327224731445312,30.84276580810547
2015-08-06,27.127883911132812,CHIRPS-2.0-global-daily-tif-p05-crop,98.66454315185547,99.18871307373047,30.327224731445312,30.84276580810547
2015-08-07,0.0,CHIRPS-2.0-global-daily-tif-p05-crop,98.66454315185547,99.18871307373047,30.327224731445312,30.84276580810547
2015-08-08,0.0,CHIRPS-2.0-global-daily-tif-p05-crop,98.66454315185547,99.18871307373047,30.327224731445312,30.84276580810547
2015-08-09,0.0,CHIRPS-2.0-global-daily-tif-p05-crop,98.66454315185547,99.18871307373047,30.327224731445312,30.84276580810547
2015-08-10,0.0,CHIRPS-2.0-global-daily-tif-p05-crop,98.66454315185547,99.18871307373047,30.327224731445312,30.84276580810547
2015-08-11,0.0,CHIRPS-2.0-global-daily-tif-p05-crop,98.66454315185547,99.18871307373047,30.327224731445312,30.84276580810547
2015-08-12,0.0,CHIRPS-2.0-global-daily-tif-p05-crop,98.66454315185547,99.18871307373047,30.327224731445312,30.84276580810547
2015-08-13,0.0,CHIRPS-2.0-global-daily-tif-p05-crop,98.66454315185547,99.18871307373047,30.327224731445312,30.84276580810547
2015-08-14,1.5910654067993164,CHIRPS-2.0-global-daily-tif-p05-crop,98.66454315185547,99.18871307373047,30.327224731445312,30.84276580810547
2015-08-15,10.917709350585938,CHIRPS-2.0-global-daily-tif-p05-crop,98.66454315185547,99.18871307373047,30.327224731445312,30.84276580810547
2015-08-16,26.645830154418945,CHIRPS-2.0-global-daily-tif-p05-crop,98.66454315185547,99.18871307373047,30.327224731445312,30.84276580810547
2015-08-17,7.183368682861328,CHIRPS-2.0-global-daily-tif-p05-crop,98.66454315185547,99.18871307373047,30.327224731445312,30.84276580810547
2015-08-18,22.251014709472656,CHIRPS-2.0-global-daily-tif-p05-crop,98.66454315185547,99.18871307373047,30.327224731445312,30.84276580810547
2015-08-19,19.574846267700195,CHIRPS-2.0-global-daily-tif-p05-crop,98.66454315185547,99.18871307373047,30.327224731445312,30.84276580810547
2015-08-20,0.0,CHIRPS-2.0-global-daily-tif-p05-crop,98.66454315185547,99.18871307373047,30.327224731445312,30.84276580810547
2015-08-21,1.0939966440200806,CHIRPS-2.0-global-daily-tif-p05-crop,98.66454315185547,99.18871307373047,30.327224731445312,30.84276580810547
2015-08-22,0.2417130023241043,CHIRPS-2.0-global-daily-tif-p05-crop,98.66454315185547,99.18871307373047,30.327224731445312,30.84276580810547
2015-08-23,3.685911178588867,CHIRPS-2.0-global-daily-tif-p05-crop,98.66454315185547,99.18871307373047,30.327224731445312,30.84276580810547
2015-08-24,12.183902740478516,CHIRPS-2.0-global-daily-tif-p05-crop,98.66454315185547,99.18871307373047,30.327224731445312,30.84276580810547
2015-08-25,0.0,CHIRPS-2.0-global-daily-tif-p05-crop,98.66454315185547,99.18871307373047,30.327224731445312,30.84276580810547
2015-08-26,18.411279678344727,CHIRPS-2.0-global-daily-tif-p05-crop,98.66454315185547,99.18871307373047,30.327224731445312,30.84276580810547
2015-08-27,0.0,CHIRPS-2.0-global-daily-tif-p05-crop,98.66454315185547,99.18871307373047,30.327224731445312,30.84276580810547
2015-08-28,16.69036102294922,CHIRPS-2.0-global-daily-tif-p05-crop,98.66454315185547,99.18871307373047,30.327224731445312,30.84276580810547
2015-08-29,0.0,CHIRPS-2.0-global-daily-tif-p05-crop,98.66454315185547,99.18871307373047,30.327224731445312,30.84276580810547
2015-08-30,8.249462127685547,CHIRPS-2.0-global-daily-tif-p05-crop,98.66454315185547,99.18871307373047,30.327224731445312,30.84276580810547
2015-08-31,0.6109649538993835,CHIRPS-2.0-global-daily-tif-p05-crop,98.66454315185547,99.18871307373047,30.327224731445312,30.84276580810547
2015-09-01,5.663371562957764,CHIRPS-2.0-global-daily-tif-p05-crop,98.66454315185547,99.18871307373047,30.327224731445312,30.84276580810547
2015-09-02,10.51706314086914,CHIRPS-2.0-global-daily-tif-p05-crop,98.66454315185547,99.18871307373047,30.327224731445312,30.84276580810547
2015-09-03,5.314795017242432,CHIRPS-2.0-global-daily-tif-p05-crop,98.66454315185547,99.18871307373047,30.327224731445312,30.84276580810547
2015-09-04,1.2402547597885132,CHIRPS-2.0-global-daily-tif-p05-crop,98.66454315185547,99.18871307373047,30.327224731445312,30.84276580810547
2015-09-05,10.126457214355469,CHIRPS-2.0-global-daily-tif-p05-crop,98.66454315185547,99.18871307373047,30.327224731445312,30.84276580810547
2015-09-06,3.8499855995178223,CHIRPS-2.0-global-daily-tif-p05-crop,98.66454315185547,99.18871307373047,30.327224731445312,30.84276580810547
2015-09-07,3.7954277992248535,CHIRPS-2.0-global-daily-tif-p05-crop,98.66454315185547,99.18871307373047,30.327224731445312,30.84276580810547
2015-09-08,0.0,CHIRPS-2.0-global-daily-tif-p05-crop,98.66454315185547,99.18871307373047,30.327224731445312,30.84276580810547
2015-09-09,3.1446101665496826,CHIRPS-2.0-global-daily-tif-p05-crop,98.66454315185547,99.18871307373047,30.327224731445312,30.84276580810547
2015-09-10,0.0,CHIRPS-2.0-global-daily-tif-p05-crop,98.66454315185547,99.18871307373047,30.327224731445312,30.84276580810547
2015-09-11,11.237196922302246,CHIRPS-2.0-global-daily-tif-p05-crop,98.66454315185547,99.18871307373047,30.327224731445312,30.84276580810547
2015-09-12,11.916955947875977,CHIRPS-2.0-global-daily-tif-p05-crop,98.66454315185547,99.18871307373047,30.327224731445312,30.84276580810547
2015-09-13,2.638483762741089,CHIRPS-2.0-global-daily-tif-p05-crop,98.66454315185547,99.18871307373047,30.327224731445312,30.84276580810547
2015-09-14,4.978259086608887,CHIRPS-2.0-global-daily-tif-p05-crop,98.66454315185547,99.18871307373047,30.327224731445312,30.84276580810547
2015-09-15,1.0691399574279785,CHIRPS-2.0-global-daily-tif-p05-crop,98.66454315185547,99.18871307373047,30.327224731445312,30.84276580810547
2015-09-16,13.455171585083008,CHIRPS-2.0-global-daily-tif-p05-crop,98.66454315185547,99.18871307373047,30.327224731445312,30.84276580810547
2015-09-17,0.0,CHIRPS-2.0-global-daily-tif-p05-crop,98.66454315185547,99.18871307373047,30.327224731445312,30.84276580810547
2015-09-18,5.311481475830078,CHIRPS-2.0-global-daily-tif-p05-crop,98.66454315185547,99.18871307373047,30.327224731445312,30.84276580810547
2015-09-19,0.0,CHIRPS-2.0-global-daily-tif-p05-crop,98.66454315185547,99.18871307373047,30.327224731445312,30.84276580810547
2015-09-20,0.0,CHIRPS-2.0-global-daily-tif-p05-crop,98.66454315185547,99.18871307373047,30.327224731445312,30.84276580810547
2015-09-21,0.0,CHIRPS-2.0-global-daily-tif-p05-crop,98.66454315185547,99.18871307373047,30.327224731445312,30.84276580810547
2015-09-22,0.0,CHIRPS-2.0-global-daily-tif-p05-crop,98.66454315185547,99.18871307373047,30.327224731445312,30.84276580810547
2015-09-23,0.4943487048149109,CHIRPS-2.0-global-daily-tif-p05-crop,98.66454315185547,99.18871307373047,30.327224731445312,30.84276580810547
2015-09-24,1.7286194562911987,CHIRPS-2.0-global-daily-tif-p05-crop,98.66454315185547,99.18871307373047,30.327224731445312,30.84276580810547
2015-09-25,3.221391439437866,CHIRPS-2.0-global-daily-tif-p05-crop,98.66454315185547,99.18871307373047,30.327224731445312,30.84276580810547
2015-09-26,0.0,CHIRPS-2.0-global-daily-tif-p05-crop,98.66454315185547,99.18871307373047,30.327224731445312,30.84276580810547
2015-09-27,0.0,CHIRPS-2.0-global-daily-tif-p05-crop,98.66454315185547,99.18871307373047,30.327224731445312,30.84276580810547
2015-09-28,0.0,CHIRPS-2.0-global-daily-tif-p05-crop,98.66454315185547,99.18871307373047,30.327224731445312,30.84276580810547
2015-09-29,0.0,CHIRPS-2.0-global-daily-tif-p05-crop,98.66454315185547,99.18871307373047,30.327224731445312,30.84276580810547
2015-09-30,0.0,CHIRPS-2.0-global-daily-tif-p05-crop,98.66454315185547,99.18871307373047,30.327224731445312,30.84276580810547
2015-10-01,1.4384137392044067,CHIRPS-2.0-global-daily-tif-p05-crop,98.66454315185547,99.18871307373047,30.327224731445312,30.84276580810547
2015-10-02,0.0,CHIRPS-2.0-global-daily-tif-p05-crop,98.66454315185547,99.18871307373047,30.327224731445312,30.84276580810547
2015-10-03,0.0,CHIRPS-2.0-global-daily-tif-p05-crop,98.66454315185547,99.18871307373047,30.327224731445312,30.84276580810547
2015-10-04,0.0,CHIRPS-2.0-global-daily-tif-p05-crop,98.66454315185547,99.18871307373047,30.327224731445312,30.84276580810547
2015-10-05,0.0,CHIRPS-2.0-global-daily-tif-p05-crop,98.66454315185547,99.18871307373047,30.327224731445312,30.84276580810547
2015-10-06,0.0,CHIRPS-2.0-global-daily-tif-p05-crop,98.66454315185547,99.18871307373047,30.327224731445312,30.84276580810547
2015-10-07,0.0,CHIRPS-2.0-global-daily-tif-p05-crop,98.66454315185547,99.18871307373047,30.327224731445312,30.84276580810547
2015-10-08,0.0,CHIRPS-2.0-global-daily-tif-p05-crop,98.66454315185547,99.18871307373047,30.327224731445312,30.84276580810547
2015-10-09,0.0,CHIRPS-2.0-global-daily-tif-p05-crop,98.66454315185547,99.18871307373047,30.327224731445312,30.84276580810547
2015-10-10,0.09873246401548386,CHIRPS-2.0-global-daily-tif-p05-crop,98.66454315185547,99.18871307373047,30.327224731445312,30.84276580810547
2015-10-11,4.362096786499023,CHIRPS-2.0-global-daily-tif-p05-crop,98.66454315185547,99.18871307373047,30.327224731445312,30.84276580810547
2015-10-12,0.0,CHIRPS-2.0-global-daily-tif-p05-crop,98.66454315185547,99.18871307373047,30.327224731445312,30.84276580810547
2015-10-13,0.0,CHIRPS-2.0-global-daily-tif-p05-crop,98.66454315185547,99.18871307373047,30.327224731445312,30.84276580810547
2015-10-14,0.0,CHIRPS-2.0-global-daily-tif-p05-crop,98.66454315185547,99.18871307373047,30.327224731445312,30.84276580810547
2015-10-15,2.65594744682312,CHIRPS-2.0-global-daily-tif-p05-crop,98.66454315185547,99.18871307373047,30.327224731445312,30.84276580810547
2015-10-16,0.0,CHIRPS-2.0-global-daily-tif-p05-crop,98.66454315185547,99.18871307373047,30.327224731445312,30.84276580810547
2015-10-17,2.2647109031677246,CHIRPS-2.0-global-daily-tif-p05-crop,98.66454315185547,99.18871307373047,30.327224731445312,30.84276580810547
2015-10-18,0.0,CHIRPS-2.0-global-daily-tif-p05-crop,98.66454315185547,99.18871307373047,30.327224731445312,30.84276580810547
2015-10-19,0.0,CHIRPS-2.0-global-daily-tif-p05-crop,98.66454315185547,99.18871307373047,30.327224731445312,30.84276580810547
2015-10-20,0.0,CHIRPS-2.0-global-daily-tif-p05-crop,98.66454315185547,99.18871307373047,30.327224731445312,30.84276580810547
2015-10-21,0.0,CHIRPS-2.0-global-daily-tif-p05-crop,98.66454315185547,99.18871307373047,30.327224731445312,30.84276580810547
2015-10-22,0.0,CHIRPS-2.0-global-daily-tif-p05-crop,98.66454315185547,99.18871307373047,30.327224731445312,30.84276580810547
2015-10-23,0.0,CHIRPS-2.0-global-daily-tif-p05-crop,98.66454315185547,99.18871307373047,30.327224731445312,30.84276580810547
2015-10-24,5.1817779541015625,CHIRPS-2.0-global-daily-tif-p05-crop,98.66454315185547,99.18871307373047,30.327224731445312,30.84276580810547
2015-10-25,0.0,CHIRPS-2.0-global-daily-tif-p05-crop,98.66454315185547,99.18871307373047,30.327224731445312,30.84276580810547
2015-10-26,0.0,CHIRPS-2.0-global-daily-tif-p05-crop,98.66454315185547,99.18871307373047,30.327224731445312,30.84276580810547
2015-10-27,0.0,CHIRPS-2.0-global-daily-tif-p05-crop,98.66454315185547,99.18871307373047,30.327224731445312,30.84276580810547
2015-10-28,0.0,CHIRPS-2.0-global-daily-tif-p05-crop,98.66454315185547,99.18871307373047,30.327224731445312,30.84276580810547
2015-10-29,0.0,CHIRPS-2.0-global-daily-tif-p05-crop,98.66454315185547,99.18871307373047,30.327224731445312,30.84276580810547
2015-10-30,5.046928405761719,CHIRPS-2.0-global-daily-tif-p05-crop,98.66454315185547,99.18871307373047,30.327224731445312,30.84276580810547
2015-10-31,0.0,CHIRPS-2.0-global-daily-tif-p05-crop,98.66454315185547,99.18871307373047,30.327224731445312,30.84276580810547
2015-11-01,0.0,CHIRPS-2.0-global-daily-tif-p05-crop,98.66454315185547,99.18871307373047,30.327224731445312,30.84276580810547
2015-11-02,0.0,CHIRPS-2.0-global-daily-tif-p05-crop,98.66454315185547,99.18871307373047,30.327224731445312,30.84276580810547
2015-11-03,0.8270774483680725,CHIRPS-2.0-global-daily-tif-p05-crop,98.66454315185547,99.18871307373047,30.327224731445312,30.84276580810547
2015-11-04,0.42102304100990295,CHIRPS-2.0-global-daily-tif-p05-crop,98.66454315185547,99.18871307373047,30.327224731445312,30.84276580810547
2015-11-05,0.0,CHIRPS-2.0-global-daily-tif-p05-crop,98.66454315185547,99.18871307373047,30.327224731445312,30.84276580810547
2015-11-06,0.013684200122952461,CHIRPS-2.0-global-daily-tif-p05-crop,98.66454315185547,99.18871307373047,30.327224731445312,30.84276580810547
2015-11-07,0.0,CHIRPS-2.0-global-daily-tif-p05-crop,98.66454315185547,99.18871307373047,30.327224731445312,30.84276580810547
2015-11-08,0.0,CHIRPS-2.0-global-daily-tif-p05-crop,98.66454315185547,99.18871307373047,30.327224731445312,30.84276580810547
2015-11-09,0.0,CHIRPS-2.0-global-daily-tif-p05-crop,98.66454315185547,99.18871307373047,30.327224731445312,30.84276580810547
2015-11-10,0.0,CHIRPS-2.0-global-daily-tif-p05-crop,98.66454315185547,99.18871307373047,30.327224731445312,30.84276580810547
2015-11-11,0.0,CHIRPS-2.0-global-daily-tif-p05-crop,98.66454315185547,99.18871307373047,30.327224731445312,30.84276580810547
2015-11-12,0.0,CHIRPS-2.0-global-daily-tif-p05-crop,98.66454315185547,99.18871307373047,30.327224731445312,30.84276580810547
2015-11-13,0.0,CHIRPS-2.0-global-daily-tif-p05-crop,98.66454315185547,99.18871307373047,30.327224731445312,30.84276580810547
2015-11-14,0.0,CHIRPS-2.0-global-daily-tif-p05-crop,98.66454315185547,99.18871307373047,30.327224731445312,30.84276580810547
2015-11-15,0.0,CHIRPS-2.0-global-daily-tif-p05-crop,98.66454315185547,99.18871307373047,30.327224731445312,30.84276580810547
2015-11-16,0.0,CHIRPS-2.0-global-daily-tif-p05-crop,98.66454315185547,99.18871307373047,30.327224731445312,30.84276580810547
2015-11-17,0.0,CHIRPS-2.0-global-daily-tif-p05-crop,98.66454315185547,99.18871307373047,30.327224731445312,30.84276580810547
2015-11-18,0.25846144556999207,CHIRPS-2.0-global-daily-tif-p05-crop,98.66454315185547,99.18871307373047,30.327224731445312,30.84276580810547
2015-11-19,0.0,CHIRPS-2.0-global-daily-tif-p05-crop,98.66454315185547,99.18871307373047,30.327224731445312,30.84276580810547
2015-11-20,0.0,CHIRPS-2.0-global-daily-tif-p05-crop,98.66454315185547,99.18871307373047,30.327224731445312,30.84276580810547
2015-11-21,0.0,CHIRPS-2.0-global-daily-tif-p05-crop,98.66454315185547,99.18871307373047,30.327224731445312,30.84276580810547
2015-11-22,0.0,CHIRPS-2.0-global-daily-tif-p05-crop,98.66454315185547,99.18871307373047,30.327224731445312,30.84276580810547
2015-11-23,0.0,CHIRPS-2.0-global-daily-tif-p05-crop,98.66454315185547,99.18871307373047,30.327224731445312,30.84276580810547
2015-11-24,0.0,CHIRPS-2.0-global-daily-tif-p05-crop,98.66454315185547,99.18871307373047,30.327224731445312,30.84276580810547
2015-11-25,0.26948773860931396,CHIRPS-2.0-global-daily-tif-p05-crop,98.66454315185547,99.18871307373047,30.327224731445312,30.84276580810547
2015-11-26,0.0,CHIRPS-2.0-global-daily-tif-p05-crop,98.66454315185547,99.18871307373047,30.327224731445312,30.84276580810547
2015-11-27,0.0,CHIRPS-2.0-global-daily-tif-p05-crop,98.66454315185547,99.18871307373047,30.327224731445312,30.84276580810547
2015-11-28,0.0,CHIRPS-2.0-global-daily-tif-p05-crop,98.66454315185547,99.18871307373047,30.327224731445312,30.84276580810547
2015-11-29,0.0,CHIRPS-2.0-global-daily-tif-p05-crop,98.66454315185547,99.18871307373047,30.327224731445312,30.84276580810547
2015-11-30,0.0,CHIRPS-2.0-global-daily-tif-p05-crop,98.66454315185547,99.18871307373047,30.327224731445312,30.84276580810547
2015-12-01,0.0,CHIRPS-2.0-global-daily-tif-p05-crop,98.66454315185547,99.18871307373047,30.327224731445312,30.84276580810547
2015-12-02,0.0,CHIRPS-2.0-global-daily-tif-p05-crop,98.66454315185547,99.18871307373047,30.327224731445312,30.84276580810547
2015-12-03,0.32482588291168213,CHIRPS-2.0-global-daily-tif-p05-crop,98.66454315185547,99.18871307373047,30.327224731445312,30.84276580810547
2015-12-04,0.0,CHIRPS-2.0-global-daily-tif-p05-crop,98.66454315185547,99.18871307373047,30.327224731445312,30.84276580810547
2015-12-05,0.0,CHIRPS-2.0-global-daily-tif-p05-crop,98.66454315185547,99.18871307373047,30.327224731445312,30.84276580810547
2015-12-06,0.0,CHIRPS-2.0-global-daily-tif-p05-crop,98.66454315185547,99.18871307373047,30.327224731445312,30.84276580810547
2015-12-07,0.0,CHIRPS-2.0-global-daily-tif-p05-crop,98.66454315185547,99.18871307373047,30.327224731445312,30.84276580810547
2015-12-08,0.0,CHIRPS-2.0-global-daily-tif-p05-crop,98.66454315185547,99.18871307373047,30.327224731445312,30.84276580810547
2015-12-09,0.0,CHIRPS-2.0-global-daily-tif-p05-crop,98.66454315185547,99.18871307373047,30.327224731445312,30.84276580810547
2015-12-10,0.0,CHIRPS-2.0-global-daily-tif-p05-crop,98.66454315185547,99.18871307373047,30.327224731445312,30.84276580810547
2015-12-11,0.0,CHIRPS-2.0-global-daily-tif-p05-crop,98.66454315185547,99.18871307373047,30.327224731445312,30.84276580810547
2015-12-12,0.11821138113737106,CHIRPS-2.0-global-daily-tif-p05-crop,98.66454315185547,99.18871307373047,30.327224731445312,30.84276580810547
2015-12-13,0.0,CHIRPS-2.0-global-daily-tif-p05-crop,98.66454315185547,99.18871307373047,30.327224731445312,30.84276580810547
2015-12-14,0.0,CHIRPS-2.0-global-daily-tif-p05-crop,98.66454315185547,99.18871307373047,30.327224731445312,30.84276580810547
2015-12-15,0.05595443770289421,CHIRPS-2.0-global-daily-tif-p05-crop,98.66454315185547,99.18871307373047,30.327224731445312,30.84276580810547
2015-12-16,0.010479574091732502,CHIRPS-2.0-global-daily-tif-p05-crop,98.66454315185547,99.18871307373047,30.327224731445312,30.84276580810547
2015-12-17,0.0,CHIRPS-2.0-global-daily-tif-p05-crop,98.66454315185547,99.18871307373047,30.327224731445312,30.84276580810547
2015-12-18,0.0,CHIRPS-2.0-global-daily-tif-p05-crop,98.66454315185547,99.18871307373047,30.327224731445312,30.84276580810547
2015-12-19,0.23479436337947845,CHIRPS-2.0-global-daily-tif-p05-crop,98.66454315185547,99.18871307373047,30.327224731445312,30.84276580810547
2015-12-20,0.004861466586589813,CHIRPS-2.0-global-daily-tif-p05-crop,98.66454315185547,99.18871307373047,30.327224731445312,30.84276580810547
2015-12-21,0.0,CHIRPS-2.0-global-daily-tif-p05-crop,98.66454315185547,99.18871307373047,30.327224731445312,30.84276580810547
2015-12-22,0.0,CHIRPS-2.0-global-daily-tif-p05-crop,98.66454315185547,99.18871307373047,30.327224731445312,30.84276580810547
2015-12-23,0.0,CHIRPS-2.0-global-daily-tif-p05-crop,98.66454315185547,99.18871307373047,30.327224731445312,30.84276580810547
2015-12-24,0.0,CHIRPS-2.0-global-daily-tif-p05-crop,98.66454315185547,99.18871307373047,30.327224731445312,30.84276580810547
2015-12-25,0.0,CHIRPS-2.0-global-daily-tif-p05-crop,98.66454315185547,99.18871307373047,30.327224731445312,30.84276580810547
2015-12-26,0.04065334051847458,CHIRPS-2.0-global-daily-tif-p05-crop,98.66454315185547,99.18871307373047,30.327224731445312,30.84276580810547
2015-12-27,0.01718278042972088,CHIRPS-2.0-global-daily-tif-p05-crop,98.66454315185547,99.18871307373047,30.327224731445312,30.84276580810547
2015-12-28,0.0,CHIRPS-2.0-global-daily-tif-p05-crop,98.66454315185547,99.18871307373047,30.327224731445312,30.84276580810547
2015-12-29,0.0,CHIRPS-2.0-global-daily-tif-p05-crop,98.66454315185547,99.18871307373047,30.327224731445312,30.84276580810547
2015-12-30,0.0,CHIRPS-2.0-global-daily-tif-p05-crop,98.66454315185547,99.18871307373047,30.327224731445312,30.84276580810547
2015-12-31,0.0,CHIRPS-2.0-global-daily-tif-p05-crop,98.66454315185547,99.18871307373047,30.327224731445312,30.84276580810547
2016-01-01,0.0,CHIRPS-2.0-global-daily-tif-p05-crop,98.66454315185547,99.18871307373047,30.327224731445312,30.84276580810547
2016-01-02,0.0,CHIRPS-2.0-global-daily-tif-p05-crop,98.66454315185547,99.18871307373047,30.327224731445312,30.84276580810547
2016-01-03,0.02043973095715046,CHIRPS-2.0-global-daily-tif-p05-crop,98.66454315185547,99.18871307373047,30.327224731445312,30.84276580810547
2016-01-04,0.0,CHIRPS-2.0-global-daily-tif-p05-crop,98.66454315185547,99.18871307373047,30.327224731445312,30.84276580810547
2016-01-05,0.0,CHIRPS-2.0-global-daily-tif-p05-crop,98.66454315185547,99.18871307373047,30.327224731445312,30.84276580810547
2016-01-06,0.0,CHIRPS-2.0-global-daily-tif-p05-crop,98.66454315185547,99.18871307373047,30.327224731445312,30.84276580810547
2016-01-07,0.0652681291103363,CHIRPS-2.0-global-daily-tif-p05-crop,98.66454315185547,99.18871307373047,30.327224731445312,30.84276580810547
2016-01-08,0.001207452965900302,CHIRPS-2.0-global-daily-tif-p05-crop,98.66454315185547,99.18871307373047,30.327224731445312,30.84276580810547
2016-01-09,0.1847398281097412,CHIRPS-2.0-global-daily-tif-p05-crop,98.66454315185547,99.18871307373047,30.327224731445312,30.84276580810547
2016-01-10,0.0,CHIRPS-2.0-global-daily-tif-p05-crop,98.66454315185547,99.18871307373047,30.327224731445312,30.84276580810547
2016-01-11,0.0,CHIRPS-2.0-global-daily-tif-p05-crop,98.66454315185547,99.18871307373047,30.327224731445312,30.84276580810547
2016-01-12,0.0,CHIRPS-2.0-global-daily-tif-p05-crop,98.66454315185547,99.18871307373047,30.327224731445312,30.84276580810547
2016-01-13,0.0,CHIRPS-2.0-global-daily-tif-p05-crop,98.66454315185547,99.18871307373047,30.327224731445312,30.84276580810547
2016-01-14,0.15766581892967224,CHIRPS-2.0-global-daily-tif-p05-crop,98.66454315185547,99.18871307373047,30.327224731445312,30.84276580810547
2016-01-15,0.0,CHIRPS-2.0-global-daily-tif-p05-crop,98.66454315185547,99.18871307373047,30.327224731445312,30.84276580810547
2016-01-16,0.04025992006063461,CHIRPS-2.0-global-daily-tif-p05-crop,98.66454315185547,99.18871307373047,30.327224731445312,30.84276580810547
2016-01-17,0.0,CHIRPS-2.0-global-daily-tif-p05-crop,98.66454315185547,99.18871307373047,30.327224731445312,30.84276580810547
2016-01-18,0.0,CHIRPS-2.0-global-daily-tif-p05-crop,98.66454315185547,99.18871307373047,30.327224731445312,30.84276580810547
2016-01-19,0.0,CHIRPS-2.0-global-daily-tif-p05-crop,98.66454315185547,99.18871307373047,30.327224731445312,30.84276580810547
2016-01-20,0.0,CHIRPS-2.0-global-daily-tif-p05-crop,98.66454315185547,99.18871307373047,30.327224731445312,30.84276580810547
2016-01-21,0.0,CHIRPS-2.0-global-daily-tif-p05-crop,98.66454315185547,99.18871307373047,30.327224731445312,30.84276580810547
2016-01-22,0.0,CHIRPS-2.0-global-daily-tif-p05-crop,98.66454315185547,99.18871307373047,30.327224731445312,30.84276580810547
2016-01-23,0.0,CHIRPS-2.0-global-daily-tif-p05-crop,98.66454315185547,99.18871307373047,30.327224731445312,30.84276580810547
2016-01-24,0.0,CHIRPS-2.0-global-daily-tif-p05-crop,98.66454315185547,99.18871307373047,30.327224731445312,30.84276580810547
2016-01-25,0.15191301703453064,CHIRPS-2.0-global-daily-tif-p05-crop,98.66454315185547,99.18871307373047,30.327224731445312,30.84276580810547
2016-01-26,0.1803664267063141,CHIRPS-2.0-global-daily-tif-p05-crop,98.66454315185547,99.18871307373047,30.327224731445312,30.84276580810547
2016-01-27,0.17682726681232452,CHIRPS-2.0-global-daily-tif-p05-crop,98.66454315185547,99.18871307373047,30.327224731445312,30.84276580810547
2016-01-28,0.18748193979263306,CHIRPS-2.0-global-daily-tif-p05-crop,98.66454315185547,99.18871307373047,30.327224731445312,30.84276580810547
2016-01-29,0.007296315394341946,CHIRPS-2.0-global-daily-tif-p05-crop,98.66454315185547,99.18871307373047,30.327224731445312,30.84276580810547
2016-01-30,0.044769931584596634,CHIRPS-2.0-global-daily-tif-p05-crop,98.66454315185547,99.18871307373047,30.327224731445312,30.84276580810547
2016-01-31,0.0,CHIRPS-2.0-global-daily-tif-p05-crop,98.66454315185547,99.18871307373047,30.327224731445312,30.84276580810547
2016-02-01,0.0,CHIRPS-2.0-global-daily-tif-p05-crop,98.66454315185547,99.18871307373047,30.327224731445312,30.84276580810547
2016-02-02,0.0,CHIRPS-2.0-global-daily-tif-p05-crop,98.66454315185547,99.18871307373047,30.327224731445312,30.84276580810547
2016-02-03,0.004623412620276213,CHIRPS-2.0-global-daily-tif-p05-crop,98.66454315185547,99.18871307373047,30.327224731445312,30.84276580810547
2016-02-04,0.0,CHIRPS-2.0-global-daily-tif-p05-crop,98.66454315185547,99.18871307373047,30.327224731445312,30.84276580810547
2016-02-05,0.0,CHIRPS-2.0-global-daily-tif-p05-crop,98.66454315185547,99.18871307373047,30.327224731445312,30.84276580810547
2016-02-06,0.0,CHIRPS-2.0-global-daily-tif-p05-crop,98.66454315185547,99.18871307373047,30.327224731445312,30.84276580810547
2016-02-07,0.0,CHIRPS-2.0-global-daily-tif-p05-crop,98.66454315185547,99.18871307373047,30.327224731445312,30.84276580810547
2016-02-08,0.0,CHIRPS-2.0-global-daily-tif-p05-crop,98.66454315185547,99.18871307373047,30.327224731445312,30.84276580810547
2016-02-09,0.09594064950942993,CHIRPS-2.0-global-daily-tif-p05-crop,98.66454315185547,99.18871307373047,30.327224731445312,30.84276580810547
2016-02-10,0.11596167832612991,CHIRPS-2.0-global-daily-tif-p05-crop,98.66454315185547,99.18871307373047,30.327224731445312,30.84276580810547
2016-02-11,0.014031786471605301,CHIRPS-2.0-global-daily-tif-p05-crop,98.66454315185547,99.18871307373047,30.327224731445312,30.84276580810547
2016-02-12,0.0,CHIRPS-2.0-global-daily-tif-p05-crop,98.66454315185547,99.18871307373047,30.327224731445312,30.84276580810547
2016-02-13,0.0,CHIRPS-2.0-global-daily-tif-p05-crop,98.66454315185547,99.18871307373047,30.327224731445312,30.84276580810547
2016-02-14,0.0,CHIRPS-2.0-global-daily-tif-p05-crop,98.66454315185547,99.18871307373047,30.327224731445312,30.84276580810547
2016-02-15,0.0,CHIRPS-2.0-global-daily-tif-p05-crop,98.66454315185547,99.18871307373047,30.327224731445312,30.84276580810547
2016-02-16,0.0,CHIRPS-2.0-global-daily-tif-p05-crop,98.66454315185547,99.18871307373047,30.327224731445312,30.84276580810547
2016-02-17,0.0,CHIRPS-2.0-global-daily-tif-p05-crop,98.66454315185547,99.18871307373047,30.327224731445312,30.84276580810547
2016-02-18,0.0,CHIRPS-2.0-global-daily-tif-p05-crop,98.66454315185547,99.18871307373047,30.327224731445312,30.84276580810547
2016-02-19,0.0,CHIRPS-2.0-global-daily-tif-p05-crop,98.66454315185547,99.18871307373047,30.327224731445312,30.84276580810547
2016-02-20,0.5090170502662659,CHIRPS-2.0-global-daily-tif-p05-crop,98.66454315185547,99.18871307373047,30.327224731445312,30.84276580810547
2016-02-21,1.2185333967208862,CHIRPS-2.0-global-daily-tif-p05-crop,98.66454315185547,99.18871307373047,30.327224731445312,30.84276580810547
2016-02-22,0.1106787770986557,CHIRPS-2.0-global-daily-tif-p05-crop,98.66454315185547,99.18871307373047,30.327224731445312,30.84276580810547
2016-02-23,0.4031127989292145,CHIRPS-2.0-global-daily-tif-p05-crop,98.66454315185547,99.18871307373047,30.327224731445312,30.84276580810547
2016-02-24,0.0,CHIRPS-2.0-global-daily-tif-p05-crop,98.66454315185547,99.18871307373047,30.327224731445312,30.84276580810547
2016-02-25,0.0,CHIRPS-2.0-global-daily-tif-p05-crop,98.66454315185547,99.18871307373047,30.327224731445312,30.84276580810547
2016-02-26,0.0,CHIRPS-2.0-global-daily-tif-p05-crop,98.66454315185547,99.18871307373047,30.327224731445312,30.84276580810547
2016-02-27,0.0,CHIRPS-2.0-global-daily-tif-p05-crop,98.66454315185547,99.18871307373047,30.327224731445312,30.84276580810547
2016-02-28,0.0,CHIRPS-2.0-global-daily-tif-p05-crop,98.66454315185547,99.18871307373047,30.327224731445312,30.84276580810547
2016-02-29,0.0,CHIRPS-2.0-global-daily-tif-p05-crop,98.66454315185547,99.18871307373047,30.327224731445312,30.84276580810547
2016-03-01,0.0,CHIRPS-2.0-global-daily-tif-p05-crop,98.66454315185547,99.18871307373047,30.327224731445312,30.84276580810547
2016-03-02,0.13473325967788696,CHIRPS-2.0-global-daily-tif-p05-crop,98.66454315185547,99.18871307373047,30.327224731445312,30.84276580810547
2016-03-03,0.0,CHIRPS-2.0-global-daily-tif-p05-crop,98.66454315185547,99.18871307373047,30.327224731445312,30.84276580810547
2016-03-04,0.475985050201416,CHIRPS-2.0-global-daily-tif-p05-crop,98.66454315185547,99.18871307373047,30.327224731445312,30.84276580810547
2016-03-05,0.0,CHIRPS-2.0-global-daily-tif-p05-crop,98.66454315185547,99.18871307373047,30.327224731445312,30.84276580810547
2016-03-06,0.04735073447227478,CHIRPS-2.0-global-daily-tif-p05-crop,98.66454315185547,99.18871307373047,30.327224731445312,30.84276580810547
2016-03-07,0.1702384054660797,CHIRPS-2.0-global-daily-tif-p05-crop,98.66454315185547,99.18871307373047,30.327224731445312,30.84276580810547
2016-03-08,1.2277613878250122,CHIRPS-2.0-global-daily-tif-p05-crop,98.66454315185547,99.18871307373047,30.327224731445312,30.84276580810547
2016-03-09,0.5915195941925049,CHIRPS-2.0-global-daily-tif-p05-crop,98.66454315185547,99.18871307373047,30.327224731445312,30.84276580810547
2016-03-10,0.9922688603401184,CHIRPS-2.0-global-daily-tif-p05-crop,98.66454315185547,99.18871307373047,30.327224731445312,30.84276580810547
2016-03-11,0.046871382743120193,CHIRPS-2.0-global-daily-tif-p05-crop,98.66454315185547,99.18871307373047,30.327224731445312,30.84276580810547
2016-03-12,1.2316299676895142,CHIRPS-2.0-global-daily-tif-p05-crop,98.66454315185547,99.18871307373047,30.327224731445312,30.84276580810547
2016-03-13,0.02075560763478279,CHIRPS-2.0-global-daily-tif-p05-crop,98.66454315185547,99.18871307373047,30.327224731445312,30.84276580810547
2016-03-14,0.3360283076763153,CHIRPS-2.0-global-daily-tif-p05-crop,98.66454315185547,99.18871307373047,30.327224731445312,30.84276580810547
2016-03-15,0.0,CHIRPS-2.0-global-daily-tif-p05-crop,98.66454315185547,99.18871307373047,30.327224731445312,30.84276580810547
2016-03-16,0.182050421833992,CHIRPS-2.0-global-daily-tif-p05-crop,98.66454315185547,99.18871307373047,30.327224731445312,30.84276580810547
2016-03-17,0.1360352635383606,CHIRPS-2.0-global-daily-tif-p05-crop,98.66454315185547,99.18871307373047,30.327224731445312,30.84276580810547
2016-03-18,0.0,CHIRPS-2.0-global-daily-tif-p05-crop,98.66454315185547,99.18871307373047,30.327224731445312,30.84276580810547
2016-03-19,0.9123873114585876,CHIRPS-2.0-global-daily-tif-p05-crop,98.66454315185547,99.18871307373047,30.327224731445312,30.84276580810547
2016-03-20,1.1329264640808105,CHIRPS-2.0-global-daily-tif-p05-crop,98.66454315185547,99.18871307373047,30.327224731445312,30.84276580810547
2016-03-21,0.10600963234901428,CHIRPS-2.0-global-daily-tif-p05-crop,98.66454315185547,99.18871307373047,30.327224731445312,30.84276580810547
2016-03-22,0.09463705122470856,CHIRPS-2.0-global-daily-tif-p05-crop,98.66454315185547,99.18871307373047,30.327224731445312,30.84276580810547
2016-03-23,2.0782177448272705,CHIRPS-2.0-global-daily-tif-p05-crop,98.66454315185547,99.18871307373047,30.327224731445312,30.84276580810547
2016-03-24,0.0,CHIRPS-2.0-global-daily-tif-p05-crop,98.66454315185547,99.18871307373047,30.327224731445312,30.84276580810547
2016-03-25,0.0,CHIRPS-2.0-global-daily-tif-p05-crop,98.66454315185547,99.18871307373047,30.327224731445312,30.84276580810547
2016-03-26,0.0,CHIRPS-2.0-global-daily-tif-p05-crop,98.66454315185547,99.18871307373047,30.327224731445312,30.84276580810547
2016-03-27,0.7854989171028137,CHIRPS-2.0-global-daily-tif-p05-crop,98.66454315185547,99.18871307373047,30.327224731445312,30.84276580810547
2016-03-28,2.088737726211548,CHIRPS-2.0-global-daily-tif-p05-crop,98.66454315185547,99.18871307373047,30.327224731445312,30.84276580810547
2016-03-29,1.0636959075927734,CHIRPS-2.0-global-daily-tif-p05-crop,98.66454315185547,99.18871307373047,30.327224731445312,30.84276580810547
2016-03-30,0.0,CHIRPS-2.0-global-daily-tif-p05-crop,98.66454315185547,99.18871307373047,30.327224731445312,30.84276580810547
2016-03-31,0.2712952196598053,CHIRPS-2.0-global-daily-tif-p05-crop,98.66454315185547,99.18871307373047,30.327224731445312,30.84276580810547
2016-04-01,0.25292009115219116,CHIRPS-2.0-global-daily-tif-p05-crop,98.66454315185547,99.18871307373047,30.327224731445312,30.84276580810547
2016-04-02,2.668102741241455,CHIRPS-2.0-global-daily-tif-p05-crop,98.66454315185547,99.18871307373047,30.327224731445312,30.84276580810547
2016-04-03,3.3820676803588867,CHIRPS-2.0-global-daily-tif-p05-crop,98.66454315185547,99.18871307373047,30.327224731445312,30.84276580810547
2016-04-04,5.337061882019043,CHIRPS-2.0-global-daily-tif-p05-crop,98.66454315185547,99.18871307373047,30.327224731445312,30.84276580810547
2016-04-05,4.7175068855285645,CHIRPS-2.0-global-daily-tif-p05-crop,98.66454315185547,99.18871307373047,30.327224731445312,30.84276580810547
2016-04-06,0.7487539052963257,CHIRPS-2.0-global-daily-tif-p05-crop,98.66454315185547,99.18871307373047,30.327224731445312,30.84276580810547
2016-04-07,3.570922374725342,CHIRPS-2.0-global-daily-tif-p05-crop,98.66454315185547,99.18871307373047,30.327224731445312,30.84276580810547
2016-04-08,8.582680702209473,CHIRPS-2.0-global-daily-tif-p05-crop,98.66454315185547,99.18871307373047,30.327224731445312,30.84276580810547
2016-04-09,0.5211527943611145,CHIRPS-2.0-global-daily-tif-p05-crop,98.66454315185547,99.18871307373047,30.327224731445312,30.84276580810547
2016-04-10,1.2648415565490723,CHIRPS-2.0-global-daily-tif-p05-crop,98.66454315185547,99.18871307373047,30.327224731445312,30.84276580810547
2016-04-11,1.1055752038955688,CHIRPS-2.0-global-daily-tif-p05-crop,98.66454315185547,99.18871307373047,30.327224731445312,30.84276580810547
2016-04-12,0.9008134007453918,CHIRPS-2.0-global-daily-tif-p05-crop,98.66454315185547,99.18871307373047,30.327224731445312,30.84276580810547
2016-04-13,3.2180228233337402,CHIRPS-2.0-global-daily-tif-p05-crop,98.66454315185547,99.18871307373047,30.327224731445312,30.84276580810547
2016-04-14,0.0,CHIRPS-2.0-global-daily-tif-p05-crop,98.66454315185547,99.18871307373047,30.327224731445312,30.84276580810547
2016-04-15,1.8232150077819824,CHIRPS-2.0-global-daily-tif-p05-crop,98.66454315185547,99.18871307373047,30.327224731445312,30.84276580810547
2016-04-16,6.4364118576049805,CHIRPS-2.0-global-daily-tif-p05-crop,98.66454315185547,99.18871307373047,30.327224731445312,30.84276580810547
2016-04-17,0.0,CHIRPS-2.0-global-daily-tif-p05-crop,98.66454315185547,99.18871307373047,30.327224731445312,30.84276580810547
2016-04-18,0.2742197513580322,CHIRPS-2.0-global-daily-tif-p05-crop,98.66454315185547,99.18871307373047,30.327224731445312,30.84276580810547
2016-04-19,2.9060585498809814,CHIRPS-2.0-global-daily-tif-p05-crop,98.66454315185547,99.18871307373047,30.327224731445312,30.84276580810547
2016-04-20,1.1794006824493408,CHIRPS-2.0-global-daily-tif-p05-crop,98.66454315185547,99.18871307373047,30.327224731445312,30.84276580810547
2016-04-21,6.948175430297852,CHIRPS-2.0-global-daily-tif-p05-crop,98.66454315185547,99.18871307373047,30.327224731445312,30.84276580810547
2016-04-22,2.318491220474243,CHIRPS-2.0-global-daily-tif-p05-crop,98.66454315185547,99.18871307373047,30.327224731445312,30.84276580810547
2016-04-23,3.27728009223938,CHIRPS-2.0-global-daily-tif-p05-crop,98.66454315185547,99.18871307373047,30.327224731445312,30.84276580810547
2016-04-24,2.26592755317688,CHIRPS-2.0-global-daily-tif-p05-crop,98.66454315185547,99.18871307373047,30.327224731445312,30.84276580810547
2016-04-25,1.7229081392288208,CHIRPS-2.0-global-daily-tif-p05-crop,98.66454315185547,99.18871307373047,30.327224731445312,30.84276580810547
2016-04-26,0.0,CHIRPS-2.0-global-daily-tif-p05-crop,98.66454315185547,99.18871307373047,30.327224731445312,30.84276580810547
2016-04-27,1.3148385286331177,CHIRPS-2.0-global-daily-tif-p05-crop,98.66454315185547,99.18871307373047,30.327224731445312,30.84276580810547
2016-04-28,5.298218250274658,CHIRPS-2.0-global-daily-tif-p05-crop,98.66454315185547,99.18871307373047,30.327224731445312,30.84276580810547
2016-04-29,5.356612682342529,CHIRPS-2.0-global-daily-tif-p05-crop,98.66454315185547,99.18871307373047,30.327224731445312,30.84276580810547
2016-04-30,0.030979985371232033,CHIRPS-2.0-global-daily-tif-p05-crop,98.66454315185547,99.18871307373047,30.327224731445312,30.84276580810547
2016-05-01,4.991338729858398,CHIRPS-2.0-global-daily-tif-p05-crop,98.66454315185547,99.18871307373047,30.327224731445312,30.84276580810547
2016-05-02,0.0,CHIRPS-2.0-global-daily-tif-p05-crop,98.66454315185547,99.18871307373047,30.327224731445312,30.84276580810547
2016-05-03,5.854459762573242,CHIRPS-2.0-global-daily-tif-p05-crop,98.66454315185547,99.18871307373047,30.327224731445312,30.84276580810547
2016-05-04,4.610895156860352,CHIRPS-2.0-global-daily-tif-p05-crop,98.66454315185547,99.18871307373047,30.327224731445312,30.84276580810547
2016-05-05,0.09521950036287308,CHIRPS-2.0-global-daily-tif-p05-crop,98.66454315185547,99.18871307373047,30.327224731445312,30.84276580810547
2016-05-06,0.0,CHIRPS-2.0-global-daily-tif-p05-crop,98.66454315185547,99.18871307373047,30.327224731445312,30.84276580810547
2016-05-07,0.0,CHIRPS-2.0-global-daily-tif-p05-crop,98.66454315185547,99.18871307373047,30.327224731445312,30.84276580810547
2016-05-08,1.014902949333191,CHIRPS-2.0-global-daily-tif-p05-crop,98.66454315185547,99.18871307373047,30.327224731445312,30.84276580810547
2016-05-09,0.8141031861305237,CHIRPS-2.0-global-daily-tif-p05-crop,98.66454315185547,99.18871307373047,30.327224731445312,30.84276580810547
2016-05-10,0.0,CHIRPS-2.0-global-daily-tif-p05-crop,98.66454315185547,99.18871307373047,30.327224731445312,30.84276580810547
2016-05-11,0.19178743660449982,CHIRPS-2.0-global-daily-tif-p05-crop,98.66454315185547,99.18871307373047,30.327224731445312,30.84276580810547
2016-05-12,3.1044108867645264,CHIRPS-2.0-global-daily-tif-p05-crop,98.66454315185547,99.18871307373047,30.327224731445312,30.84276580810547
2016-05-13,0.0,CHIRPS-2.0-global-daily-tif-p05-crop,98.66454315185547,99.18871307373047,30.327224731445312,30.84276580810547
2016-05-14,2.002584218978882,CHIRPS-2.0-global-daily-tif-p05-crop,98.66454315185547,99.18871307373047,30.327224731445312,30.84276580810547
2016-05-15,0.0,CHIRPS-2.0-global-daily-tif-p05-crop,98.66454315185547,99.18871307373047,30.327224731445312,30.84276580810547
2016-05-16,0.0,CHIRPS-2.0-global-daily-tif-p05-crop,98.66454315185547,99.18871307373047,30.327224731445312,30.84276580810547
2016-05-17,13.167155265808105,CHIRPS-2.0-global-daily-tif-p05-crop,98.66454315185547,99.18871307373047,30.327224731445312,30.84276580810547
2016-05-18,1.1918604373931885,CHIRPS-2.0-global-daily-tif-p05-crop,98.66454315185547,99.18871307373047,30.327224731445312,30.84276580810547
2016-05-19,0.0,CHIRPS-2.0-global-daily-tif-p05-crop,98.66454315185547,99.18871307373047,30.327224731445312,30.84276580810547
2016-05-20,0.0,CHIRPS-2.0-global-daily-tif-p05-crop,98.66454315185547,99.18871307373047,30.327224731445312,30.84276580810547
2016-05-21,19.211475372314453,CHIRPS-2.0-global-daily-tif-p05-crop,98.66454315185547,99.18871307373047,30.327224731445312,30.84276580810547
2016-05-22,0.0,CHIRPS-2.0-global-daily-tif-p05-crop,98.66454315185547,99.18871307373047,30.327224731445312,30.84276580810547
2016-05-23,0.0,CHIRPS-2.0-global-daily-tif-p05-crop,98.66454315185547,99.18871307373047,30.327224731445312,30.84276580810547
2016-05-24,0.0,CHIRPS-2.0-global-daily-tif-p05-crop,98.66454315185547,99.18871307373047,30.327224731445312,30.84276580810547
2016-05-25,0.0,CHIRPS-2.0-global-daily-tif-p05-crop,98.66454315185547,99.18871307373047,30.327224731445312,30.84276580810547
2016-05-26,0.0,CHIRPS-2.0-global-daily-tif-p05-crop,98.66454315185547,99.18871307373047,30.327224731445312,30.84276580810547
2016-05-27,0.0,CHIRPS-2.0-global-daily-tif-p05-crop,98.66454315185547,99.18871307373047,30.327224731445312,30.84276580810547
2016-05-28,0.0,CHIRPS-2.0-global-daily-tif-p05-crop,98.66454315185547,99.18871307373047,30.327224731445312,30.84276580810547
2016-05-29,0.0,CHIRPS-2.0-global-daily-tif-p05-crop,98.66454315185547,99.18871307373047,30.327224731445312,30.84276580810547
2016-05-30,0.0,CHIRPS-2.0-global-daily-tif-p05-crop,98.66454315185547,99.18871307373047,30.327224731445312,30.84276580810547
2016-05-31,0.0,CHIRPS-2.0-global-daily-tif-p05-crop,98.66454315185547,99.18871307373047,30.327224731445312,30.84276580810547
2016-06-01,0.0,CHIRPS-2.0-global-daily-tif-p05-crop,98.66454315185547,99.18871307373047,30.327224731445312,30.84276580810547
2016-06-02,0.0,CHIRPS-2.0-global-daily-tif-p05-crop,98.66454315185547,99.18871307373047,30.327224731445312,30.84276580810547
2016-06-03,0.0,CHIRPS-2.0-global-daily-tif-p05-crop,98.66454315185547,99.18871307373047,30.327224731445312,30.84276580810547
2016-06-04,0.0,CHIRPS-2.0-global-daily-tif-p05-crop,98.66454315185547,99.18871307373047,30.327224731445312,30.84276580810547
2016-06-05,3.370504140853882,CHIRPS-2.0-global-daily-tif-p05-crop,98.66454315185547,99.18871307373047,30.327224731445312,30.84276580810547
2016-06-06,3.704885244369507,CHIRPS-2.0-global-daily-tif-p05-crop,98.66454315185547,99.18871307373047,30.327224731445312,30.84276580810547
2016-06-07,0.0,CHIRPS-2.0-global-daily-tif-p05-crop,98.66454315185547,99.18871307373047,30.327224731445312,30.84276580810547
2016-06-08,6.075117111206055,CHIRPS-2.0-global-daily-tif-p05-crop,98.66454315185547,99.18871307373047,30.327224731445312,30.84276580810547
2016-06-09,0.0,CHIRPS-2.0-global-daily-tif-p05-crop,98.66454315185547,99.18871307373047,30.327224731445312,30.84276580810547
2016-06-10,0.4956963360309601,CHIRPS-2.0-global-daily-tif-p05-crop,98.66454315185547,99.18871307373047,30.327224731445312,30.84276580810547
2016-06-11,0.0,CHIRPS-2.0-global-daily-tif-p05-crop,98.66454315185547,99.18871307373047,30.327224731445312,30.84276580810547
2016-06-12,0.2165604531764984,CHIRPS-2.0-global-daily-tif-p05-crop,98.66454315185547,99.18871307373047,30.327224731445312,30.84276580810547
2016-06-13,1.541778564453125,CHIRPS-2.0-global-daily-tif-p05-crop,98.66454315185547,99.18871307373047,30.327224731445312,30.84276580810547
2016-06-14,14.488913536071777,CHIRPS-2.0-global-daily-tif-p05-crop,98.66454315185547,99.18871307373047,30.327224731445312,30.84276580810547
2016-06-15,0.0,CHIRPS-2.0-global-daily-tif-p05-crop,98.66454315185547,99.18871307373047,30.327224731445312,30.84276580810547
2016-06-16,0.0,CHIRPS-2.0-global-daily-tif-p05-crop,98.66454315185547,99.18871307373047,30.327224731445312,30.84276580810547
2016-06-17,0.0,CHIRPS-2.0-global-daily-tif-p05-crop,98.66454315185547,99.18871307373047,30.327224731445312,30.84276580810547
2016-06-18,12.122442245483398,CHIRPS-2.0-global-daily-tif-p05-crop,98.66454315185547,99.18871307373047,30.327224731445312,30.84276580810547
2016-06-19,0.21236775815486908,CHIRPS-2.0-global-daily-tif-p05-crop,98.66454315185547,99.18871307373047,30.327224731445312,30.84276580810547
2016-06-20,18.435625076293945,CHIRPS-2.0-global-daily-tif-p05-crop,98.66454315185547,99.18871307373047,30.327224731445312,30.84276580810547
2016-06-21,12.825773239135742,CHIRPS-2.0-global-daily-tif-p05-crop,98.66454315185547,99.18871307373047,30.327224731445312,30.84276580810547
2016-06-22,15.648008346557617,CHIRPS-2.0-global-daily-tif-p05-crop,98.66454315185547,99.18871307373047,30.327224731445312,30.84276580810547
2016-06-23,4.371594429016113,CHIRPS-2.0-global-daily-tif-p05-crop,98.66454315185547,99.18871307373047,30.327224731445312,30.84276580810547
2016-06-24,10.216333389282227,CHIRPS-2.0-global-daily-tif-p05-crop,98.66454315185547,99.18871307373047,30.327224731445312,30.84276580810547
2016-06-25,19.66099739074707,CHIRPS-2.0-global-daily-tif-p05-crop,98.66454315185547,99.18871307373047,30.327224731445312,30.84276580810547
2016-06-26,2.710219621658325,CHIRPS-2.0-global-daily-tif-p05-crop,98.66454315185547,99.18871307373047,30.327224731445312,30.84276580810547
2016-06-27,6.890900135040283,CHIRPS-2.0-global-daily-tif-p05-crop,98.66454315185547,99.18871307373047,30.327224731445312,30.84276580810547
2016-06-28,4.384338855743408,CHIRPS-2.0-global-daily-tif-p05-crop,98.66454315185547,99.18871307373047,30.327224731445312,30.84276580810547
2016-06-29,20.40253257751465,CHIRPS-2.0-global-daily-tif-p05-crop,98.66454315185547,99.18871307373047,30.327224731445312,30.84276580810547
2016-06-30,6.005276679992676,CHIRPS-2.0-global-daily-tif-p05-crop,98.66454315185547,99.18871307373047,30.327224731445312,30.84276580810547
2016-07-01,0.9802147746086121,CHIRPS-2.0-global-daily-tif-p05-crop,98.66454315185547,99.18871307373047,30.327224731445312,30.84276580810547
2016-07-02,0.0,CHIRPS-2.0-global-daily-tif-p05-crop,98.66454315185547,99.18871307373047,30.327224731445312,30.84276580810547
2016-07-03,0.6324808597564697,CHIRPS-2.0-global-daily-tif-p05-crop,98.66454315185547,99.18871307373047,30.327224731445312,30.84276580810547
2016-07-04,17.439146041870117,CHIRPS-2.0-global-daily-tif-p05-crop,98.66454315185547,99.18871307373047,30.327224731445312,30.84276580810547
2016-07-05,26.180845260620117,CHIRPS-2.0-global-daily-tif-p05-crop,98.66454315185547,99.18871307373047,30.327224731445312,30.84276580810547
2016-07-06,20.58032989501953,CHIRPS-2.0-global-daily-tif-p05-crop,98.66454315185547,99.18871307373047,30.327224731445312,30.84276580810547
2016-07-07,13.844317436218262,CHIRPS-2.0-global-daily-tif-p05-crop,98.66454315185547,99.18871307373047,30.327224731445312,30.84276580810547
2016-07-08,1.1257890462875366,CHIRPS-2.0-global-daily-tif-p05-crop,98.66454315185547,99.18871307373047,30.327224731445312,30.84276580810547
2016-07-09,9.090930938720703,CHIRPS-2.0-global-daily-tif-p05-crop,98.66454315185547,99.18871307373047,30.327224731445312,30.84276580810547
2016-07-10,2.347773313522339,CHIRPS-2.0-global-daily-tif-p05-crop,98.66454315185547,99.18871307373047,30.327224731445312,30.84276580810547
2016-07-11,3.8960702419281006,CHIRPS-2.0-global-daily-tif-p05-crop,98.66454315185547,99.18871307373047,30.327224731445312,30.84276580810547
2016-07-12,18.774097442626953,CHIRPS-2.0-global-daily-tif-p05-crop,98.66454315185547,99.18871307373047,30.327224731445312,30.84276580810547
2016-07-13,22.728717803955078,CHIRPS-2.0-global-daily-tif-p05-crop,98.66454315185547,99.18871307373047,30.327224731445312,30.84276580810547
2016-07-14,0.0,CHIRPS-2.0-global-daily-tif-p05-crop,98.66454315185547,99.18871307373047,30.327224731445312,30.84276580810547
2016-07-15,0.0,CHIRPS-2.0-global-daily-tif-p05-crop,98.66454315185547,99.18871307373047,30.327224731445312,30.84276580810547
2016-07-16,0.0,CHIRPS-2.0-global-daily-tif-p05-crop,98.66454315185547,99.18871307373047,30.327224731445312,30.84276580810547
2016-07-17,12.701837539672852,CHIRPS-2.0-global-daily-tif-p05-crop,98.66454315185547,99.18871307373047,30.327224731445312,30.84276580810547
2016-07-18,11.425649642944336,CHIRPS-2.0-global-daily-tif-p05-crop,98.66454315185547,99.18871307373047,30.327224731445312,30.84276580810547
2016-07-19,2.9427144527435303,CHIRPS-2.0-global-daily-tif-p05-crop,98.66454315185547,99.18871307373047,30.327224731445312,30.84276580810547
2016-07-20,6.03331184387207,CHIRPS-2.0-global-daily-tif-p05-crop,98.66454315185547,99.18871307373047,30.327224731445312,30.84276580810547
2016-07-21,19.36677360534668,CHIRPS-2.0-global-daily-tif-p05-crop,98.66454315185547,99.18871307373047,30.327224731445312,30.84276580810547
2016-07-22,0.7320173382759094,CHIRPS-2.0-global-daily-tif-p05-crop,98.66454315185547,99.18871307373047,30.327224731445312,30.84276580810547
2016-07-23,27.264163970947266,CHIRPS-2.0-global-daily-tif-p05-crop,98.66454315185547,99.18871307373047,30.327224731445312,30.84276580810547
2016-07-24,16.745452880859375,CHIRPS-2.0-global-daily-tif-p05-crop,98.66454315185547,99.18871307373047,30.327224731445312,30.84276580810547
2016-07-25,22.461091995239258,CHIRPS-2.0-global-daily-tif-p05-crop,98.66454315185547,99.18871307373047,30.327224731445312,30.84276580810547
2016-07-26,8.570267677307129,CHIRPS-2.0-global-daily-tif-p05-crop,98.66454315185547,99.18871307373047,30.327224731445312,30.84276580810547
2016-07-27,0.0,CHIRPS-2.0-global-daily-tif-p05-crop,98.66454315185547,99.18871307373047,30.327224731445312,30.84276580810547
2016-07-28,0.0,CHIRPS-2.0-global-daily-tif-p05-crop,98.66454315185547,99.18871307373047,30.327224731445312,30.84276580810547
2016-07-29,0.0,CHIRPS-2.0-global-daily-tif-p05-crop,98.66454315185547,99.18871307373047,30.327224731445312,30.84276580810547
2016-07-30,0.0,CHIRPS-2.0-global-daily-tif-p05-crop,98.66454315185547,99.18871307373047,30.327224731445312,30.84276580810547
2016-07-31,0.06484238058328629,CHIRPS-2.0-global-daily-tif-p05-crop,98.66454315185547,99.18871307373047,30.327224731445312,30.84276580810547
2016-08-01,0.02610376477241516,CHIRPS-2.0-global-daily-tif-p05-crop,98.66454315185547,99.18871307373047,30.327224731445312,30.84276580810547
2016-08-02,0.23797035217285156,CHIRPS-2.0-global-daily-tif-p05-crop,98.66454315185547,99.18871307373047,30.327224731445312,30.84276580810547
2016-08-03,3.216602325439453,CHIRPS-2.0-global-daily-tif-p05-crop,98.66454315185547,99.18871307373047,30.327224731445312,30.84276580810547
2016-08-04,7.050551414489746,CHIRPS-2.0-global-daily-tif-p05-crop,98.66454315185547,99.18871307373047,30.327224731445312,30.84276580810547
2016-08-05,10.612641334533691,CHIRPS-2.0-global-daily-tif-p05-crop,98.66454315185547,99.18871307373047,30.327224731445312,30.84276580810547
2016-08-06,0.0,CHIRPS-2.0-global-daily-tif-p05-crop,98.66454315185547,99.18871307373047,30.327224731445312,30.84276580810547
2016-08-07,0.0,CHIRPS-2.0-global-daily-tif-p05-crop,98.66454315185547,99.18871307373047,30.327224731445312,30.84276580810547
2016-08-08,0.0,CHIRPS-2.0-global-daily-tif-p05-crop,98.66454315185547,99.18871307373047,30.327224731445312,30.84276580810547
2016-08-09,1.2698078155517578,CHIRPS-2.0-global-daily-tif-p05-crop,98.66454315185547,99.18871307373047,30.327224731445312,30.84276580810547
2016-08-10,0.9357394576072693,CHIRPS-2.0-global-daily-tif-p05-crop,98.66454315185547,99.18871307373047,30.327224731445312,30.84276580810547
2016-08-11,0.0,CHIRPS-2.0-global-daily-tif-p05-crop,98.66454315185547,99.18871307373047,30.327224731445312,30.84276580810547
2016-08-12,2.5888009071350098,CHIRPS-2.0-global-daily-tif-p05-crop,98.66454315185547,99.18871307373047,30.327224731445312,30.84276580810547
2016-08-13,2.8342723846435547,CHIRPS-2.0-global-daily-tif-p05-crop,98.66454315185547,99.18871307373047,30.327224731445312,30.84276580810547
2016-08-14,0.0,CHIRPS-2.0-global-daily-tif-p05-crop,98.66454315185547,99.18871307373047,30.327224731445312,30.84276580810547
2016-08-15,0.11181341111660004,CHIRPS-2.0-global-daily-tif-p05-crop,98.66454315185547,99.18871307373047,30.327224731445312,30.84276580810547
2016-08-16,0.0368514209985733,CHIRPS-2.0-global-daily-tif-p05-crop,98.66454315185547,99.18871307373047,30.327224731445312,30.84276580810547
2016-08-17,0.0,CHIRPS-2.0-global-daily-tif-p05-crop,98.66454315185547,99.18871307373047,30.327224731445312,30.84276580810547
2016-08-18,7.813645362854004,CHIRPS-2.0-global-daily-tif-p05-crop,98.66454315185547,99.18871307373047,30.327224731445312,30.84276580810547
2016-08-19,2.241676092147827,CHIRPS-2.0-global-daily-tif-p05-crop,98.66454315185547,99.18871307373047,30.327224731445312,30.84276580810547
2016-08-20,0.6348810195922852,CHIRPS-2.0-global-daily-tif-p05-crop,98.66454315185547,99.18871307373047,30.327224731445312,30.84276580810547
2016-08-21,0.2868969738483429,CHIRPS-2.0-global-daily-tif-p05-crop,98.66454315185547,99.18871307373047,30.327224731445312,30.84276580810547
2016-08-22,0.5237451791763306,CHIRPS-2.0-global-daily-tif-p05-crop,98.66454315185547,99.18871307373047,30.327224731445312,30.84276580810547
2016-08-23,0.2710920572280884,CHIRPS-2.0-global-daily-tif-p05-crop,98.66454315185547,99.18871307373047,30.327224731445312,30.84276580810547
2016-08-24,0.0,CHIRPS-2.0-global-daily-tif-p05-crop,98.66454315185547,99.18871307373047,30.327224731445312,30.84276580810547
2016-08-25,0.0,CHIRPS-2.0-global-daily-tif-p05-crop,98.66454315185547,99.18871307373047,30.327224731445312,30.84276580810547
2016-08-26,0.0,CHIRPS-2.0-global-daily-tif-p05-crop,98.66454315185547,99.18871307373047,30.327224731445312,30.84276580810547
2016-08-27,1.336334466934204,CHIRPS-2.0-global-daily-tif-p05-crop,98.66454315185547,99.18871307373047,30.327224731445312,30.84276580810547
2016-08-28,2.2014360427856445,CHIRPS-2.0-global-daily-tif-p05-crop,98.66454315185547,99.18871307373047,30.327224731445312,30.84276580810547
2016-08-29,7.333448886871338,CHIRPS-2.0-global-daily-tif-p05-crop,98.66454315185547,99.18871307373047,30.327224731445312,30.84276580810547
2016-08-30,13.13804817199707,CHIRPS-2.0-global-daily-tif-p05-crop,98.66454315185547,99.18871307373047,30.327224731445312,30.84276580810547
2016-08-31,12.29638957977295,CHIRPS-2.0-global-daily-tif-p05-crop,98.66454315185547,99.18871307373047,30.327224731445312,30.84276580810547
2016-09-01,6.487369537353516,CHIRPS-2.0-global-daily-tif-p05-crop,98.66454315185547,99.18871307373047,30.327224731445312,30.84276580810547
2016-09-02,9.086427688598633,CHIRPS-2.0-global-daily-tif-p05-crop,98.66454315185547,99.18871307373047,30.327224731445312,30.84276580810547
2016-09-03,12.496294975280762,CHIRPS-2.0-global-daily-tif-p05-crop,98.66454315185547,99.18871307373047,30.327224731445312,30.84276580810547
2016-09-04,14.846722602844238,CHIRPS-2.0-global-daily-tif-p05-crop,98.66454315185547,99.18871307373047,30.327224731445312,30.84276580810547
2016-09-05,9.281343460083008,CHIRPS-2.0-global-daily-tif-p05-crop,98.66454315185547,99.18871307373047,30.327224731445312,30.84276580810547
2016-09-06,0.0,CHIRPS-2.0-global-daily-tif-p05-crop,98.66454315185547,99.18871307373047,30.327224731445312,30.84276580810547
2016-09-07,7.282299995422363,CHIRPS-2.0-global-daily-tif-p05-crop,98.66454315185547,99.18871307373047,30.327224731445312,30.84276580810547
2016-09-08,1.718400239944458,CHIRPS-2.0-global-daily-tif-p05-crop,98.66454315185547,99.18871307373047,30.327224731445312,30.84276580810547
2016-09-09,0.0,CHIRPS-2.0-global-daily-tif-p05-crop,98.66454315185547,99.18871307373047,30.327224731445312,30.84276580810547
2016-09-10,0.0,CHIRPS-2.0-global-daily-tif-p05-crop,98.66454315185547,99.18871307373047,30.327224731445312,30.84276580810547
2016-09-11,21.662660598754883,CHIRPS-2.0-global-daily-tif-p05-crop,98.66454315185547,99.18871307373047,30.327224731445312,30.84276580810547
2016-09-12,0.0,CHIRPS-2.0-global-daily-tif-p05-crop,98.66454315185547,99.18871307373047,30.327224731445312,30.84276580810547
2016-09-13,0.0,CHIRPS-2.0-global-daily-tif-p05-crop,98.66454315185547,99.18871307373047,30.327224731445312,30.84276580810547
2016-09-14,3.34624981880188,CHIRPS-2.0-global-daily-tif-p05-crop,98.66454315185547,99.18871307373047,30.327224731445312,30.84276580810547
2016-09-15,0.0,CHIRPS-2.0-global-daily-tif-p05-crop,98.66454315185547,99.18871307373047,30.327224731445312,30.84276580810547
2016-09-16,0.0,CHIRPS-2.0-global-daily-tif-p05-crop,98.66454315185547,99.18871307373047,30.327224731445312,30.84276580810547
2016-09-17,23.300228118896484,CHIRPS-2.0-global-daily-tif-p05-crop,98.66454315185547,99.18871307373047,30.327224731445312,30.84276580810547
2016-09-18,0.0,CHIRPS-2.0-global-daily-tif-p05-crop,98.66454315185547,99.18871307373047,30.327224731445312,30.84276580810547
2016-09-19,0.0,CHIRPS-2.0-global-daily-tif-p05-crop,98.66454315185547,99.18871307373047,30.327224731445312,30.84276580810547
2016-09-20,0.0,CHIRPS-2.0-global-daily-tif-p05-crop,98.66454315185547,99.18871307373047,30.327224731445312,30.84276580810547
2016-09-21,4.975976943969727,CHIRPS-2.0-global-daily-tif-p05-crop,98.66454315185547,99.18871307373047,30.327224731445312,30.84276580810547
2016-09-22,19.937776565551758,CHIRPS-2.0-global-daily-tif-p05-crop,98.66454315185547,99.18871307373047,30.327224731445312,30.84276580810547
2016-09-23,6.165186882019043,CHIRPS-2.0-global-daily-tif-p05-crop,98.66454315185547,99.18871307373047,30.327224731445312,30.84276580810547
2016-09-24,0.0,CHIRPS-2.0-global-daily-tif-p05-crop,98.66454315185547,99.18871307373047,30.327224731445312,30.84276580810547
2016-09-25,1.1936143636703491,CHIRPS-2.0-global-daily-tif-p05-crop,98.66454315185547,99.18871307373047,30.327224731445312,30.84276580810547
2016-09-26,3.2293450832366943,CHIRPS-2.0-global-daily-tif-p05-crop,98.66454315185547,99.18871307373047,30.327224731445312,30.84276580810547
2016-09-27,0.0,CHIRPS-2.0-global-daily-tif-p05-crop,98.66454315185547,99.18871307373047,30.327224731445312,30.84276580810547
2016-09-28,0.0,CHIRPS-2.0-global-daily-tif-p05-crop,98.66454315185547,99.18871307373047,30.327224731445312,30.84276580810547
2016-09-29,0.10946629196405411,CHIRPS-2.0-global-daily-tif-p05-crop,98.66454315185547,99.18871307373047,30.327224731445312,30.84276580810547
2016-09-30,0.0,CHIRPS-2.0-global-daily-tif-p05-crop,98.66454315185547,99.18871307373047,30.327224731445312,30.84276580810547
2016-10-01,0.0,CHIRPS-2.0-global-daily-tif-p05-crop,98.66454315185547,99.18871307373047,30.327224731445312,30.84276580810547
2016-10-02,0.0,CHIRPS-2.0-global-daily-tif-p05-crop,98.66454315185547,99.18871307373047,30.327224731445312,30.84276580810547
2016-10-03,0.0,CHIRPS-2.0-global-daily-tif-p05-crop,98.66454315185547,99.18871307373047,30.327224731445312,30.84276580810547
2016-10-04,5.281702995300293,CHIRPS-2.0-global-daily-tif-p05-crop,98.66454315185547,99.18871307373047,30.327224731445312,30.84276580810547
2016-10-05,1.7224745750427246,CHIRPS-2.0-global-daily-tif-p05-crop,98.66454315185547,99.18871307373047,30.327224731445312,30.84276580810547
2016-10-06,0.0,CHIRPS-2.0-global-daily-tif-p05-crop,98.66454315185547,99.18871307373047,30.327224731445312,30.84276580810547
2016-10-07,0.0,CHIRPS-2.0-global-daily-tif-p05-crop,98.66454315185547,99.18871307373047,30.327224731445312,30.84276580810547
2016-10-08,0.0,CHIRPS-2.0-global-daily-tif-p05-crop,98.66454315185547,99.18871307373047,30.327224731445312,30.84276580810547
2016-10-09,1.4228291511535645,CHIRPS-2.0-global-daily-tif-p05-crop,98.66454315185547,99.18871307373047,30.327224731445312,30.84276580810547
2016-10-10,0.13120704889297485,CHIRPS-2.0-global-daily-tif-p05-crop,98.66454315185547,99.18871307373047,30.327224731445312,30.84276580810547
2016-10-11,0.345287948846817,CHIRPS-2.0-global-daily-tif-p05-crop,98.66454315185547,99.18871307373047,30.327224731445312,30.84276580810547
2016-10-12,1.2602667808532715,CHIRPS-2.0-global-daily-tif-p05-crop,98.66454315185547,99.18871307373047,30.327224731445312,30.84276580810547
2016-10-13,1.6672567129135132,CHIRPS-2.0-global-daily-tif-p05-crop,98.66454315185547,99.18871307373047,30.327224731445312,30.84276580810547
2016-10-14,0.0,CHIRPS-2.0-global-daily-tif-p05-crop,98.66454315185547,99.18871307373047,30.327224731445312,30.84276580810547
2016-10-15,0.0,CHIRPS-2.0-global-daily-tif-p05-crop,98.66454315185547,99.18871307373047,30.327224731445312,30.84276580810547
2016-10-16,7.772207260131836,CHIRPS-2.0-global-daily-tif-p05-crop,98.66454315185547,99.18871307373047,30.327224731445312,30.84276580810547
2016-10-17,0.0,CHIRPS-2.0-global-daily-tif-p05-crop,98.66454315185547,99.18871307373047,30.327224731445312,30.84276580810547
2016-10-18,0.0,CHIRPS-2.0-global-daily-tif-p05-crop,98.66454315185547,99.18871307373047,30.327224731445312,30.84276580810547
2016-10-19,0.0,CHIRPS-2.0-global-daily-tif-p05-crop,98.66454315185547,99.18871307373047,30.327224731445312,30.84276580810547
2016-10-20,0.0,CHIRPS-2.0-global-daily-tif-p05-crop,98.66454315185547,99.18871307373047,30.327224731445312,30.84276580810547
2016-10-21,0.0,CHIRPS-2.0-global-daily-tif-p05-crop,98.66454315185547,99.18871307373047,30.327224731445312,30.84276580810547
2016-10-22,0.0,CHIRPS-2.0-global-daily-tif-p05-crop,98.66454315185547,99.18871307373047,30.327224731445312,30.84276580810547
2016-10-23,0.0,CHIRPS-2.0-global-daily-tif-p05-crop,98.66454315185547,99.18871307373047,30.327224731445312,30.84276580810547
2016-10-24,0.0,CHIRPS-2.0-global-daily-tif-p05-crop,98.66454315185547,99.18871307373047,30.327224731445312,30.84276580810547
2016-10-25,6.862915515899658,CHIRPS-2.0-global-daily-tif-p05-crop,98.66454315185547,99.18871307373047,30.327224731445312,30.84276580810547
2016-10-26,0.7750310301780701,CHIRPS-2.0-global-daily-tif-p05-crop,98.66454315185547,99.18871307373047,30.327224731445312,30.84276580810547
2016-10-27,0.0,CHIRPS-2.0-global-daily-tif-p05-crop,98.66454315185547,99.18871307373047,30.327224731445312,30.84276580810547
2016-10-28,0.0,CHIRPS-2.0-global-daily-tif-p05-crop,98.66454315185547,99.18871307373047,30.327224731445312,30.84276580810547
2016-10-29,0.0,CHIRPS-2.0-global-daily-tif-p05-crop,98.66454315185547,99.18871307373047,30.327224731445312,30.84276580810547
2016-10-30,0.0,CHIRPS-2.0-global-daily-tif-p05-crop,98.66454315185547,99.18871307373047,30.327224731445312,30.84276580810547
2016-10-31,0.0,CHIRPS-2.0-global-daily-tif-p05-crop,98.66454315185547,99.18871307373047,30.327224731445312,30.84276580810547
2016-11-01,0.0,CHIRPS-2.0-global-daily-tif-p05-crop,98.66454315185547,99.18871307373047,30.327224731445312,30.84276580810547
2016-11-02,0.0,CHIRPS-2.0-global-daily-tif-p05-crop,98.66454315185547,99.18871307373047,30.327224731445312,30.84276580810547
2016-11-03,0.0,CHIRPS-2.0-global-daily-tif-p05-crop,98.66454315185547,99.18871307373047,30.327224731445312,30.84276580810547
2016-11-04,0.0,CHIRPS-2.0-global-daily-tif-p05-crop,98.66454315185547,99.18871307373047,30.327224731445312,30.84276580810547
2016-11-05,0.44921180605888367,CHIRPS-2.0-global-daily-tif-p05-crop,98.66454315185547,99.18871307373047,30.327224731445312,30.84276580810547
2016-11-06,0.0,CHIRPS-2.0-global-daily-tif-p05-crop,98.66454315185547,99.18871307373047,30.327224731445312,30.84276580810547
2016-11-07,0.05898909643292427,CHIRPS-2.0-global-daily-tif-p05-crop,98.66454315185547,99.18871307373047,30.327224731445312,30.84276580810547
2016-11-08,0.0,CHIRPS-2.0-global-daily-tif-p05-crop,98.66454315185547,99.18871307373047,30.327224731445312,30.84276580810547
2016-11-09,0.0,CHIRPS-2.0-global-daily-tif-p05-crop,98.66454315185547,99.18871307373047,30.327224731445312,30.84276580810547
2016-11-10,0.0,CHIRPS-2.0-global-daily-tif-p05-crop,98.66454315185547,99.18871307373047,30.327224731445312,30.84276580810547
2016-11-11,0.0,CHIRPS-2.0-global-daily-tif-p05-crop,98.66454315185547,99.18871307373047,30.327224731445312,30.84276580810547
2016-11-12,0.0,CHIRPS-2.0-global-daily-tif-p05-crop,98.66454315185547,99.18871307373047,30.327224731445312,30.84276580810547
2016-11-13,0.0,CHIRPS-2.0-global-daily-tif-p05-crop,98.66454315185547,99.18871307373047,30.327224731445312,30.84276580810547
2016-11-14,0.0,CHIRPS-2.0-global-daily-tif-p05-crop,98.66454315185547,99.18871307373047,30.327224731445312,30.84276580810547
2016-11-15,0.0,CHIRPS-2.0-global-daily-tif-p05-crop,98.66454315185547,99.18871307373047,30.327224731445312,30.84276580810547
2016-11-16,0.0,CHIRPS-2.0-global-daily-tif-p05-crop,98.66454315185547,99.18871307373047,30.327224731445312,30.84276580810547
2016-11-17,0.12161263823509216,CHIRPS-2.0-global-daily-tif-p05-crop,98.66454315185547,99.18871307373047,30.327224731445312,30.84276580810547
2016-11-18,0.0,CHIRPS-2.0-global-daily-tif-p05-crop,98.66454315185547,99.18871307373047,30.327224731445312,30.84276580810547
2016-11-19,0.0,CHIRPS-2.0-global-daily-tif-p05-crop,98.66454315185547,99.18871307373047,30.327224731445312,30.84276580810547
2016-11-20,0.0,CHIRPS-2.0-global-daily-tif-p05-crop,98.66454315185547,99.18871307373047,30.327224731445312,30.84276580810547
2016-11-21,0.0,CHIRPS-2.0-global-daily-tif-p05-crop,98.66454315185547,99.18871307373047,30.327224731445312,30.84276580810547
2016-11-22,0.29348739981651306,CHIRPS-2.0-global-daily-tif-p05-crop,98.66454315185547,99.18871307373047,30.327224731445312,30.84276580810547
2016-11-23,0.0,CHIRPS-2.0-global-daily-tif-p05-crop,98.66454315185547,99.18871307373047,30.327224731445312,30.84276580810547
2016-11-24,0.0,CHIRPS-2.0-global-daily-tif-p05-crop,98.66454315185547,99.18871307373047,30.327224731445312,30.84276580810547
2016-11-25,0.05924840271472931,CHIRPS-2.0-global-daily-tif-p05-crop,98.66454315185547,99.18871307373047,30.327224731445312,30.84276580810547
2016-11-26,0.001745126093737781,CHIRPS-2.0-global-daily-tif-p05-crop,98.66454315185547,99.18871307373047,30.327224731445312,30.84276580810547
2016-11-27,0.07223782688379288,CHIRPS-2.0-global-daily-tif-p05-crop,98.66454315185547,99.18871307373047,30.327224731445312,30.84276580810547
2016-11-28,0.0,CHIRPS-2.0-global-daily-tif-p05-crop,98.66454315185547,99.18871307373047,30.327224731445312,30.84276580810547
2016-11-29,0.2113965004682541,CHIRPS-2.0-global-daily-tif-p05-crop,98.66454315185547,99.18871307373047,30.327224731445312,30.84276580810547
2016-11-30,0.08233325928449631,CHIRPS-2.0-global-daily-tif-p05-crop,98.66454315185547,99.18871307373047,30.327224731445312,30.84276580810547
2016-12-01,0.0,CHIRPS-2.0-global-daily-tif-p05-crop,98.66454315185547,99.18871307373047,30.327224731445312,30.84276580810547
2016-12-02,0.0,CHIRPS-2.0-global-daily-tif-p05-crop,98.66454315185547,99.18871307373047,30.327224731445312,30.84276580810547
2016-12-03,0.0,CHIRPS-2.0-global-daily-tif-p05-crop,98.66454315185547,99.18871307373047,30.327224731445312,30.84276580810547
2016-12-04,0.0,CHIRPS-2.0-global-daily-tif-p05-crop,98.66454315185547,99.18871307373047,30.327224731445312,30.84276580810547
2016-12-05,1.8580433025494614e-10,CHIRPS-2.0-global-daily-tif-p05-crop,98.66454315185547,99.18871307373047,30.327224731445312,30.84276580810547
2016-12-06,0.005143695045262575,CHIRPS-2.0-global-daily-tif-p05-crop,98.66454315185547,99.18871307373047,30.327224731445312,30.84276580810547
2016-12-07,0.0,CHIRPS-2.0-global-daily-tif-p05-crop,98.66454315185547,99.18871307373047,30.327224731445312,30.84276580810547
2016-12-08,0.0,CHIRPS-2.0-global-daily-tif-p05-crop,98.66454315185547,99.18871307373047,30.327224731445312,30.84276580810547
2016-12-09,0.0,CHIRPS-2.0-global-daily-tif-p05-crop,98.66454315185547,99.18871307373047,30.327224731445312,30.84276580810547
2016-12-10,0.0,CHIRPS-2.0-global-daily-tif-p05-crop,98.66454315185547,99.18871307373047,30.327224731445312,30.84276580810547
2016-12-11,0.0,CHIRPS-2.0-global-daily-tif-p05-crop,98.66454315185547,99.18871307373047,30.327224731445312,30.84276580810547
2016-12-12,0.0,CHIRPS-2.0-global-daily-tif-p05-crop,98.66454315185547,99.18871307373047,30.327224731445312,30.84276580810547
2016-12-13,0.0,CHIRPS-2.0-global-daily-tif-p05-crop,98.66454315185547,99.18871307373047,30.327224731445312,30.84276580810547
2016-12-14,0.0,CHIRPS-2.0-global-daily-tif-p05-crop,98.66454315185547,99.18871307373047,30.327224731445312,30.84276580810547
2016-12-15,0.0,CHIRPS-2.0-global-daily-tif-p05-crop,98.66454315185547,99.18871307373047,30.327224731445312,30.84276580810547
2016-12-16,0.18776600062847137,CHIRPS-2.0-global-daily-tif-p05-crop,98.66454315185547,99.18871307373047,30.327224731445312,30.84276580810547
2016-12-17,0.005587256513535976,CHIRPS-2.0-global-daily-tif-p05-crop,98.66454315185547,99.18871307373047,30.327224731445312,30.84276580810547
2016-12-18,0.0,CHIRPS-2.0-global-daily-tif-p05-crop,98.66454315185547,99.18871307373047,30.327224731445312,30.84276580810547
2016-12-19,0.0,CHIRPS-2.0-global-daily-tif-p05-crop,98.66454315185547,99.18871307373047,30.327224731445312,30.84276580810547
2016-12-20,0.0,CHIRPS-2.0-global-daily-tif-p05-crop,98.66454315185547,99.18871307373047,30.327224731445312,30.84276580810547
2016-12-21,0.0,CHIRPS-2.0-global-daily-tif-p05-crop,98.66454315185547,99.18871307373047,30.327224731445312,30.84276580810547
2016-12-22,0.0,CHIRPS-2.0-global-daily-tif-p05-crop,98.66454315185547,99.18871307373047,30.327224731445312,30.84276580810547
2016-12-23,0.0,CHIRPS-2.0-global-daily-tif-p05-crop,98.66454315185547,99.18871307373047,30.327224731445312,30.84276580810547
2016-12-24,0.0,CHIRPS-2.0-global-daily-tif-p05-crop,98.66454315185547,99.18871307373047,30.327224731445312,30.84276580810547
2016-12-25,0.0,CHIRPS-2.0-global-daily-tif-p05-crop,98.66454315185547,99.18871307373047,30.327224731445312,30.84276580810547
2016-12-26,0.0,CHIRPS-2.0-global-daily-tif-p05-crop,98.66454315185547,99.18871307373047,30.327224731445312,30.84276580810547
2016-12-27,0.0,CHIRPS-2.0-global-daily-tif-p05-crop,98.66454315185547,99.18871307373047,30.327224731445312,30.84276580810547
2016-12-28,0.0,CHIRPS-2.0-global-daily-tif-p05-crop,98.66454315185547,99.18871307373047,30.327224731445312,30.84276580810547
2016-12-29,0.08636504411697388,CHIRPS-2.0-global-daily-tif-p05-crop,98.66454315185547,99.18871307373047,30.327224731445312,30.84276580810547
2016-12-30,0.0,CHIRPS-2.0-global-daily-tif-p05-crop,98.66454315185547,99.18871307373047,30.327224731445312,30.84276580810547
2016-12-31,0.0,CHIRPS-2.0-global-daily-tif-p05-crop,98.66454315185547,99.18871307373047,30.327224731445312,30.84276580810547
2017-01-01,0.0,CHIRPS-2.0-global-daily-tif-p05-crop,98.66454315185547,99.18871307373047,30.327224731445312,30.84276580810547
2017-01-02,0.0,CHIRPS-2.0-global-daily-tif-p05-crop,98.66454315185547,99.18871307373047,30.327224731445312,30.84276580810547
2017-01-03,0.0,CHIRPS-2.0-global-daily-tif-p05-crop,98.66454315185547,99.18871307373047,30.327224731445312,30.84276580810547
2017-01-04,0.0,CHIRPS-2.0-global-daily-tif-p05-crop,98.66454315185547,99.18871307373047,30.327224731445312,30.84276580810547
2017-01-05,0.0,CHIRPS-2.0-global-daily-tif-p05-crop,98.66454315185547,99.18871307373047,30.327224731445312,30.84276580810547
2017-01-06,0.0,CHIRPS-2.0-global-daily-tif-p05-crop,98.66454315185547,99.18871307373047,30.327224731445312,30.84276580810547
2017-01-07,0.0,CHIRPS-2.0-global-daily-tif-p05-crop,98.66454315185547,99.18871307373047,30.327224731445312,30.84276580810547
2017-01-08,0.0,CHIRPS-2.0-global-daily-tif-p05-crop,98.66454315185547,99.18871307373047,30.327224731445312,30.84276580810547
2017-01-09,0.0,CHIRPS-2.0-global-daily-tif-p05-crop,98.66454315185547,99.18871307373047,30.327224731445312,30.84276580810547
2017-01-10,0.0,CHIRPS-2.0-global-daily-tif-p05-crop,98.66454315185547,99.18871307373047,30.327224731445312,30.84276580810547
2017-01-11,0.0,CHIRPS-2.0-global-daily-tif-p05-crop,98.66454315185547,99.18871307373047,30.327224731445312,30.84276580810547
2017-01-12,0.0,CHIRPS-2.0-global-daily-tif-p05-crop,98.66454315185547,99.18871307373047,30.327224731445312,30.84276580810547
2017-01-13,0.0,CHIRPS-2.0-global-daily-tif-p05-crop,98.66454315185547,99.18871307373047,30.327224731445312,30.84276580810547
2017-01-14,0.0,CHIRPS-2.0-global-daily-tif-p05-crop,98.66454315185547,99.18871307373047,30.327224731445312,30.84276580810547
2017-01-15,0.0,CHIRPS-2.0-global-daily-tif-p05-crop,98.66454315185547,99.18871307373047,30.327224731445312,30.84276580810547
2017-01-16,0.009547187015414238,CHIRPS-2.0-global-daily-tif-p05-crop,98.66454315185547,99.18871307373047,30.327224731445312,30.84276580810547
2017-01-17,0.0,CHIRPS-2.0-global-daily-tif-p05-crop,98.66454315185547,99.18871307373047,30.327224731445312,30.84276580810547
2017-01-18,0.0,CHIRPS-2.0-global-daily-tif-p05-crop,98.66454315185547,99.18871307373047,30.327224731445312,30.84276580810547
2017-01-19,0.0,CHIRPS-2.0-global-daily-tif-p05-crop,98.66454315185547,99.18871307373047,30.327224731445312,30.84276580810547
2017-01-20,0.0,CHIRPS-2.0-global-daily-tif-p05-crop,98.66454315185547,99.18871307373047,30.327224731445312,30.84276580810547
2017-01-21,0.0,CHIRPS-2.0-global-daily-tif-p05-crop,98.66454315185547,99.18871307373047,30.327224731445312,30.84276580810547
2017-01-22,9.591952402843162e-05,CHIRPS-2.0-global-daily-tif-p05-crop,98.66454315185547,99.18871307373047,30.327224731445312,30.84276580810547
2017-01-23,0.1787993162870407,CHIRPS-2.0-global-daily-tif-p05-crop,98.66454315185547,99.18871307373047,30.327224731445312,30.84276580810547
2017-01-24,0.0,CHIRPS-2.0-global-daily-tif-p05-crop,98.66454315185547,99.18871307373047,30.327224731445312,30.84276580810547
2017-01-25,0.0,CHIRPS-2.0-global-daily-tif-p05-crop,98.66454315185547,99.18871307373047,30.327224731445312,30.84276580810547
2017-01-26,0.0,CHIRPS-2.0-global-daily-tif-p05-crop,98.66454315185547,99.18871307373047,30.327224731445312,30.84276580810547
2017-01-27,0.0,CHIRPS-2.0-global-daily-tif-p05-crop,98.66454315185547,99.18871307373047,30.327224731445312,30.84276580810547
2017-01-28,0.039023857563734055,CHIRPS-2.0-global-daily-tif-p05-crop,98.66454315185547,99.18871307373047,30.327224731445312,30.84276580810547
2017-01-29,0.043585240840911865,CHIRPS-2.0-global-daily-tif-p05-crop,98.66454315185547,99.18871307373047,30.327224731445312,30.84276580810547
2017-01-30,0.041663896292448044,CHIRPS-2.0-global-daily-tif-p05-crop,98.66454315185547,99.18871307373047,30.327224731445312,30.84276580810547
2017-01-31,0.3879162669181824,CHIRPS-2.0-global-daily-tif-p05-crop,98.66454315185547,99.18871307373047,30.327224731445312,30.84276580810547
2017-02-01,0.02624398097395897,CHIRPS-2.0-global-daily-tif-p05-crop,98.66454315185547,99.18871307373047,30.327224731445312,30.84276580810547
2017-02-02,0.6712498068809509,CHIRPS-2.0-global-daily-tif-p05-crop,98.66454315185547,99.18871307373047,30.327224731445312,30.84276580810547
2017-02-03,0.007890414446592331,CHIRPS-2.0-global-daily-tif-p05-crop,98.66454315185547,99.18871307373047,30.327224731445312,30.84276580810547
2017-02-04,0.0,CHIRPS-2.0-global-daily-tif-p05-crop,98.66454315185547,99.18871307373047,30.327224731445312,30.84276580810547
2017-02-05,0.0,CHIRPS-2.0-global-daily-tif-p05-crop,98.66454315185547,99.18871307373047,30.327224731445312,30.84276580810547
2017-02-06,0.0,CHIRPS-2.0-global-daily-tif-p05-crop,98.66454315185547,99.18871307373047,30.327224731445312,30.84276580810547
2017-02-07,0.0,CHIRPS-2.0-global-daily-tif-p05-crop,98.66454315185547,99.18871307373047,30.327224731445312,30.84276580810547
2017-02-08,0.0,CHIRPS-2.0-global-daily-tif-p05-crop,98.66454315185547,99.18871307373047,30.327224731445312,30.84276580810547
2017-02-09,0.016643019393086433,CHIRPS-2.0-global-daily-tif-p05-crop,98.66454315185547,99.18871307373047,30.327224731445312,30.84276580810547
2017-02-10,0.038521334528923035,CHIRPS-2.0-global-daily-tif-p05-crop,98.66454315185547,99.18871307373047,30.327224731445312,30.84276580810547
2017-02-11,0.0,CHIRPS-2.0-global-daily-tif-p05-crop,98.66454315185547,99.18871307373047,30.327224731445312,30.84276580810547
2017-02-12,0.0,CHIRPS-2.0-global-daily-tif-p05-crop,98.66454315185547,99.18871307373047,30.327224731445312,30.84276580810547
2017-02-13,0.24262428283691406,CHIRPS-2.0-global-daily-tif-p05-crop,98.66454315185547,99.18871307373047,30.327224731445312,30.84276580810547
2017-02-14,0.21992094814777374,CHIRPS-2.0-global-daily-tif-p05-crop,98.66454315185547,99.18871307373047,30.327224731445312,30.84276580810547
2017-02-15,0.0,CHIRPS-2.0-global-daily-tif-p05-crop,98.66454315185547,99.18871307373047,30.327224731445312,30.84276580810547
2017-02-16,0.010433939285576344,CHIRPS-2.0-global-daily-tif-p05-crop,98.66454315185547,99.18871307373047,30.327224731445312,30.84276580810547
2017-02-17,0.20024724304676056,CHIRPS-2.0-global-daily-tif-p05-crop,98.66454315185547,99.18871307373047,30.327224731445312,30.84276580810547
2017-02-18,0.1318228840827942,CHIRPS-2.0-global-daily-tif-p05-crop,98.66454315185547,99.18871307373047,30.327224731445312,30.84276580810547
2017-02-19,0.4167855978012085,CHIRPS-2.0-global-daily-tif-p05-crop,98.66454315185547,99.18871307373047,30.327224731445312,30.84276580810547
2017-02-20,0.013381965458393097,CHIRPS-2.0-global-daily-tif-p05-crop,98.66454315185547,99.18871307373047,30.327224731445312,30.84276580810547
2017-02-21,0.005715836305171251,CHIRPS-2.0-global-daily-tif-p05-crop,98.66454315185547,99.18871307373047,30.327224731445312,30.84276580810547
2017-02-22,0.0,CHIRPS-2.0-global-daily-tif-p05-crop,98.66454315185547,99.18871307373047,30.327224731445312,30.84276580810547
2017-02-23,0.017877543345093727,CHIRPS-2.0-global-daily-tif-p05-crop,98.66454315185547,99.18871307373047,30.327224731445312,30.84276580810547
2017-02-24,0.0,CHIRPS-2.0-global-daily-tif-p05-crop,98.66454315185547,99.18871307373047,30.327224731445312,30.84276580810547
2017-02-25,0.0,CHIRPS-2.0-global-daily-tif-p05-crop,98.66454315185547,99.18871307373047,30.327224731445312,30.84276580810547
2017-02-26,0.0,CHIRPS-2.0-global-daily-tif-p05-crop,98.66454315185547,99.18871307373047,30.327224731445312,30.84276580810547
2017-02-27,0.0,CHIRPS-2.0-global-daily-tif-p05-crop,98.66454315185547,99.18871307373047,30.327224731445312,30.84276580810547
2017-02-28,0.0,CHIRPS-2.0-global-daily-tif-p05-crop,98.66454315185547,99.18871307373047,30.327224731445312,30.84276580810547
2017-03-01,0.0,CHIRPS-2.0-global-daily-tif-p05-crop,98.66454315185547,99.18871307373047,30.327224731445312,30.84276580810547
2017-03-02,0.0,CHIRPS-2.0-global-daily-tif-p05-crop,98.66454315185547,99.18871307373047,30.327224731445312,30.84276580810547
2017-03-03,1.2048912048339844,CHIRPS-2.0-global-daily-tif-p05-crop,98.66454315185547,99.18871307373047,30.327224731445312,30.84276580810547
2017-03-04,1.0694139003753662,CHIRPS-2.0-global-daily-tif-p05-crop,98.66454315185547,99.18871307373047,30.327224731445312,30.84276580810547
2017-03-05,0.5897889137268066,CHIRPS-2.0-global-daily-tif-p05-crop,98.66454315185547,99.18871307373047,30.327224731445312,30.84276580810547
2017-03-06,0.4626002311706543,CHIRPS-2.0-global-daily-tif-p05-crop,98.66454315185547,99.18871307373047,30.327224731445312,30.84276580810547
2017-03-07,0.0,CHIRPS-2.0-global-daily-tif-p05-crop,98.66454315185547,99.18871307373047,30.327224731445312,30.84276580810547
2017-03-08,0.4053329527378082,CHIRPS-2.0-global-daily-tif-p05-crop,98.66454315185547,99.18871307373047,30.327224731445312,30.84276580810547
2017-03-09,0.737572431564331,CHIRPS-2.0-global-daily-tif-p05-crop,98.66454315185547,99.18871307373047,30.327224731445312,30.84276580810547
2017-03-10,0.2644583284854889,CHIRPS-2.0-global-daily-tif-p05-crop,98.66454315185547,99.18871307373047,30.327224731445312,30.84276580810547
2017-03-11,0.0,CHIRPS-2.0-global-daily-tif-p05-crop,98.66454315185547,99.18871307373047,30.327224731445312,30.84276580810547
2017-03-12,0.0,CHIRPS-2.0-global-daily-tif-p05-crop,98.66454315185547,99.18871307373047,30.327224731445312,30.84276580810547
2017-03-13,0.0,CHIRPS-2.0-global-daily-tif-p05-crop,98.66454315185547,99.18871307373047,30.327224731445312,30.84276580810547
2017-03-14,0.0,CHIRPS-2.0-global-daily-tif-p05-crop,98.66454315185547,99.18871307373047,30.327224731445312,30.84276580810547
2017-03-15,0.0,CHIRPS-2.0-global-daily-tif-p05-crop,98.66454315185547,99.18871307373047,30.327224731445312,30.84276580810547
2017-03-16,0.018464818596839905,CHIRPS-2.0-global-daily-tif-p05-crop,98.66454315185547,99.18871307373047,30.327224731445312,30.84276580810547
2017-03-17,0.09369539469480515,CHIRPS-2.0-global-daily-tif-p05-crop,98.66454315185547,99.18871307373047,30.327224731445312,30.84276580810547
2017-03-18,0.060918208211660385,CHIRPS-2.0-global-daily-tif-p05-crop,98.66454315185547,99.18871307373047,30.327224731445312,30.84276580810547
2017-03-19,0.9815112948417664,CHIRPS-2.0-global-daily-tif-p05-crop,98.66454315185547,99.18871307373047,30.327224731445312,30.84276580810547
2017-03-20,0.0,CHIRPS-2.0-global-daily-tif-p05-crop,98.66454315185547,99.18871307373047,30.327224731445312,30.84276580810547
2017-03-21,0.01582171954214573,CHIRPS-2.0-global-daily-tif-p05-crop,98.66454315185547,99.18871307373047,30.327224731445312,30.84276580810547
2017-03-22,1.691971778869629,CHIRPS-2.0-global-daily-tif-p05-crop,98.66454315185547,99.18871307373047,30.327224731445312,30.84276580810547
2017-03-23,0.11208154261112213,CHIRPS-2.0-global-daily-tif-p05-crop,98.66454315185547,99.18871307373047,30.327224731445312,30.84276580810547
2017-03-24,0.004528193734586239,CHIRPS-2.0-global-daily-tif-p05-crop,98.66454315185547,99.18871307373047,30.327224731445312,30.84276580810547
2017-03-25,0.012910430319607258,CHIRPS-2.0-global-daily-tif-p05-crop,98.66454315185547,99.18871307373047,30.327224731445312,30.84276580810547
2017-03-26,2.4400651454925537,CHIRPS-2.0-global-daily-tif-p05-crop,98.66454315185547,99.18871307373047,30.327224731445312,30.84276580810547
2017-03-27,0.07434912025928497,CHIRPS-2.0-global-daily-tif-p05-crop,98.66454315185547,99.18871307373047,30.327224731445312,30.84276580810547
2017-03-28,1.2108769416809082,CHIRPS-2.0-global-daily-tif-p05-crop,98.66454315185547,99.18871307373047,30.327224731445312,30.84276580810547
2017-03-29,1.5315595865249634,CHIRPS-2.0-global-daily-tif-p05-crop,98.66454315185547,99.18871307373047,30.327224731445312,30.84276580810547
2017-03-30,0.3186422884464264,CHIRPS-2.0-global-daily-tif-p05-crop,98.66454315185547,99.18871307373047,30.327224731445312,30.84276580810547
2017-03-31,0.1807890087366104,CHIRPS-2.0-global-daily-tif-p05-crop,98.66454315185547,99.18871307373047,30.327224731445312,30.84276580810547
2017-04-01,3.006702184677124,CHIRPS-2.0-global-daily-tif-p05-crop,98.66454315185547,99.18871307373047,30.327224731445312,30.84276580810547
2017-04-02,6.771021842956543,CHIRPS-2.0-global-daily-tif-p05-crop,98.66454315185547,99.18871307373047,30.327224731445312,30.84276580810547
2017-04-03,0.19587399065494537,CHIRPS-2.0-global-daily-tif-p05-crop,98.66454315185547,99.18871307373047,30.327224731445312,30.84276580810547
2017-04-04,1.3277578353881836,CHIRPS-2.0-global-daily-tif-p05-crop,98.66454315185547,99.18871307373047,30.327224731445312,30.84276580810547
2017-04-05,0.39969873428344727,CHIRPS-2.0-global-daily-tif-p05-crop,98.66454315185547,99.18871307373047,30.327224731445312,30.84276580810547
2017-04-06,0.04412498325109482,CHIRPS-2.0-global-daily-tif-p05-crop,98.66454315185547,99.18871307373047,30.327224731445312,30.84276580810547
2017-04-07,0.0,CHIRPS-2.0-global-daily-tif-p05-crop,98.66454315185547,99.18871307373047,30.327224731445312,30.84276580810547
2017-04-08,0.0,CHIRPS-2.0-global-daily-tif-p05-crop,98.66454315185547,99.18871307373047,30.327224731445312,30.84276580810547
2017-04-09,0.0,CHIRPS-2.0-global-daily-tif-p05-crop,98.66454315185547,99.18871307373047,30.327224731445312,30.84276580810547
2017-04-10,0.0,CHIRPS-2.0-global-daily-tif-p05-crop,98.66454315185547,99.18871307373047,30.327224731445312,30.84276580810547
2017-04-11,0.0,CHIRPS-2.0-global-daily-tif-p05-crop,98.66454315185547,99.18871307373047,30.327224731445312,30.84276580810547
2017-04-12,0.0,CHIRPS-2.0-global-daily-tif-p05-crop,98.66454315185547,99.18871307373047,30.327224731445312,30.84276580810547
2017-04-13,0.2547042667865753,CHIRPS-2.0-global-daily-tif-p05-crop,98.66454315185547,99.18871307373047,30.327224731445312,30.84276580810547
2017-04-14,0.0,CHIRPS-2.0-global-daily-tif-p05-crop,98.66454315185547,99.18871307373047,30.327224731445312,30.84276580810547
2017-04-15,1.5478049516677856,CHIRPS-2.0-global-daily-tif-p05-crop,98.66454315185547,99.18871307373047,30.327224731445312,30.84276580810547
2017-04-16,0.0,CHIRPS-2.0-global-daily-tif-p05-crop,98.66454315185547,99.18871307373047,30.327224731445312,30.84276580810547
2017-04-17,0.0,CHIRPS-2.0-global-daily-tif-p05-crop,98.66454315185547,99.18871307373047,30.327224731445312,30.84276580810547
2017-04-18,0.0,CHIRPS-2.0-global-daily-tif-p05-crop,98.66454315185547,99.18871307373047,30.327224731445312,30.84276580810547
2017-04-19,7.466625213623047,CHIRPS-2.0-global-daily-tif-p05-crop,98.66454315185547,99.18871307373047,30.327224731445312,30.84276580810547
2017-04-20,9.52369499206543,CHIRPS-2.0-global-daily-tif-p05-crop,98.66454315185547,99.18871307373047,30.327224731445312,30.84276580810547
2017-04-21,0.0,CHIRPS-2.0-global-daily-tif-p05-crop,98.66454315185547,99.18871307373047,30.327224731445312,30.84276580810547
2017-04-22,7.043633937835693,CHIRPS-2.0-global-daily-tif-p05-crop,98.66454315185547,99.18871307373047,30.327224731445312,30.84276580810547
2017-04-23,11.419504165649414,CHIRPS-2.0-global-daily-tif-p05-crop,98.66454315185547,99.18871307373047,30.327224731445312,30.84276580810547
2017-04-24,4.968124866485596,CHIRPS-2.0-global-daily-tif-p05-crop,98.66454315185547,99.18871307373047,30.327224731445312,30.84276580810547
2017-04-25,0.0,CHIRPS-2.0-global-daily-tif-p05-crop,98.66454315185547,99.18871307373047,30.327224731445312,30.84276580810547
2017-04-26,0.0,CHIRPS-2.0-global-daily-tif-p05-crop,98.66454315185547,99.18871307373047,30.327224731445312,30.84276580810547
2017-04-27,0.0,CHIRPS-2.0-global-daily-tif-p05-crop,98.66454315185547,99.18871307373047,30.327224731445312,30.84276580810547
2017-04-28,0.0,CHIRPS-2.0-global-daily-tif-p05-crop,98.66454315185547,99.18871307373047,30.327224731445312,30.84276580810547
2017-04-29,0.0,CHIRPS-2.0-global-daily-tif-p05-crop,98.66454315185547,99.18871307373047,30.327224731445312,30.84276580810547
2017-04-30,0.0,CHIRPS-2.0-global-daily-tif-p05-crop,98.66454315185547,99.18871307373047,30.327224731445312,30.84276580810547
2017-05-01,0.0,CHIRPS-2.0-global-daily-tif-p05-crop,98.66454315185547,99.18871307373047,30.327224731445312,30.84276580810547
2017-05-02,0.0,CHIRPS-2.0-global-daily-tif-p05-crop,98.66454315185547,99.18871307373047,30.327224731445312,30.84276580810547
2017-05-03,0.0588480569422245,CHIRPS-2.0-global-daily-tif-p05-crop,98.66454315185547,99.18871307373047,30.327224731445312,30.84276580810547
2017-05-04,4.601128578186035,CHIRPS-2.0-global-daily-tif-p05-crop,98.66454315185547,99.18871307373047,30.327224731445312,30.84276580810547
2017-05-05,0.7635723948478699,CHIRPS-2.0-global-daily-tif-p05-crop,98.66454315185547,99.18871307373047,30.327224731445312,30.84276580810547
2017-05-06,2.862642288208008,CHIRPS-2.0-global-daily-tif-p05-crop,98.66454315185547,99.18871307373047,30.327224731445312,30.84276580810547
2017-05-07,0.0,CHIRPS-2.0-global-daily-tif-p05-crop,98.66454315185547,99.18871307373047,30.327224731445312,30.84276580810547
2017-05-08,2.3467295169830322,CHIRPS-2.0-global-daily-tif-p05-crop,98.66454315185547,99.18871307373047,30.327224731445312,30.84276580810547
2017-05-09,5.475093841552734,CHIRPS-2.0-global-daily-tif-p05-crop,98.66454315185547,99.18871307373047,30.327224731445312,30.84276580810547
2017-05-10,0.9135414361953735,CHIRPS-2.0-global-daily-tif-p05-crop,98.66454315185547,99.18871307373047,30.327224731445312,30.84276580810547
2017-05-11,0.07064532488584518,CHIRPS-2.0-global-daily-tif-p05-crop,98.66454315185547,99.18871307373047,30.327224731445312,30.84276580810547
2017-05-12,0.0,CHIRPS-2.0-global-daily-tif-p05-crop,98.66454315185547,99.18871307373047,30.327224731445312,30.84276580810547
2017-05-13,2.520592451095581,CHIRPS-2.0-global-daily-tif-p05-crop,98.66454315185547,99.18871307373047,30.327224731445312,30.84276580810547
2017-05-14,0.37240585684776306,CHIRPS-2.0-global-daily-tif-p05-crop,98.66454315185547,99.18871307373047,30.327224731445312,30.84276580810547
2017-05-15,1.4626600742340088,CHIRPS-2.0-global-daily-tif-p05-crop,98.66454315185547,99.18871307373047,30.327224731445312,30.84276580810547
2017-05-16,0.0,CHIRPS-2.0-global-daily-tif-p05-crop,98.66454315185547,99.18871307373047,30.327224731445312,30.84276580810547
2017-05-17,7.655988693237305,CHIRPS-2.0-global-daily-tif-p05-crop,98.66454315185547,99.18871307373047,30.327224731445312,30.84276580810547
2017-05-18,0.0,CHIRPS-2.0-global-daily-tif-p05-crop,98.66454315185547,99.18871307373047,30.327224731445312,30.84276580810547
2017-05-19,0.0,CHIRPS-2.0-global-daily-tif-p05-crop,98.66454315185547,99.18871307373047,30.327224731445312,30.84276580810547
2017-05-20,0.0,CHIRPS-2.0-global-daily-tif-p05-crop,98.66454315185547,99.18871307373047,30.327224731445312,30.84276580810547
2017-05-21,0.0,CHIRPS-2.0-global-daily-tif-p05-crop,98.66454315185547,99.18871307373047,30.327224731445312,30.84276580810547
2017-05-22,0.0,CHIRPS-2.0-global-daily-tif-p05-crop,98.66454315185547,99.18871307373047,30.327224731445312,30.84276580810547
2017-05-23,0.0,CHIRPS-2.0-global-daily-tif-p05-crop,98.66454315185547,99.18871307373047,30.327224731445312,30.84276580810547
2017-05-24,0.0,CHIRPS-2.0-global-daily-tif-p05-crop,98.66454315185547,99.18871307373047,30.327224731445312,30.84276580810547
2017-05-25,0.0,CHIRPS-2.0-global-daily-tif-p05-crop,98.66454315185547,99.18871307373047,30.327224731445312,30.84276580810547
2017-05-26,0.0,CHIRPS-2.0-global-daily-tif-p05-crop,98.66454315185547,99.18871307373047,30.327224731445312,30.84276580810547
2017-05-27,0.0,CHIRPS-2.0-global-daily-tif-p05-crop,98.66454315185547,99.18871307373047,30.327224731445312,30.84276580810547
2017-05-28,0.0,CHIRPS-2.0-global-daily-tif-p05-crop,98.66454315185547,99.18871307373047,30.327224731445312,30.84276580810547
2017-05-29,0.0,CHIRPS-2.0-global-daily-tif-p05-crop,98.66454315185547,99.18871307373047,30.327224731445312,30.84276580810547
2017-05-30,31.64319610595703,CHIRPS-2.0-global-daily-tif-p05-crop,98.66454315185547,99.18871307373047,30.327224731445312,30.84276580810547
2017-05-31,0.0,CHIRPS-2.0-global-daily-tif-p05-crop,98.66454315185547,99.18871307373047,30.327224731445312,30.84276580810547
2017-06-01,0.0,CHIRPS-2.0-global-daily-tif-p05-crop,98.66454315185547,99.18871307373047,30.327224731445312,30.84276580810547
2017-06-02,0.0,CHIRPS-2.0-global-daily-tif-p05-crop,98.66454315185547,99.18871307373047,30.327224731445312,30.84276580810547
2017-06-03,0.0,CHIRPS-2.0-global-daily-tif-p05-crop,98.66454315185547,99.18871307373047,30.327224731445312,30.84276580810547
2017-06-04,0.0,CHIRPS-2.0-global-daily-tif-p05-crop,98.66454315185547,99.18871307373047,30.327224731445312,30.84276580810547
2017-06-05,0.0,CHIRPS-2.0-global-daily-tif-p05-crop,98.66454315185547,99.18871307373047,30.327224731445312,30.84276580810547
2017-06-06,0.0,CHIRPS-2.0-global-daily-tif-p05-crop,98.66454315185547,99.18871307373047,30.327224731445312,30.84276580810547
2017-06-07,1.6954073905944824,CHIRPS-2.0-global-daily-tif-p05-crop,98.66454315185547,99.18871307373047,30.327224731445312,30.84276580810547
2017-06-08,0.0,CHIRPS-2.0-global-daily-tif-p05-crop,98.66454315185547,99.18871307373047,30.327224731445312,30.84276580810547
2017-06-09,0.0,CHIRPS-2.0-global-daily-tif-p05-crop,98.66454315185547,99.18871307373047,30.327224731445312,30.84276580810547
2017-06-10,0.0,CHIRPS-2.0-global-daily-tif-p05-crop,98.66454315185547,99.18871307373047,30.327224731445312,30.84276580810547
2017-06-11,0.0,CHIRPS-2.0-global-daily-tif-p05-crop,98.66454315185547,99.18871307373047,30.327224731445312,30.84276580810547
2017-06-12,7.907149314880371,CHIRPS-2.0-global-daily-tif-p05-crop,98.66454315185547,99.18871307373047,30.327224731445312,30.84276580810547
2017-06-13,0.07716015726327896,CHIRPS-2.0-global-daily-tif-p05-crop,98.66454315185547,99.18871307373047,30.327224731445312,30.84276580810547
2017-06-14,14.337821006774902,CHIRPS-2.0-global-daily-tif-p05-crop,98.66454315185547,99.18871307373047,30.327224731445312,30.84276580810547
2017-06-15,7.321605205535889,CHIRPS-2.0-global-daily-tif-p05-crop,98.66454315185547,99.18871307373047,30.327224731445312,30.84276580810547
2017-06-16,0.06436274200677872,CHIRPS-2.0-global-daily-tif-p05-crop,98.66454315185547,99.18871307373047,30.327224731445312,30.84276580810547
2017-06-17,17.344270706176758,CHIRPS-2.0-global-daily-tif-p05-crop,98.66454315185547,99.18871307373047,30.327224731445312,30.84276580810547
2017-06-18,23.724000930786133,CHIRPS-2.0-global-daily-tif-p05-crop,98.66454315185547,99.18871307373047,30.327224731445312,30.84276580810547
2017-06-19,0.0,CHIRPS-2.0-global-daily-tif-p05-crop,98.66454315185547,99.18871307373047,30.327224731445312,30.84276580810547
2017-06-20,0.0,CHIRPS-2.0-global-daily-tif-p05-crop,98.66454315185547,99.18871307373047,30.327224731445312,30.84276580810547
2017-06-21,15.377443313598633,CHIRPS-2.0-global-daily-tif-p05-crop,98.66454315185547,99.18871307373047,30.327224731445312,30.84276580810547
2017-06-22,7.126702308654785,CHIRPS-2.0-global-daily-tif-p05-crop,98.66454315185547,99.18871307373047,30.327224731445312,30.84276580810547
2017-06-23,17.726123809814453,CHIRPS-2.0-global-daily-tif-p05-crop,98.66454315185547,99.18871307373047,30.327224731445312,30.84276580810547
2017-06-24,15.902530670166016,CHIRPS-2.0-global-daily-tif-p05-crop,98.66454315185547,99.18871307373047,30.327224731445312,30.84276580810547
2017-06-25,0.15214596688747406,CHIRPS-2.0-global-daily-tif-p05-crop,98.66454315185547,99.18871307373047,30.327224731445312,30.84276580810547
2017-06-26,0.0,CHIRPS-2.0-global-daily-tif-p05-crop,98.66454315185547,99.18871307373047,30.327224731445312,30.84276580810547
2017-06-27,0.0,CHIRPS-2.0-global-daily-tif-p05-crop,98.66454315185547,99.18871307373047,30.327224731445312,30.84276580810547
2017-06-28,1.4552109241485596,CHIRPS-2.0-global-daily-tif-p05-crop,98.66454315185547,99.18871307373047,30.327224731445312,30.84276580810547
2017-06-29,19.91840171813965,CHIRPS-2.0-global-daily-tif-p05-crop,98.66454315185547,99.18871307373047,30.327224731445312,30.84276580810547
2017-06-30,5.019907474517822,CHIRPS-2.0-global-daily-tif-p05-crop,98.66454315185547,99.18871307373047,30.327224731445312,30.84276580810547
2017-07-01,25.008136749267578,CHIRPS-2.0-global-daily-tif-p05-crop,98.66454315185547,99.18871307373047,30.327224731445312,30.84276580810547
2017-07-02,5.719744682312012,CHIRPS-2.0-global-daily-tif-p05-crop,98.66454315185547,99.18871307373047,30.327224731445312,30.84276580810547
2017-07-03,10.123275756835938,CHIRPS-2.0-global-daily-tif-p05-crop,98.66454315185547,99.18871307373047,30.327224731445312,30.84276580810547
2017-07-04,6.920781135559082,CHIRPS-2.0-global-daily-tif-p05-crop,98.66454315185547,99.18871307373047,30.327224731445312,30.84276580810547
2017-07-05,20.057819366455078,CHIRPS-2.0-global-daily-tif-p05-crop,98.66454315185547,99.18871307373047,30.327224731445312,30.84276580810547
2017-07-06,13.540066719055176,CHIRPS-2.0-global-daily-tif-p05-crop,98.66454315185547,99.18871307373047,30.327224731445312,30.84276580810547
2017-07-07,25.924524307250977,CHIRPS-2.0-global-daily-tif-p05-crop,98.66454315185547,99.18871307373047,30.327224731445312,30.84276580810547
2017-07-08,17.680906295776367,CHIRPS-2.0-global-daily-tif-p05-crop,98.66454315185547,99.18871307373047,30.327224731445312,30.84276580810547
2017-07-09,0.0,CHIRPS-2.0-global-daily-tif-p05-crop,98.66454315185547,99.18871307373047,30.327224731445312,30.84276580810547
2017-07-10,0.0,CHIRPS-2.0-global-daily-tif-p05-crop,98.66454315185547,99.18871307373047,30.327224731445312,30.84276580810547
2017-07-11,0.0,CHIRPS-2.0-global-daily-tif-p05-crop,98.66454315185547,99.18871307373047,30.327224731445312,30.84276580810547
2017-07-12,0.0,CHIRPS-2.0-global-daily-tif-p05-crop,98.66454315185547,99.18871307373047,30.327224731445312,30.84276580810547
2017-07-13,0.0,CHIRPS-2.0-global-daily-tif-p05-crop,98.66454315185547,99.18871307373047,30.327224731445312,30.84276580810547
2017-07-14,0.0,CHIRPS-2.0-global-daily-tif-p05-crop,98.66454315185547,99.18871307373047,30.327224731445312,30.84276580810547
2017-07-15,0.060993313789367676,CHIRPS-2.0-global-daily-tif-p05-crop,98.66454315185547,99.18871307373047,30.327224731445312,30.84276580810547
2017-07-16,0.0,CHIRPS-2.0-global-daily-tif-p05-crop,98.66454315185547,99.18871307373047,30.327224731445312,30.84276580810547
2017-07-17,0.0,CHIRPS-2.0-global-daily-tif-p05-crop,98.66454315185547,99.18871307373047,30.327224731445312,30.84276580810547
2017-07-18,0.0,CHIRPS-2.0-global-daily-tif-p05-crop,98.66454315185547,99.18871307373047,30.327224731445312,30.84276580810547
2017-07-19,1.4236154556274414,CHIRPS-2.0-global-daily-tif-p05-crop,98.66454315185547,99.18871307373047,30.327224731445312,30.84276580810547
2017-07-20,0.0,CHIRPS-2.0-global-daily-tif-p05-crop,98.66454315185547,99.18871307373047,30.327224731445312,30.84276580810547
2017-07-21,0.0,CHIRPS-2.0-global-daily-tif-p05-crop,98.66454315185547,99.18871307373047,30.327224731445312,30.84276580810547
2017-07-22,8.594695091247559,CHIRPS-2.0-global-daily-tif-p05-crop,98.66454315185547,99.18871307373047,30.327224731445312,30.84276580810547
2017-07-23,0.2765186131000519,CHIRPS-2.0-global-daily-tif-p05-crop,98.66454315185547,99.18871307373047,30.327224731445312,30.84276580810547
2017-07-24,0.07060662657022476,CHIRPS-2.0-global-daily-tif-p05-crop,98.66454315185547,99.18871307373047,30.327224731445312,30.84276580810547
2017-07-25,0.0,CHIRPS-2.0-global-daily-tif-p05-crop,98.66454315185547,99.18871307373047,30.327224731445312,30.84276580810547
2017-07-26,0.0,CHIRPS-2.0-global-daily-tif-p05-crop,98.66454315185547,99.18871307373047,30.327224731445312,30.84276580810547
2017-07-27,10.358490943908691,CHIRPS-2.0-global-daily-tif-p05-crop,98.66454315185547,99.18871307373047,30.327224731445312,30.84276580810547
2017-07-28,0.7492598295211792,CHIRPS-2.0-global-daily-tif-p05-crop,98.66454315185547,99.18871307373047,30.327224731445312,30.84276580810547
2017-07-29,3.641904830932617,CHIRPS-2.0-global-daily-tif-p05-crop,98.66454315185547,99.18871307373047,30.327224731445312,30.84276580810547
2017-07-30,0.0,CHIRPS-2.0-global-daily-tif-p05-crop,98.66454315185547,99.18871307373047,30.327224731445312,30.84276580810547
2017-07-31,0.0,CHIRPS-2.0-global-daily-tif-p05-crop,98.66454315185547,99.18871307373047,30.327224731445312,30.84276580810547
2017-08-01,6.601193904876709,CHIRPS-2.0-global-daily-tif-p05-crop,98.66454315185547,99.18871307373047,30.327224731445312,30.84276580810547
2017-08-02,4.824841499328613,CHIRPS-2.0-global-daily-tif-p05-crop,98.66454315185547,99.18871307373047,30.327224731445312,30.84276580810547
2017-08-03,0.0,CHIRPS-2.0-global-daily-tif-p05-crop,98.66454315185547,99.18871307373047,30.327224731445312,30.84276580810547
2017-08-04,0.0803864598274231,CHIRPS-2.0-global-daily-tif-p05-crop,98.66454315185547,99.18871307373047,30.327224731445312,30.84276580810547
2017-08-05,0.2416333109140396,CHIRPS-2.0-global-daily-tif-p05-crop,98.66454315185547,99.18871307373047,30.327224731445312,30.84276580810547
2017-08-06,9.293559074401855,CHIRPS-2.0-global-daily-tif-p05-crop,98.66454315185547,99.18871307373047,30.327224731445312,30.84276580810547
2017-08-07,0.7755448818206787,CHIRPS-2.0-global-daily-tif-p05-crop,98.66454315185547,99.18871307373047,30.327224731445312,30.84276580810547
2017-08-08,0.10629713535308838,CHIRPS-2.0-global-daily-tif-p05-crop,98.66454315185547,99.18871307373047,30.327224731445312,30.84276580810547
2017-08-09,18.24957847595215,CHIRPS-2.0-global-daily-tif-p05-crop,98.66454315185547,99.18871307373047,30.327224731445312,30.84276580810547
2017-08-10,14.607719421386719,CHIRPS-2.0-global-daily-tif-p05-crop,98.66454315185547,99.18871307373047,30.327224731445312,30.84276580810547
2017-08-11,0.0,CHIRPS-2.0-global-daily-tif-p05-crop,98.66454315185547,99.18871307373047,30.327224731445312,30.84276580810547
2017-08-12,0.0,CHIRPS-2.0-global-daily-tif-p05-crop,98.66454315185547,99.18871307373047,30.327224731445312,30.84276580810547
2017-08-13,4.498301029205322,CHIRPS-2.0-global-daily-tif-p05-crop,98.66454315185547,99.18871307373047,30.327224731445312,30.84276580810547
2017-08-14,13.12326717376709,CHIRPS-2.0-global-daily-tif-p05-crop,98.66454315185547,99.18871307373047,30.327224731445312,30.84276580810547
2017-08-15,3.5425496101379395,CHIRPS-2.0-global-daily-tif-p05-crop,98.66454315185547,99.18871307373047,30.327224731445312,30.84276580810547
2017-08-16,0.0,CHIRPS-2.0-global-daily-tif-p05-crop,98.66454315185547,99.18871307373047,30.327224731445312,30.84276580810547
2017-08-17,6.884178638458252,CHIRPS-2.0-global-daily-tif-p05-crop,98.66454315185547,99.18871307373047,30.327224731445312,30.84276580810547
2017-08-18,0.0,CHIRPS-2.0-global-daily-tif-p05-crop,98.66454315185547,99.18871307373047,30.327224731445312,30.84276580810547
2017-08-19,0.0,CHIRPS-2.0-global-daily-tif-p05-crop,98.66454315185547,99.18871307373047,30.327224731445312,30.84276580810547
2017-08-20,1.8162785768508911,CHIRPS-2.0-global-daily-tif-p05-crop,98.66454315185547,99.18871307373047,30.327224731445312,30.84276580810547
2017-08-21,0.0,CHIRPS-2.0-global-daily-tif-p05-crop,98.66454315185547,99.18871307373047,30.327224731445312,30.84276580810547
2017-08-22,0.0,CHIRPS-2.0-global-daily-tif-p05-crop,98.66454315185547,99.18871307373047,30.327224731445312,30.84276580810547
2017-08-23,0.0,CHIRPS-2.0-global-daily-tif-p05-crop,98.66454315185547,99.18871307373047,30.327224731445312,30.84276580810547
2017-08-24,0.7362162470817566,CHIRPS-2.0-global-daily-tif-p05-crop,98.66454315185547,99.18871307373047,30.327224731445312,30.84276580810547
2017-08-25,2.9390554428100586,CHIRPS-2.0-global-daily-tif-p05-crop,98.66454315185547,99.18871307373047,30.327224731445312,30.84276580810547
2017-08-26,0.2769527733325958,CHIRPS-2.0-global-daily-tif-p05-crop,98.66454315185547,99.18871307373047,30.327224731445312,30.84276580810547
2017-08-27,6.917750835418701,CHIRPS-2.0-global-daily-tif-p05-crop,98.66454315185547,99.18871307373047,30.327224731445312,30.84276580810547
2017-08-28,1.6317839622497559,CHIRPS-2.0-global-daily-tif-p05-crop,98.66454315185547,99.18871307373047,30.327224731445312,30.84276580810547
2017-08-29,2.873042345046997,CHIRPS-2.0-global-daily-tif-p05-crop,98.66454315185547,99.18871307373047,30.327224731445312,30.84276580810547
2017-08-30,7.897368431091309,CHIRPS-2.0-global-daily-tif-p05-crop,98.66454315185547,99.18871307373047,30.327224731445312,30.84276580810547
2017-08-31,11.664017677307129,CHIRPS-2.0-global-daily-tif-p05-crop,98.66454315185547,99.18871307373047,30.327224731445312,30.84276580810547
2017-09-01,11.754621505737305,CHIRPS-2.0-global-daily-tif-p05-crop,98.66454315185547,99.18871307373047,30.327224731445312,30.84276580810547
2017-09-02,7.202886581420898,CHIRPS-2.0-global-daily-tif-p05-crop,98.66454315185547,99.18871307373047,30.327224731445312,30.84276580810547
2017-09-03,3.0921106338500977,CHIRPS-2.0-global-daily-tif-p05-crop,98.66454315185547,99.18871307373047,30.327224731445312,30.84276580810547
2017-09-04,6.826651573181152,CHIRPS-2.0-global-daily-tif-p05-crop,98.66454315185547,99.18871307373047,30.327224731445312,30.84276580810547
2017-09-05,0.0,CHIRPS-2.0-global-daily-tif-p05-crop,98.66454315185547,99.18871307373047,30.327224731445312,30.84276580810547
2017-09-06,0.0,CHIRPS-2.0-global-daily-tif-p05-crop,98.66454315185547,99.18871307373047,30.327224731445312,30.84276580810547
2017-09-07,9.49901294708252,CHIRPS-2.0-global-daily-tif-p05-crop,98.66454315185547,99.18871307373047,30.327224731445312,30.84276580810547
2017-09-08,4.305253982543945,CHIRPS-2.0-global-daily-tif-p05-crop,98.66454315185547,99.18871307373047,30.327224731445312,30.84276580810547
2017-09-09,0.0,CHIRPS-2.0-global-daily-tif-p05-crop,98.66454315185547,99.18871307373047,30.327224731445312,30.84276580810547
2017-09-10,0.0,CHIRPS-2.0-global-daily-tif-p05-crop,98.66454315185547,99.18871307373047,30.327224731445312,30.84276580810547
2017-09-11,0.0,CHIRPS-2.0-global-daily-tif-p05-crop,98.66454315185547,99.18871307373047,30.327224731445312,30.84276580810547
2017-09-12,5.185949802398682,CHIRPS-2.0-global-daily-tif-p05-crop,98.66454315185547,99.18871307373047,30.327224731445312,30.84276580810547
2017-09-13,5.7218098640441895,CHIRPS-2.0-global-daily-tif-p05-crop,98.66454315185547,99.18871307373047,30.327224731445312,30.84276580810547
2017-09-14,0.225707545876503,CHIRPS-2.0-global-daily-tif-p05-crop,98.66454315185547,99.18871307373047,30.327224731445312,30.84276580810547
2017-09-15,0.0,CHIRPS-2.0-global-daily-tif-p05-crop,98.66454315185547,99.18871307373047,30.327224731445312,30.84276580810547
2017-09-16,1.0344913005828857,CHIRPS-2.0-global-daily-tif-p05-crop,98.66454315185547,99.18871307373047,30.327224731445312,30.84276580810547
2017-09-17,9.136968612670898,CHIRPS-2.0-global-daily-tif-p05-crop,98.66454315185547,99.18871307373047,30.327224731445312,30.84276580810547
2017-09-18,2.2165491580963135,CHIRPS-2.0-global-daily-tif-p05-crop,98.66454315185547,99.18871307373047,30.327224731445312,30.84276580810547
2017-09-19,5.0560712814331055,CHIRPS-2.0-global-daily-tif-p05-crop,98.66454315185547,99.18871307373047,30.327224731445312,30.84276580810547
2017-09-20,10.813736915588379,CHIRPS-2.0-global-daily-tif-p05-crop,98.66454315185547,99.18871307373047,30.327224731445312,30.84276580810547
2017-09-21,2.005786418914795,CHIRPS-2.0-global-daily-tif-p05-crop,98.66454315185547,99.18871307373047,30.327224731445312,30.84276580810547
2017-09-22,10.66089153289795,CHIRPS-2.0-global-daily-tif-p05-crop,98.66454315185547,99.18871307373047,30.327224731445312,30.84276580810547
2017-09-23,3.022674083709717,CHIRPS-2.0-global-daily-tif-p05-crop,98.66454315185547,99.18871307373047,30.327224731445312,30.84276580810547
2017-09-24,2.5997464656829834,CHIRPS-2.0-global-daily-tif-p05-crop,98.66454315185547,99.18871307373047,30.327224731445312,30.84276580810547
2017-09-25,0.0,CHIRPS-2.0-global-daily-tif-p05-crop,98.66454315185547,99.18871307373047,30.327224731445312,30.84276580810547
2017-09-26,0.0,CHIRPS-2.0-global-daily-tif-p05-crop,98.66454315185547,99.18871307373047,30.327224731445312,30.84276580810547
2017-09-27,6.079923629760742,CHIRPS-2.0-global-daily-tif-p05-crop,98.66454315185547,99.18871307373047,30.327224731445312,30.84276580810547
2017-09-28,0.0,CHIRPS-2.0-global-daily-tif-p05-crop,98.66454315185547,99.18871307373047,30.327224731445312,30.84276580810547
2017-09-29,0.12094426155090332,CHIRPS-2.0-global-daily-tif-p05-crop,98.66454315185547,99.18871307373047,30.327224731445312,30.84276580810547
2017-09-30,0.05221329629421234,CHIRPS-2.0-global-daily-tif-p05-crop,98.66454315185547,99.18871307373047,30.327224731445312,30.84276580810547
2017-10-01,0.166934534907341,CHIRPS-2.0-global-daily-tif-p05-crop,98.66454315185547,99.18871307373047,30.327224731445312,30.84276580810547
2017-10-02,7.761847496032715,CHIRPS-2.0-global-daily-tif-p05-crop,98.66454315185547,99.18871307373047,30.327224731445312,30.84276580810547
2017-10-03,0.6519255638122559,CHIRPS-2.0-global-daily-tif-p05-crop,98.66454315185547,99.18871307373047,30.327224731445312,30.84276580810547
2017-10-04,0.0,CHIRPS-2.0-global-daily-tif-p05-crop,98.66454315185547,99.18871307373047,30.327224731445312,30.84276580810547
2017-10-05,0.0,CHIRPS-2.0-global-daily-tif-p05-crop,98.66454315185547,99.18871307373047,30.327224731445312,30.84276580810547
2017-10-06,0.0,CHIRPS-2.0-global-daily-tif-p05-crop,98.66454315185547,99.18871307373047,30.327224731445312,30.84276580810547
2017-10-07,0.0,CHIRPS-2.0-global-daily-tif-p05-crop,98.66454315185547,99.18871307373047,30.327224731445312,30.84276580810547
2017-10-08,0.0,CHIRPS-2.0-global-daily-tif-p05-crop,98.66454315185547,99.18871307373047,30.327224731445312,30.84276580810547
2017-10-09,0.0,CHIRPS-2.0-global-daily-tif-p05-crop,98.66454315185547,99.18871307373047,30.327224731445312,30.84276580810547
2017-10-10,0.09394412487745285,CHIRPS-2.0-global-daily-tif-p05-crop,98.66454315185547,99.18871307373047,30.327224731445312,30.84276580810547
2017-10-11,0.0,CHIRPS-2.0-global-daily-tif-p05-crop,98.66454315185547,99.18871307373047,30.327224731445312,30.84276580810547
2017-10-12,0.0,CHIRPS-2.0-global-daily-tif-p05-crop,98.66454315185547,99.18871307373047,30.327224731445312,30.84276580810547
2017-10-13,0.0,CHIRPS-2.0-global-daily-tif-p05-crop,98.66454315185547,99.18871307373047,30.327224731445312,30.84276580810547
2017-10-14,0.0,CHIRPS-2.0-global-daily-tif-p05-crop,98.66454315185547,99.18871307373047,30.327224731445312,30.84276580810547
2017-10-15,0.0,CHIRPS-2.0-global-daily-tif-p05-crop,98.66454315185547,99.18871307373047,30.327224731445312,30.84276580810547
2017-10-16,0.3115217387676239,CHIRPS-2.0-global-daily-tif-p05-crop,98.66454315185547,99.18871307373047,30.327224731445312,30.84276580810547
2017-10-17,0.0,CHIRPS-2.0-global-daily-tif-p05-crop,98.66454315185547,99.18871307373047,30.327224731445312,30.84276580810547
2017-10-18,0.0,CHIRPS-2.0-global-daily-tif-p05-crop,98.66454315185547,99.18871307373047,30.327224731445312,30.84276580810547
2017-10-19,0.0,CHIRPS-2.0-global-daily-tif-p05-crop,98.66454315185547,99.18871307373047,30.327224731445312,30.84276580810547
2017-10-20,9.178711891174316,CHIRPS-2.0-global-daily-tif-p05-crop,98.66454315185547,99.18871307373047,30.327224731445312,30.84276580810547
2017-10-21,7.159167289733887,CHIRPS-2.0-global-daily-tif-p05-crop,98.66454315185547,99.18871307373047,30.327224731445312,30.84276580810547
2017-10-22,0.037012744694948196,CHIRPS-2.0-global-daily-tif-p05-crop,98.66454315185547,99.18871307373047,30.327224731445312,30.84276580810547
2017-10-23,0.0,CHIRPS-2.0-global-daily-tif-p05-crop,98.66454315185547,99.18871307373047,30.327224731445312,30.84276580810547
2017-10-24,0.0,CHIRPS-2.0-global-daily-tif-p05-crop,98.66454315185547,99.18871307373047,30.327224731445312,30.84276580810547
2017-10-25,0.0,CHIRPS-2.0-global-daily-tif-p05-crop,98.66454315185547,99.18871307373047,30.327224731445312,30.84276580810547
2017-10-26,0.0,CHIRPS-2.0-global-daily-tif-p05-crop,98.66454315185547,99.18871307373047,30.327224731445312,30.84276580810547
2017-10-27,0.0,CHIRPS-2.0-global-daily-tif-p05-crop,98.66454315185547,99.18871307373047,30.327224731445312,30.84276580810547
2017-10-28,0.0,CHIRPS-2.0-global-daily-tif-p05-crop,98.66454315185547,99.18871307373047,30.327224731445312,30.84276580810547
2017-10-29,0.0,CHIRPS-2.0-global-daily-tif-p05-crop,98.66454315185547,99.18871307373047,30.327224731445312,30.84276580810547
2017-10-30,15.054680824279785,CHIRPS-2.0-global-daily-tif-p05-crop,98.66454315185547,99.18871307373047,30.327224731445312,30.84276580810547
2017-10-31,0.8739874958992004,CHIRPS-2.0-global-daily-tif-p05-crop,98.66454315185547,99.18871307373047,30.327224731445312,30.84276580810547
2017-11-01,0.03275730833411217,CHIRPS-2.0-global-daily-tif-p05-crop,98.66454315185547,99.18871307373047,30.327224731445312,30.84276580810547
2017-11-02,0.9696692824363708,CHIRPS-2.0-global-daily-tif-p05-crop,98.66454315185547,99.18871307373047,30.327224731445312,30.84276580810547
2017-11-03,0.5440062284469604,CHIRPS-2.0-global-daily-tif-p05-crop,98.66454315185547,99.18871307373047,30.327224731445312,30.84276580810547
2017-11-04,0.0,CHIRPS-2.0-global-daily-tif-p05-crop,98.66454315185547,99.18871307373047,30.327224731445312,30.84276580810547
2017-11-05,0.0,CHIRPS-2.0-global-daily-tif-p05-crop,98.66454315185547,99.18871307373047,30.327224731445312,30.84276580810547
2017-11-06,0.0,CHIRPS-2.0-global-daily-tif-p05-crop,98.66454315185547,99.18871307373047,30.327224731445312,30.84276580810547
2017-11-07,0.0,CHIRPS-2.0-global-daily-tif-p05-crop,98.66454315185547,99.18871307373047,30.327224731445312,30.84276580810547
2017-11-08,0.2935065031051636,CHIRPS-2.0-global-daily-tif-p05-crop,98.66454315185547,99.18871307373047,30.327224731445312,30.84276580810547
2017-11-09,0.0,CHIRPS-2.0-global-daily-tif-p05-crop,98.66454315185547,99.18871307373047,30.327224731445312,30.84276580810547
2017-11-10,0.0,CHIRPS-2.0-global-daily-tif-p05-crop,98.66454315185547,99.18871307373047,30.327224731445312,30.84276580810547
2017-11-11,0.16974583268165588,CHIRPS-2.0-global-daily-tif-p05-crop,98.66454315185547,99.18871307373047,30.327224731445312,30.84276580810547
2017-11-12,0.4147980809211731,CHIRPS-2.0-global-daily-tif-p05-crop,98.66454315185547,99.18871307373047,30.327224731445312,30.84276580810547
2017-11-13,0.0,CHIRPS-2.0-global-daily-tif-p05-crop,98.66454315185547,99.18871307373047,30.327224731445312,30.84276580810547
2017-11-14,0.0,CHIRPS-2.0-global-daily-tif-p05-crop,98.66454315185547,99.18871307373047,30.327224731445312,30.84276580810547
2017-11-15,0.21471065282821655,CHIRPS-2.0-global-daily-tif-p05-crop,98.66454315185547,99.18871307373047,30.327224731445312,30.84276580810547
2017-11-16,0.0,CHIRPS-2.0-global-daily-tif-p05-crop,98.66454315185547,99.18871307373047,30.327224731445312,30.84276580810547
2017-11-17,0.0,CHIRPS-2.0-global-daily-tif-p05-crop,98.66454315185547,99.18871307373047,30.327224731445312,30.84276580810547
2017-11-18,0.0,CHIRPS-2.0-global-daily-tif-p05-crop,98.66454315185547,99.18871307373047,30.327224731445312,30.84276580810547
2017-11-19,0.0,CHIRPS-2.0-global-daily-tif-p05-crop,98.66454315185547,99.18871307373047,30.327224731445312,30.84276580810547
2017-11-20,0.0,CHIRPS-2.0-global-daily-tif-p05-crop,98.66454315185547,99.18871307373047,30.327224731445312,30.84276580810547
2017-11-21,0.0,CHIRPS-2.0-global-daily-tif-p05-crop,98.66454315185547,99.18871307373047,30.327224731445312,30.84276580810547
2017-11-22,0.0,CHIRPS-2.0-global-daily-tif-p05-crop,98.66454315185547,99.18871307373047,30.327224731445312,30.84276580810547
2017-11-23,0.0,CHIRPS-2.0-global-daily-tif-p05-crop,98.66454315185547,99.18871307373047,30.327224731445312,30.84276580810547
2017-11-24,0.0,CHIRPS-2.0-global-daily-tif-p05-crop,98.66454315185547,99.18871307373047,30.327224731445312,30.84276580810547
2017-11-25,0.0,CHIRPS-2.0-global-daily-tif-p05-crop,98.66454315185547,99.18871307373047,30.327224731445312,30.84276580810547
2017-11-26,0.0,CHIRPS-2.0-global-daily-tif-p05-crop,98.66454315185547,99.18871307373047,30.327224731445312,30.84276580810547
2017-11-27,0.0,CHIRPS-2.0-global-daily-tif-p05-crop,98.66454315185547,99.18871307373047,30.327224731445312,30.84276580810547
2017-11-28,0.5589812994003296,CHIRPS-2.0-global-daily-tif-p05-crop,98.66454315185547,99.18871307373047,30.327224731445312,30.84276580810547
2017-11-29,0.0,CHIRPS-2.0-global-daily-tif-p05-crop,98.66454315185547,99.18871307373047,30.327224731445312,30.84276580810547
2017-11-30,0.0,CHIRPS-2.0-global-daily-tif-p05-crop,98.66454315185547,99.18871307373047,30.327224731445312,30.84276580810547
2017-12-01,0.0,CHIRPS-2.0-global-daily-tif-p05-crop,98.66454315185547,99.18871307373047,30.327224731445312,30.84276580810547
2017-12-02,0.0,CHIRPS-2.0-global-daily-tif-p05-crop,98.66454315185547,99.18871307373047,30.327224731445312,30.84276580810547
2017-12-03,0.0,CHIRPS-2.0-global-daily-tif-p05-crop,98.66454315185547,99.18871307373047,30.327224731445312,30.84276580810547
2017-12-04,0.0,CHIRPS-2.0-global-daily-tif-p05-crop,98.66454315185547,99.18871307373047,30.327224731445312,30.84276580810547
2017-12-05,0.0,CHIRPS-2.0-global-daily-tif-p05-crop,98.66454315185547,99.18871307373047,30.327224731445312,30.84276580810547
2017-12-06,0.0,CHIRPS-2.0-global-daily-tif-p05-crop,98.66454315185547,99.18871307373047,30.327224731445312,30.84276580810547
2017-12-07,0.0,CHIRPS-2.0-global-daily-tif-p05-crop,98.66454315185547,99.18871307373047,30.327224731445312,30.84276580810547
2017-12-08,0.0,CHIRPS-2.0-global-daily-tif-p05-crop,98.66454315185547,99.18871307373047,30.327224731445312,30.84276580810547
2017-12-09,0.0,CHIRPS-2.0-global-daily-tif-p05-crop,98.66454315185547,99.18871307373047,30.327224731445312,30.84276580810547
2017-12-10,0.0,CHIRPS-2.0-global-daily-tif-p05-crop,98.66454315185547,99.18871307373047,30.327224731445312,30.84276580810547
2017-12-11,0.0,CHIRPS-2.0-global-daily-tif-p05-crop,98.66454315185547,99.18871307373047,30.327224731445312,30.84276580810547
2017-12-12,0.0,CHIRPS-2.0-global-daily-tif-p05-crop,98.66454315185547,99.18871307373047,30.327224731445312,30.84276580810547
2017-12-13,0.0,CHIRPS-2.0-global-daily-tif-p05-crop,98.66454315185547,99.18871307373047,30.327224731445312,30.84276580810547
2017-12-14,0.0,CHIRPS-2.0-global-daily-tif-p05-crop,98.66454315185547,99.18871307373047,30.327224731445312,30.84276580810547
2017-12-15,0.0,CHIRPS-2.0-global-daily-tif-p05-crop,98.66454315185547,99.18871307373047,30.327224731445312,30.84276580810547
2017-12-16,0.0,CHIRPS-2.0-global-daily-tif-p05-crop,98.66454315185547,99.18871307373047,30.327224731445312,30.84276580810547
2017-12-17,0.0,CHIRPS-2.0-global-daily-tif-p05-crop,98.66454315185547,99.18871307373047,30.327224731445312,30.84276580810547
2017-12-18,0.0,CHIRPS-2.0-global-daily-tif-p05-crop,98.66454315185547,99.18871307373047,30.327224731445312,30.84276580810547
2017-12-19,0.0,CHIRPS-2.0-global-daily-tif-p05-crop,98.66454315185547,99.18871307373047,30.327224731445312,30.84276580810547
2017-12-20,0.0,CHIRPS-2.0-global-daily-tif-p05-crop,98.66454315185547,99.18871307373047,30.327224731445312,30.84276580810547
2017-12-21,0.0,CHIRPS-2.0-global-daily-tif-p05-crop,98.66454315185547,99.18871307373047,30.327224731445312,30.84276580810547
2017-12-22,0.0,CHIRPS-2.0-global-daily-tif-p05-crop,98.66454315185547,99.18871307373047,30.327224731445312,30.84276580810547
2017-12-23,0.0,CHIRPS-2.0-global-daily-tif-p05-crop,98.66454315185547,99.18871307373047,30.327224731445312,30.84276580810547
2017-12-24,0.0,CHIRPS-2.0-global-daily-tif-p05-crop,98.66454315185547,99.18871307373047,30.327224731445312,30.84276580810547
2017-12-25,0.0,CHIRPS-2.0-global-daily-tif-p05-crop,98.66454315185547,99.18871307373047,30.327224731445312,30.84276580810547
2017-12-26,0.0,CHIRPS-2.0-global-daily-tif-p05-crop,98.66454315185547,99.18871307373047,30.327224731445312,30.84276580810547
2017-12-27,0.0,CHIRPS-2.0-global-daily-tif-p05-crop,98.66454315185547,99.18871307373047,30.327224731445312,30.84276580810547
2017-12-28,0.0,CHIRPS-2.0-global-daily-tif-p05-crop,98.66454315185547,99.18871307373047,30.327224731445312,30.84276580810547
2017-12-29,0.0,CHIRPS-2.0-global-daily-tif-p05-crop,98.66454315185547,99.18871307373047,30.327224731445312,30.84276580810547
2017-12-30,0.0,CHIRPS-2.0-global-daily-tif-p05-crop,98.66454315185547,99.18871307373047,30.327224731445312,30.84276580810547
2017-12-31,0.0,CHIRPS-2.0-global-daily-tif-p05-crop,98.66454315185547,99.18871307373047,30.327224731445312,30.84276580810547
2018-01-01,0.015259762294590473,CHIRPS-2.0-global-daily-tif-p05-crop,98.66454315185547,99.18871307373047,30.327224731445312,30.84276580810547
2018-01-02,0.09457074105739594,CHIRPS-2.0-global-daily-tif-p05-crop,98.66454315185547,99.18871307373047,30.327224731445312,30.84276580810547
2018-01-03,0.22268687188625336,CHIRPS-2.0-global-daily-tif-p05-crop,98.66454315185547,99.18871307373047,30.327224731445312,30.84276580810547
2018-01-04,0.0,CHIRPS-2.0-global-daily-tif-p05-crop,98.66454315185547,99.18871307373047,30.327224731445312,30.84276580810547
2018-01-05,0.0,CHIRPS-2.0-global-daily-tif-p05-crop,98.66454315185547,99.18871307373047,30.327224731445312,30.84276580810547
2018-01-06,0.0,CHIRPS-2.0-global-daily-tif-p05-crop,98.66454315185547,99.18871307373047,30.327224731445312,30.84276580810547
2018-01-07,0.171157106757164,CHIRPS-2.0-global-daily-tif-p05-crop,98.66454315185547,99.18871307373047,30.327224731445312,30.84276580810547
2018-01-08,0.0,CHIRPS-2.0-global-daily-tif-p05-crop,98.66454315185547,99.18871307373047,30.327224731445312,30.84276580810547
2018-01-09,0.0,CHIRPS-2.0-global-daily-tif-p05-crop,98.66454315185547,99.18871307373047,30.327224731445312,30.84276580810547
2018-01-10,0.0,CHIRPS-2.0-global-daily-tif-p05-crop,98.66454315185547,99.18871307373047,30.327224731445312,30.84276580810547
2018-01-11,0.0,CHIRPS-2.0-global-daily-tif-p05-crop,98.66454315185547,99.18871307373047,30.327224731445312,30.84276580810547
2018-01-12,0.0,CHIRPS-2.0-global-daily-tif-p05-crop,98.66454315185547,99.18871307373047,30.327224731445312,30.84276580810547
2018-01-13,0.0,CHIRPS-2.0-global-daily-tif-p05-crop,98.66454315185547,99.18871307373047,30.327224731445312,30.84276580810547
2018-01-14,0.0,CHIRPS-2.0-global-daily-tif-p05-crop,98.66454315185547,99.18871307373047,30.327224731445312,30.84276580810547
2018-01-15,0.0,CHIRPS-2.0-global-daily-tif-p05-crop,98.66454315185547,99.18871307373047,30.327224731445312,30.84276580810547
2018-01-16,0.0,CHIRPS-2.0-global-daily-tif-p05-crop,98.66454315185547,99.18871307373047,30.327224731445312,30.84276580810547
2018-01-17,0.0,CHIRPS-2.0-global-daily-tif-p05-crop,98.66454315185547,99.18871307373047,30.327224731445312,30.84276580810547
2018-01-18,0.0,CHIRPS-2.0-global-daily-tif-p05-crop,98.66454315185547,99.18871307373047,30.327224731445312,30.84276580810547
2018-01-19,0.0,CHIRPS-2.0-global-daily-tif-p05-crop,98.66454315185547,99.18871307373047,30.327224731445312,30.84276580810547
2018-01-20,0.0,CHIRPS-2.0-global-daily-tif-p05-crop,98.66454315185547,99.18871307373047,30.327224731445312,30.84276580810547
2018-01-21,0.0,CHIRPS-2.0-global-daily-tif-p05-crop,98.66454315185547,99.18871307373047,30.327224731445312,30.84276580810547
2018-01-22,0.0,CHIRPS-2.0-global-daily-tif-p05-crop,98.66454315185547,99.18871307373047,30.327224731445312,30.84276580810547
2018-01-23,0.0,CHIRPS-2.0-global-daily-tif-p05-crop,98.66454315185547,99.18871307373047,30.327224731445312,30.84276580810547
2018-01-24,0.0,CHIRPS-2.0-global-daily-tif-p05-crop,98.66454315185547,99.18871307373047,30.327224731445312,30.84276580810547
2018-01-25,0.0,CHIRPS-2.0-global-daily-tif-p05-crop,98.66454315185547,99.18871307373047,30.327224731445312,30.84276580810547
2018-01-26,0.0,CHIRPS-2.0-global-daily-tif-p05-crop,98.66454315185547,99.18871307373047,30.327224731445312,30.84276580810547
2018-01-27,0.0,CHIRPS-2.0-global-daily-tif-p05-crop,98.66454315185547,99.18871307373047,30.327224731445312,30.84276580810547
2018-01-28,0.0,CHIRPS-2.0-global-daily-tif-p05-crop,98.66454315185547,99.18871307373047,30.327224731445312,30.84276580810547
2018-01-29,0.0,CHIRPS-2.0-global-daily-tif-p05-crop,98.66454315185547,99.18871307373047,30.327224731445312,30.84276580810547
2018-01-30,0.0,CHIRPS-2.0-global-daily-tif-p05-crop,98.66454315185547,99.18871307373047,30.327224731445312,30.84276580810547
2018-01-31,0.041342947632074356,CHIRPS-2.0-global-daily-tif-p05-crop,98.66454315185547,99.18871307373047,30.327224731445312,30.84276580810547
2018-02-01,0.41989755630493164,CHIRPS-2.0-global-daily-tif-p05-crop,98.66454315185547,99.18871307373047,30.327224731445312,30.84276580810547
2018-02-02,0.01839648000895977,CHIRPS-2.0-global-daily-tif-p05-crop,98.66454315185547,99.18871307373047,30.327224731445312,30.84276580810547
2018-02-03,0.03499145805835724,CHIRPS-2.0-global-daily-tif-p05-crop,98.66454315185547,99.18871307373047,30.327224731445312,30.84276580810547
2018-02-04,0.004027084913104773,CHIRPS-2.0-global-daily-tif-p05-crop,98.66454315185547,99.18871307373047,30.327224731445312,30.84276580810547
2018-02-05,0.0,CHIRPS-2.0-global-daily-tif-p05-crop,98.66454315185547,99.18871307373047,30.327224731445312,30.84276580810547
2018-02-06,0.061932273209095,CHIRPS-2.0-global-daily-tif-p05-crop,98.66454315185547,99.18871307373047,30.327224731445312,30.84276580810547
2018-02-07,0.1351344883441925,CHIRPS-2.0-global-daily-tif-p05-crop,98.66454315185547,99.18871307373047,30.327224731445312,30.84276580810547
2018-02-08,0.006257625762373209,CHIRPS-2.0-global-daily-tif-p05-crop,98.66454315185547,99.18871307373047,30.327224731445312,30.84276580810547
2018-02-09,0.26041561365127563,CHIRPS-2.0-global-daily-tif-p05-crop,98.66454315185547,99.18871307373047,30.327224731445312,30.84276580810547
2018-02-10,0.0,CHIRPS-2.0-global-daily-tif-p05-crop,98.66454315185547,99.18871307373047,30.327224731445312,30.84276580810547
2018-02-11,0.0,CHIRPS-2.0-global-daily-tif-p05-crop,98.66454315185547,99.18871307373047,30.327224731445312,30.84276580810547
2018-02-12,0.0,CHIRPS-2.0-global-daily-tif-p05-crop,98.66454315185547,99.18871307373047,30.327224731445312,30.84276580810547
2018-02-13,0.0,CHIRPS-2.0-global-daily-tif-p05-crop,98.66454315185547,99.18871307373047,30.327224731445312,30.84276580810547
2018-02-14,0.0,CHIRPS-2.0-global-daily-tif-p05-crop,98.66454315185547,99.18871307373047,30.327224731445312,30.84276580810547
2018-02-15,0.0,CHIRPS-2.0-global-daily-tif-p05-crop,98.66454315185547,99.18871307373047,30.327224731445312,30.84276580810547
2018-02-16,0.14144161343574524,CHIRPS-2.0-global-daily-tif-p05-crop,98.66454315185547,99.18871307373047,30.327224731445312,30.84276580810547
2018-02-17,0.22422632575035095,CHIRPS-2.0-global-daily-tif-p05-crop,98.66454315185547,99.18871307373047,30.327224731445312,30.84276580810547
2018-02-18,0.03329683095216751,CHIRPS-2.0-global-daily-tif-p05-crop,98.66454315185547,99.18871307373047,30.327224731445312,30.84276580810547
2018-02-19,0.05731566995382309,CHIRPS-2.0-global-daily-tif-p05-crop,98.66454315185547,99.18871307373047,30.327224731445312,30.84276580810547
2018-02-20,0.0,CHIRPS-2.0-global-daily-tif-p05-crop,98.66454315185547,99.18871307373047,30.327224731445312,30.84276580810547
2018-02-21,0.01677098497748375,CHIRPS-2.0-global-daily-tif-p05-crop,98.66454315185547,99.18871307373047,30.327224731445312,30.84276580810547
2018-02-22,0.19900405406951904,CHIRPS-2.0-global-daily-tif-p05-crop,98.66454315185547,99.18871307373047,30.327224731445312,30.84276580810547
2018-02-23,0.4686698019504547,CHIRPS-2.0-global-daily-tif-p05-crop,98.66454315185547,99.18871307373047,30.327224731445312,30.84276580810547
2018-02-24,0.0,CHIRPS-2.0-global-daily-tif-p05-crop,98.66454315185547,99.18871307373047,30.327224731445312,30.84276580810547
2018-02-25,0.15383854508399963,CHIRPS-2.0-global-daily-tif-p05-crop,98.66454315185547,99.18871307373047,30.327224731445312,30.84276580810547
2018-02-26,0.40408939123153687,CHIRPS-2.0-global-daily-tif-p05-crop,98.66454315185547,99.18871307373047,30.327224731445312,30.84276580810547
2018-02-27,0.015286681242287159,CHIRPS-2.0-global-daily-tif-p05-crop,98.66454315185547,99.18871307373047,30.327224731445312,30.84276580810547
2018-02-28,0.011231623589992523,CHIRPS-2.0-global-daily-tif-p05-crop,98.66454315185547,99.18871307373047,30.327224731445312,30.84276580810547
2018-03-01,0.7572856545448303,CHIRPS-2.0-global-daily-tif-p05-crop,98.66454315185547,99.18871307373047,30.327224731445312,30.84276580810547
2018-03-02,1.3912088871002197,CHIRPS-2.0-global-daily-tif-p05-crop,98.66454315185547,99.18871307373047,30.327224731445312,30.84276580810547
2018-03-03,0.8402268886566162,CHIRPS-2.0-global-daily-tif-p05-crop,98.66454315185547,99.18871307373047,30.327224731445312,30.84276580810547
2018-03-04,0.41219547390937805,CHIRPS-2.0-global-daily-tif-p05-crop,98.66454315185547,99.18871307373047,30.327224731445312,30.84276580810547
2018-03-05,0.010229447856545448,CHIRPS-2.0-global-daily-tif-p05-crop,98.66454315185547,99.18871307373047,30.327224731445312,30.84276580810547
2018-03-06,2.6504290103912354,CHIRPS-2.0-global-daily-tif-p05-crop,98.66454315185547,99.18871307373047,30.327224731445312,30.84276580810547
2018-03-07,0.4260845482349396,CHIRPS-2.0-global-daily-tif-p05-crop,98.66454315185547,99.18871307373047,30.327224731445312,30.84276580810547
2018-03-08,0.0,CHIRPS-2.0-global-daily-tif-p05-crop,98.66454315185547,99.18871307373047,30.327224731445312,30.84276580810547
2018-03-09,0.0,CHIRPS-2.0-global-daily-tif-p05-crop,98.66454315185547,99.18871307373047,30.327224731445312,30.84276580810547
2018-03-10,1.9940836429595947,CHIRPS-2.0-global-daily-tif-p05-crop,98.66454315185547,99.18871307373047,30.327224731445312,30.84276580810547
2018-03-11,1.3259493112564087,CHIRPS-2.0-global-daily-tif-p05-crop,98.66454315185547,99.18871307373047,30.327224731445312,30.84276580810547
2018-03-12,0.955315887928009,CHIRPS-2.0-global-daily-tif-p05-crop,98.66454315185547,99.18871307373047,30.327224731445312,30.84276580810547
2018-03-13,0.7893357872962952,CHIRPS-2.0-global-daily-tif-p05-crop,98.66454315185547,99.18871307373047,30.327224731445312,30.84276580810547
2018-03-14,0.013880403712391853,CHIRPS-2.0-global-daily-tif-p05-crop,98.66454315185547,99.18871307373047,30.327224731445312,30.84276580810547
2018-03-15,0.4911474883556366,CHIRPS-2.0-global-daily-tif-p05-crop,98.66454315185547,99.18871307373047,30.327224731445312,30.84276580810547
2018-03-16,0.5938087701797485,CHIRPS-2.0-global-daily-tif-p05-crop,98.66454315185547,99.18871307373047,30.327224731445312,30.84276580810547
2018-03-17,0.0,CHIRPS-2.0-global-daily-tif-p05-crop,98.66454315185547,99.18871307373047,30.327224731445312,30.84276580810547
2018-03-18,1.0300488471984863,CHIRPS-2.0-global-daily-tif-p05-crop,98.66454315185547,99.18871307373047,30.327224731445312,30.84276580810547
2018-03-19,0.0,CHIRPS-2.0-global-daily-tif-p05-crop,98.66454315185547,99.18871307373047,30.327224731445312,30.84276580810547
2018-03-20,1.5808297395706177,CHIRPS-2.0-global-daily-tif-p05-crop,98.66454315185547,99.18871307373047,30.327224731445312,30.84276580810547
2018-03-21,0.42554619908332825,CHIRPS-2.0-global-daily-tif-p05-crop,98.66454315185547,99.18871307373047,30.327224731445312,30.84276580810547
2018-03-22,1.5647966861724854,CHIRPS-2.0-global-daily-tif-p05-crop,98.66454315185547,99.18871307373047,30.327224731445312,30.84276580810547
2018-03-23,0.9172803163528442,CHIRPS-2.0-global-daily-tif-p05-crop,98.66454315185547,99.18871307373047,30.327224731445312,30.84276580810547
2018-03-24,0.005066870246082544,CHIRPS-2.0-global-daily-tif-p05-crop,98.66454315185547,99.18871307373047,30.327224731445312,30.84276580810547
2018-03-25,0.48373326659202576,CHIRPS-2.0-global-daily-tif-p05-crop,98.66454315185547,99.18871307373047,30.327224731445312,30.84276580810547
2018-03-26,3.436100721359253,CHIRPS-2.0-global-daily-tif-p05-crop,98.66454315185547,99.18871307373047,30.327224731445312,30.84276580810547
2018-03-27,0.017086882144212723,CHIRPS-2.0-global-daily-tif-p05-crop,98.66454315185547,99.18871307373047,30.327224731445312,30.84276580810547
2018-03-28,0.0,CHIRPS-2.0-global-daily-tif-p05-crop,98.66454315185547,99.18871307373047,30.327224731445312,30.84276580810547
2018-03-29,0.0,CHIRPS-2.0-global-daily-tif-p05-crop,98.66454315185547,99.18871307373047,30.327224731445312,30.84276580810547
2018-03-30,0.0,CHIRPS-2.0-global-daily-tif-p05-crop,98.66454315185547,99.18871307373047,30.327224731445312,30.84276580810547
2018-03-31,0.0,CHIRPS-2.0-global-daily-tif-p05-crop,98.66454315185547,99.18871307373047,30.327224731445312,30.84276580810547
2018-04-01,0.19355587661266327,CHIRPS-2.0-global-daily-tif-p05-crop,98.66454315185547,99.18871307373047,30.327224731445312,30.84276580810547
2018-04-02,0.0,CHIRPS-2.0-global-daily-tif-p05-crop,98.66454315185547,99.18871307373047,30.327224731445312,30.84276580810547
2018-04-03,0.0,CHIRPS-2.0-global-daily-tif-p05-crop,98.66454315185547,99.18871307373047,30.327224731445312,30.84276580810547
2018-04-04,0.0,CHIRPS-2.0-global-daily-tif-p05-crop,98.66454315185547,99.18871307373047,30.327224731445312,30.84276580810547
2018-04-05,10.814449310302734,CHIRPS-2.0-global-daily-tif-p05-crop,98.66454315185547,99.18871307373047,30.327224731445312,30.84276580810547
2018-04-06,0.6156643033027649,CHIRPS-2.0-global-daily-tif-p05-crop,98.66454315185547,99.18871307373047,30.327224731445312,30.84276580810547
2018-04-07,0.8475392460823059,CHIRPS-2.0-global-daily-tif-p05-crop,98.66454315185547,99.18871307373047,30.327224731445312,30.84276580810547
2018-04-08,0.0,CHIRPS-2.0-global-daily-tif-p05-crop,98.66454315185547,99.18871307373047,30.327224731445312,30.84276580810547
2018-04-09,9.323089599609375,CHIRPS-2.0-global-daily-tif-p05-crop,98.66454315185547,99.18871307373047,30.327224731445312,30.84276580810547
2018-04-10,0.6577906608581543,CHIRPS-2.0-global-daily-tif-p05-crop,98.66454315185547,99.18871307373047,30.327224731445312,30.84276580810547
2018-04-11,0.0,CHIRPS-2.0-global-daily-tif-p05-crop,98.66454315185547,99.18871307373047,30.327224731445312,30.84276580810547
2018-04-12,0.0,CHIRPS-2.0-global-daily-tif-p05-crop,98.66454315185547,99.18871307373047,30.327224731445312,30.84276580810547
2018-04-13,0.9833897352218628,CHIRPS-2.0-global-daily-tif-p05-crop,98.66454315185547,99.18871307373047,30.327224731445312,30.84276580810547
2018-04-14,1.7477234601974487,CHIRPS-2.0-global-daily-tif-p05-crop,98.66454315185547,99.18871307373047,30.327224731445312,30.84276580810547
2018-04-15,0.04144618287682533,CHIRPS-2.0-global-daily-tif-p05-crop,98.66454315185547,99.18871307373047,30.327224731445312,30.84276580810547
2018-04-16,0.0,CHIRPS-2.0-global-daily-tif-p05-crop,98.66454315185547,99.18871307373047,30.327224731445312,30.84276580810547
2018-04-17,2.146517515182495,CHIRPS-2.0-global-daily-tif-p05-crop,98.66454315185547,99.18871307373047,30.327224731445312,30.84276580810547
2018-04-18,0.07755717635154724,CHIRPS-2.0-global-daily-tif-p05-crop,98.66454315185547,99.18871307373047,30.327224731445312,30.84276580810547
2018-04-19,0.0,CHIRPS-2.0-global-daily-tif-p05-crop,98.66454315185547,99.18871307373047,30.327224731445312,30.84276580810547
2018-04-20,0.0,CHIRPS-2.0-global-daily-tif-p05-crop,98.66454315185547,99.18871307373047,30.327224731445312,30.84276580810547
2018-04-21,0.0,CHIRPS-2.0-global-daily-tif-p05-crop,98.66454315185547,99.18871307373047,30.327224731445312,30.84276580810547
2018-04-22,0.0,CHIRPS-2.0-global-daily-tif-p05-crop,98.66454315185547,99.18871307373047,30.327224731445312,30.84276580810547
2018-04-23,0.0,CHIRPS-2.0-global-daily-tif-p05-crop,98.66454315185547,99.18871307373047,30.327224731445312,30.84276580810547
2018-04-24,0.0,CHIRPS-2.0-global-daily-tif-p05-crop,98.66454315185547,99.18871307373047,30.327224731445312,30.84276580810547
2018-04-25,0.0,CHIRPS-2.0-global-daily-tif-p05-crop,98.66454315185547,99.18871307373047,30.327224731445312,30.84276580810547
2018-04-26,0.512243390083313,CHIRPS-2.0-global-daily-tif-p05-crop,98.66454315185547,99.18871307373047,30.327224731445312,30.84276580810547
2018-04-27,0.0,CHIRPS-2.0-global-daily-tif-p05-crop,98.66454315185547,99.18871307373047,30.327224731445312,30.84276580810547
2018-04-28,0.0,CHIRPS-2.0-global-daily-tif-p05-crop,98.66454315185547,99.18871307373047,30.327224731445312,30.84276580810547
2018-04-29,1.9396276473999023,CHIRPS-2.0-global-daily-tif-p05-crop,98.66454315185547,99.18871307373047,30.327224731445312,30.84276580810547
2018-04-30,3.5495123863220215,CHIRPS-2.0-global-daily-tif-p05-crop,98.66454315185547,99.18871307373047,30.327224731445312,30.84276580810547
2018-05-01,1.5874998569488525,CHIRPS-2.0-global-daily-tif-p05-crop,98.66454315185547,99.18871307373047,30.327224731445312,30.84276580810547
2018-05-02,4.211195945739746,CHIRPS-2.0-global-daily-tif-p05-crop,98.66454315185547,99.18871307373047,30.327224731445312,30.84276580810547
2018-05-03,0.0,CHIRPS-2.0-global-daily-tif-p05-crop,98.66454315185547,99.18871307373047,30.327224731445312,30.84276580810547
2018-05-04,0.0,CHIRPS-2.0-global-daily-tif-p05-crop,98.66454315185547,99.18871307373047,30.327224731445312,30.84276580810547
2018-05-05,8.553350448608398,CHIRPS-2.0-global-daily-tif-p05-crop,98.66454315185547,99.18871307373047,30.327224731445312,30.84276580810547
2018-05-06,1.571656584739685,CHIRPS-2.0-global-daily-tif-p05-crop,98.66454315185547,99.18871307373047,30.327224731445312,30.84276580810547
2018-05-07,2.9922409057617188,CHIRPS-2.0-global-daily-tif-p05-crop,98.66454315185547,99.18871307373047,30.327224731445312,30.84276580810547
2018-05-08,1.5968017578125,CHIRPS-2.0-global-daily-tif-p05-crop,98.66454315185547,99.18871307373047,30.327224731445312,30.84276580810547
2018-05-09,1.1948004961013794,CHIRPS-2.0-global-daily-tif-p05-crop,98.66454315185547,99.18871307373047,30.327224731445312,30.84276580810547
2018-05-10,0.0,CHIRPS-2.0-global-daily-tif-p05-crop,98.66454315185547,99.18871307373047,30.327224731445312,30.84276580810547
2018-05-11,2.995272159576416,CHIRPS-2.0-global-daily-tif-p05-crop,98.66454315185547,99.18871307373047,30.327224731445312,30.84276580810547
2018-05-12,0.0,CHIRPS-2.0-global-daily-tif-p05-crop,98.66454315185547,99.18871307373047,30.327224731445312,30.84276580810547
2018-05-13,2.3520851135253906,CHIRPS-2.0-global-daily-tif-p05-crop,98.66454315185547,99.18871307373047,30.327224731445312,30.84276580810547
2018-05-14,5.407499313354492,CHIRPS-2.0-global-daily-tif-p05-crop,98.66454315185547,99.18871307373047,30.327224731445312,30.84276580810547
2018-05-15,0.0,CHIRPS-2.0-global-daily-tif-p05-crop,98.66454315185547,99.18871307373047,30.327224731445312,30.84276580810547
2018-05-16,0.0,CHIRPS-2.0-global-daily-tif-p05-crop,98.66454315185547,99.18871307373047,30.327224731445312,30.84276580810547
2018-05-17,0.0,CHIRPS-2.0-global-daily-tif-p05-crop,98.66454315185547,99.18871307373047,30.327224731445312,30.84276580810547
2018-05-18,0.0,CHIRPS-2.0-global-daily-tif-p05-crop,98.66454315185547,99.18871307373047,30.327224731445312,30.84276580810547
2018-05-19,0.0,CHIRPS-2.0-global-daily-tif-p05-crop,98.66454315185547,99.18871307373047,30.327224731445312,30.84276580810547
2018-05-20,0.0,CHIRPS-2.0-global-daily-tif-p05-crop,98.66454315185547,99.18871307373047,30.327224731445312,30.84276580810547
2018-05-21,0.0,CHIRPS-2.0-global-daily-tif-p05-crop,98.66454315185547,99.18871307373047,30.327224731445312,30.84276580810547
2018-05-22,2.9676616191864014,CHIRPS-2.0-global-daily-tif-p05-crop,98.66454315185547,99.18871307373047,30.327224731445312,30.84276580810547
2018-05-23,1.8617050647735596,CHIRPS-2.0-global-daily-tif-p05-crop,98.66454315185547,99.18871307373047,30.327224731445312,30.84276580810547
2018-05-24,0.0,CHIRPS-2.0-global-daily-tif-p05-crop,98.66454315185547,99.18871307373047,30.327224731445312,30.84276580810547
2018-05-25,0.0,CHIRPS-2.0-global-daily-tif-p05-crop,98.66454315185547,99.18871307373047,30.327224731445312,30.84276580810547
2018-05-26,0.0,CHIRPS-2.0-global-daily-tif-p05-crop,98.66454315185547,99.18871307373047,30.327224731445312,30.84276580810547
2018-05-27,3.1042542457580566,CHIRPS-2.0-global-daily-tif-p05-crop,98.66454315185547,99.18871307373047,30.327224731445312,30.84276580810547
2018-05-28,0.0,CHIRPS-2.0-global-daily-tif-p05-crop,98.66454315185547,99.18871307373047,30.327224731445312,30.84276580810547
2018-05-29,1.304884672164917,CHIRPS-2.0-global-daily-tif-p05-crop,98.66454315185547,99.18871307373047,30.327224731445312,30.84276580810547
2018-05-30,2.9996440410614014,CHIRPS-2.0-global-daily-tif-p05-crop,98.66454315185547,99.18871307373047,30.327224731445312,30.84276580810547
2018-05-31,0.0,CHIRPS-2.0-global-daily-tif-p05-crop,98.66454315185547,99.18871307373047,30.327224731445312,30.84276580810547
2018-06-01,0.0,CHIRPS-2.0-global-daily-tif-p05-crop,98.66454315185547,99.18871307373047,30.327224731445312,30.84276580810547
2018-06-02,4.248754978179932,CHIRPS-2.0-global-daily-tif-p05-crop,98.66454315185547,99.18871307373047,30.327224731445312,30.84276580810547
2018-06-03,0.0,CHIRPS-2.0-global-daily-tif-p05-crop,98.66454315185547,99.18871307373047,30.327224731445312,30.84276580810547
2018-06-04,0.0,CHIRPS-2.0-global-daily-tif-p05-crop,98.66454315185547,99.18871307373047,30.327224731445312,30.84276580810547
2018-06-05,0.0,CHIRPS-2.0-global-daily-tif-p05-crop,98.66454315185547,99.18871307373047,30.327224731445312,30.84276580810547
2018-06-06,0.0,CHIRPS-2.0-global-daily-tif-p05-crop,98.66454315185547,99.18871307373047,30.327224731445312,30.84276580810547
2018-06-07,0.0,CHIRPS-2.0-global-daily-tif-p05-crop,98.66454315185547,99.18871307373047,30.327224731445312,30.84276580810547
2018-06-08,0.0,CHIRPS-2.0-global-daily-tif-p05-crop,98.66454315185547,99.18871307373047,30.327224731445312,30.84276580810547
2018-06-09,0.0,CHIRPS-2.0-global-daily-tif-p05-crop,98.66454315185547,99.18871307373047,30.327224731445312,30.84276580810547
2018-06-10,0.0,CHIRPS-2.0-global-daily-tif-p05-crop,98.66454315185547,99.18871307373047,30.327224731445312,30.84276580810547
2018-06-11,0.24055302143096924,CHIRPS-2.0-global-daily-tif-p05-crop,98.66454315185547,99.18871307373047,30.327224731445312,30.84276580810547
2018-06-12,18.61100959777832,CHIRPS-2.0-global-daily-tif-p05-crop,98.66454315185547,99.18871307373047,30.327224731445312,30.84276580810547
2018-06-13,16.11604881286621,CHIRPS-2.0-global-daily-tif-p05-crop,98.66454315185547,99.18871307373047,30.327224731445312,30.84276580810547
2018-06-14,12.704085350036621,CHIRPS-2.0-global-daily-tif-p05-crop,98.66454315185547,99.18871307373047,30.327224731445312,30.84276580810547
2018-06-15,0.0,CHIRPS-2.0-global-daily-tif-p05-crop,98.66454315185547,99.18871307373047,30.327224731445312,30.84276580810547
2018-06-16,3.5657482147216797,CHIRPS-2.0-global-daily-tif-p05-crop,98.66454315185547,99.18871307373047,30.327224731445312,30.84276580810547
2018-06-17,1.4413349628448486,CHIRPS-2.0-global-daily-tif-p05-crop,98.66454315185547,99.18871307373047,30.327224731445312,30.84276580810547
2018-06-18,0.15007759630680084,CHIRPS-2.0-global-daily-tif-p05-crop,98.66454315185547,99.18871307373047,30.327224731445312,30.84276580810547
2018-06-19,0.0,CHIRPS-2.0-global-daily-tif-p05-crop,98.66454315185547,99.18871307373047,30.327224731445312,30.84276580810547
2018-06-20,10.269048690795898,CHIRPS-2.0-global-daily-tif-p05-crop,98.66454315185547,99.18871307373047,30.327224731445312,30.84276580810547
2018-06-21,1.77016019821167,CHIRPS-2.0-global-daily-tif-p05-crop,98.66454315185547,99.18871307373047,30.327224731445312,30.84276580810547
2018-06-22,8.500715255737305,CHIRPS-2.0-global-daily-tif-p05-crop,98.66454315185547,99.18871307373047,30.327224731445312,30.84276580810547
2018-06-23,9.08421516418457,CHIRPS-2.0-global-daily-tif-p05-crop,98.66454315185547,99.18871307373047,30.327224731445312,30.84276580810547
2018-06-24,0.6138061285018921,CHIRPS-2.0-global-daily-tif-p05-crop,98.66454315185547,99.18871307373047,30.327224731445312,30.84276580810547
2018-06-25,3.4361040592193604,CHIRPS-2.0-global-daily-tif-p05-crop,98.66454315185547,99.18871307373047,30.327224731445312,30.84276580810547
2018-06-26,4.104615211486816,CHIRPS-2.0-global-daily-tif-p05-crop,98.66454315185547,99.18871307373047,30.327224731445312,30.84276580810547
2018-06-27,5.645659923553467,CHIRPS-2.0-global-daily-tif-p05-crop,98.66454315185547,99.18871307373047,30.327224731445312,30.84276580810547
2018-06-28,2.1227006912231445,CHIRPS-2.0-global-daily-tif-p05-crop,98.66454315185547,99.18871307373047,30.327224731445312,30.84276580810547
2018-06-29,14.438455581665039,CHIRPS-2.0-global-daily-tif-p05-crop,98.66454315185547,99.18871307373047,30.327224731445312,30.84276580810547
2018-06-30,2.5438597202301025,CHIRPS-2.0-global-daily-tif-p05-crop,98.66454315185547,99.18871307373047,30.327224731445312,30.84276580810547
2018-07-01,13.98158073425293,CHIRPS-2.0-global-daily-tif-p05-crop,98.66454315185547,99.18871307373047,30.327224731445312,30.84276580810547
2018-07-02,8.096303939819336,CHIRPS-2.0-global-daily-tif-p05-crop,98.66454315185547,99.18871307373047,30.327224731445312,30.84276580810547
2018-07-03,14.840946197509766,CHIRPS-2.0-global-daily-tif-p05-crop,98.66454315185547,99.18871307373047,30.327224731445312,30.84276580810547
2018-07-04,9.267318725585938,CHIRPS-2.0-global-daily-tif-p05-crop,98.66454315185547,99.18871307373047,30.327224731445312,30.84276580810547
2018-07-05,8.065084457397461,CHIRPS-2.0-global-daily-tif-p05-crop,98.66454315185547,99.18871307373047,30.327224731445312,30.84276580810547
2018-07-06,7.802073001861572,CHIRPS-2.0-global-daily-tif-p05-crop,98.66454315185547,99.18871307373047,30.327224731445312,30.84276580810547
2018-07-07,10.193984985351562,CHIRPS-2.0-global-daily-tif-p05-crop,98.66454315185547,99.18871307373047,30.327224731445312,30.84276580810547
2018-07-08,16.229902267456055,CHIRPS-2.0-global-daily-tif-p05-crop,98.66454315185547,99.18871307373047,30.327224731445312,30.84276580810547
2018-07-09,10.600954055786133,CHIRPS-2.0-global-daily-tif-p05-crop,98.66454315185547,99.18871307373047,30.327224731445312,30.84276580810547
2018-07-10,12.033026695251465,CHIRPS-2.0-global-daily-tif-p05-crop,98.66454315185547,99.18871307373047,30.327224731445312,30.84276580810547
2018-07-11,9.916393280029297,CHIRPS-2.0-global-daily-tif-p05-crop,98.66454315185547,99.18871307373047,30.327224731445312,30.84276580810547
2018-07-12,8.088186264038086,CHIRPS-2.0-global-daily-tif-p05-crop,98.66454315185547,99.18871307373047,30.327224731445312,30.84276580810547
2018-07-13,1.1249768733978271,CHIRPS-2.0-global-daily-tif-p05-crop,98.66454315185547,99.18871307373047,30.327224731445312,30.84276580810547
2018-07-14,17.360410690307617,CHIRPS-2.0-global-daily-tif-p05-crop,98.66454315185547,99.18871307373047,30.327224731445312,30.84276580810547
2018-07-15,4.291580677032471,CHIRPS-2.0-global-daily-tif-p05-crop,98.66454315185547,99.18871307373047,30.327224731445312,30.84276580810547
2018-07-16,4.929129123687744,CHIRPS-2.0-global-daily-tif-p05-crop,98.66454315185547,99.18871307373047,30.327224731445312,30.84276580810547
2018-07-17,2.5132501125335693,CHIRPS-2.0-global-daily-tif-p05-crop,98.66454315185547,99.18871307373047,30.327224731445312,30.84276580810547
2018-07-18,17.49700355529785,CHIRPS-2.0-global-daily-tif-p05-crop,98.66454315185547,99.18871307373047,30.327224731445312,30.84276580810547
2018-07-19,4.750243663787842,CHIRPS-2.0-global-daily-tif-p05-crop,98.66454315185547,99.18871307373047,30.327224731445312,30.84276580810547
2018-07-20,4.238468170166016,CHIRPS-2.0-global-daily-tif-p05-crop,98.66454315185547,99.18871307373047,30.327224731445312,30.84276580810547
2018-07-21,14.620186805725098,CHIRPS-2.0-global-daily-tif-p05-crop,98.66454315185547,99.18871307373047,30.327224731445312,30.84276580810547
2018-07-22,14.528707504272461,CHIRPS-2.0-global-daily-tif-p05-crop,98.66454315185547,99.18871307373047,30.327224731445312,30.84276580810547
2018-07-23,0.0,CHIRPS-2.0-global-daily-tif-p05-crop,98.66454315185547,99.18871307373047,30.327224731445312,30.84276580810547
2018-07-24,0.0,CHIRPS-2.0-global-daily-tif-p05-crop,98.66454315185547,99.18871307373047,30.327224731445312,30.84276580810547
2018-07-25,0.04998793825507164,CHIRPS-2.0-global-daily-tif-p05-crop,98.66454315185547,99.18871307373047,30.327224731445312,30.84276580810547
2018-07-26,2.431445360183716,CHIRPS-2.0-global-daily-tif-p05-crop,98.66454315185547,99.18871307373047,30.327224731445312,30.84276580810547
2018-07-27,6.459284782409668,CHIRPS-2.0-global-daily-tif-p05-crop,98.66454315185547,99.18871307373047,30.327224731445312,30.84276580810547
2018-07-28,4.449408531188965,CHIRPS-2.0-global-daily-tif-p05-crop,98.66454315185547,99.18871307373047,30.327224731445312,30.84276580810547
2018-07-29,1.446441650390625,CHIRPS-2.0-global-daily-tif-p05-crop,98.66454315185547,99.18871307373047,30.327224731445312,30.84276580810547
2018-07-30,0.9115243554115295,CHIRPS-2.0-global-daily-tif-p05-crop,98.66454315185547,99.18871307373047,30.327224731445312,30.84276580810547
2018-07-31,10.257344245910645,CHIRPS-2.0-global-daily-tif-p05-crop,98.66454315185547,99.18871307373047,30.327224731445312,30.84276580810547
2018-08-01,17.558530807495117,CHIRPS-2.0-global-daily-tif-p05-crop,98.66454315185547,99.18871307373047,30.327224731445312,30.84276580810547
2018-08-02,8.32254695892334,CHIRPS-2.0-global-daily-tif-p05-crop,98.66454315185547,99.18871307373047,30.327224731445312,30.84276580810547
2018-08-03,7.0682477951049805,CHIRPS-2.0-global-daily-tif-p05-crop,98.66454315185547,99.18871307373047,30.327224731445312,30.84276580810547
2018-08-04,6.196706295013428,CHIRPS-2.0-global-daily-tif-p05-crop,98.66454315185547,99.18871307373047,30.327224731445312,30.84276580810547
2018-08-05,1.012831687927246,CHIRPS-2.0-global-daily-tif-p05-crop,98.66454315185547,99.18871307373047,30.327224731445312,30.84276580810547
2018-08-06,2.018911123275757,CHIRPS-2.0-global-daily-tif-p05-crop,98.66454315185547,99.18871307373047,30.327224731445312,30.84276580810547
2018-08-07,6.098968029022217,CHIRPS-2.0-global-daily-tif-p05-crop,98.66454315185547,99.18871307373047,30.327224731445312,30.84276580810547
2018-08-08,0.16486220061779022,CHIRPS-2.0-global-daily-tif-p05-crop,98.66454315185547,99.18871307373047,30.327224731445312,30.84276580810547
2018-08-09,6.680807113647461,CHIRPS-2.0-global-daily-tif-p05-crop,98.66454315185547,99.18871307373047,30.327224731445312,30.84276580810547
2018-08-10,5.826286315917969,CHIRPS-2.0-global-daily-tif-p05-crop,98.66454315185547,99.18871307373047,30.327224731445312,30.84276580810547
2018-08-11,10.819979667663574,CHIRPS-2.0-global-daily-tif-p05-crop,98.66454315185547,99.18871307373047,30.327224731445312,30.84276580810547
2018-08-12,19.577476501464844,CHIRPS-2.0-global-daily-tif-p05-crop,98.66454315185547,99.18871307373047,30.327224731445312,30.84276580810547
2018-08-13,0.0,CHIRPS-2.0-global-daily-tif-p05-crop,98.66454315185547,99.18871307373047,30.327224731445312,30.84276580810547
2018-08-14,0.0,CHIRPS-2.0-global-daily-tif-p05-crop,98.66454315185547,99.18871307373047,30.327224731445312,30.84276580810547
2018-08-15,0.2739964723587036,CHIRPS-2.0-global-daily-tif-p05-crop,98.66454315185547,99.18871307373047,30.327224731445312,30.84276580810547
2018-08-16,9.877839088439941,CHIRPS-2.0-global-daily-tif-p05-crop,98.66454315185547,99.18871307373047,30.327224731445312,30.84276580810547
2018-08-17,1.7137776613235474,CHIRPS-2.0-global-daily-tif-p05-crop,98.66454315185547,99.18871307373047,30.327224731445312,30.84276580810547
2018-08-18,2.10880184173584,CHIRPS-2.0-global-daily-tif-p05-crop,98.66454315185547,99.18871307373047,30.327224731445312,30.84276580810547
2018-08-19,1.7809725999832153,CHIRPS-2.0-global-daily-tif-p05-crop,98.66454315185547,99.18871307373047,30.327224731445312,30.84276580810547
2018-08-20,1.8476152420043945,CHIRPS-2.0-global-daily-tif-p05-crop,98.66454315185547,99.18871307373047,30.327224731445312,30.84276580810547
2018-08-21,0.23509232699871063,CHIRPS-2.0-global-daily-tif-p05-crop,98.66454315185547,99.18871307373047,30.327224731445312,30.84276580810547
2018-08-22,0.0,CHIRPS-2.0-global-daily-tif-p05-crop,98.66454315185547,99.18871307373047,30.327224731445312,30.84276580810547
2018-08-23,0.6199485063552856,CHIRPS-2.0-global-daily-tif-p05-crop,98.66454315185547,99.18871307373047,30.327224731445312,30.84276580810547
2018-08-24,1.1262285709381104,CHIRPS-2.0-global-daily-tif-p05-crop,98.66454315185547,99.18871307373047,30.327224731445312,30.84276580810547
2018-08-25,9.084692001342773,CHIRPS-2.0-global-daily-tif-p05-crop,98.66454315185547,99.18871307373047,30.327224731445312,30.84276580810547
2018-08-26,3.7694456577301025,CHIRPS-2.0-global-daily-tif-p05-crop,98.66454315185547,99.18871307373047,30.327224731445312,30.84276580810547
2018-08-27,9.004817962646484,CHIRPS-2.0-global-daily-tif-p05-crop,98.66454315185547,99.18871307373047,30.327224731445312,30.84276580810547
2018-08-28,2.3736588954925537,CHIRPS-2.0-global-daily-tif-p05-crop,98.66454315185547,99.18871307373047,30.327224731445312,30.84276580810547
2018-08-29,0.45536041259765625,CHIRPS-2.0-global-daily-tif-p05-crop,98.66454315185547,99.18871307373047,30.327224731445312,30.84276580810547
2018-08-30,0.27178946137428284,CHIRPS-2.0-global-daily-tif-p05-crop,98.66454315185547,99.18871307373047,30.327224731445312,30.84276580810547
2018-08-31,0.0,CHIRPS-2.0-global-daily-tif-p05-crop,98.66454315185547,99.18871307373047,30.327224731445312,30.84276580810547
2018-09-01,1.3130154609680176,CHIRPS-2.0-global-daily-tif-p05-crop,98.66454315185547,99.18871307373047,30.327224731445312,30.84276580810547
2018-09-02,0.0,CHIRPS-2.0-global-daily-tif-p05-crop,98.66454315185547,99.18871307373047,30.327224731445312,30.84276580810547
2018-09-03,0.0,CHIRPS-2.0-global-daily-tif-p05-crop,98.66454315185547,99.18871307373047,30.327224731445312,30.84276580810547
2018-09-04,0.0,CHIRPS-2.0-global-daily-tif-p05-crop,98.66454315185547,99.18871307373047,30.327224731445312,30.84276580810547
2018-09-05,13.87684440612793,CHIRPS-2.0-global-daily-tif-p05-crop,98.66454315185547,99.18871307373047,30.327224731445312,30.84276580810547
2018-09-06,4.740200042724609,CHIRPS-2.0-global-daily-tif-p05-crop,98.66454315185547,99.18871307373047,30.327224731445312,30.84276580810547
2018-09-07,6.434534549713135,CHIRPS-2.0-global-daily-tif-p05-crop,98.66454315185547,99.18871307373047,30.327224731445312,30.84276580810547
2018-09-08,14.490421295166016,CHIRPS-2.0-global-daily-tif-p05-crop,98.66454315185547,99.18871307373047,30.327224731445312,30.84276580810547
2018-09-09,9.556968688964844,CHIRPS-2.0-global-daily-tif-p05-crop,98.66454315185547,99.18871307373047,30.327224731445312,30.84276580810547
2018-09-10,14.66887092590332,CHIRPS-2.0-global-daily-tif-p05-crop,98.66454315185547,99.18871307373047,30.327224731445312,30.84276580810547
2018-09-11,12.53720474243164,CHIRPS-2.0-global-daily-tif-p05-crop,98.66454315185547,99.18871307373047,30.327224731445312,30.84276580810547
2018-09-12,13.174140930175781,CHIRPS-2.0-global-daily-tif-p05-crop,98.66454315185547,99.18871307373047,30.327224731445312,30.84276580810547
2018-09-13,1.5638799667358398,CHIRPS-2.0-global-daily-tif-p05-crop,98.66454315185547,99.18871307373047,30.327224731445312,30.84276580810547
2018-09-14,0.8224388957023621,CHIRPS-2.0-global-daily-tif-p05-crop,98.66454315185547,99.18871307373047,30.327224731445312,30.84276580810547
2018-09-15,0.0,CHIRPS-2.0-global-daily-tif-p05-crop,98.66454315185547,99.18871307373047,30.327224731445312,30.84276580810547
2018-09-16,0.0,CHIRPS-2.0-global-daily-tif-p05-crop,98.66454315185547,99.18871307373047,30.327224731445312,30.84276580810547
2018-09-17,0.0,CHIRPS-2.0-global-daily-tif-p05-crop,98.66454315185547,99.18871307373047,30.327224731445312,30.84276580810547
2018-09-18,0.0,CHIRPS-2.0-global-daily-tif-p05-crop,98.66454315185547,99.18871307373047,30.327224731445312,30.84276580810547
2018-09-19,0.35900455713272095,CHIRPS-2.0-global-daily-tif-p05-crop,98.66454315185547,99.18871307373047,30.327224731445312,30.84276580810547
2018-09-20,0.0,CHIRPS-2.0-global-daily-tif-p05-crop,98.66454315185547,99.18871307373047,30.327224731445312,30.84276580810547
2018-09-21,0.0,CHIRPS-2.0-global-daily-tif-p05-crop,98.66454315185547,99.18871307373047,30.327224731445312,30.84276580810547
2018-09-22,0.3268832266330719,CHIRPS-2.0-global-daily-tif-p05-crop,98.66454315185547,99.18871307373047,30.327224731445312,30.84276580810547
2018-09-23,7.916092395782471,CHIRPS-2.0-global-daily-tif-p05-crop,98.66454315185547,99.18871307373047,30.327224731445312,30.84276580810547
2018-09-24,9.816587448120117,CHIRPS-2.0-global-daily-tif-p05-crop,98.66454315185547,99.18871307373047,30.327224731445312,30.84276580810547
2018-09-25,6.4410176277160645,CHIRPS-2.0-global-daily-tif-p05-crop,98.66454315185547,99.18871307373047,30.327224731445312,30.84276580810547
2018-09-26,14.997428894042969,CHIRPS-2.0-global-daily-tif-p05-crop,98.66454315185547,99.18871307373047,30.327224731445312,30.84276580810547
2018-09-27,4.576839447021484,CHIRPS-2.0-global-daily-tif-p05-crop,98.66454315185547,99.18871307373047,30.327224731445312,30.84276580810547
2018-09-28,0.0,CHIRPS-2.0-global-daily-tif-p05-crop,98.66454315185547,99.18871307373047,30.327224731445312,30.84276580810547
2018-09-29,0.5206371545791626,CHIRPS-2.0-global-daily-tif-p05-crop,98.66454315185547,99.18871307373047,30.327224731445312,30.84276580810547
2018-09-30,0.0,CHIRPS-2.0-global-daily-tif-p05-crop,98.66454315185547,99.18871307373047,30.327224731445312,30.84276580810547
2018-10-01,1.7835745811462402,CHIRPS-2.0-global-daily-tif-p05-crop,98.66454315185547,99.18871307373047,30.327224731445312,30.84276580810547
2018-10-02,6.510218143463135,CHIRPS-2.0-global-daily-tif-p05-crop,98.66454315185547,99.18871307373047,30.327224731445312,30.84276580810547
2018-10-03,7.643106937408447,CHIRPS-2.0-global-daily-tif-p05-crop,98.66454315185547,99.18871307373047,30.327224731445312,30.84276580810547
2018-10-04,0.0,CHIRPS-2.0-global-daily-tif-p05-crop,98.66454315185547,99.18871307373047,30.327224731445312,30.84276580810547
2018-10-05,0.0,CHIRPS-2.0-global-daily-tif-p05-crop,98.66454315185547,99.18871307373047,30.327224731445312,30.84276580810547
2018-10-06,0.0,CHIRPS-2.0-global-daily-tif-p05-crop,98.66454315185547,99.18871307373047,30.327224731445312,30.84276580810547
2018-10-07,0.0,CHIRPS-2.0-global-daily-tif-p05-crop,98.66454315185547,99.18871307373047,30.327224731445312,30.84276580810547
2018-10-08,0.33743569254875183,CHIRPS-2.0-global-daily-tif-p05-crop,98.66454315185547,99.18871307373047,30.327224731445312,30.84276580810547
2018-10-09,2.4121618270874023,CHIRPS-2.0-global-daily-tif-p05-crop,98.66454315185547,99.18871307373047,30.327224731445312,30.84276580810547
2018-10-10,0.0,CHIRPS-2.0-global-daily-tif-p05-crop,98.66454315185547,99.18871307373047,30.327224731445312,30.84276580810547
2018-10-11,0.0,CHIRPS-2.0-global-daily-tif-p05-crop,98.66454315185547,99.18871307373047,30.327224731445312,30.84276580810547
2018-10-12,3.6046581268310547,CHIRPS-2.0-global-daily-tif-p05-crop,98.66454315185547,99.18871307373047,30.327224731445312,30.84276580810547
2018-10-13,0.0,CHIRPS-2.0-global-daily-tif-p05-crop,98.66454315185547,99.18871307373047,30.327224731445312,30.84276580810547
2018-10-14,0.0,CHIRPS-2.0-global-daily-tif-p05-crop,98.66454315185547,99.18871307373047,30.327224731445312,30.84276580810547
2018-10-15,0.0,CHIRPS-2.0-global-daily-tif-p05-crop,98.66454315185547,99.18871307373047,30.327224731445312,30.84276580810547
2018-10-16,0.0,CHIRPS-2.0-global-daily-tif-p05-crop,98.66454315185547,99.18871307373047,30.327224731445312,30.84276580810547
2018-10-17,0.0,CHIRPS-2.0-global-daily-tif-p05-crop,98.66454315185547,99.18871307373047,30.327224731445312,30.84276580810547
2018-10-18,0.823788583278656,CHIRPS-2.0-global-daily-tif-p05-crop,98.66454315185547,99.18871307373047,30.327224731445312,30.84276580810547
2018-10-19,0.0,CHIRPS-2.0-global-daily-tif-p05-crop,98.66454315185547,99.18871307373047,30.327224731445312,30.84276580810547
2018-10-20,0.0,CHIRPS-2.0-global-daily-tif-p05-crop,98.66454315185547,99.18871307373047,30.327224731445312,30.84276580810547
2018-10-21,2.345421552658081,CHIRPS-2.0-global-daily-tif-p05-crop,98.66454315185547,99.18871307373047,30.327224731445312,30.84276580810547
2018-10-22,0.0,CHIRPS-2.0-global-daily-tif-p05-crop,98.66454315185547,99.18871307373047,30.327224731445312,30.84276580810547
2018-10-23,0.0,CHIRPS-2.0-global-daily-tif-p05-crop,98.66454315185547,99.18871307373047,30.327224731445312,30.84276580810547
2018-10-24,0.0,CHIRPS-2.0-global-daily-tif-p05-crop,98.66454315185547,99.18871307373047,30.327224731445312,30.84276580810547
2018-10-25,0.0,CHIRPS-2.0-global-daily-tif-p05-crop,98.66454315185547,99.18871307373047,30.327224731445312,30.84276580810547
2018-10-26,0.0,CHIRPS-2.0-global-daily-tif-p05-crop,98.66454315185547,99.18871307373047,30.327224731445312,30.84276580810547
2018-10-27,0.0,CHIRPS-2.0-global-daily-tif-p05-crop,98.66454315185547,99.18871307373047,30.327224731445312,30.84276580810547
2018-10-28,0.0,CHIRPS-2.0-global-daily-tif-p05-crop,98.66454315185547,99.18871307373047,30.327224731445312,30.84276580810547
2018-10-29,10.759060859680176,CHIRPS-2.0-global-daily-tif-p05-crop,98.66454315185547,99.18871307373047,30.327224731445312,30.84276580810547
2018-10-30,0.0,CHIRPS-2.0-global-daily-tif-p05-crop,98.66454315185547,99.18871307373047,30.327224731445312,30.84276580810547
2018-10-31,0.0,CHIRPS-2.0-global-daily-tif-p05-crop,98.66454315185547,99.18871307373047,30.327224731445312,30.84276580810547
2018-11-01,0.0,CHIRPS-2.0-global-daily-tif-p05-crop,98.66454315185547,99.18871307373047,30.327224731445312,30.84276580810547
2018-11-02,0.0,CHIRPS-2.0-global-daily-tif-p05-crop,98.66454315185547,99.18871307373047,30.327224731445312,30.84276580810547
2018-11-03,0.0,CHIRPS-2.0-global-daily-tif-p05-crop,98.66454315185547,99.18871307373047,30.327224731445312,30.84276580810547
2018-11-04,0.8953890800476074,CHIRPS-2.0-global-daily-tif-p05-crop,98.66454315185547,99.18871307373047,30.327224731445312,30.84276580810547
2018-11-05,0.061538174748420715,CHIRPS-2.0-global-daily-tif-p05-crop,98.66454315185547,99.18871307373047,30.327224731445312,30.84276580810547
2018-11-06,0.7699028849601746,CHIRPS-2.0-global-daily-tif-p05-crop,98.66454315185547,99.18871307373047,30.327224731445312,30.84276580810547
2018-11-07,0.0,CHIRPS-2.0-global-daily-tif-p05-crop,98.66454315185547,99.18871307373047,30.327224731445312,30.84276580810547
2018-11-08,0.0,CHIRPS-2.0-global-daily-tif-p05-crop,98.66454315185547,99.18871307373047,30.327224731445312,30.84276580810547
2018-11-09,0.0,CHIRPS-2.0-global-daily-tif-p05-crop,98.66454315185547,99.18871307373047,30.327224731445312,30.84276580810547
2018-11-10,0.0,CHIRPS-2.0-global-daily-tif-p05-crop,98.66454315185547,99.18871307373047,30.327224731445312,30.84276580810547
2018-11-11,0.0,CHIRPS-2.0-global-daily-tif-p05-crop,98.66454315185547,99.18871307373047,30.327224731445312,30.84276580810547
2018-11-12,0.0,CHIRPS-2.0-global-daily-tif-p05-crop,98.66454315185547,99.18871307373047,30.327224731445312,30.84276580810547
2018-11-13,0.0,CHIRPS-2.0-global-daily-tif-p05-crop,98.66454315185547,99.18871307373047,30.327224731445312,30.84276580810547
2018-11-14,0.0,CHIRPS-2.0-global-daily-tif-p05-crop,98.66454315185547,99.18871307373047,30.327224731445312,30.84276580810547
2018-11-15,0.0,CHIRPS-2.0-global-daily-tif-p05-crop,98.66454315185547,99.18871307373047,30.327224731445312,30.84276580810547
2018-11-16,0.08180944621562958,CHIRPS-2.0-global-daily-tif-p05-crop,98.66454315185547,99.18871307373047,30.327224731445312,30.84276580810547
2018-11-17,0.8919966220855713,CHIRPS-2.0-global-daily-tif-p05-crop,98.66454315185547,99.18871307373047,30.327224731445312,30.84276580810547
2018-11-18,0.057947609573602676,CHIRPS-2.0-global-daily-tif-p05-crop,98.66454315185547,99.18871307373047,30.327224731445312,30.84276580810547
2018-11-19,0.0,CHIRPS-2.0-global-daily-tif-p05-crop,98.66454315185547,99.18871307373047,30.327224731445312,30.84276580810547
2018-11-20,0.0,CHIRPS-2.0-global-daily-tif-p05-crop,98.66454315185547,99.18871307373047,30.327224731445312,30.84276580810547
2018-11-21,0.0,CHIRPS-2.0-global-daily-tif-p05-crop,98.66454315185547,99.18871307373047,30.327224731445312,30.84276580810547
2018-11-22,0.0,CHIRPS-2.0-global-daily-tif-p05-crop,98.66454315185547,99.18871307373047,30.327224731445312,30.84276580810547
2018-11-23,0.0,CHIRPS-2.0-global-daily-tif-p05-crop,98.66454315185547,99.18871307373047,30.327224731445312,30.84276580810547
2018-11-24,0.0,CHIRPS-2.0-global-daily-tif-p05-crop,98.66454315185547,99.18871307373047,30.327224731445312,30.84276580810547
2018-11-25,0.0,CHIRPS-2.0-global-daily-tif-p05-crop,98.66454315185547,99.18871307373047,30.327224731445312,30.84276580810547
2018-11-26,0.05049074813723564,CHIRPS-2.0-global-daily-tif-p05-crop,98.66454315185547,99.18871307373047,30.327224731445312,30.84276580810547
2018-11-27,0.0,CHIRPS-2.0-global-daily-tif-p05-crop,98.66454315185547,99.18871307373047,30.327224731445312,30.84276580810547
2018-11-28,0.0,CHIRPS-2.0-global-daily-tif-p05-crop,98.66454315185547,99.18871307373047,30.327224731445312,30.84276580810547
2018-11-29,0.014779056422412395,CHIRPS-2.0-global-daily-tif-p05-crop,98.66454315185547,99.18871307373047,30.327224731445312,30.84276580810547
2018-11-30,0.0,CHIRPS-2.0-global-daily-tif-p05-crop,98.66454315185547,99.18871307373047,30.327224731445312,30.84276580810547
2018-12-01,0.0,CHIRPS-2.0-global-daily-tif-p05-crop,98.66454315185547,99.18871307373047,30.327224731445312,30.84276580810547
2018-12-02,0.1749391108751297,CHIRPS-2.0-global-daily-tif-p05-crop,98.66454315185547,99.18871307373047,30.327224731445312,30.84276580810547
2018-12-03,0.0,CHIRPS-2.0-global-daily-tif-p05-crop,98.66454315185547,99.18871307373047,30.327224731445312,30.84276580810547
2018-12-04,0.0,CHIRPS-2.0-global-daily-tif-p05-crop,98.66454315185547,99.18871307373047,30.327224731445312,30.84276580810547
2018-12-05,0.0,CHIRPS-2.0-global-daily-tif-p05-crop,98.66454315185547,99.18871307373047,30.327224731445312,30.84276580810547
2018-12-06,0.0,CHIRPS-2.0-global-daily-tif-p05-crop,98.66454315185547,99.18871307373047,30.327224731445312,30.84276580810547
2018-12-07,0.0,CHIRPS-2.0-global-daily-tif-p05-crop,98.66454315185547,99.18871307373047,30.327224731445312,30.84276580810547
2018-12-08,0.0,CHIRPS-2.0-global-daily-tif-p05-crop,98.66454315185547,99.18871307373047,30.327224731445312,30.84276580810547
2018-12-09,0.0,CHIRPS-2.0-global-daily-tif-p05-crop,98.66454315185547,99.18871307373047,30.327224731445312,30.84276580810547
2018-12-10,0.0,CHIRPS-2.0-global-daily-tif-p05-crop,98.66454315185547,99.18871307373047,30.327224731445312,30.84276580810547
2018-12-11,0.0,CHIRPS-2.0-global-daily-tif-p05-crop,98.66454315185547,99.18871307373047,30.327224731445312,30.84276580810547
2018-12-12,0.0,CHIRPS-2.0-global-daily-tif-p05-crop,98.66454315185547,99.18871307373047,30.327224731445312,30.84276580810547
2018-12-13,0.0,CHIRPS-2.0-global-daily-tif-p05-crop,98.66454315185547,99.18871307373047,30.327224731445312,30.84276580810547
2018-12-14,0.0,CHIRPS-2.0-global-daily-tif-p05-crop,98.66454315185547,99.18871307373047,30.327224731445312,30.84276580810547
2018-12-15,0.0,CHIRPS-2.0-global-daily-tif-p05-crop,98.66454315185547,99.18871307373047,30.327224731445312,30.84276580810547
2018-12-16,0.0,CHIRPS-2.0-global-daily-tif-p05-crop,98.66454315185547,99.18871307373047,30.327224731445312,30.84276580810547
2018-12-17,0.0025201495736837387,CHIRPS-2.0-global-daily-tif-p05-crop,98.66454315185547,99.18871307373047,30.327224731445312,30.84276580810547
2018-12-18,0.641640841960907,CHIRPS-2.0-global-daily-tif-p05-crop,98.66454315185547,99.18871307373047,30.327224731445312,30.84276580810547
2018-12-19,0.0,CHIRPS-2.0-global-daily-tif-p05-crop,98.66454315185547,99.18871307373047,30.327224731445312,30.84276580810547
2018-12-20,0.0,CHIRPS-2.0-global-daily-tif-p05-crop,98.66454315185547,99.18871307373047,30.327224731445312,30.84276580810547
2018-12-21,0.10289483517408371,CHIRPS-2.0-global-daily-tif-p05-crop,98.66454315185547,99.18871307373047,30.327224731445312,30.84276580810547
2018-12-22,0.02915227971971035,CHIRPS-2.0-global-daily-tif-p05-crop,98.66454315185547,99.18871307373047,30.327224731445312,30.84276580810547
2018-12-23,0.0066533163189888,CHIRPS-2.0-global-daily-tif-p05-crop,98.66454315185547,99.18871307373047,30.327224731445312,30.84276580810547
2018-12-24,0.03979456052184105,CHIRPS-2.0-global-daily-tif-p05-crop,98.66454315185547,99.18871307373047,30.327224731445312,30.84276580810547
2018-12-25,0.5110253691673279,CHIRPS-2.0-global-daily-tif-p05-crop,98.66454315185547,99.18871307373047,30.327224731445312,30.84276580810547
2018-12-26,0.0,CHIRPS-2.0-global-daily-tif-p05-crop,98.66454315185547,99.18871307373047,30.327224731445312,30.84276580810547
2018-12-27,0.0,CHIRPS-2.0-global-daily-tif-p05-crop,98.66454315185547,99.18871307373047,30.327224731445312,30.84276580810547
2018-12-28,0.0,CHIRPS-2.0-global-daily-tif-p05-crop,98.66454315185547,99.18871307373047,30.327224731445312,30.84276580810547
2018-12-29,0.07648281008005142,CHIRPS-2.0-global-daily-tif-p05-crop,98.66454315185547,99.18871307373047,30.327224731445312,30.84276580810547
2018-12-30,0.0,CHIRPS-2.0-global-daily-tif-p05-crop,98.66454315185547,99.18871307373047,30.327224731445312,30.84276580810547
2018-12-31,0.0,CHIRPS-2.0-global-daily-tif-p05-crop,98.66454315185547,99.18871307373047,30.327224731445312,30.84276580810547
2019-01-01,0.0,CHIRPS-2.0-global-daily-tif-p05-crop,98.66454315185547,99.18871307373047,30.327224731445312,30.84276580810547
2019-01-02,0.0,CHIRPS-2.0-global-daily-tif-p05-crop,98.66454315185547,99.18871307373047,30.327224731445312,30.84276580810547
2019-01-03,0.0,CHIRPS-2.0-global-daily-tif-p05-crop,98.66454315185547,99.18871307373047,30.327224731445312,30.84276580810547
2019-01-04,0.19522306323051453,CHIRPS-2.0-global-daily-tif-p05-crop,98.66454315185547,99.18871307373047,30.327224731445312,30.84276580810547
2019-01-05,0.0,CHIRPS-2.0-global-daily-tif-p05-crop,98.66454315185547,99.18871307373047,30.327224731445312,30.84276580810547
2019-01-06,0.0,CHIRPS-2.0-global-daily-tif-p05-crop,98.66454315185547,99.18871307373047,30.327224731445312,30.84276580810547
2019-01-07,0.0,CHIRPS-2.0-global-daily-tif-p05-crop,98.66454315185547,99.18871307373047,30.327224731445312,30.84276580810547
2019-01-08,0.0,CHIRPS-2.0-global-daily-tif-p05-crop,98.66454315185547,99.18871307373047,30.327224731445312,30.84276580810547
2019-01-09,0.1264612227678299,CHIRPS-2.0-global-daily-tif-p05-crop,98.66454315185547,99.18871307373047,30.327224731445312,30.84276580810547
2019-01-10,0.0003280845994595438,CHIRPS-2.0-global-daily-tif-p05-crop,98.66454315185547,99.18871307373047,30.327224731445312,30.84276580810547
2019-01-11,0.06050965562462807,CHIRPS-2.0-global-daily-tif-p05-crop,98.66454315185547,99.18871307373047,30.327224731445312,30.84276580810547
2019-01-12,0.0,CHIRPS-2.0-global-daily-tif-p05-crop,98.66454315185547,99.18871307373047,30.327224731445312,30.84276580810547
2019-01-13,0.0,CHIRPS-2.0-global-daily-tif-p05-crop,98.66454315185547,99.18871307373047,30.327224731445312,30.84276580810547
2019-01-14,0.0,CHIRPS-2.0-global-daily-tif-p05-crop,98.66454315185547,99.18871307373047,30.327224731445312,30.84276580810547
2019-01-15,0.0,CHIRPS-2.0-global-daily-tif-p05-crop,98.66454315185547,99.18871307373047,30.327224731445312,30.84276580810547
2019-01-16,0.0,CHIRPS-2.0-global-daily-tif-p05-crop,98.66454315185547,99.18871307373047,30.327224731445312,30.84276580810547
2019-01-17,0.09052833914756775,CHIRPS-2.0-global-daily-tif-p05-crop,98.66454315185547,99.18871307373047,30.327224731445312,30.84276580810547
2019-01-18,0.0,CHIRPS-2.0-global-daily-tif-p05-crop,98.66454315185547,99.18871307373047,30.327224731445312,30.84276580810547
2019-01-19,0.0,CHIRPS-2.0-global-daily-tif-p05-crop,98.66454315185547,99.18871307373047,30.327224731445312,30.84276580810547
2019-01-20,0.0,CHIRPS-2.0-global-daily-tif-p05-crop,98.66454315185547,99.18871307373047,30.327224731445312,30.84276580810547
2019-01-21,0.0,CHIRPS-2.0-global-daily-tif-p05-crop,98.66454315185547,99.18871307373047,30.327224731445312,30.84276580810547
2019-01-22,3.9430477045243606e-05,CHIRPS-2.0-global-daily-tif-p05-crop,98.66454315185547,99.18871307373047,30.327224731445312,30.84276580810547
2019-01-23,0.0,CHIRPS-2.0-global-daily-tif-p05-crop,98.66454315185547,99.18871307373047,30.327224731445312,30.84276580810547
2019-01-24,0.0,CHIRPS-2.0-global-daily-tif-p05-crop,98.66454315185547,99.18871307373047,30.327224731445312,30.84276580810547
2019-01-25,0.0,CHIRPS-2.0-global-daily-tif-p05-crop,98.66454315185547,99.18871307373047,30.327224731445312,30.84276580810547
2019-01-26,0.0,CHIRPS-2.0-global-daily-tif-p05-crop,98.66454315185547,99.18871307373047,30.327224731445312,30.84276580810547
2019-01-27,0.0,CHIRPS-2.0-global-daily-tif-p05-crop,98.66454315185547,99.18871307373047,30.327224731445312,30.84276580810547
2019-01-28,0.0,CHIRPS-2.0-global-daily-tif-p05-crop,98.66454315185547,99.18871307373047,30.327224731445312,30.84276580810547
2019-01-29,0.05643606558442116,CHIRPS-2.0-global-daily-tif-p05-crop,98.66454315185547,99.18871307373047,30.327224731445312,30.84276580810547
2019-01-30,0.2097395360469818,CHIRPS-2.0-global-daily-tif-p05-crop,98.66454315185547,99.18871307373047,30.327224731445312,30.84276580810547
2019-01-31,0.0,CHIRPS-2.0-global-daily-tif-p05-crop,98.66454315185547,99.18871307373047,30.327224731445312,30.84276580810547
2019-02-01,0.0,CHIRPS-2.0-global-daily-tif-p05-crop,98.66454315185547,99.18871307373047,30.327224731445312,30.84276580810547
2019-02-02,0.036547932773828506,CHIRPS-2.0-global-daily-tif-p05-crop,98.66454315185547,99.18871307373047,30.327224731445312,30.84276580810547
2019-02-03,0.0,CHIRPS-2.0-global-daily-tif-p05-crop,98.66454315185547,99.18871307373047,30.327224731445312,30.84276580810547
2019-02-04,0.009000016376376152,CHIRPS-2.0-global-daily-tif-p05-crop,98.66454315185547,99.18871307373047,30.327224731445312,30.84276580810547
2019-02-05,0.042281992733478546,CHIRPS-2.0-global-daily-tif-p05-crop,98.66454315185547,99.18871307373047,30.327224731445312,30.84276580810547
2019-02-06,0.0,CHIRPS-2.0-global-daily-tif-p05-crop,98.66454315185547,99.18871307373047,30.327224731445312,30.84276580810547
2019-02-07,0.0,CHIRPS-2.0-global-daily-tif-p05-crop,98.66454315185547,99.18871307373047,30.327224731445312,30.84276580810547
2019-02-08,0.2197466790676117,CHIRPS-2.0-global-daily-tif-p05-crop,98.66454315185547,99.18871307373047,30.327224731445312,30.84276580810547
2019-02-09,0.0,CHIRPS-2.0-global-daily-tif-p05-crop,98.66454315185547,99.18871307373047,30.327224731445312,30.84276580810547
2019-02-10,0.014363404363393784,CHIRPS-2.0-global-daily-tif-p05-crop,98.66454315185547,99.18871307373047,30.327224731445312,30.84276580810547
2019-02-11,0.0007600665558129549,CHIRPS-2.0-global-daily-tif-p05-crop,98.66454315185547,99.18871307373047,30.327224731445312,30.84276580810547
2019-02-12,0.0,CHIRPS-2.0-global-daily-tif-p05-crop,98.66454315185547,99.18871307373047,30.327224731445312,30.84276580810547
2019-02-13,0.001881286152638495,CHIRPS-2.0-global-daily-tif-p05-crop,98.66454315185547,99.18871307373047,30.327224731445312,30.84276580810547
2019-02-14,0.07345566898584366,CHIRPS-2.0-global-daily-tif-p05-crop,98.66454315185547,99.18871307373047,30.327224731445312,30.84276580810547
2019-02-15,0.5285074710845947,CHIRPS-2.0-global-daily-tif-p05-crop,98.66454315185547,99.18871307373047,30.327224731445312,30.84276580810547
2019-02-16,0.40036407113075256,CHIRPS-2.0-global-daily-tif-p05-crop,98.66454315185547,99.18871307373047,30.327224731445312,30.84276580810547
2019-02-17,0.09929530322551727,CHIRPS-2.0-global-daily-tif-p05-crop,98.66454315185547,99.18871307373047,30.327224731445312,30.84276580810547
2019-02-18,0.015724193304777145,CHIRPS-2.0-global-daily-tif-p05-crop,98.66454315185547,99.18871307373047,30.327224731445312,30.84276580810547
2019-02-19,0.10125477612018585,CHIRPS-2.0-global-daily-tif-p05-crop,98.66454315185547,99.18871307373047,30.327224731445312,30.84276580810547
2019-02-20,0.14121592044830322,CHIRPS-2.0-global-daily-tif-p05-crop,98.66454315185547,99.18871307373047,30.327224731445312,30.84276580810547
2019-02-21,0.25658750534057617,CHIRPS-2.0-global-daily-tif-p05-crop,98.66454315185547,99.18871307373047,30.327224731445312,30.84276580810547
2019-02-22,0.032661277800798416,CHIRPS-2.0-global-daily-tif-p05-crop,98.66454315185547,99.18871307373047,30.327224731445312,30.84276580810547
2019-02-23,0.4050265848636627,CHIRPS-2.0-global-daily-tif-p05-crop,98.66454315185547,99.18871307373047,30.327224731445312,30.84276580810547
2019-02-24,0.5508477091789246,CHIRPS-2.0-global-daily-tif-p05-crop,98.66454315185547,99.18871307373047,30.327224731445312,30.84276580810547
2019-02-25,0.16130483150482178,CHIRPS-2.0-global-daily-tif-p05-crop,98.66454315185547,99.18871307373047,30.327224731445312,30.84276580810547
2019-02-26,0.036631859838962555,CHIRPS-2.0-global-daily-tif-p05-crop,98.66454315185547,99.18871307373047,30.327224731445312,30.84276580810547
2019-02-27,0.05213318020105362,CHIRPS-2.0-global-daily-tif-p05-crop,98.66454315185547,99.18871307373047,30.327224731445312,30.84276580810547
2019-02-28,0.14101845026016235,CHIRPS-2.0-global-daily-tif-p05-crop,98.66454315185547,99.18871307373047,30.327224731445312,30.84276580810547
2019-03-01,0.9771988391876221,CHIRPS-2.0-global-daily-tif-p05-crop,98.66454315185547,99.18871307373047,30.327224731445312,30.84276580810547
2019-03-02,0.0,CHIRPS-2.0-global-daily-tif-p05-crop,98.66454315185547,99.18871307373047,30.327224731445312,30.84276580810547
2019-03-03,0.020856201648712158,CHIRPS-2.0-global-daily-tif-p05-crop,98.66454315185547,99.18871307373047,30.327224731445312,30.84276580810547
2019-03-04,0.11557977646589279,CHIRPS-2.0-global-daily-tif-p05-crop,98.66454315185547,99.18871307373047,30.327224731445312,30.84276580810547
2019-03-05,0.016665074974298477,CHIRPS-2.0-global-daily-tif-p05-crop,98.66454315185547,99.18871307373047,30.327224731445312,30.84276580810547
2019-03-06,1.0645227432250977,CHIRPS-2.0-global-daily-tif-p05-crop,98.66454315185547,99.18871307373047,30.327224731445312,30.84276580810547
2019-03-07,0.23126435279846191,CHIRPS-2.0-global-daily-tif-p05-crop,98.66454315185547,99.18871307373047,30.327224731445312,30.84276580810547
2019-03-08,0.03158777579665184,CHIRPS-2.0-global-daily-tif-p05-crop,98.66454315185547,99.18871307373047,30.327224731445312,30.84276580810547
2019-03-09,0.0,CHIRPS-2.0-global-daily-tif-p05-crop,98.66454315185547,99.18871307373047,30.327224731445312,30.84276580810547
2019-03-10,0.0,CHIRPS-2.0-global-daily-tif-p05-crop,98.66454315185547,99.18871307373047,30.327224731445312,30.84276580810547
2019-03-11,0.0,CHIRPS-2.0-global-daily-tif-p05-crop,98.66454315185547,99.18871307373047,30.327224731445312,30.84276580810547
2019-03-12,0.0,CHIRPS-2.0-global-daily-tif-p05-crop,98.66454315185547,99.18871307373047,30.327224731445312,30.84276580810547
2019-03-13,0.0,CHIRPS-2.0-global-daily-tif-p05-crop,98.66454315185547,99.18871307373047,30.327224731445312,30.84276580810547
2019-03-14,0.0,CHIRPS-2.0-global-daily-tif-p05-crop,98.66454315185547,99.18871307373047,30.327224731445312,30.84276580810547
2019-03-15,0.03118668682873249,CHIRPS-2.0-global-daily-tif-p05-crop,98.66454315185547,99.18871307373047,30.327224731445312,30.84276580810547
2019-03-16,1.4941593408584595,CHIRPS-2.0-global-daily-tif-p05-crop,98.66454315185547,99.18871307373047,30.327224731445312,30.84276580810547
2019-03-17,0.0,CHIRPS-2.0-global-daily-tif-p05-crop,98.66454315185547,99.18871307373047,30.327224731445312,30.84276580810547
2019-03-18,0.5725557804107666,CHIRPS-2.0-global-daily-tif-p05-crop,98.66454315185547,99.18871307373047,30.327224731445312,30.84276580810547
2019-03-19,0.4677656888961792,CHIRPS-2.0-global-daily-tif-p05-crop,98.66454315185547,99.18871307373047,30.327224731445312,30.84276580810547
2019-03-20,0.8111692070960999,CHIRPS-2.0-global-daily-tif-p05-crop,98.66454315185547,99.18871307373047,30.327224731445312,30.84276580810547
2019-03-21,2.396949052810669,CHIRPS-2.0-global-daily-tif-p05-crop,98.66454315185547,99.18871307373047,30.327224731445312,30.84276580810547
2019-03-22,0.11110567301511765,CHIRPS-2.0-global-daily-tif-p05-crop,98.66454315185547,99.18871307373047,30.327224731445312,30.84276580810547
2019-03-23,2.1614301204681396,CHIRPS-2.0-global-daily-tif-p05-crop,98.66454315185547,99.18871307373047,30.327224731445312,30.84276580810547
2019-03-24,0.08787009865045547,CHIRPS-2.0-global-daily-tif-p05-crop,98.66454315185547,99.18871307373047,30.327224731445312,30.84276580810547
2019-03-25,0.0,CHIRPS-2.0-global-daily-tif-p05-crop,98.66454315185547,99.18871307373047,30.327224731445312,30.84276580810547
2019-03-26,0.0,CHIRPS-2.0-global-daily-tif-p05-crop,98.66454315185547,99.18871307373047,30.327224731445312,30.84276580810547
2019-03-27,0.0,CHIRPS-2.0-global-daily-tif-p05-crop,98.66454315185547,99.18871307373047,30.327224731445312,30.84276580810547
2019-03-28,0.0,CHIRPS-2.0-global-daily-tif-p05-crop,98.66454315185547,99.18871307373047,30.327224731445312,30.84276580810547
2019-03-29,1.8643324375152588,CHIRPS-2.0-global-daily-tif-p05-crop,98.66454315185547,99.18871307373047,30.327224731445312,30.84276580810547
2019-03-30,0.9770553112030029,CHIRPS-2.0-global-daily-tif-p05-crop,98.66454315185547,99.18871307373047,30.327224731445312,30.84276580810547
2019-03-31,1.974845051765442,CHIRPS-2.0-global-daily-tif-p05-crop,98.66454315185547,99.18871307373047,30.327224731445312,30.84276580810547
2019-04-01,0.3578738868236542,CHIRPS-2.0-global-daily-tif-p05-crop,98.66454315185547,99.18871307373047,30.327224731445312,30.84276580810547
2019-04-02,0.8161439299583435,CHIRPS-2.0-global-daily-tif-p05-crop,98.66454315185547,99.18871307373047,30.327224731445312,30.84276580810547
2019-04-03,4.260940074920654,CHIRPS-2.0-global-daily-tif-p05-crop,98.66454315185547,99.18871307373047,30.327224731445312,30.84276580810547
2019-04-04,1.525406002998352,CHIRPS-2.0-global-daily-tif-p05-crop,98.66454315185547,99.18871307373047,30.327224731445312,30.84276580810547
2019-04-05,0.0,CHIRPS-2.0-global-daily-tif-p05-crop,98.66454315185547,99.18871307373047,30.327224731445312,30.84276580810547
2019-04-06,0.0,CHIRPS-2.0-global-daily-tif-p05-crop,98.66454315185547,99.18871307373047,30.327224731445312,30.84276580810547
2019-04-07,0.5549600720405579,CHIRPS-2.0-global-daily-tif-p05-crop,98.66454315185547,99.18871307373047,30.327224731445312,30.84276580810547
2019-04-08,1.5677714347839355,CHIRPS-2.0-global-daily-tif-p05-crop,98.66454315185547,99.18871307373047,30.327224731445312,30.84276580810547
2019-04-09,0.0,CHIRPS-2.0-global-daily-tif-p05-crop,98.66454315185547,99.18871307373047,30.327224731445312,30.84276580810547
2019-04-10,0.0,CHIRPS-2.0-global-daily-tif-p05-crop,98.66454315185547,99.18871307373047,30.327224731445312,30.84276580810547
2019-04-11,1.6719294786453247,CHIRPS-2.0-global-daily-tif-p05-crop,98.66454315185547,99.18871307373047,30.327224731445312,30.84276580810547
2019-04-12,0.19258804619312286,CHIRPS-2.0-global-daily-tif-p05-crop,98.66454315185547,99.18871307373047,30.327224731445312,30.84276580810547
2019-04-13,1.6768912076950073,CHIRPS-2.0-global-daily-tif-p05-crop,98.66454315185547,99.18871307373047,30.327224731445312,30.84276580810547
2019-04-14,0.09986940026283264,CHIRPS-2.0-global-daily-tif-p05-crop,98.66454315185547,99.18871307373047,30.327224731445312,30.84276580810547
2019-04-15,2.7445292472839355,CHIRPS-2.0-global-daily-tif-p05-crop,98.66454315185547,99.18871307373047,30.327224731445312,30.84276580810547
2019-04-16,3.9364142417907715,CHIRPS-2.0-global-daily-tif-p05-crop,98.66454315185547,99.18871307373047,30.327224731445312,30.84276580810547
2019-04-17,0.0,CHIRPS-2.0-global-daily-tif-p05-crop,98.66454315185547,99.18871307373047,30.327224731445312,30.84276580810547
2019-04-18,0.0,CHIRPS-2.0-global-daily-tif-p05-crop,98.66454315185547,99.18871307373047,30.327224731445312,30.84276580810547
2019-04-19,0.0,CHIRPS-2.0-global-daily-tif-p05-crop,98.66454315185547,99.18871307373047,30.327224731445312,30.84276580810547
2019-04-20,0.0,CHIRPS-2.0-global-daily-tif-p05-crop,98.66454315185547,99.18871307373047,30.327224731445312,30.84276580810547
2019-04-21,1.7152881622314453,CHIRPS-2.0-global-daily-tif-p05-crop,98.66454315185547,99.18871307373047,30.327224731445312,30.84276580810547
2019-04-22,2.49196195602417,CHIRPS-2.0-global-daily-tif-p05-crop,98.66454315185547,99.18871307373047,30.327224731445312,30.84276580810547
2019-04-23,4.9473090171813965,CHIRPS-2.0-global-daily-tif-p05-crop,98.66454315185547,99.18871307373047,30.327224731445312,30.84276580810547
2019-04-24,1.3035017251968384,CHIRPS-2.0-global-daily-tif-p05-crop,98.66454315185547,99.18871307373047,30.327224731445312,30.84276580810547
2019-04-25,0.13707248866558075,CHIRPS-2.0-global-daily-tif-p05-crop,98.66454315185547,99.18871307373047,30.327224731445312,30.84276580810547
2019-04-26,0.0,CHIRPS-2.0-global-daily-tif-p05-crop,98.66454315185547,99.18871307373047,30.327224731445312,30.84276580810547
2019-04-27,0.0,CHIRPS-2.0-global-daily-tif-p05-crop,98.66454315185547,99.18871307373047,30.327224731445312,30.84276580810547
2019-04-28,0.0,CHIRPS-2.0-global-daily-tif-p05-crop,98.66454315185547,99.18871307373047,30.327224731445312,30.84276580810547
2019-04-29,0.0,CHIRPS-2.0-global-daily-tif-p05-crop,98.66454315185547,99.18871307373047,30.327224731445312,30.84276580810547
2019-04-30,0.0,CHIRPS-2.0-global-daily-tif-p05-crop,98.66454315185547,99.18871307373047,30.327224731445312,30.84276580810547
2019-05-01,0.17733553051948547,CHIRPS-2.0-global-daily-tif-p05-crop,98.66454315185547,99.18871307373047,30.327224731445312,30.84276580810547
2019-05-02,0.0,CHIRPS-2.0-global-daily-tif-p05-crop,98.66454315185547,99.18871307373047,30.327224731445312,30.84276580810547
2019-05-03,0.0,CHIRPS-2.0-global-daily-tif-p05-crop,98.66454315185547,99.18871307373047,30.327224731445312,30.84276580810547
2019-05-04,0.0,CHIRPS-2.0-global-daily-tif-p05-crop,98.66454315185547,99.18871307373047,30.327224731445312,30.84276580810547
2019-05-05,0.0,CHIRPS-2.0-global-daily-tif-p05-crop,98.66454315185547,99.18871307373047,30.327224731445312,30.84276580810547
2019-05-06,0.0,CHIRPS-2.0-global-daily-tif-p05-crop,98.66454315185547,99.18871307373047,30.327224731445312,30.84276580810547
2019-05-07,0.0,CHIRPS-2.0-global-daily-tif-p05-crop,98.66454315185547,99.18871307373047,30.327224731445312,30.84276580810547
2019-05-08,0.0,CHIRPS-2.0-global-daily-tif-p05-crop,98.66454315185547,99.18871307373047,30.327224731445312,30.84276580810547
2019-05-09,2.619915723800659,CHIRPS-2.0-global-daily-tif-p05-crop,98.66454315185547,99.18871307373047,30.327224731445312,30.84276580810547
2019-05-10,0.0,CHIRPS-2.0-global-daily-tif-p05-crop,98.66454315185547,99.18871307373047,30.327224731445312,30.84276580810547
2019-05-11,8.44929313659668,CHIRPS-2.0-global-daily-tif-p05-crop,98.66454315185547,99.18871307373047,30.327224731445312,30.84276580810547
2019-05-12,3.5767903327941895,CHIRPS-2.0-global-daily-tif-p05-crop,98.66454315185547,99.18871307373047,30.327224731445312,30.84276580810547
2019-05-13,0.0,CHIRPS-2.0-global-daily-tif-p05-crop,98.66454315185547,99.18871307373047,30.327224731445312,30.84276580810547
2019-05-14,0.0,CHIRPS-2.0-global-daily-tif-p05-crop,98.66454315185547,99.18871307373047,30.327224731445312,30.84276580810547
2019-05-15,0.0,CHIRPS-2.0-global-daily-tif-p05-crop,98.66454315185547,99.18871307373047,30.327224731445312,30.84276580810547
2019-05-16,0.0,CHIRPS-2.0-global-daily-tif-p05-crop,98.66454315185547,99.18871307373047,30.327224731445312,30.84276580810547
2019-05-17,0.0,CHIRPS-2.0-global-daily-tif-p05-crop,98.66454315185547,99.18871307373047,30.327224731445312,30.84276580810547
2019-05-18,0.0,CHIRPS-2.0-global-daily-tif-p05-crop,98.66454315185547,99.18871307373047,30.327224731445312,30.84276580810547
2019-05-19,0.0,CHIRPS-2.0-global-daily-tif-p05-crop,98.66454315185547,99.18871307373047,30.327224731445312,30.84276580810547
2019-05-20,0.0,CHIRPS-2.0-global-daily-tif-p05-crop,98.66454315185547,99.18871307373047,30.327224731445312,30.84276580810547
2019-05-21,0.37430262565612793,CHIRPS-2.0-global-daily-tif-p05-crop,98.66454315185547,99.18871307373047,30.327224731445312,30.84276580810547
2019-05-22,0.04041625186800957,CHIRPS-2.0-global-daily-tif-p05-crop,98.66454315185547,99.18871307373047,30.327224731445312,30.84276580810547
2019-05-23,17.426631927490234,CHIRPS-2.0-global-daily-tif-p05-crop,98.66454315185547,99.18871307373047,30.327224731445312,30.84276580810547
2019-05-24,5.93226432800293,CHIRPS-2.0-global-daily-tif-p05-crop,98.66454315185547,99.18871307373047,30.327224731445312,30.84276580810547
2019-05-25,0.0,CHIRPS-2.0-global-daily-tif-p05-crop,98.66454315185547,99.18871307373047,30.327224731445312,30.84276580810547
2019-05-26,0.0,CHIRPS-2.0-global-daily-tif-p05-crop,98.66454315185547,99.18871307373047,30.327224731445312,30.84276580810547
2019-05-27,0.0,CHIRPS-2.0-global-daily-tif-p05-crop,98.66454315185547,99.18871307373047,30.327224731445312,30.84276580810547
2019-05-28,0.0,CHIRPS-2.0-global-daily-tif-p05-crop,98.66454315185547,99.18871307373047,30.327224731445312,30.84276580810547
2019-05-29,0.0,CHIRPS-2.0-global-daily-tif-p05-crop,98.66454315185547,99.18871307373047,30.327224731445312,30.84276580810547
2019-05-30,3.34222149848938,CHIRPS-2.0-global-daily-tif-p05-crop,98.66454315185547,99.18871307373047,30.327224731445312,30.84276580810547
2019-05-31,7.749490261077881,CHIRPS-2.0-global-daily-tif-p05-crop,98.66454315185547,99.18871307373047,30.327224731445312,30.84276580810547
2019-06-01,0.0,CHIRPS-2.0-global-daily-tif-p05-crop,98.66454315185547,99.18871307373047,30.327224731445312,30.84276580810547
2019-06-02,0.0,CHIRPS-2.0-global-daily-tif-p05-crop,98.66454315185547,99.18871307373047,30.327224731445312,30.84276580810547
2019-06-03,0.0,CHIRPS-2.0-global-daily-tif-p05-crop,98.66454315185547,99.18871307373047,30.327224731445312,30.84276580810547
2019-06-04,2.4602792263031006,CHIRPS-2.0-global-daily-tif-p05-crop,98.66454315185547,99.18871307373047,30.327224731445312,30.84276580810547
2019-06-05,0.0,CHIRPS-2.0-global-daily-tif-p05-crop,98.66454315185547,99.18871307373047,30.327224731445312,30.84276580810547
2019-06-06,0.0,CHIRPS-2.0-global-daily-tif-p05-crop,98.66454315185547,99.18871307373047,30.327224731445312,30.84276580810547
2019-06-07,0.0,CHIRPS-2.0-global-daily-tif-p05-crop,98.66454315185547,99.18871307373047,30.327224731445312,30.84276580810547
2019-06-08,0.0,CHIRPS-2.0-global-daily-tif-p05-crop,98.66454315185547,99.18871307373047,30.327224731445312,30.84276580810547
2019-06-09,0.0,CHIRPS-2.0-global-daily-tif-p05-crop,98.66454315185547,99.18871307373047,30.327224731445312,30.84276580810547
2019-06-10,0.0,CHIRPS-2.0-global-daily-tif-p05-crop,98.66454315185547,99.18871307373047,30.327224731445312,30.84276580810547
2019-06-11,2.1897966861724854,CHIRPS-2.0-global-daily-tif-p05-crop,98.66454315185547,99.18871307373047,30.327224731445312,30.84276580810547
2019-06-12,3.118464708328247,CHIRPS-2.0-global-daily-tif-p05-crop,98.66454315185547,99.18871307373047,30.327224731445312,30.84276580810547
2019-06-13,1.187464952468872,CHIRPS-2.0-global-daily-tif-p05-crop,98.66454315185547,99.18871307373047,30.327224731445312,30.84276580810547
2019-06-14,1.9189083576202393,CHIRPS-2.0-global-daily-tif-p05-crop,98.66454315185547,99.18871307373047,30.327224731445312,30.84276580810547
2019-06-15,3.319211959838867,CHIRPS-2.0-global-daily-tif-p05-crop,98.66454315185547,99.18871307373047,30.327224731445312,30.84276580810547
2019-06-16,8.542426109313965,CHIRPS-2.0-global-daily-tif-p05-crop,98.66454315185547,99.18871307373047,30.327224731445312,30.84276580810547
2019-06-17,0.0,CHIRPS-2.0-global-daily-tif-p05-crop,98.66454315185547,99.18871307373047,30.327224731445312,30.84276580810547
2019-06-18,0.0,CHIRPS-2.0-global-daily-tif-p05-crop,98.66454315185547,99.18871307373047,30.327224731445312,30.84276580810547
2019-06-19,0.0,CHIRPS-2.0-global-daily-tif-p05-crop,98.66454315185547,99.18871307373047,30.327224731445312,30.84276580810547
2019-06-20,0.0,CHIRPS-2.0-global-daily-tif-p05-crop,98.66454315185547,99.18871307373047,30.327224731445312,30.84276580810547
2019-06-21,0.0,CHIRPS-2.0-global-daily-tif-p05-crop,98.66454315185547,99.18871307373047,30.327224731445312,30.84276580810547
2019-06-22,0.0,CHIRPS-2.0-global-daily-tif-p05-crop,98.66454315185547,99.18871307373047,30.327224731445312,30.84276580810547
2019-06-23,14.651606559753418,CHIRPS-2.0-global-daily-tif-p05-crop,98.66454315185547,99.18871307373047,30.327224731445312,30.84276580810547
2019-06-24,15.757336616516113,CHIRPS-2.0-global-daily-tif-p05-crop,98.66454315185547,99.18871307373047,30.327224731445312,30.84276580810547
2019-06-25,0.9279815554618835,CHIRPS-2.0-global-daily-tif-p05-crop,98.66454315185547,99.18871307373047,30.327224731445312,30.84276580810547
2019-06-26,18.98257064819336,CHIRPS-2.0-global-daily-tif-p05-crop,98.66454315185547,99.18871307373047,30.327224731445312,30.84276580810547
2019-06-27,0.39383435249328613,CHIRPS-2.0-global-daily-tif-p05-crop,98.66454315185547,99.18871307373047,30.327224731445312,30.84276580810547
2019-06-28,2.3488144874572754,CHIRPS-2.0-global-daily-tif-p05-crop,98.66454315185547,99.18871307373047,30.327224731445312,30.84276580810547
2019-06-29,0.09981033205986023,CHIRPS-2.0-global-daily-tif-p05-crop,98.66454315185547,99.18871307373047,30.327224731445312,30.84276580810547
2019-06-30,0.0,CHIRPS-2.0-global-daily-tif-p05-crop,98.66454315185547,99.18871307373047,30.327224731445312,30.84276580810547
2019-07-01,0.8320905566215515,CHIRPS-2.0-global-daily-tif-p05-crop,98.66454315185547,99.18871307373047,30.327224731445312,30.84276580810547
2019-07-02,13.317373275756836,CHIRPS-2.0-global-daily-tif-p05-crop,98.66454315185547,99.18871307373047,30.327224731445312,30.84276580810547
2019-07-03,10.667016983032227,CHIRPS-2.0-global-daily-tif-p05-crop,98.66454315185547,99.18871307373047,30.327224731445312,30.84276580810547
2019-07-04,2.757200241088867,CHIRPS-2.0-global-daily-tif-p05-crop,98.66454315185547,99.18871307373047,30.327224731445312,30.84276580810547
2019-07-05,10.681181907653809,CHIRPS-2.0-global-daily-tif-p05-crop,98.66454315185547,99.18871307373047,30.327224731445312,30.84276580810547
2019-07-06,7.898621559143066,CHIRPS-2.0-global-daily-tif-p05-crop,98.66454315185547,99.18871307373047,30.327224731445312,30.84276580810547
2019-07-07,9.159710884094238,CHIRPS-2.0-global-daily-tif-p05-crop,98.66454315185547,99.18871307373047,30.327224731445312,30.84276580810547
2019-07-08,2.3833670616149902,CHIRPS-2.0-global-daily-tif-p05-crop,98.66454315185547,99.18871307373047,30.327224731445312,30.84276580810547
2019-07-09,1.6923843622207642,CHIRPS-2.0-global-daily-tif-p05-crop,98.66454315185547,99.18871307373047,30.327224731445312,30.84276580810547
2019-07-10,3.4182233810424805,CHIRPS-2.0-global-daily-tif-p05-crop,98.66454315185547,99.18871307373047,30.327224731445312,30.84276580810547
2019-07-11,9.991793632507324,CHIRPS-2.0-global-daily-tif-p05-crop,98.66454315185547,99.18871307373047,30.327224731445312,30.84276580810547
2019-07-12,13.441889762878418,CHIRPS-2.0-global-daily-tif-p05-crop,98.66454315185547,99.18871307373047,30.327224731445312,30.84276580810547
2019-07-13,7.593216419219971,CHIRPS-2.0-global-daily-tif-p05-crop,98.66454315185547,99.18871307373047,30.327224731445312,30.84276580810547
2019-07-14,12.8504056930542,CHIRPS-2.0-global-daily-tif-p05-crop,98.66454315185547,99.18871307373047,30.327224731445312,30.84276580810547
2019-07-15,12.963912010192871,CHIRPS-2.0-global-daily-tif-p05-crop,98.66454315185547,99.18871307373047,30.327224731445312,30.84276580810547
2019-07-16,0.0268496572971344,CHIRPS-2.0-global-daily-tif-p05-crop,98.66454315185547,99.18871307373047,30.327224731445312,30.84276580810547
2019-07-17,0.0,CHIRPS-2.0-global-daily-tif-p05-crop,98.66454315185547,99.18871307373047,30.327224731445312,30.84276580810547
2019-07-18,4.890405654907227,CHIRPS-2.0-global-daily-tif-p05-crop,98.66454315185547,99.18871307373047,30.327224731445312,30.84276580810547
2019-07-19,3.638697862625122,CHIRPS-2.0-global-daily-tif-p05-crop,98.66454315185547,99.18871307373047,30.327224731445312,30.84276580810547
2019-07-20,5.074586391448975,CHIRPS-2.0-global-daily-tif-p05-crop,98.66454315185547,99.18871307373047,30.327224731445312,30.84276580810547
2019-07-21,12.700407028198242,CHIRPS-2.0-global-daily-tif-p05-crop,98.66454315185547,99.18871307373047,30.327224731445312,30.84276580810547
2019-07-22,6.845859050750732,CHIRPS-2.0-global-daily-tif-p05-crop,98.66454315185547,99.18871307373047,30.327224731445312,30.84276580810547
2019-07-23,26.418731689453125,CHIRPS-2.0-global-daily-tif-p05-crop,98.66454315185547,99.18871307373047,30.327224731445312,30.84276580810547
2019-07-24,0.3232022821903229,CHIRPS-2.0-global-daily-tif-p05-crop,98.66454315185547,99.18871307373047,30.327224731445312,30.84276580810547
2019-07-25,0.0,CHIRPS-2.0-global-daily-tif-p05-crop,98.66454315185547,99.18871307373047,30.327224731445312,30.84276580810547
2019-07-26,0.0,CHIRPS-2.0-global-daily-tif-p05-crop,98.66454315185547,99.18871307373047,30.327224731445312,30.84276580810547
2019-07-27,1.3147079944610596,CHIRPS-2.0-global-daily-tif-p05-crop,98.66454315185547,99.18871307373047,30.327224731445312,30.84276580810547
2019-07-28,9.997751235961914,CHIRPS-2.0-global-daily-tif-p05-crop,98.66454315185547,99.18871307373047,30.327224731445312,30.84276580810547
2019-07-29,0.27460744976997375,CHIRPS-2.0-global-daily-tif-p05-crop,98.66454315185547,99.18871307373047,30.327224731445312,30.84276580810547
2019-07-30,0.1527073234319687,CHIRPS-2.0-global-daily-tif-p05-crop,98.66454315185547,99.18871307373047,30.327224731445312,30.84276580810547
2019-07-31,0.0,CHIRPS-2.0-global-daily-tif-p05-crop,98.66454315185547,99.18871307373047,30.327224731445312,30.84276580810547
2019-08-01,6.1045331954956055,CHIRPS-2.0-global-daily-tif-p05-crop,98.66454315185547,99.18871307373047,30.327224731445312,30.84276580810547
2019-08-02,4.721670627593994,CHIRPS-2.0-global-daily-tif-p05-crop,98.66454315185547,99.18871307373047,30.327224731445312,30.84276580810547
2019-08-03,6.322015762329102,CHIRPS-2.0-global-daily-tif-p05-crop,98.66454315185547,99.18871307373047,30.327224731445312,30.84276580810547
2019-08-04,23.997554779052734,CHIRPS-2.0-global-daily-tif-p05-crop,98.66454315185547,99.18871307373047,30.327224731445312,30.84276580810547
2019-08-05,3.662480115890503,CHIRPS-2.0-global-daily-tif-p05-crop,98.66454315185547,99.18871307373047,30.327224731445312,30.84276580810547
2019-08-06,2.5797603130340576,CHIRPS-2.0-global-daily-tif-p05-crop,98.66454315185547,99.18871307373047,30.327224731445312,30.84276580810547
2019-08-07,11.435758590698242,CHIRPS-2.0-global-daily-tif-p05-crop,98.66454315185547,99.18871307373047,30.327224731445312,30.84276580810547
2019-08-08,0.06887544691562653,CHIRPS-2.0-global-daily-tif-p05-crop,98.66454315185547,99.18871307373047,30.327224731445312,30.84276580810547
2019-08-09,0.0,CHIRPS-2.0-global-daily-tif-p05-crop,98.66454315185547,99.18871307373047,30.327224731445312,30.84276580810547
2019-08-10,0.0,CHIRPS-2.0-global-daily-tif-p05-crop,98.66454315185547,99.18871307373047,30.327224731445312,30.84276580810547
2019-08-11,0.0,CHIRPS-2.0-global-daily-tif-p05-crop,98.66454315185547,99.18871307373047,30.327224731445312,30.84276580810547
2019-08-12,0.0,CHIRPS-2.0-global-daily-tif-p05-crop,98.66454315185547,99.18871307373047,30.327224731445312,30.84276580810547
2019-08-13,0.0,CHIRPS-2.0-global-daily-tif-p05-crop,98.66454315185547,99.18871307373047,30.327224731445312,30.84276580810547
2019-08-14,0.0,CHIRPS-2.0-global-daily-tif-p05-crop,98.66454315185547,99.18871307373047,30.327224731445312,30.84276580810547
2019-08-15,0.0,CHIRPS-2.0-global-daily-tif-p05-crop,98.66454315185547,99.18871307373047,30.327224731445312,30.84276580810547
2019-08-16,0.0,CHIRPS-2.0-global-daily-tif-p05-crop,98.66454315185547,99.18871307373047,30.327224731445312,30.84276580810547
2019-08-17,0.08176752924919128,CHIRPS-2.0-global-daily-tif-p05-crop,98.66454315185547,99.18871307373047,30.327224731445312,30.84276580810547
2019-08-18,9.103755950927734,CHIRPS-2.0-global-daily-tif-p05-crop,98.66454315185547,99.18871307373047,30.327224731445312,30.84276580810547
2019-08-19,16.48455238342285,CHIRPS-2.0-global-daily-tif-p05-crop,98.66454315185547,99.18871307373047,30.327224731445312,30.84276580810547
2019-08-20,1.630784511566162,CHIRPS-2.0-global-daily-tif-p05-crop,98.66454315185547,99.18871307373047,30.327224731445312,30.84276580810547
2019-08-21,3.5903570652008057,CHIRPS-2.0-global-daily-tif-p05-crop,98.66454315185547,99.18871307373047,30.327224731445312,30.84276580810547
2019-08-22,8.86143684387207,CHIRPS-2.0-global-daily-tif-p05-crop,98.66454315185547,99.18871307373047,30.327224731445312,30.84276580810547
2019-08-23,0.0,CHIRPS-2.0-global-daily-tif-p05-crop,98.66454315185547,99.18871307373047,30.327224731445312,30.84276580810547
2019-08-24,0.0,CHIRPS-2.0-global-daily-tif-p05-crop,98.66454315185547,99.18871307373047,30.327224731445312,30.84276580810547
2019-08-25,0.0,CHIRPS-2.0-global-daily-tif-p05-crop,98.66454315185547,99.18871307373047,30.327224731445312,30.84276580810547
2019-08-26,0.0,CHIRPS-2.0-global-daily-tif-p05-crop,98.66454315185547,99.18871307373047,30.327224731445312,30.84276580810547
2019-08-27,2.5115909576416016,CHIRPS-2.0-global-daily-tif-p05-crop,98.66454315185547,99.18871307373047,30.327224731445312,30.84276580810547
2019-08-28,13.643523216247559,CHIRPS-2.0-global-daily-tif-p05-crop,98.66454315185547,99.18871307373047,30.327224731445312,30.84276580810547
2019-08-29,11.795539855957031,CHIRPS-2.0-global-daily-tif-p05-crop,98.66454315185547,99.18871307373047,30.327224731445312,30.84276580810547
2019-08-30,4.090394020080566,CHIRPS-2.0-global-daily-tif-p05-crop,98.66454315185547,99.18871307373047,30.327224731445312,30.84276580810547
2019-08-31,0.0,CHIRPS-2.0-global-daily-tif-p05-crop,98.66454315185547,99.18871307373047,30.327224731445312,30.84276580810547
2019-09-01,1.5499601364135742,CHIRPS-2.0-global-daily-tif-p05-crop,98.66454315185547,99.18871307373047,30.327224731445312,30.84276580810547
2019-09-02,0.0,CHIRPS-2.0-global-daily-tif-p05-crop,98.66454315185547,99.18871307373047,30.327224731445312,30.84276580810547
2019-09-03,22.8653621673584,CHIRPS-2.0-global-daily-tif-p05-crop,98.66454315185547,99.18871307373047,30.327224731445312,30.84276580810547
2019-09-04,1.3834350109100342,CHIRPS-2.0-global-daily-tif-p05-crop,98.66454315185547,99.18871307373047,30.327224731445312,30.84276580810547
2019-09-05,0.5102890133857727,CHIRPS-2.0-global-daily-tif-p05-crop,98.66454315185547,99.18871307373047,30.327224731445312,30.84276580810547
2019-09-06,8.66540241241455,CHIRPS-2.0-global-daily-tif-p05-crop,98.66454315185547,99.18871307373047,30.327224731445312,30.84276580810547
2019-09-07,7.074901580810547,CHIRPS-2.0-global-daily-tif-p05-crop,98.66454315185547,99.18871307373047,30.327224731445312,30.84276580810547
2019-09-08,2.955402374267578,CHIRPS-2.0-global-daily-tif-p05-crop,98.66454315185547,99.18871307373047,30.327224731445312,30.84276580810547
2019-09-09,0.3722383975982666,CHIRPS-2.0-global-daily-tif-p05-crop,98.66454315185547,99.18871307373047,30.327224731445312,30.84276580810547
2019-09-10,15.288848876953125,CHIRPS-2.0-global-daily-tif-p05-crop,98.66454315185547,99.18871307373047,30.327224731445312,30.84276580810547
2019-09-11,4.020458221435547,CHIRPS-2.0-global-daily-tif-p05-crop,98.66454315185547,99.18871307373047,30.327224731445312,30.84276580810547
2019-09-12,4.427631378173828,CHIRPS-2.0-global-daily-tif-p05-crop,98.66454315185547,99.18871307373047,30.327224731445312,30.84276580810547
2019-09-13,15.502819061279297,CHIRPS-2.0-global-daily-tif-p05-crop,98.66454315185547,99.18871307373047,30.327224731445312,30.84276580810547
2019-09-14,7.853585720062256,CHIRPS-2.0-global-daily-tif-p05-crop,98.66454315185547,99.18871307373047,30.327224731445312,30.84276580810547
2019-09-15,1.2800743579864502,CHIRPS-2.0-global-daily-tif-p05-crop,98.66454315185547,99.18871307373047,30.327224731445312,30.84276580810547
2019-09-16,10.635560989379883,CHIRPS-2.0-global-daily-tif-p05-crop,98.66454315185547,99.18871307373047,30.327224731445312,30.84276580810547
2019-09-17,1.7742220163345337,CHIRPS-2.0-global-daily-tif-p05-crop,98.66454315185547,99.18871307373047,30.327224731445312,30.84276580810547
2019-09-18,1.0888599157333374,CHIRPS-2.0-global-daily-tif-p05-crop,98.66454315185547,99.18871307373047,30.327224731445312,30.84276580810547
2019-09-19,0.38084104657173157,CHIRPS-2.0-global-daily-tif-p05-crop,98.66454315185547,99.18871307373047,30.327224731445312,30.84276580810547
2019-09-20,0.0,CHIRPS-2.0-global-daily-tif-p05-crop,98.66454315185547,99.18871307373047,30.327224731445312,30.84276580810547
2019-09-21,0.0,CHIRPS-2.0-global-daily-tif-p05-crop,98.66454315185547,99.18871307373047,30.327224731445312,30.84276580810547
2019-09-22,2.290616512298584,CHIRPS-2.0-global-daily-tif-p05-crop,98.66454315185547,99.18871307373047,30.327224731445312,30.84276580810547
2019-09-23,21.119661331176758,CHIRPS-2.0-global-daily-tif-p05-crop,98.66454315185547,99.18871307373047,30.327224731445312,30.84276580810547
2019-09-24,2.966029167175293,CHIRPS-2.0-global-daily-tif-p05-crop,98.66454315185547,99.18871307373047,30.327224731445312,30.84276580810547
2019-09-25,0.0,CHIRPS-2.0-global-daily-tif-p05-crop,98.66454315185547,99.18871307373047,30.327224731445312,30.84276580810547
2019-09-26,0.0,CHIRPS-2.0-global-daily-tif-p05-crop,98.66454315185547,99.18871307373047,30.327224731445312,30.84276580810547
2019-09-27,0.0,CHIRPS-2.0-global-daily-tif-p05-crop,98.66454315185547,99.18871307373047,30.327224731445312,30.84276580810547
2019-09-28,0.09231753647327423,CHIRPS-2.0-global-daily-tif-p05-crop,98.66454315185547,99.18871307373047,30.327224731445312,30.84276580810547
2019-09-29,10.840500831604004,CHIRPS-2.0-global-daily-tif-p05-crop,98.66454315185547,99.18871307373047,30.327224731445312,30.84276580810547
2019-09-30,0.0,CHIRPS-2.0-global-daily-tif-p05-crop,98.66454315185547,99.18871307373047,30.327224731445312,30.84276580810547
2019-10-01,0.6785577535629272,CHIRPS-2.0-global-daily-tif-p05-crop,98.66454315185547,99.18871307373047,30.327224731445312,30.84276580810547
2019-10-02,0.0,CHIRPS-2.0-global-daily-tif-p05-crop,98.66454315185547,99.18871307373047,30.327224731445312,30.84276580810547
2019-10-03,0.0,CHIRPS-2.0-global-daily-tif-p05-crop,98.66454315185547,99.18871307373047,30.327224731445312,30.84276580810547
2019-10-04,0.038862697780132294,CHIRPS-2.0-global-daily-tif-p05-crop,98.66454315185547,99.18871307373047,30.327224731445312,30.84276580810547
2019-10-05,3.4694132804870605,CHIRPS-2.0-global-daily-tif-p05-crop,98.66454315185547,99.18871307373047,30.327224731445312,30.84276580810547
2019-10-06,16.04014778137207,CHIRPS-2.0-global-daily-tif-p05-crop,98.66454315185547,99.18871307373047,30.327224731445312,30.84276580810547
2019-10-07,2.118605375289917,CHIRPS-2.0-global-daily-tif-p05-crop,98.66454315185547,99.18871307373047,30.327224731445312,30.84276580810547
2019-10-08,0.46611252427101135,CHIRPS-2.0-global-daily-tif-p05-crop,98.66454315185547,99.18871307373047,30.327224731445312,30.84276580810547
2019-10-09,2.682481050491333,CHIRPS-2.0-global-daily-tif-p05-crop,98.66454315185547,99.18871307373047,30.327224731445312,30.84276580810547
2019-10-10,0.653998851776123,CHIRPS-2.0-global-daily-tif-p05-crop,98.66454315185547,99.18871307373047,30.327224731445312,30.84276580810547
2019-10-11,0.0,CHIRPS-2.0-global-daily-tif-p05-crop,98.66454315185547,99.18871307373047,30.327224731445312,30.84276580810547
2019-10-12,0.0,CHIRPS-2.0-global-daily-tif-p05-crop,98.66454315185547,99.18871307373047,30.327224731445312,30.84276580810547
2019-10-13,0.11630579829216003,CHIRPS-2.0-global-daily-tif-p05-crop,98.66454315185547,99.18871307373047,30.327224731445312,30.84276580810547
2019-10-14,0.0,CHIRPS-2.0-global-daily-tif-p05-crop,98.66454315185547,99.18871307373047,30.327224731445312,30.84276580810547
2019-10-15,0.0,CHIRPS-2.0-global-daily-tif-p05-crop,98.66454315185547,99.18871307373047,30.327224731445312,30.84276580810547
2019-10-16,0.39152005314826965,CHIRPS-2.0-global-daily-tif-p05-crop,98.66454315185547,99.18871307373047,30.327224731445312,30.84276580810547
2019-10-17,0.0,CHIRPS-2.0-global-daily-tif-p05-crop,98.66454315185547,99.18871307373047,30.327224731445312,30.84276580810547
2019-10-18,0.0,CHIRPS-2.0-global-daily-tif-p05-crop,98.66454315185547,99.18871307373047,30.327224731445312,30.84276580810547
2019-10-19,0.0,CHIRPS-2.0-global-daily-tif-p05-crop,98.66454315185547,99.18871307373047,30.327224731445312,30.84276580810547
2019-10-20,0.0,CHIRPS-2.0-global-daily-tif-p05-crop,98.66454315185547,99.18871307373047,30.327224731445312,30.84276580810547
2019-10-21,0.1494084596633911,CHIRPS-2.0-global-daily-tif-p05-crop,98.66454315185547,99.18871307373047,30.327224731445312,30.84276580810547
2019-10-22,0.0,CHIRPS-2.0-global-daily-tif-p05-crop,98.66454315185547,99.18871307373047,30.327224731445312,30.84276580810547
2019-10-23,0.0,CHIRPS-2.0-global-daily-tif-p05-crop,98.66454315185547,99.18871307373047,30.327224731445312,30.84276580810547
2019-10-24,3.9368398189544678,CHIRPS-2.0-global-daily-tif-p05-crop,98.66454315185547,99.18871307373047,30.327224731445312,30.84276580810547
2019-10-25,0.8279889225959778,CHIRPS-2.0-global-daily-tif-p05-crop,98.66454315185547,99.18871307373047,30.327224731445312,30.84276580810547
2019-10-26,11.165932655334473,CHIRPS-2.0-global-daily-tif-p05-crop,98.66454315185547,99.18871307373047,30.327224731445312,30.84276580810547
2019-10-27,0.0,CHIRPS-2.0-global-daily-tif-p05-crop,98.66454315185547,99.18871307373047,30.327224731445312,30.84276580810547
2019-10-28,0.0,CHIRPS-2.0-global-daily-tif-p05-crop,98.66454315185547,99.18871307373047,30.327224731445312,30.84276580810547
2019-10-29,0.0,CHIRPS-2.0-global-daily-tif-p05-crop,98.66454315185547,99.18871307373047,30.327224731445312,30.84276580810547
2019-10-30,3.9709420204162598,CHIRPS-2.0-global-daily-tif-p05-crop,98.66454315185547,99.18871307373047,30.327224731445312,30.84276580810547
2019-10-31,0.05742630735039711,CHIRPS-2.0-global-daily-tif-p05-crop,98.66454315185547,99.18871307373047,30.327224731445312,30.84276580810547
2019-11-01,0.0,CHIRPS-2.0-global-daily-tif-p05-crop,98.66454315185547,99.18871307373047,30.327224731445312,30.84276580810547
2019-11-02,0.0,CHIRPS-2.0-global-daily-tif-p05-crop,98.66454315185547,99.18871307373047,30.327224731445312,30.84276580810547
2019-11-03,0.0,CHIRPS-2.0-global-daily-tif-p05-crop,98.66454315185547,99.18871307373047,30.327224731445312,30.84276580810547
2019-11-04,0.0,CHIRPS-2.0-global-daily-tif-p05-crop,98.66454315185547,99.18871307373047,30.327224731445312,30.84276580810547
2019-11-05,0.0,CHIRPS-2.0-global-daily-tif-p05-crop,98.66454315185547,99.18871307373047,30.327224731445312,30.84276580810547
2019-11-06,0.0,CHIRPS-2.0-global-daily-tif-p05-crop,98.66454315185547,99.18871307373047,30.327224731445312,30.84276580810547
2019-11-07,0.0,CHIRPS-2.0-global-daily-tif-p05-crop,98.66454315185547,99.18871307373047,30.327224731445312,30.84276580810547
2019-11-08,0.0,CHIRPS-2.0-global-daily-tif-p05-crop,98.66454315185547,99.18871307373047,30.327224731445312,30.84276580810547
2019-11-09,0.0,CHIRPS-2.0-global-daily-tif-p05-crop,98.66454315185547,99.18871307373047,30.327224731445312,30.84276580810547
2019-11-10,0.0,CHIRPS-2.0-global-daily-tif-p05-crop,98.66454315185547,99.18871307373047,30.327224731445312,30.84276580810547
2019-11-11,0.7883869409561157,CHIRPS-2.0-global-daily-tif-p05-crop,98.66454315185547,99.18871307373047,30.327224731445312,30.84276580810547
2019-11-12,0.09763741493225098,CHIRPS-2.0-global-daily-tif-p05-crop,98.66454315185547,99.18871307373047,30.327224731445312,30.84276580810547
2019-11-13,0.06510543823242188,CHIRPS-2.0-global-daily-tif-p05-crop,98.66454315185547,99.18871307373047,30.327224731445312,30.84276580810547
2019-11-14,0.04480515792965889,CHIRPS-2.0-global-daily-tif-p05-crop,98.66454315185547,99.18871307373047,30.327224731445312,30.84276580810547
2019-11-15,0.015714172273874283,CHIRPS-2.0-global-daily-tif-p05-crop,98.66454315185547,99.18871307373047,30.327224731445312,30.84276580810547
2019-11-16,0.0,CHIRPS-2.0-global-daily-tif-p05-crop,98.66454315185547,99.18871307373047,30.327224731445312,30.84276580810547
2019-11-17,0.0,CHIRPS-2.0-global-daily-tif-p05-crop,98.66454315185547,99.18871307373047,30.327224731445312,30.84276580810547
2019-11-18,0.8220687508583069,CHIRPS-2.0-global-daily-tif-p05-crop,98.66454315185547,99.18871307373047,30.327224731445312,30.84276580810547
2019-11-19,0.5767873525619507,CHIRPS-2.0-global-daily-tif-p05-crop,98.66454315185547,99.18871307373047,30.327224731445312,30.84276580810547
2019-11-20,0.0038046494591981173,CHIRPS-2.0-global-daily-tif-p05-crop,98.66454315185547,99.18871307373047,30.327224731445312,30.84276580810547
2019-11-21,0.0,CHIRPS-2.0-global-daily-tif-p05-crop,98.66454315185547,99.18871307373047,30.327224731445312,30.84276580810547
2019-11-22,0.7472303509712219,CHIRPS-2.0-global-daily-tif-p05-crop,98.66454315185547,99.18871307373047,30.327224731445312,30.84276580810547
2019-11-23,0.0,CHIRPS-2.0-global-daily-tif-p05-crop,98.66454315185547,99.18871307373047,30.327224731445312,30.84276580810547
2019-11-24,0.0,CHIRPS-2.0-global-daily-tif-p05-crop,98.66454315185547,99.18871307373047,30.327224731445312,30.84276580810547
2019-11-25,0.012404562905430794,CHIRPS-2.0-global-daily-tif-p05-crop,98.66454315185547,99.18871307373047,30.327224731445312,30.84276580810547
2019-11-26,0.0,CHIRPS-2.0-global-daily-tif-p05-crop,98.66454315185547,99.18871307373047,30.327224731445312,30.84276580810547
2019-11-27,0.0,CHIRPS-2.0-global-daily-tif-p05-crop,98.66454315185547,99.18871307373047,30.327224731445312,30.84276580810547
2019-11-28,0.0,CHIRPS-2.0-global-daily-tif-p05-crop,98.66454315185547,99.18871307373047,30.327224731445312,30.84276580810547
2019-11-29,0.0,CHIRPS-2.0-global-daily-tif-p05-crop,98.66454315185547,99.18871307373047,30.327224731445312,30.84276580810547
2019-11-30,0.0,CHIRPS-2.0-global-daily-tif-p05-crop,98.66454315185547,99.18871307373047,30.327224731445312,30.84276580810547
2019-12-01,0.0,CHIRPS-2.0-global-daily-tif-p05-crop,98.66454315185547,99.18871307373047,30.327224731445312,30.84276580810547
2019-12-02,0.0,CHIRPS-2.0-global-daily-tif-p05-crop,98.66454315185547,99.18871307373047,30.327224731445312,30.84276580810547
2019-12-03,0.0,CHIRPS-2.0-global-daily-tif-p05-crop,98.66454315185547,99.18871307373047,30.327224731445312,30.84276580810547
2019-12-04,0.0,CHIRPS-2.0-global-daily-tif-p05-crop,98.66454315185547,99.18871307373047,30.327224731445312,30.84276580810547
2019-12-05,0.0,CHIRPS-2.0-global-daily-tif-p05-crop,98.66454315185547,99.18871307373047,30.327224731445312,30.84276580810547
2019-12-06,0.0,CHIRPS-2.0-global-daily-tif-p05-crop,98.66454315185547,99.18871307373047,30.327224731445312,30.84276580810547
2019-12-07,0.0,CHIRPS-2.0-global-daily-tif-p05-crop,98.66454315185547,99.18871307373047,30.327224731445312,30.84276580810547
2019-12-08,0.0,CHIRPS-2.0-global-daily-tif-p05-crop,98.66454315185547,99.18871307373047,30.327224731445312,30.84276580810547
2019-12-09,0.12240227311849594,CHIRPS-2.0-global-daily-tif-p05-crop,98.66454315185547,99.18871307373047,30.327224731445312,30.84276580810547
2019-12-10,0.0,CHIRPS-2.0-global-daily-tif-p05-crop,98.66454315185547,99.18871307373047,30.327224731445312,30.84276580810547
2019-12-11,0.19411267340183258,CHIRPS-2.0-global-daily-tif-p05-crop,98.66454315185547,99.18871307373047,30.327224731445312,30.84276580810547
2019-12-12,0.0,CHIRPS-2.0-global-daily-tif-p05-crop,98.66454315185547,99.18871307373047,30.327224731445312,30.84276580810547
2019-12-13,0.19792260229587555,CHIRPS-2.0-global-daily-tif-p05-crop,98.66454315185547,99.18871307373047,30.327224731445312,30.84276580810547
2019-12-14,0.0,CHIRPS-2.0-global-daily-tif-p05-crop,98.66454315185547,99.18871307373047,30.327224731445312,30.84276580810547
2019-12-15,0.0,CHIRPS-2.0-global-daily-tif-p05-crop,98.66454315185547,99.18871307373047,30.327224731445312,30.84276580810547
2019-12-16,0.0,CHIRPS-2.0-global-daily-tif-p05-crop,98.66454315185547,99.18871307373047,30.327224731445312,30.84276580810547
2019-12-17,0.09047777950763702,CHIRPS-2.0-global-daily-tif-p05-crop,98.66454315185547,99.18871307373047,30.327224731445312,30.84276580810547
2019-12-18,0.096822090446949,CHIRPS-2.0-global-daily-tif-p05-crop,98.66454315185547,99.18871307373047,30.327224731445312,30.84276580810547
2019-12-19,0.21960432827472687,CHIRPS-2.0-global-daily-tif-p05-crop,98.66454315185547,99.18871307373047,30.327224731445312,30.84276580810547
2019-12-20,0.16985800862312317,CHIRPS-2.0-global-daily-tif-p05-crop,98.66454315185547,99.18871307373047,30.327224731445312,30.84276580810547
2019-12-21,0.0,CHIRPS-2.0-global-daily-tif-p05-crop,98.66454315185547,99.18871307373047,30.327224731445312,30.84276580810547
2019-12-22,0.0,CHIRPS-2.0-global-daily-tif-p05-crop,98.66454315185547,99.18871307373047,30.327224731445312,30.84276580810547
2019-12-23,0.0,CHIRPS-2.0-global-daily-tif-p05-crop,98.66454315185547,99.18871307373047,30.327224731445312,30.84276580810547
2019-12-24,0.0,CHIRPS-2.0-global-daily-tif-p05-crop,98.66454315185547,99.18871307373047,30.327224731445312,30.84276580810547
2019-12-25,0.0,CHIRPS-2.0-global-daily-tif-p05-crop,98.66454315185547,99.18871307373047,30.327224731445312,30.84276580810547
2019-12-26,0.0,CHIRPS-2.0-global-daily-tif-p05-crop,98.66454315185547,99.18871307373047,30.327224731445312,30.84276580810547
2019-12-27,0.1034061461687088,CHIRPS-2.0-global-daily-tif-p05-crop,98.66454315185547,99.18871307373047,30.327224731445312,30.84276580810547
2019-12-28,0.0,CHIRPS-2.0-global-daily-tif-p05-crop,98.66454315185547,99.18871307373047,30.327224731445312,30.84276580810547
2019-12-29,0.0,CHIRPS-2.0-global-daily-tif-p05-crop,98.66454315185547,99.18871307373047,30.327224731445312,30.84276580810547
2019-12-30,0.0,CHIRPS-2.0-global-daily-tif-p05-crop,98.66454315185547,99.18871307373047,30.327224731445312,30.84276580810547
2019-12-31,0.0,CHIRPS-2.0-global-daily-tif-p05-crop,98.66454315185547,99.18871307373047,30.327224731445312,30.84276580810547
2020-01-01,0.0,CHIRPS-2.0-global-daily-tif-p05-crop,98.66454315185547,99.18871307373047,30.327224731445312,30.84276580810547
2020-01-02,0.033235691487789154,CHIRPS-2.0-global-daily-tif-p05-crop,98.66454315185547,99.18871307373047,30.327224731445312,30.84276580810547
2020-01-03,0.0,CHIRPS-2.0-global-daily-tif-p05-crop,98.66454315185547,99.18871307373047,30.327224731445312,30.84276580810547
2020-01-04,0.006765884347259998,CHIRPS-2.0-global-daily-tif-p05-crop,98.66454315185547,99.18871307373047,30.327224731445312,30.84276580810547
2020-01-05,0.18420656025409698,CHIRPS-2.0-global-daily-tif-p05-crop,98.66454315185547,99.18871307373047,30.327224731445312,30.84276580810547
2020-01-06,0.06884126365184784,CHIRPS-2.0-global-daily-tif-p05-crop,98.66454315185547,99.18871307373047,30.327224731445312,30.84276580810547
2020-01-07,0.0,CHIRPS-2.0-global-daily-tif-p05-crop,98.66454315185547,99.18871307373047,30.327224731445312,30.84276580810547
2020-01-08,0.11700871586799622,CHIRPS-2.0-global-daily-tif-p05-crop,98.66454315185547,99.18871307373047,30.327224731445312,30.84276580810547
2020-01-09,0.0,CHIRPS-2.0-global-daily-tif-p05-crop,98.66454315185547,99.18871307373047,30.327224731445312,30.84276580810547
2020-01-10,0.0,CHIRPS-2.0-global-daily-tif-p05-crop,98.66454315185547,99.18871307373047,30.327224731445312,30.84276580810547
2020-01-11,0.0,CHIRPS-2.0-global-daily-tif-p05-crop,98.66454315185547,99.18871307373047,30.327224731445312,30.84276580810547
2020-01-12,0.0,CHIRPS-2.0-global-daily-tif-p05-crop,98.66454315185547,99.18871307373047,30.327224731445312,30.84276580810547
2020-01-13,0.0,CHIRPS-2.0-global-daily-tif-p05-crop,98.66454315185547,99.18871307373047,30.327224731445312,30.84276580810547
2020-01-14,0.0,CHIRPS-2.0-global-daily-tif-p05-crop,98.66454315185547,99.18871307373047,30.327224731445312,30.84276580810547
2020-01-15,0.0,CHIRPS-2.0-global-daily-tif-p05-crop,98.66454315185547,99.18871307373047,30.327224731445312,30.84276580810547
2020-01-16,0.0,CHIRPS-2.0-global-daily-tif-p05-crop,98.66454315185547,99.18871307373047,30.327224731445312,30.84276580810547
2020-01-17,0.0,CHIRPS-2.0-global-daily-tif-p05-crop,98.66454315185547,99.18871307373047,30.327224731445312,30.84276580810547
2020-01-18,0.0,CHIRPS-2.0-global-daily-tif-p05-crop,98.66454315185547,99.18871307373047,30.327224731445312,30.84276580810547
2020-01-19,0.0,CHIRPS-2.0-global-daily-tif-p05-crop,98.66454315185547,99.18871307373047,30.327224731445312,30.84276580810547
2020-01-20,0.06308405101299286,CHIRPS-2.0-global-daily-tif-p05-crop,98.66454315185547,99.18871307373047,30.327224731445312,30.84276580810547
2020-01-21,0.19619986414909363,CHIRPS-2.0-global-daily-tif-p05-crop,98.66454315185547,99.18871307373047,30.327224731445312,30.84276580810547
2020-01-22,0.07411449402570724,CHIRPS-2.0-global-daily-tif-p05-crop,98.66454315185547,99.18871307373047,30.327224731445312,30.84276580810547
2020-01-23,0.11233537644147873,CHIRPS-2.0-global-daily-tif-p05-crop,98.66454315185547,99.18871307373047,30.327224731445312,30.84276580810547
2020-01-24,0.011323966085910797,CHIRPS-2.0-global-daily-tif-p05-crop,98.66454315185547,99.18871307373047,30.327224731445312,30.84276580810547
2020-01-25,0.0,CHIRPS-2.0-global-daily-tif-p05-crop,98.66454315185547,99.18871307373047,30.327224731445312,30.84276580810547
2020-01-26,0.0,CHIRPS-2.0-global-daily-tif-p05-crop,98.66454315185547,99.18871307373047,30.327224731445312,30.84276580810547
2020-01-27,0.08361516892910004,CHIRPS-2.0-global-daily-tif-p05-crop,98.66454315185547,99.18871307373047,30.327224731445312,30.84276580810547
2020-01-28,0.0,CHIRPS-2.0-global-daily-tif-p05-crop,98.66454315185547,99.18871307373047,30.327224731445312,30.84276580810547
2020-01-29,0.0,CHIRPS-2.0-global-daily-tif-p05-crop,98.66454315185547,99.18871307373047,30.327224731445312,30.84276580810547
2020-01-30,0.0,CHIRPS-2.0-global-daily-tif-p05-crop,98.66454315185547,99.18871307373047,30.327224731445312,30.84276580810547
2020-01-31,0.0,CHIRPS-2.0-global-daily-tif-p05-crop,98.66454315185547,99.18871307373047,30.327224731445312,30.84276580810547
2020-02-01,0.01038509514182806,CHIRPS-2.0-global-daily-tif-p05-crop,98.66454315185547,99.18871307373047,30.327224731445312,30.84276580810547
2020-02-02,0.12550267577171326,CHIRPS-2.0-global-daily-tif-p05-crop,98.66454315185547,99.18871307373047,30.327224731445312,30.84276580810547
2020-02-03,0.0,CHIRPS-2.0-global-daily-tif-p05-crop,98.66454315185547,99.18871307373047,30.327224731445312,30.84276580810547
2020-02-04,0.0,CHIRPS-2.0-global-daily-tif-p05-crop,98.66454315185547,99.18871307373047,30.327224731445312,30.84276580810547
2020-02-05,0.04525795578956604,CHIRPS-2.0-global-daily-tif-p05-crop,98.66454315185547,99.18871307373047,30.327224731445312,30.84276580810547
2020-02-06,0.0,CHIRPS-2.0-global-daily-tif-p05-crop,98.66454315185547,99.18871307373047,30.327224731445312,30.84276580810547
2020-02-07,0.0,CHIRPS-2.0-global-daily-tif-p05-crop,98.66454315185547,99.18871307373047,30.327224731445312,30.84276580810547
2020-02-08,0.0,CHIRPS-2.0-global-daily-tif-p05-crop,98.66454315185547,99.18871307373047,30.327224731445312,30.84276580810547
2020-02-09,0.0,CHIRPS-2.0-global-daily-tif-p05-crop,98.66454315185547,99.18871307373047,30.327224731445312,30.84276580810547
2020-02-10,0.0,CHIRPS-2.0-global-daily-tif-p05-crop,98.66454315185547,99.18871307373047,30.327224731445312,30.84276580810547
2020-02-11,0.0007030751439742744,CHIRPS-2.0-global-daily-tif-p05-crop,98.66454315185547,99.18871307373047,30.327224731445312,30.84276580810547
2020-02-12,0.140482559800148,CHIRPS-2.0-global-daily-tif-p05-crop,98.66454315185547,99.18871307373047,30.327224731445312,30.84276580810547
2020-02-13,0.05141047015786171,CHIRPS-2.0-global-daily-tif-p05-crop,98.66454315185547,99.18871307373047,30.327224731445312,30.84276580810547
2020-02-14,0.06162125617265701,CHIRPS-2.0-global-daily-tif-p05-crop,98.66454315185547,99.18871307373047,30.327224731445312,30.84276580810547
2020-02-15,0.0,CHIRPS-2.0-global-daily-tif-p05-crop,98.66454315185547,99.18871307373047,30.327224731445312,30.84276580810547
2020-02-16,0.05595077946782112,CHIRPS-2.0-global-daily-tif-p05-crop,98.66454315185547,99.18871307373047,30.327224731445312,30.84276580810547
2020-02-17,0.05306421220302582,CHIRPS-2.0-global-daily-tif-p05-crop,98.66454315185547,99.18871307373047,30.327224731445312,30.84276580810547
2020-02-18,0.29237139225006104,CHIRPS-2.0-global-daily-tif-p05-crop,98.66454315185547,99.18871307373047,30.327224731445312,30.84276580810547
2020-02-19,0.20581316947937012,CHIRPS-2.0-global-daily-tif-p05-crop,98.66454315185547,99.18871307373047,30.327224731445312,30.84276580810547
2020-02-20,0.31468966603279114,CHIRPS-2.0-global-daily-tif-p05-crop,98.66454315185547,99.18871307373047,30.327224731445312,30.84276580810547
2020-02-21,0.13981689512729645,CHIRPS-2.0-global-daily-tif-p05-crop,98.66454315185547,99.18871307373047,30.327224731445312,30.84276580810547
2020-02-22,0.16924822330474854,CHIRPS-2.0-global-daily-tif-p05-crop,98.66454315185547,99.18871307373047,30.327224731445312,30.84276580810547
2020-02-23,0.0,CHIRPS-2.0-global-daily-tif-p05-crop,98.66454315185547,99.18871307373047,30.327224731445312,30.84276580810547
2020-02-24,0.0,CHIRPS-2.0-global-daily-tif-p05-crop,98.66454315185547,99.18871307373047,30.327224731445312,30.84276580810547
2020-02-25,0.0,CHIRPS-2.0-global-daily-tif-p05-crop,98.66454315185547,99.18871307373047,30.327224731445312,30.84276580810547
2020-02-26,0.06277710944414139,CHIRPS-2.0-global-daily-tif-p05-crop,98.66454315185547,99.18871307373047,30.327224731445312,30.84276580810547
2020-02-27,0.7571456432342529,CHIRPS-2.0-global-daily-tif-p05-crop,98.66454315185547,99.18871307373047,30.327224731445312,30.84276580810547
2020-02-28,0.0,CHIRPS-2.0-global-daily-tif-p05-crop,98.66454315185547,99.18871307373047,30.327224731445312,30.84276580810547
2020-02-29,0.0,CHIRPS-2.0-global-daily-tif-p05-crop,98.66454315185547,99.18871307373047,30.327224731445312,30.84276580810547
2020-03-01,0.8281009793281555,CHIRPS-2.0-global-daily-tif-p05-crop,98.66454315185547,99.18871307373047,30.327224731445312,30.84276580810547
2020-03-02,0.006529602687805891,CHIRPS-2.0-global-daily-tif-p05-crop,98.66454315185547,99.18871307373047,30.327224731445312,30.84276580810547
2020-03-03,0.8885422348976135,CHIRPS-2.0-global-daily-tif-p05-crop,98.66454315185547,99.18871307373047,30.327224731445312,30.84276580810547
2020-03-04,0.0,CHIRPS-2.0-global-daily-tif-p05-crop,98.66454315185547,99.18871307373047,30.327224731445312,30.84276580810547
2020-03-05,0.0,CHIRPS-2.0-global-daily-tif-p05-crop,98.66454315185547,99.18871307373047,30.327224731445312,30.84276580810547
2020-03-06,0.0,CHIRPS-2.0-global-daily-tif-p05-crop,98.66454315185547,99.18871307373047,30.327224731445312,30.84276580810547
2020-03-07,0.0,CHIRPS-2.0-global-daily-tif-p05-crop,98.66454315185547,99.18871307373047,30.327224731445312,30.84276580810547
2020-03-08,0.0,CHIRPS-2.0-global-daily-tif-p05-crop,98.66454315185547,99.18871307373047,30.327224731445312,30.84276580810547
2020-03-09,0.0,CHIRPS-2.0-global-daily-tif-p05-crop,98.66454315185547,99.18871307373047,30.327224731445312,30.84276580810547
2020-03-10,0.0,CHIRPS-2.0-global-daily-tif-p05-crop,98.66454315185547,99.18871307373047,30.327224731445312,30.84276580810547
2020-03-11,0.0,CHIRPS-2.0-global-daily-tif-p05-crop,98.66454315185547,99.18871307373047,30.327224731445312,30.84276580810547
2020-03-12,0.0,CHIRPS-2.0-global-daily-tif-p05-crop,98.66454315185547,99.18871307373047,30.327224731445312,30.84276580810547
2020-03-13,0.0,CHIRPS-2.0-global-daily-tif-p05-crop,98.66454315185547,99.18871307373047,30.327224731445312,30.84276580810547
2020-03-14,0.0,CHIRPS-2.0-global-daily-tif-p05-crop,98.66454315185547,99.18871307373047,30.327224731445312,30.84276580810547
2020-03-15,0.045210208743810654,CHIRPS-2.0-global-daily-tif-p05-crop,98.66454315185547,99.18871307373047,30.327224731445312,30.84276580810547
2020-03-16,0.09688828140497208,CHIRPS-2.0-global-daily-tif-p05-crop,98.66454315185547,99.18871307373047,30.327224731445312,30.84276580810547
2020-03-17,0.0,CHIRPS-2.0-global-daily-tif-p05-crop,98.66454315185547,99.18871307373047,30.327224731445312,30.84276580810547
2020-03-18,0.0,CHIRPS-2.0-global-daily-tif-p05-crop,98.66454315185547,99.18871307373047,30.327224731445312,30.84276580810547
2020-03-19,1.294891595840454,CHIRPS-2.0-global-daily-tif-p05-crop,98.66454315185547,99.18871307373047,30.327224731445312,30.84276580810547
2020-03-20,0.06016844883561134,CHIRPS-2.0-global-daily-tif-p05-crop,98.66454315185547,99.18871307373047,30.327224731445312,30.84276580810547
2020-03-21,1.3620458841323853,CHIRPS-2.0-global-daily-tif-p05-crop,98.66454315185547,99.18871307373047,30.327224731445312,30.84276580810547
2020-03-22,0.40749502182006836,CHIRPS-2.0-global-daily-tif-p05-crop,98.66454315185547,99.18871307373047,30.327224731445312,30.84276580810547
2020-03-23,0.751828670501709,CHIRPS-2.0-global-daily-tif-p05-crop,98.66454315185547,99.18871307373047,30.327224731445312,30.84276580810547
2020-03-24,1.0889266729354858,CHIRPS-2.0-global-daily-tif-p05-crop,98.66454315185547,99.18871307373047,30.327224731445312,30.84276580810547
2020-03-25,0.0,CHIRPS-2.0-global-daily-tif-p05-crop,98.66454315185547,99.18871307373047,30.327224731445312,30.84276580810547
2020-03-26,0.0,CHIRPS-2.0-global-daily-tif-p05-crop,98.66454315185547,99.18871307373047,30.327224731445312,30.84276580810547
2020-03-27,0.04884808883070946,CHIRPS-2.0-global-daily-tif-p05-crop,98.66454315185547,99.18871307373047,30.327224731445312,30.84276580810547
2020-03-28,0.0,CHIRPS-2.0-global-daily-tif-p05-crop,98.66454315185547,99.18871307373047,30.327224731445312,30.84276580810547
2020-03-29,0.0,CHIRPS-2.0-global-daily-tif-p05-crop,98.66454315185547,99.18871307373047,30.327224731445312,30.84276580810547
2020-03-30,0.0,CHIRPS-2.0-global-daily-tif-p05-crop,98.66454315185547,99.18871307373047,30.327224731445312,30.84276580810547
2020-03-31,1.5875650644302368,CHIRPS-2.0-global-daily-tif-p05-crop,98.66454315185547,99.18871307373047,30.327224731445312,30.84276580810547
2020-04-01,2.071467638015747,CHIRPS-2.0-global-daily-tif-p05-crop,98.66454315185547,99.18871307373047,30.327224731445312,30.84276580810547
2020-04-02,0.0,CHIRPS-2.0-global-daily-tif-p05-crop,98.66454315185547,99.18871307373047,30.327224731445312,30.84276580810547
2020-04-03,0.038175228983163834,CHIRPS-2.0-global-daily-tif-p05-crop,98.66454315185547,99.18871307373047,30.327224731445312,30.84276580810547
2020-04-04,2.622180700302124,CHIRPS-2.0-global-daily-tif-p05-crop,98.66454315185547,99.18871307373047,30.327224731445312,30.84276580810547
2020-04-05,1.5018864870071411,CHIRPS-2.0-global-daily-tif-p05-crop,98.66454315185547,99.18871307373047,30.327224731445312,30.84276580810547
2020-04-06,0.2981365919113159,CHIRPS-2.0-global-daily-tif-p05-crop,98.66454315185547,99.18871307373047,30.327224731445312,30.84276580810547
2020-04-07,4.643290042877197,CHIRPS-2.0-global-daily-tif-p05-crop,98.66454315185547,99.18871307373047,30.327224731445312,30.84276580810547
2020-04-08,0.36423802375793457,CHIRPS-2.0-global-daily-tif-p05-crop,98.66454315185547,99.18871307373047,30.327224731445312,30.84276580810547
2020-04-09,0.1586816906929016,CHIRPS-2.0-global-daily-tif-p05-crop,98.66454315185547,99.18871307373047,30.327224731445312,30.84276580810547
2020-04-10,2.2914881706237793,CHIRPS-2.0-global-daily-tif-p05-crop,98.66454315185547,99.18871307373047,30.327224731445312,30.84276580810547
2020-04-11,0.5455074310302734,CHIRPS-2.0-global-daily-tif-p05-crop,98.66454315185547,99.18871307373047,30.327224731445312,30.84276580810547
2020-04-12,3.012822389602661,CHIRPS-2.0-global-daily-tif-p05-crop,98.66454315185547,99.18871307373047,30.327224731445312,30.84276580810547
2020-04-13,0.0,CHIRPS-2.0-global-daily-tif-p05-crop,98.66454315185547,99.18871307373047,30.327224731445312,30.84276580810547
2020-04-14,0.04520535096526146,CHIRPS-2.0-global-daily-tif-p05-crop,98.66454315185547,99.18871307373047,30.327224731445312,30.84276580810547
2020-04-15,0.8944953083992004,CHIRPS-2.0-global-daily-tif-p05-crop,98.66454315185547,99.18871307373047,30.327224731445312,30.84276580810547
2020-04-16,0.0,CHIRPS-2.0-global-daily-tif-p05-crop,98.66454315185547,99.18871307373047,30.327224731445312,30.84276580810547
2020-04-17,0.7918967008590698,CHIRPS-2.0-global-daily-tif-p05-crop,98.66454315185547,99.18871307373047,30.327224731445312,30.84276580810547
2020-04-18,0.0,CHIRPS-2.0-global-daily-tif-p05-crop,98.66454315185547,99.18871307373047,30.327224731445312,30.84276580810547
2020-04-19,0.06870613992214203,CHIRPS-2.0-global-daily-tif-p05-crop,98.66454315185547,99.18871307373047,30.327224731445312,30.84276580810547
2020-04-20,0.0,CHIRPS-2.0-global-daily-tif-p05-crop,98.66454315185547,99.18871307373047,30.327224731445312,30.84276580810547
2020-04-21,7.217373847961426,CHIRPS-2.0-global-daily-tif-p05-crop,98.66454315185547,99.18871307373047,30.327224731445312,30.84276580810547
2020-04-22,0.9017545580863953,CHIRPS-2.0-global-daily-tif-p05-crop,98.66454315185547,99.18871307373047,30.327224731445312,30.84276580810547
2020-04-23,7.090512752532959,CHIRPS-2.0-global-daily-tif-p05-crop,98.66454315185547,99.18871307373047,30.327224731445312,30.84276580810547
2020-04-24,1.296932339668274,CHIRPS-2.0-global-daily-tif-p05-crop,98.66454315185547,99.18871307373047,30.327224731445312,30.84276580810547
2020-04-25,1.1994359493255615,CHIRPS-2.0-global-daily-tif-p05-crop,98.66454315185547,99.18871307373047,30.327224731445312,30.84276580810547
2020-04-26,0.0,CHIRPS-2.0-global-daily-tif-p05-crop,98.66454315185547,99.18871307373047,30.327224731445312,30.84276580810547
2020-04-27,0.0,CHIRPS-2.0-global-daily-tif-p05-crop,98.66454315185547,99.18871307373047,30.327224731445312,30.84276580810547
2020-04-28,4.0353007316589355,CHIRPS-2.0-global-daily-tif-p05-crop,98.66454315185547,99.18871307373047,30.327224731445312,30.84276580810547
2020-04-29,6.915555477142334,CHIRPS-2.0-global-daily-tif-p05-crop,98.66454315185547,99.18871307373047,30.327224731445312,30.84276580810547
2020-04-30,1.335925817489624,CHIRPS-2.0-global-daily-tif-p05-crop,98.66454315185547,99.18871307373047,30.327224731445312,30.84276580810547
2020-05-01,0.0,CHIRPS-2.0-global-daily-tif-p05-crop,98.66454315185547,99.18871307373047,30.327224731445312,30.84276580810547
2020-05-02,0.0,CHIRPS-2.0-global-daily-tif-p05-crop,98.66454315185547,99.18871307373047,30.327224731445312,30.84276580810547
2020-05-03,0.0,CHIRPS-2.0-global-daily-tif-p05-crop,98.66454315185547,99.18871307373047,30.327224731445312,30.84276580810547
2020-05-04,0.9168475866317749,CHIRPS-2.0-global-daily-tif-p05-crop,98.66454315185547,99.18871307373047,30.327224731445312,30.84276580810547
2020-05-05,0.0,CHIRPS-2.0-global-daily-tif-p05-crop,98.66454315185547,99.18871307373047,30.327224731445312,30.84276580810547
2020-05-06,0.0,CHIRPS-2.0-global-daily-tif-p05-crop,98.66454315185547,99.18871307373047,30.327224731445312,30.84276580810547
2020-05-07,0.0,CHIRPS-2.0-global-daily-tif-p05-crop,98.66454315185547,99.18871307373047,30.327224731445312,30.84276580810547
2020-05-08,0.0,CHIRPS-2.0-global-daily-tif-p05-crop,98.66454315185547,99.18871307373047,30.327224731445312,30.84276580810547
2020-05-09,0.0,CHIRPS-2.0-global-daily-tif-p05-crop,98.66454315185547,99.18871307373047,30.327224731445312,30.84276580810547
2020-05-10,1.1802915334701538,CHIRPS-2.0-global-daily-tif-p05-crop,98.66454315185547,99.18871307373047,30.327224731445312,30.84276580810547
2020-05-11,0.0,CHIRPS-2.0-global-daily-tif-p05-crop,98.66454315185547,99.18871307373047,30.327224731445312,30.84276580810547
2020-05-12,0.03165648505091667,CHIRPS-2.0-global-daily-tif-p05-crop,98.66454315185547,99.18871307373047,30.327224731445312,30.84276580810547
2020-05-13,4.148495197296143,CHIRPS-2.0-global-daily-tif-p05-crop,98.66454315185547,99.18871307373047,30.327224731445312,30.84276580810547
2020-05-14,3.9025700092315674,CHIRPS-2.0-global-daily-tif-p05-crop,98.66454315185547,99.18871307373047,30.327224731445312,30.84276580810547
2020-05-15,5.8391642570495605,CHIRPS-2.0-global-daily-tif-p05-crop,98.66454315185547,99.18871307373047,30.327224731445312,30.84276580810547
2020-05-16,14.311872482299805,CHIRPS-2.0-global-daily-tif-p05-crop,98.66454315185547,99.18871307373047,30.327224731445312,30.84276580810547
2020-05-17,0.0,CHIRPS-2.0-global-daily-tif-p05-crop,98.66454315185547,99.18871307373047,30.327224731445312,30.84276580810547
2020-05-18,0.0,CHIRPS-2.0-global-daily-tif-p05-crop,98.66454315185547,99.18871307373047,30.327224731445312,30.84276580810547
2020-05-19,0.0,CHIRPS-2.0-global-daily-tif-p05-crop,98.66454315185547,99.18871307373047,30.327224731445312,30.84276580810547
2020-05-20,0.0,CHIRPS-2.0-global-daily-tif-p05-crop,98.66454315185547,99.18871307373047,30.327224731445312,30.84276580810547
2020-05-21,5.014788627624512,CHIRPS-2.0-global-daily-tif-p05-crop,98.66454315185547,99.18871307373047,30.327224731445312,30.84276580810547
2020-05-22,1.6026232242584229,CHIRPS-2.0-global-daily-tif-p05-crop,98.66454315185547,99.18871307373047,30.327224731445312,30.84276580810547
2020-05-23,3.330338954925537,CHIRPS-2.0-global-daily-tif-p05-crop,98.66454315185547,99.18871307373047,30.327224731445312,30.84276580810547
2020-05-24,3.910001039505005,CHIRPS-2.0-global-daily-tif-p05-crop,98.66454315185547,99.18871307373047,30.327224731445312,30.84276580810547
2020-05-25,4.063758373260498,CHIRPS-2.0-global-daily-tif-p05-crop,98.66454315185547,99.18871307373047,30.327224731445312,30.84276580810547
2020-05-26,0.1918499618768692,CHIRPS-2.0-global-daily-tif-p05-crop,98.66454315185547,99.18871307373047,30.327224731445312,30.84276580810547
2020-05-27,19.665611267089844,CHIRPS-2.0-global-daily-tif-p05-crop,98.66454315185547,99.18871307373047,30.327224731445312,30.84276580810547
2020-05-28,0.0,CHIRPS-2.0-global-daily-tif-p05-crop,98.66454315185547,99.18871307373047,30.327224731445312,30.84276580810547
2020-05-29,0.0,CHIRPS-2.0-global-daily-tif-p05-crop,98.66454315185547,99.18871307373047,30.327224731445312,30.84276580810547
2020-05-30,0.0,CHIRPS-2.0-global-daily-tif-p05-crop,98.66454315185547,99.18871307373047,30.327224731445312,30.84276580810547
2020-05-31,0.0,CHIRPS-2.0-global-daily-tif-p05-crop,98.66454315185547,99.18871307373047,30.327224731445312,30.84276580810547
2020-06-01,1.8491214513778687,CHIRPS-2.0-global-daily-tif-p05-crop,98.66454315185547,99.18871307373047,30.327224731445312,30.84276580810547
2020-06-02,3.9885976314544678,CHIRPS-2.0-global-daily-tif-p05-crop,98.66454315185547,99.18871307373047,30.327224731445312,30.84276580810547
2020-06-03,3.774367570877075,CHIRPS-2.0-global-daily-tif-p05-crop,98.66454315185547,99.18871307373047,30.327224731445312,30.84276580810547
2020-06-04,1.836526870727539,CHIRPS-2.0-global-daily-tif-p05-crop,98.66454315185547,99.18871307373047,30.327224731445312,30.84276580810547
2020-06-05,4.44770622253418,CHIRPS-2.0-global-daily-tif-p05-crop,98.66454315185547,99.18871307373047,30.327224731445312,30.84276580810547
2020-06-06,2.4372498989105225,CHIRPS-2.0-global-daily-tif-p05-crop,98.66454315185547,99.18871307373047,30.327224731445312,30.84276580810547
2020-06-07,0.0,CHIRPS-2.0-global-daily-tif-p05-crop,98.66454315185547,99.18871307373047,30.327224731445312,30.84276580810547
2020-06-08,0.0,CHIRPS-2.0-global-daily-tif-p05-crop,98.66454315185547,99.18871307373047,30.327224731445312,30.84276580810547
2020-06-09,0.0,CHIRPS-2.0-global-daily-tif-p05-crop,98.66454315185547,99.18871307373047,30.327224731445312,30.84276580810547
2020-06-10,0.2503035068511963,CHIRPS-2.0-global-daily-tif-p05-crop,98.66454315185547,99.18871307373047,30.327224731445312,30.84276580810547
2020-06-11,1.4574394226074219,CHIRPS-2.0-global-daily-tif-p05-crop,98.66454315185547,99.18871307373047,30.327224731445312,30.84276580810547
2020-06-12,1.5091453790664673,CHIRPS-2.0-global-daily-tif-p05-crop,98.66454315185547,99.18871307373047,30.327224731445312,30.84276580810547
2020-06-13,2.4419381618499756,CHIRPS-2.0-global-daily-tif-p05-crop,98.66454315185547,99.18871307373047,30.327224731445312,30.84276580810547
2020-06-14,2.462704658508301,CHIRPS-2.0-global-daily-tif-p05-crop,98.66454315185547,99.18871307373047,30.327224731445312,30.84276580810547
2020-06-15,1.1771835088729858,CHIRPS-2.0-global-daily-tif-p05-crop,98.66454315185547,99.18871307373047,30.327224731445312,30.84276580810547
2020-06-16,0.05419640988111496,CHIRPS-2.0-global-daily-tif-p05-crop,98.66454315185547,99.18871307373047,30.327224731445312,30.84276580810547
2020-06-17,3.6804661750793457,CHIRPS-2.0-global-daily-tif-p05-crop,98.66454315185547,99.18871307373047,30.327224731445312,30.84276580810547
2020-06-18,0.9562518000602722,CHIRPS-2.0-global-daily-tif-p05-crop,98.66454315185547,99.18871307373047,30.327224731445312,30.84276580810547
2020-06-19,4.3975510597229,CHIRPS-2.0-global-daily-tif-p05-crop,98.66454315185547,99.18871307373047,30.327224731445312,30.84276580810547
2020-06-20,2.874929904937744,CHIRPS-2.0-global-daily-tif-p05-crop,98.66454315185547,99.18871307373047,30.327224731445312,30.84276580810547
2020-06-21,0.0,CHIRPS-2.0-global-daily-tif-p05-crop,98.66454315185547,99.18871307373047,30.327224731445312,30.84276580810547
2020-06-22,0.17938090860843658,CHIRPS-2.0-global-daily-tif-p05-crop,98.66454315185547,99.18871307373047,30.327224731445312,30.84276580810547
2020-06-23,0.0,CHIRPS-2.0-global-daily-tif-p05-crop,98.66454315185547,99.18871307373047,30.327224731445312,30.84276580810547
2020-06-24,0.0,CHIRPS-2.0-global-daily-tif-p05-crop,98.66454315185547,99.18871307373047,30.327224731445312,30.84276580810547
2020-06-25,6.746458053588867,CHIRPS-2.0-global-daily-tif-p05-crop,98.66454315185547,99.18871307373047,30.327224731445312,30.84276580810547
2020-06-26,9.928189277648926,CHIRPS-2.0-global-daily-tif-p05-crop,98.66454315185547,99.18871307373047,30.327224731445312,30.84276580810547
2020-06-27,8.885254859924316,CHIRPS-2.0-global-daily-tif-p05-crop,98.66454315185547,99.18871307373047,30.327224731445312,30.84276580810547
2020-06-28,2.9032957553863525,CHIRPS-2.0-global-daily-tif-p05-crop,98.66454315185547,99.18871307373047,30.327224731445312,30.84276580810547
2020-06-29,5.104302406311035,CHIRPS-2.0-global-daily-tif-p05-crop,98.66454315185547,99.18871307373047,30.327224731445312,30.84276580810547
2020-06-30,13.337618827819824,CHIRPS-2.0-global-daily-tif-p05-crop,98.66454315185547,99.18871307373047,30.327224731445312,30.84276580810547
2020-07-01,0.0,CHIRPS-2.0-global-daily-tif-p05-crop,98.66454315185547,99.18871307373047,30.327224731445312,30.84276580810547
2020-07-02,2.0448129177093506,CHIRPS-2.0-global-daily-tif-p05-crop,98.66454315185547,99.18871307373047,30.327224731445312,30.84276580810547
2020-07-03,8.059335708618164,CHIRPS-2.0-global-daily-tif-p05-crop,98.66454315185547,99.18871307373047,30.327224731445312,30.84276580810547
2020-07-04,9.155942916870117,CHIRPS-2.0-global-daily-tif-p05-crop,98.66454315185547,99.18871307373047,30.327224731445312,30.84276580810547
2020-07-05,11.289673805236816,CHIRPS-2.0-global-daily-tif-p05-crop,98.66454315185547,99.18871307373047,30.327224731445312,30.84276580810547
2020-07-06,7.780134677886963,CHIRPS-2.0-global-daily-tif-p05-crop,98.66454315185547,99.18871307373047,30.327224731445312,30.84276580810547
2020-07-07,3.0159881114959717,CHIRPS-2.0-global-daily-tif-p05-crop,98.66454315185547,99.18871307373047,30.327224731445312,30.84276580810547
2020-07-08,10.46565055847168,CHIRPS-2.0-global-daily-tif-p05-crop,98.66454315185547,99.18871307373047,30.327224731445312,30.84276580810547
2020-07-09,10.148069381713867,CHIRPS-2.0-global-daily-tif-p05-crop,98.66454315185547,99.18871307373047,30.327224731445312,30.84276580810547
2020-07-10,6.042402267456055,CHIRPS-2.0-global-daily-tif-p05-crop,98.66454315185547,99.18871307373047,30.327224731445312,30.84276580810547
2020-07-11,5.925538063049316,CHIRPS-2.0-global-daily-tif-p05-crop,98.66454315185547,99.18871307373047,30.327224731445312,30.84276580810547
2020-07-12,23.27053451538086,CHIRPS-2.0-global-daily-tif-p05-crop,98.66454315185547,99.18871307373047,30.327224731445312,30.84276580810547
2020-07-13,4.181962490081787,CHIRPS-2.0-global-daily-tif-p05-crop,98.66454315185547,99.18871307373047,30.327224731445312,30.84276580810547
2020-07-14,8.733482360839844,CHIRPS-2.0-global-daily-tif-p05-crop,98.66454315185547,99.18871307373047,30.327224731445312,30.84276580810547
2020-07-15,8.03405475616455,CHIRPS-2.0-global-daily-tif-p05-crop,98.66454315185547,99.18871307373047,30.327224731445312,30.84276580810547
2020-07-16,6.799716472625732,CHIRPS-2.0-global-daily-tif-p05-crop,98.66454315185547,99.18871307373047,30.327224731445312,30.84276580810547
2020-07-17,3.9764397144317627,CHIRPS-2.0-global-daily-tif-p05-crop,98.66454315185547,99.18871307373047,30.327224731445312,30.84276580810547
2020-07-18,3.273123264312744,CHIRPS-2.0-global-daily-tif-p05-crop,98.66454315185547,99.18871307373047,30.327224731445312,30.84276580810547
2020-07-19,26.405487060546875,CHIRPS-2.0-global-daily-tif-p05-crop,98.66454315185547,99.18871307373047,30.327224731445312,30.84276580810547
2020-07-20,6.906829357147217,CHIRPS-2.0-global-daily-tif-p05-crop,98.66454315185547,99.18871307373047,30.327224731445312,30.84276580810547
2020-07-21,11.564433097839355,CHIRPS-2.0-global-daily-tif-p05-crop,98.66454315185547,99.18871307373047,30.327224731445312,30.84276580810547
2020-07-22,10.262760162353516,CHIRPS-2.0-global-daily-tif-p05-crop,98.66454315185547,99.18871307373047,30.327224731445312,30.84276580810547
2020-07-23,9.437949180603027,CHIRPS-2.0-global-daily-tif-p05-crop,98.66454315185547,99.18871307373047,30.327224731445312,30.84276580810547
2020-07-24,7.932426452636719,CHIRPS-2.0-global-daily-tif-p05-crop,98.66454315185547,99.18871307373047,30.327224731445312,30.84276580810547
2020-07-25,5.14984655380249,CHIRPS-2.0-global-daily-tif-p05-crop,98.66454315185547,99.18871307373047,30.327224731445312,30.84276580810547
2020-07-26,0.0,CHIRPS-2.0-global-daily-tif-p05-crop,98.66454315185547,99.18871307373047,30.327224731445312,30.84276580810547
2020-07-27,6.6095380783081055,CHIRPS-2.0-global-daily-tif-p05-crop,98.66454315185547,99.18871307373047,30.327224731445312,30.84276580810547
2020-07-28,11.708440780639648,CHIRPS-2.0-global-daily-tif-p05-crop,98.66454315185547,99.18871307373047,30.327224731445312,30.84276580810547
2020-07-29,19.75149154663086,CHIRPS-2.0-global-daily-tif-p05-crop,98.66454315185547,99.18871307373047,30.327224731445312,30.84276580810547
2020-07-30,2.9719152450561523,CHIRPS-2.0-global-daily-tif-p05-crop,98.66454315185547,99.18871307373047,30.327224731445312,30.84276580810547
2020-07-31,21.140756607055664,CHIRPS-2.0-global-daily-tif-p05-crop,98.66454315185547,99.18871307373047,30.327224731445312,30.84276580810547
2020-08-01,0.0,CHIRPS-2.0-global-daily-tif-p05-crop,98.66454315185547,99.18871307373047,30.327224731445312,30.84276580810547
2020-08-02,0.0,CHIRPS-2.0-global-daily-tif-p05-crop,98.66454315185547,99.18871307373047,30.327224731445312,30.84276580810547
2020-08-03,0.0,CHIRPS-2.0-global-daily-tif-p05-crop,98.66454315185547,99.18871307373047,30.327224731445312,30.84276580810547
2020-08-04,0.0,CHIRPS-2.0-global-daily-tif-p05-crop,98.66454315185547,99.18871307373047,30.327224731445312,30.84276580810547
2020-08-05,0.0,CHIRPS-2.0-global-daily-tif-p05-crop,98.66454315185547,99.18871307373047,30.327224731445312,30.84276580810547
2020-08-06,5.820165634155273,CHIRPS-2.0-global-daily-tif-p05-crop,98.66454315185547,99.18871307373047,30.327224731445312,30.84276580810547
2020-08-07,4.155941486358643,CHIRPS-2.0-global-daily-tif-p05-crop,98.66454315185547,99.18871307373047,30.327224731445312,30.84276580810547
2020-08-08,8.070962905883789,CHIRPS-2.0-global-daily-tif-p05-crop,98.66454315185547,99.18871307373047,30.327224731445312,30.84276580810547
2020-08-09,0.9179620742797852,CHIRPS-2.0-global-daily-tif-p05-crop,98.66454315185547,99.18871307373047,30.327224731445312,30.84276580810547
2020-08-10,15.191808700561523,CHIRPS-2.0-global-daily-tif-p05-crop,98.66454315185547,99.18871307373047,30.327224731445312,30.84276580810547
2020-08-11,14.142251014709473,CHIRPS-2.0-global-daily-tif-p05-crop,98.66454315185547,99.18871307373047,30.327224731445312,30.84276580810547
2020-08-12,0.0,CHIRPS-2.0-global-daily-tif-p05-crop,98.66454315185547,99.18871307373047,30.327224731445312,30.84276580810547
2020-08-13,9.634559631347656,CHIRPS-2.0-global-daily-tif-p05-crop,98.66454315185547,99.18871307373047,30.327224731445312,30.84276580810547
2020-08-14,18.661556243896484,CHIRPS-2.0-global-daily-tif-p05-crop,98.66454315185547,99.18871307373047,30.327224731445312,30.84276580810547
2020-08-15,10.767070770263672,CHIRPS-2.0-global-daily-tif-p05-crop,98.66454315185547,99.18871307373047,30.327224731445312,30.84276580810547
2020-08-16,12.146099090576172,CHIRPS-2.0-global-daily-tif-p05-crop,98.66454315185547,99.18871307373047,30.327224731445312,30.84276580810547
2020-08-17,0.10589482635259628,CHIRPS-2.0-global-daily-tif-p05-crop,98.66454315185547,99.18871307373047,30.327224731445312,30.84276580810547
2020-08-18,0.0,CHIRPS-2.0-global-daily-tif-p05-crop,98.66454315185547,99.18871307373047,30.327224731445312,30.84276580810547
2020-08-19,0.0,CHIRPS-2.0-global-daily-tif-p05-crop,98.66454315185547,99.18871307373047,30.327224731445312,30.84276580810547
2020-08-20,0.0,CHIRPS-2.0-global-daily-tif-p05-crop,98.66454315185547,99.18871307373047,30.327224731445312,30.84276580810547
2020-08-21,0.0,CHIRPS-2.0-global-daily-tif-p05-crop,98.66454315185547,99.18871307373047,30.327224731445312,30.84276580810547
2020-08-22,1.033626914024353,CHIRPS-2.0-global-daily-tif-p05-crop,98.66454315185547,99.18871307373047,30.327224731445312,30.84276580810547
2020-08-23,6.611212253570557,CHIRPS-2.0-global-daily-tif-p05-crop,98.66454315185547,99.18871307373047,30.327224731445312,30.84276580810547
2020-08-24,0.0,CHIRPS-2.0-global-daily-tif-p05-crop,98.66454315185547,99.18871307373047,30.327224731445312,30.84276580810547
2020-08-25,0.0,CHIRPS-2.0-global-daily-tif-p05-crop,98.66454315185547,99.18871307373047,30.327224731445312,30.84276580810547
2020-08-26,0.0,CHIRPS-2.0-global-daily-tif-p05-crop,98.66454315185547,99.18871307373047,30.327224731445312,30.84276580810547
2020-08-27,6.706683158874512,CHIRPS-2.0-global-daily-tif-p05-crop,98.66454315185547,99.18871307373047,30.327224731445312,30.84276580810547
2020-08-28,5.103794097900391,CHIRPS-2.0-global-daily-tif-p05-crop,98.66454315185547,99.18871307373047,30.327224731445312,30.84276580810547
2020-08-29,9.673844337463379,CHIRPS-2.0-global-daily-tif-p05-crop,98.66454315185547,99.18871307373047,30.327224731445312,30.84276580810547
2020-08-30,0.11628902703523636,CHIRPS-2.0-global-daily-tif-p05-crop,98.66454315185547,99.18871307373047,30.327224731445312,30.84276580810547
2020-08-31,0.0,CHIRPS-2.0-global-daily-tif-p05-crop,98.66454315185547,99.18871307373047,30.327224731445312,30.84276580810547
2020-09-01,1.1290515661239624,CHIRPS-2.0-global-daily-tif-p05-crop,98.66454315185547,99.18871307373047,30.327224731445312,30.84276580810547
2020-09-02,0.05456800386309624,CHIRPS-2.0-global-daily-tif-p05-crop,98.66454315185547,99.18871307373047,30.327224731445312,30.84276580810547
2020-09-03,6.143605709075928,CHIRPS-2.0-global-daily-tif-p05-crop,98.66454315185547,99.18871307373047,30.327224731445312,30.84276580810547
2020-09-04,3.7423441410064697,CHIRPS-2.0-global-daily-tif-p05-crop,98.66454315185547,99.18871307373047,30.327224731445312,30.84276580810547
2020-09-05,5.93642520904541,CHIRPS-2.0-global-daily-tif-p05-crop,98.66454315185547,99.18871307373047,30.327224731445312,30.84276580810547
2020-09-06,2.479966163635254,CHIRPS-2.0-global-daily-tif-p05-crop,98.66454315185547,99.18871307373047,30.327224731445312,30.84276580810547
2020-09-07,4.102323532104492,CHIRPS-2.0-global-daily-tif-p05-crop,98.66454315185547,99.18871307373047,30.327224731445312,30.84276580810547
2020-09-08,6.951566219329834,CHIRPS-2.0-global-daily-tif-p05-crop,98.66454315185547,99.18871307373047,30.327224731445312,30.84276580810547
2020-09-09,5.919474124908447,CHIRPS-2.0-global-daily-tif-p05-crop,98.66454315185547,99.18871307373047,30.327224731445312,30.84276580810547
2020-09-10,6.961928367614746,CHIRPS-2.0-global-daily-tif-p05-crop,98.66454315185547,99.18871307373047,30.327224731445312,30.84276580810547
2020-09-11,6.339356899261475,CHIRPS-2.0-global-daily-tif-p05-crop,98.66454315185547,99.18871307373047,30.327224731445312,30.84276580810547
2020-09-12,4.502124309539795,CHIRPS-2.0-global-daily-tif-p05-crop,98.66454315185547,99.18871307373047,30.327224731445312,30.84276580810547
2020-09-13,0.9981048107147217,CHIRPS-2.0-global-daily-tif-p05-crop,98.66454315185547,99.18871307373047,30.327224731445312,30.84276580810547
2020-09-14,8.654494285583496,CHIRPS-2.0-global-daily-tif-p05-crop,98.66454315185547,99.18871307373047,30.327224731445312,30.84276580810547
2020-09-15,17.914634704589844,CHIRPS-2.0-global-daily-tif-p05-crop,98.66454315185547,99.18871307373047,30.327224731445312,30.84276580810547
2020-09-16,10.117278099060059,CHIRPS-2.0-global-daily-tif-p05-crop,98.66454315185547,99.18871307373047,30.327224731445312,30.84276580810547
2020-09-17,2.4428350925445557,CHIRPS-2.0-global-daily-tif-p05-crop,98.66454315185547,99.18871307373047,30.327224731445312,30.84276580810547
2020-09-18,1.7185640335083008,CHIRPS-2.0-global-daily-tif-p05-crop,98.66454315185547,99.18871307373047,30.327224731445312,30.84276580810547
2020-09-19,1.4933863878250122,CHIRPS-2.0-global-daily-tif-p05-crop,98.66454315185547,99.18871307373047,30.327224731445312,30.84276580810547
2020-09-20,1.9025352001190186,CHIRPS-2.0-global-daily-tif-p05-crop,98.66454315185547,99.18871307373047,30.327224731445312,30.84276580810547
2020-09-21,0.0,CHIRPS-2.0-global-daily-tif-p05-crop,98.66454315185547,99.18871307373047,30.327224731445312,30.84276580810547
2020-09-22,2.0004122257232666,CHIRPS-2.0-global-daily-tif-p05-crop,98.66454315185547,99.18871307373047,30.327224731445312,30.84276580810547
2020-09-23,1.0946751832962036,CHIRPS-2.0-global-daily-tif-p05-crop,98.66454315185547,99.18871307373047,30.327224731445312,30.84276580810547
2020-09-24,13.234578132629395,CHIRPS-2.0-global-daily-tif-p05-crop,98.66454315185547,99.18871307373047,30.327224731445312,30.84276580810547
2020-09-25,12.800082206726074,CHIRPS-2.0-global-daily-tif-p05-crop,98.66454315185547,99.18871307373047,30.327224731445312,30.84276580810547
2020-09-26,0.0,CHIRPS-2.0-global-daily-tif-p05-crop,98.66454315185547,99.18871307373047,30.327224731445312,30.84276580810547
2020-09-27,0.0,CHIRPS-2.0-global-daily-tif-p05-crop,98.66454315185547,99.18871307373047,30.327224731445312,30.84276580810547
2020-09-28,0.21678268909454346,CHIRPS-2.0-global-daily-tif-p05-crop,98.66454315185547,99.18871307373047,30.327224731445312,30.84276580810547
2020-09-29,0.0,CHIRPS-2.0-global-daily-tif-p05-crop,98.66454315185547,99.18871307373047,30.327224731445312,30.84276580810547
2020-09-30,1.4396640062332153,CHIRPS-2.0-global-daily-tif-p05-crop,98.66454315185547,99.18871307373047,30.327224731445312,30.84276580810547
2020-10-01,0.5751596689224243,CHIRPS-2.0-global-daily-tif-p05-crop,98.66454315185547,99.18871307373047,30.327224731445312,30.84276580810547
2020-10-02,0.0,CHIRPS-2.0-global-daily-tif-p05-crop,98.66454315185547,99.18871307373047,30.327224731445312,30.84276580810547
2020-10-03,3.57092022895813,CHIRPS-2.0-global-daily-tif-p05-crop,98.66454315185547,99.18871307373047,30.327224731445312,30.84276580810547
2020-10-04,1.086173415184021,CHIRPS-2.0-global-daily-tif-p05-crop,98.66454315185547,99.18871307373047,30.327224731445312,30.84276580810547
2020-10-05,0.8131007552146912,CHIRPS-2.0-global-daily-tif-p05-crop,98.66454315185547,99.18871307373047,30.327224731445312,30.84276580810547
2020-10-06,6.115989685058594,CHIRPS-2.0-global-daily-tif-p05-crop,98.66454315185547,99.18871307373047,30.327224731445312,30.84276580810547
2020-10-07,0.0,CHIRPS-2.0-global-daily-tif-p05-crop,98.66454315185547,99.18871307373047,30.327224731445312,30.84276580810547
2020-10-08,0.0,CHIRPS-2.0-global-daily-tif-p05-crop,98.66454315185547,99.18871307373047,30.327224731445312,30.84276580810547
2020-10-09,0.0,CHIRPS-2.0-global-daily-tif-p05-crop,98.66454315185547,99.18871307373047,30.327224731445312,30.84276580810547
2020-10-10,0.0,CHIRPS-2.0-global-daily-tif-p05-crop,98.66454315185547,99.18871307373047,30.327224731445312,30.84276580810547
2020-10-11,0.0,CHIRPS-2.0-global-daily-tif-p05-crop,98.66454315185547,99.18871307373047,30.327224731445312,30.84276580810547
2020-10-12,0.16214759647846222,CHIRPS-2.0-global-daily-tif-p05-crop,98.66454315185547,99.18871307373047,30.327224731445312,30.84276580810547
2020-10-13,0.0,CHIRPS-2.0-global-daily-tif-p05-crop,98.66454315185547,99.18871307373047,30.327224731445312,30.84276580810547
2020-10-14,0.0,CHIRPS-2.0-global-daily-tif-p05-crop,98.66454315185547,99.18871307373047,30.327224731445312,30.84276580810547
2020-10-15,0.0,CHIRPS-2.0-global-daily-tif-p05-crop,98.66454315185547,99.18871307373047,30.327224731445312,30.84276580810547
2020-10-16,0.0,CHIRPS-2.0-global-daily-tif-p05-crop,98.66454315185547,99.18871307373047,30.327224731445312,30.84276580810547
2020-10-17,0.0,CHIRPS-2.0-global-daily-tif-p05-crop,98.66454315185547,99.18871307373047,30.327224731445312,30.84276580810547
2020-10-18,0.0,CHIRPS-2.0-global-daily-tif-p05-crop,98.66454315185547,99.18871307373047,30.327224731445312,30.84276580810547
2020-10-19,0.0,CHIRPS-2.0-global-daily-tif-p05-crop,98.66454315185547,99.18871307373047,30.327224731445312,30.84276580810547
2020-10-20,6.023996353149414,CHIRPS-2.0-global-daily-tif-p05-crop,98.66454315185547,99.18871307373047,30.327224731445312,30.84276580810547
2020-10-21,0.0,CHIRPS-2.0-global-daily-tif-p05-crop,98.66454315185547,99.18871307373047,30.327224731445312,30.84276580810547
2020-10-22,0.0,CHIRPS-2.0-global-daily-tif-p05-crop,98.66454315185547,99.18871307373047,30.327224731445312,30.84276580810547
2020-10-23,0.5648178458213806,CHIRPS-2.0-global-daily-tif-p05-crop,98.66454315185547,99.18871307373047,30.327224731445312,30.84276580810547
2020-10-24,1.4388877153396606,CHIRPS-2.0-global-daily-tif-p05-crop,98.66454315185547,99.18871307373047,30.327224731445312,30.84276580810547
2020-10-25,0.0,CHIRPS-2.0-global-daily-tif-p05-crop,98.66454315185547,99.18871307373047,30.327224731445312,30.84276580810547
2020-10-26,0.39335161447525024,CHIRPS-2.0-global-daily-tif-p05-crop,98.66454315185547,99.18871307373047,30.327224731445312,30.84276580810547
2020-10-27,6.963385105133057,CHIRPS-2.0-global-daily-tif-p05-crop,98.66454315185547,99.18871307373047,30.327224731445312,30.84276580810547
2020-10-28,0.14005734026432037,CHIRPS-2.0-global-daily-tif-p05-crop,98.66454315185547,99.18871307373047,30.327224731445312,30.84276580810547
2020-10-29,0.07804132252931595,CHIRPS-2.0-global-daily-tif-p05-crop,98.66454315185547,99.18871307373047,30.327224731445312,30.84276580810547
2020-10-30,0.09464537352323532,CHIRPS-2.0-global-daily-tif-p05-crop,98.66454315185547,99.18871307373047,30.327224731445312,30.84276580810547
2020-10-31,0.3159460127353668,CHIRPS-2.0-global-daily-tif-p05-crop,98.66454315185547,99.18871307373047,30.327224731445312,30.84276580810547
2020-11-01,0.0,CHIRPS-2.0-global-daily-tif-p05-crop,98.66454315185547,99.18871307373047,30.327224731445312,30.84276580810547
2020-11-02,0.0,CHIRPS-2.0-global-daily-tif-p05-crop,98.66454315185547,99.18871307373047,30.327224731445312,30.84276580810547
2020-11-03,0.0,CHIRPS-2.0-global-daily-tif-p05-crop,98.66454315185547,99.18871307373047,30.327224731445312,30.84276580810547
2020-11-04,0.0,CHIRPS-2.0-global-daily-tif-p05-crop,98.66454315185547,99.18871307373047,30.327224731445312,30.84276580810547
2020-11-05,0.0,CHIRPS-2.0-global-daily-tif-p05-crop,98.66454315185547,99.18871307373047,30.327224731445312,30.84276580810547
2020-11-06,0.0,CHIRPS-2.0-global-daily-tif-p05-crop,98.66454315185547,99.18871307373047,30.327224731445312,30.84276580810547
2020-11-07,0.0,CHIRPS-2.0-global-daily-tif-p05-crop,98.66454315185547,99.18871307373047,30.327224731445312,30.84276580810547
2020-11-08,0.681592583656311,CHIRPS-2.0-global-daily-tif-p05-crop,98.66454315185547,99.18871307373047,30.327224731445312,30.84276580810547
2020-11-09,0.0,CHIRPS-2.0-global-daily-tif-p05-crop,98.66454315185547,99.18871307373047,30.327224731445312,30.84276580810547
2020-11-10,0.0,CHIRPS-2.0-global-daily-tif-p05-crop,98.66454315185547,99.18871307373047,30.327224731445312,30.84276580810547
2020-11-11,0.8060814738273621,CHIRPS-2.0-global-daily-tif-p05-crop,98.66454315185547,99.18871307373047,30.327224731445312,30.84276580810547
2020-11-12,0.0,CHIRPS-2.0-global-daily-tif-p05-crop,98.66454315185547,99.18871307373047,30.327224731445312,30.84276580810547
2020-11-13,0.0,CHIRPS-2.0-global-daily-tif-p05-crop,98.66454315185547,99.18871307373047,30.327224731445312,30.84276580810547
2020-11-14,0.0,CHIRPS-2.0-global-daily-tif-p05-crop,98.66454315185547,99.18871307373047,30.327224731445312,30.84276580810547
2020-11-15,0.0,CHIRPS-2.0-global-daily-tif-p05-crop,98.66454315185547,99.18871307373047,30.327224731445312,30.84276580810547
2020-11-16,0.0,CHIRPS-2.0-global-daily-tif-p05-crop,98.66454315185547,99.18871307373047,30.327224731445312,30.84276580810547
2020-11-17,0.0,CHIRPS-2.0-global-daily-tif-p05-crop,98.66454315185547,99.18871307373047,30.327224731445312,30.84276580810547
2020-11-18,0.0,CHIRPS-2.0-global-daily-tif-p05-crop,98.66454315185547,99.18871307373047,30.327224731445312,30.84276580810547
2020-11-19,0.0,CHIRPS-2.0-global-daily-tif-p05-crop,98.66454315185547,99.18871307373047,30.327224731445312,30.84276580810547
2020-11-20,0.0,CHIRPS-2.0-global-daily-tif-p05-crop,98.66454315185547,99.18871307373047,30.327224731445312,30.84276580810547
2020-11-21,0.0,CHIRPS-2.0-global-daily-tif-p05-crop,98.66454315185547,99.18871307373047,30.327224731445312,30.84276580810547
2020-11-22,0.04622749984264374,CHIRPS-2.0-global-daily-tif-p05-crop,98.66454315185547,99.18871307373047,30.327224731445312,30.84276580810547
2020-11-23,0.0,CHIRPS-2.0-global-daily-tif-p05-crop,98.66454315185547,99.18871307373047,30.327224731445312,30.84276580810547
2020-11-24,0.0,CHIRPS-2.0-global-daily-tif-p05-crop,98.66454315185547,99.18871307373047,30.327224731445312,30.84276580810547
2020-11-25,0.0,CHIRPS-2.0-global-daily-tif-p05-crop,98.66454315185547,99.18871307373047,30.327224731445312,30.84276580810547
2020-11-26,0.0,CHIRPS-2.0-global-daily-tif-p05-crop,98.66454315185547,99.18871307373047,30.327224731445312,30.84276580810547
2020-11-27,0.25575312972068787,CHIRPS-2.0-global-daily-tif-p05-crop,98.66454315185547,99.18871307373047,30.327224731445312,30.84276580810547
2020-11-28,0.0,CHIRPS-2.0-global-daily-tif-p05-crop,98.66454315185547,99.18871307373047,30.327224731445312,30.84276580810547
2020-11-29,0.0,CHIRPS-2.0-global-daily-tif-p05-crop,98.66454315185547,99.18871307373047,30.327224731445312,30.84276580810547
2020-11-30,0.0,CHIRPS-2.0-global-daily-tif-p05-crop,98.66454315185547,99.18871307373047,30.327224731445312,30.84276580810547
2020-12-01,0.13917051255702972,CHIRPS-2.0-global-daily-tif-p05-crop,98.66454315185547,99.18871307373047,30.327224731445312,30.84276580810547
2020-12-02,0.06501113623380661,CHIRPS-2.0-global-daily-tif-p05-crop,98.66454315185547,99.18871307373047,30.327224731445312,30.84276580810547
2020-12-03,0.0,CHIRPS-2.0-global-daily-tif-p05-crop,98.66454315185547,99.18871307373047,30.327224731445312,30.84276580810547
2020-12-04,0.025674039497971535,CHIRPS-2.0-global-daily-tif-p05-crop,98.66454315185547,99.18871307373047,30.327224731445312,30.84276580810547
2020-12-05,2.402051058059129e-10,CHIRPS-2.0-global-daily-tif-p05-crop,98.66454315185547,99.18871307373047,30.327224731445312,30.84276580810547
2020-12-06,0.020202139392495155,CHIRPS-2.0-global-daily-tif-p05-crop,98.66454315185547,99.18871307373047,30.327224731445312,30.84276580810547
2020-12-07,0.0,CHIRPS-2.0-global-daily-tif-p05-crop,98.66454315185547,99.18871307373047,30.327224731445312,30.84276580810547
2020-12-08,0.0,CHIRPS-2.0-global-daily-tif-p05-crop,98.66454315185547,99.18871307373047,30.327224731445312,30.84276580810547
2020-12-09,0.0,CHIRPS-2.0-global-daily-tif-p05-crop,98.66454315185547,99.18871307373047,30.327224731445312,30.84276580810547
2020-12-10,0.0,CHIRPS-2.0-global-daily-tif-p05-crop,98.66454315185547,99.18871307373047,30.327224731445312,30.84276580810547
2020-12-11,0.0,CHIRPS-2.0-global-daily-tif-p05-crop,98.66454315185547,99.18871307373047,30.327224731445312,30.84276580810547
2020-12-12,0.0,CHIRPS-2.0-global-daily-tif-p05-crop,98.66454315185547,99.18871307373047,30.327224731445312,30.84276580810547
2020-12-13,0.0,CHIRPS-2.0-global-daily-tif-p05-crop,98.66454315185547,99.18871307373047,30.327224731445312,30.84276580810547
2020-12-14,0.0,CHIRPS-2.0-global-daily-tif-p05-crop,98.66454315185547,99.18871307373047,30.327224731445312,30.84276580810547
2020-12-15,0.0,CHIRPS-2.0-global-daily-tif-p05-crop,98.66454315185547,99.18871307373047,30.327224731445312,30.84276580810547
2020-12-16,0.0,CHIRPS-2.0-global-daily-tif-p05-crop,98.66454315185547,99.18871307373047,30.327224731445312,30.84276580810547
2020-12-17,0.0,CHIRPS-2.0-global-daily-tif-p05-crop,98.66454315185547,99.18871307373047,30.327224731445312,30.84276580810547
2020-12-18,0.0,CHIRPS-2.0-global-daily-tif-p05-crop,98.66454315185547,99.18871307373047,30.327224731445312,30.84276580810547
2020-12-19,0.0,CHIRPS-2.0-global-daily-tif-p05-crop,98.66454315185547,99.18871307373047,30.327224731445312,30.84276580810547
2020-12-20,0.0,CHIRPS-2.0-global-daily-tif-p05-crop,98.66454315185547,99.18871307373047,30.327224731445312,30.84276580810547
2020-12-21,0.0,CHIRPS-2.0-global-daily-tif-p05-crop,98.66454315185547,99.18871307373047,30.327224731445312,30.84276580810547
2020-12-22,0.0,CHIRPS-2.0-global-daily-tif-p05-crop,98.66454315185547,99.18871307373047,30.327224731445312,30.84276580810547
2020-12-23,0.0,CHIRPS-2.0-global-daily-tif-p05-crop,98.66454315185547,99.18871307373047,30.327224731445312,30.84276580810547
2020-12-24,0.0,CHIRPS-2.0-global-daily-tif-p05-crop,98.66454315185547,99.18871307373047,30.327224731445312,30.84276580810547
2020-12-25,0.4795370399951935,CHIRPS-2.0-global-daily-tif-p05-crop,98.66454315185547,99.18871307373047,30.327224731445312,30.84276580810547
2020-12-26,0.0,CHIRPS-2.0-global-daily-tif-p05-crop,98.66454315185547,99.18871307373047,30.327224731445312,30.84276580810547
2020-12-27,0.0,CHIRPS-2.0-global-daily-tif-p05-crop,98.66454315185547,99.18871307373047,30.327224731445312,30.84276580810547
2020-12-28,0.050702039152383804,CHIRPS-2.0-global-daily-tif-p05-crop,98.66454315185547,99.18871307373047,30.327224731445312,30.84276580810547
2020-12-29,0.0,CHIRPS-2.0-global-daily-tif-p05-crop,98.66454315185547,99.18871307373047,30.327224731445312,30.84276580810547
2020-12-30,0.0,CHIRPS-2.0-global-daily-tif-p05-crop,98.66454315185547,99.18871307373047,30.327224731445312,30.84276580810547
2020-12-31,0.0,CHIRPS-2.0-global-daily-tif-p05-crop,98.66454315185547,99.18871307373047,30.327224731445312,30.84276580810547
2021-01-01,0.0,CHIRPS-2.0-global-daily-tif-p05-crop,98.66454315185547,99.18871307373047,30.327224731445312,30.84276580810547
2021-01-02,0.0,CHIRPS-2.0-global-daily-tif-p05-crop,98.66454315185547,99.18871307373047,30.327224731445312,30.84276580810547
2021-01-03,0.0,CHIRPS-2.0-global-daily-tif-p05-crop,98.66454315185547,99.18871307373047,30.327224731445312,30.84276580810547
2021-01-04,0.0,CHIRPS-2.0-global-daily-tif-p05-crop,98.66454315185547,99.18871307373047,30.327224731445312,30.84276580810547
2021-01-05,0.0,CHIRPS-2.0-global-daily-tif-p05-crop,98.66454315185547,99.18871307373047,30.327224731445312,30.84276580810547
2021-01-06,0.0,CHIRPS-2.0-global-daily-tif-p05-crop,98.66454315185547,99.18871307373047,30.327224731445312,30.84276580810547
2021-01-07,0.0,CHIRPS-2.0-global-daily-tif-p05-crop,98.66454315185547,99.18871307373047,30.327224731445312,30.84276580810547
2021-01-08,0.0,CHIRPS-2.0-global-daily-tif-p05-crop,98.66454315185547,99.18871307373047,30.327224731445312,30.84276580810547
2021-01-09,0.0,CHIRPS-2.0-global-daily-tif-p05-crop,98.66454315185547,99.18871307373047,30.327224731445312,30.84276580810547
2021-01-10,0.0,CHIRPS-2.0-global-daily-tif-p05-crop,98.66454315185547,99.18871307373047,30.327224731445312,30.84276580810547
2021-01-11,0.0,CHIRPS-2.0-global-daily-tif-p05-crop,98.66454315185547,99.18871307373047,30.327224731445312,30.84276580810547
2021-01-12,0.0,CHIRPS-2.0-global-daily-tif-p05-crop,98.66454315185547,99.18871307373047,30.327224731445312,30.84276580810547
2021-01-13,0.0,CHIRPS-2.0-global-daily-tif-p05-crop,98.66454315185547,99.18871307373047,30.327224731445312,30.84276580810547
2021-01-14,0.0,CHIRPS-2.0-global-daily-tif-p05-crop,98.66454315185547,99.18871307373047,30.327224731445312,30.84276580810547
2021-01-15,0.0,CHIRPS-2.0-global-daily-tif-p05-crop,98.66454315185547,99.18871307373047,30.327224731445312,30.84276580810547
2021-01-16,0.0,CHIRPS-2.0-global-daily-tif-p05-crop,98.66454315185547,99.18871307373047,30.327224731445312,30.84276580810547
2021-01-17,0.0,CHIRPS-2.0-global-daily-tif-p05-crop,98.66454315185547,99.18871307373047,30.327224731445312,30.84276580810547
2021-01-18,0.0016580265946686268,CHIRPS-2.0-global-daily-tif-p05-crop,98.66454315185547,99.18871307373047,30.327224731445312,30.84276580810547
2021-01-19,0.0,CHIRPS-2.0-global-daily-tif-p05-crop,98.66454315185547,99.18871307373047,30.327224731445312,30.84276580810547
2021-01-20,0.0,CHIRPS-2.0-global-daily-tif-p05-crop,98.66454315185547,99.18871307373047,30.327224731445312,30.84276580810547
2021-01-21,0.507167637348175,CHIRPS-2.0-global-daily-tif-p05-crop,98.66454315185547,99.18871307373047,30.327224731445312,30.84276580810547
2021-01-22,0.004779213108122349,CHIRPS-2.0-global-daily-tif-p05-crop,98.66454315185547,99.18871307373047,30.327224731445312,30.84276580810547
2021-01-23,0.0,CHIRPS-2.0-global-daily-tif-p05-crop,98.66454315185547,99.18871307373047,30.327224731445312,30.84276580810547
2021-01-24,0.0,CHIRPS-2.0-global-daily-tif-p05-crop,98.66454315185547,99.18871307373047,30.327224731445312,30.84276580810547
2021-01-25,0.0,CHIRPS-2.0-global-daily-tif-p05-crop,98.66454315185547,99.18871307373047,30.327224731445312,30.84276580810547
2021-01-26,0.0,CHIRPS-2.0-global-daily-tif-p05-crop,98.66454315185547,99.18871307373047,30.327224731445312,30.84276580810547
2021-01-27,0.0,CHIRPS-2.0-global-daily-tif-p05-crop,98.66454315185547,99.18871307373047,30.327224731445312,30.84276580810547
2021-01-28,0.0,CHIRPS-2.0-global-daily-tif-p05-crop,98.66454315185547,99.18871307373047,30.327224731445312,30.84276580810547
2021-01-29,0.0,CHIRPS-2.0-global-daily-tif-p05-crop,98.66454315185547,99.18871307373047,30.327224731445312,30.84276580810547
2021-01-30,0.04438937082886696,CHIRPS-2.0-global-daily-tif-p05-crop,98.66454315185547,99.18871307373047,30.327224731445312,30.84276580810547
2021-01-31,0.362184077501297,CHIRPS-2.0-global-daily-tif-p05-crop,98.66454315185547,99.18871307373047,30.327224731445312,30.84276580810547
2021-02-01,0.0,CHIRPS-2.0-global-daily-tif-p05-crop,98.66454315185547,99.18871307373047,30.327224731445312,30.84276580810547
2021-02-02,0.0,CHIRPS-2.0-global-daily-tif-p05-crop,98.66454315185547,99.18871307373047,30.327224731445312,30.84276580810547
2021-02-03,0.0,CHIRPS-2.0-global-daily-tif-p05-crop,98.66454315185547,99.18871307373047,30.327224731445312,30.84276580810547
2021-02-04,0.0,CHIRPS-2.0-global-daily-tif-p05-crop,98.66454315185547,99.18871307373047,30.327224731445312,30.84276580810547
2021-02-05,0.0,CHIRPS-2.0-global-daily-tif-p05-crop,98.66454315185547,99.18871307373047,30.327224731445312,30.84276580810547
2021-02-06,0.0,CHIRPS-2.0-global-daily-tif-p05-crop,98.66454315185547,99.18871307373047,30.327224731445312,30.84276580810547
2021-02-07,0.41172173619270325,CHIRPS-2.0-global-daily-tif-p05-crop,98.66454315185547,99.18871307373047,30.327224731445312,30.84276580810547
2021-02-08,0.0,CHIRPS-2.0-global-daily-tif-p05-crop,98.66454315185547,99.18871307373047,30.327224731445312,30.84276580810547
2021-02-09,0.0,CHIRPS-2.0-global-daily-tif-p05-crop,98.66454315185547,99.18871307373047,30.327224731445312,30.84276580810547
2021-02-10,0.18923310935497284,CHIRPS-2.0-global-daily-tif-p05-crop,98.66454315185547,99.18871307373047,30.327224731445312,30.84276580810547
2021-02-11,0.009957650676369667,CHIRPS-2.0-global-daily-tif-p05-crop,98.66454315185547,99.18871307373047,30.327224731445312,30.84276580810547
2021-02-12,0.0,CHIRPS-2.0-global-daily-tif-p05-crop,98.66454315185547,99.18871307373047,30.327224731445312,30.84276580810547
2021-02-13,0.0,CHIRPS-2.0-global-daily-tif-p05-crop,98.66454315185547,99.18871307373047,30.327224731445312,30.84276580810547
2021-02-14,0.08391571044921875,CHIRPS-2.0-global-daily-tif-p05-crop,98.66454315185547,99.18871307373047,30.327224731445312,30.84276580810547
2021-02-15,0.2231111228466034,CHIRPS-2.0-global-daily-tif-p05-crop,98.66454315185547,99.18871307373047,30.327224731445312,30.84276580810547
2021-02-16,0.0,CHIRPS-2.0-global-daily-tif-p05-crop,98.66454315185547,99.18871307373047,30.327224731445312,30.84276580810547
2021-02-17,0.0,CHIRPS-2.0-global-daily-tif-p05-crop,98.66454315185547,99.18871307373047,30.327224731445312,30.84276580810547
2021-02-18,0.031337231397628784,CHIRPS-2.0-global-daily-tif-p05-crop,98.66454315185547,99.18871307373047,30.327224731445312,30.84276580810547
2021-02-19,0.34749776124954224,CHIRPS-2.0-global-daily-tif-p05-crop,98.66454315185547,99.18871307373047,30.327224731445312,30.84276580810547
2021-02-20,0.04428994283080101,CHIRPS-2.0-global-daily-tif-p05-crop,98.66454315185547,99.18871307373047,30.327224731445312,30.84276580810547
2021-02-21,0.0,CHIRPS-2.0-global-daily-tif-p05-crop,98.66454315185547,99.18871307373047,30.327224731445312,30.84276580810547
2021-02-22,0.0,CHIRPS-2.0-global-daily-tif-p05-crop,98.66454315185547,99.18871307373047,30.327224731445312,30.84276580810547
2021-02-23,0.0,CHIRPS-2.0-global-daily-tif-p05-crop,98.66454315185547,99.18871307373047,30.327224731445312,30.84276580810547
2021-02-24,0.0,CHIRPS-2.0-global-daily-tif-p05-crop,98.66454315185547,99.18871307373047,30.327224731445312,30.84276580810547
2021-02-25,0.0,CHIRPS-2.0-global-daily-tif-p05-crop,98.66454315185547,99.18871307373047,30.327224731445312,30.84276580810547
2021-02-26,0.0,CHIRPS-2.0-global-daily-tif-p05-crop,98.66454315185547,99.18871307373047,30.327224731445312,30.84276580810547
2021-02-27,0.0,CHIRPS-2.0-global-daily-tif-p05-crop,98.66454315185547,99.18871307373047,30.327224731445312,30.84276580810547
2021-02-28,0.0,CHIRPS-2.0-global-daily-tif-p05-crop,98.66454315185547,99.18871307373047,30.327224731445312,30.84276580810547
2021-03-01,0.0,CHIRPS-2.0-global-daily-tif-p05-crop,98.66454315185547,99.18871307373047,30.327224731445312,30.84276580810547
2021-03-02,0.0,CHIRPS-2.0-global-daily-tif-p05-crop,98.66454315185547,99.18871307373047,30.327224731445312,30.84276580810547
2021-03-03,0.0,CHIRPS-2.0-global-daily-tif-p05-crop,98.66454315185547,99.18871307373047,30.327224731445312,30.84276580810547
2021-03-04,0.0,CHIRPS-2.0-global-daily-tif-p05-crop,98.66454315185547,99.18871307373047,30.327224731445312,30.84276580810547
2021-03-05,1.2101112604141235,CHIRPS-2.0-global-daily-tif-p05-crop,98.66454315185547,99.18871307373047,30.327224731445312,30.84276580810547
2021-03-06,1.055687427520752,CHIRPS-2.0-global-daily-tif-p05-crop,98.66454315185547,99.18871307373047,30.327224731445312,30.84276580810547
2021-03-07,0.0,CHIRPS-2.0-global-daily-tif-p05-crop,98.66454315185547,99.18871307373047,30.327224731445312,30.84276580810547
2021-03-08,0.02182009071111679,CHIRPS-2.0-global-daily-tif-p05-crop,98.66454315185547,99.18871307373047,30.327224731445312,30.84276580810547
2021-03-09,1.0549334287643433,CHIRPS-2.0-global-daily-tif-p05-crop,98.66454315185547,99.18871307373047,30.327224731445312,30.84276580810547
2021-03-10,0.0,CHIRPS-2.0-global-daily-tif-p05-crop,98.66454315185547,99.18871307373047,30.327224731445312,30.84276580810547
2021-03-11,0.0,CHIRPS-2.0-global-daily-tif-p05-crop,98.66454315185547,99.18871307373047,30.327224731445312,30.84276580810547
2021-03-12,0.0,CHIRPS-2.0-global-daily-tif-p05-crop,98.66454315185547,99.18871307373047,30.327224731445312,30.84276580810547
2021-03-13,0.0,CHIRPS-2.0-global-daily-tif-p05-crop,98.66454315185547,99.18871307373047,30.327224731445312,30.84276580810547
2021-03-14,2.649379253387451,CHIRPS-2.0-global-daily-tif-p05-crop,98.66454315185547,99.18871307373047,30.327224731445312,30.84276580810547
2021-03-15,0.10972316563129425,CHIRPS-2.0-global-daily-tif-p05-crop,98.66454315185547,99.18871307373047,30.327224731445312,30.84276580810547
2021-03-16,0.0,CHIRPS-2.0-global-daily-tif-p05-crop,98.66454315185547,99.18871307373047,30.327224731445312,30.84276580810547
2021-03-17,0.49963775277137756,CHIRPS-2.0-global-daily-tif-p05-crop,98.66454315185547,99.18871307373047,30.327224731445312,30.84276580810547
2021-03-18,0.0,CHIRPS-2.0-global-daily-tif-p05-crop,98.66454315185547,99.18871307373047,30.327224731445312,30.84276580810547
2021-03-19,0.0,CHIRPS-2.0-global-daily-tif-p05-crop,98.66454315185547,99.18871307373047,30.327224731445312,30.84276580810547
2021-03-20,0.5280970335006714,CHIRPS-2.0-global-daily-tif-p05-crop,98.66454315185547,99.18871307373047,30.327224731445312,30.84276580810547
2021-03-21,0.4314042925834656,CHIRPS-2.0-global-daily-tif-p05-crop,98.66454315185547,99.18871307373047,30.327224731445312,30.84276580810547
2021-03-22,0.0,CHIRPS-2.0-global-daily-tif-p05-crop,98.66454315185547,99.18871307373047,30.327224731445312,30.84276580810547
2021-03-23,0.18957270681858063,CHIRPS-2.0-global-daily-tif-p05-crop,98.66454315185547,99.18871307373047,30.327224731445312,30.84276580810547
2021-03-24,0.0,CHIRPS-2.0-global-daily-tif-p05-crop,98.66454315185547,99.18871307373047,30.327224731445312,30.84276580810547
2021-03-25,0.0,CHIRPS-2.0-global-daily-tif-p05-crop,98.66454315185547,99.18871307373047,30.327224731445312,30.84276580810547
2021-03-26,0.0,CHIRPS-2.0-global-daily-tif-p05-crop,98.66454315185547,99.18871307373047,30.327224731445312,30.84276580810547
2021-03-27,0.0,CHIRPS-2.0-global-daily-tif-p05-crop,98.66454315185547,99.18871307373047,30.327224731445312,30.84276580810547
2021-03-28,0.0,CHIRPS-2.0-global-daily-tif-p05-crop,98.66454315185547,99.18871307373047,30.327224731445312,30.84276580810547
2021-03-29,1.5345970392227173,CHIRPS-2.0-global-daily-tif-p05-crop,98.66454315185547,99.18871307373047,30.327224731445312,30.84276580810547
2021-03-30,0.0,CHIRPS-2.0-global-daily-tif-p05-crop,98.66454315185547,99.18871307373047,30.327224731445312,30.84276580810547
2021-03-31,0.0,CHIRPS-2.0-global-daily-tif-p05-crop,98.66454315185547,99.18871307373047,30.327224731445312,30.84276580810547
2021-04-01,0.0,CHIRPS-2.0-global-daily-tif-p05-crop,98.66454315185547,99.18871307373047,30.327224731445312,30.84276580810547
2021-04-02,0.0,CHIRPS-2.0-global-daily-tif-p05-crop,98.66454315185547,99.18871307373047,30.327224731445312,30.84276580810547
2021-04-03,0.0,CHIRPS-2.0-global-daily-tif-p05-crop,98.66454315185547,99.18871307373047,30.327224731445312,30.84276580810547
2021-04-04,0.0,CHIRPS-2.0-global-daily-tif-p05-crop,98.66454315185547,99.18871307373047,30.327224731445312,30.84276580810547
2021-04-05,0.0,CHIRPS-2.0-global-daily-tif-p05-crop,98.66454315185547,99.18871307373047,30.327224731445312,30.84276580810547
2021-04-06,0.017348220571875572,CHIRPS-2.0-global-daily-tif-p05-crop,98.66454315185547,99.18871307373047,30.327224731445312,30.84276580810547
2021-04-07,0.8518577218055725,CHIRPS-2.0-global-daily-tif-p05-crop,98.66454315185547,99.18871307373047,30.327224731445312,30.84276580810547
2021-04-08,0.0,CHIRPS-2.0-global-daily-tif-p05-crop,98.66454315185547,99.18871307373047,30.327224731445312,30.84276580810547
2021-04-09,0.10188684612512589,CHIRPS-2.0-global-daily-tif-p05-crop,98.66454315185547,99.18871307373047,30.327224731445312,30.84276580810547
2021-04-10,1.075584888458252,CHIRPS-2.0-global-daily-tif-p05-crop,98.66454315185547,99.18871307373047,30.327224731445312,30.84276580810547
2021-04-11,1.4727216958999634,CHIRPS-2.0-global-daily-tif-p05-crop,98.66454315185547,99.18871307373047,30.327224731445312,30.84276580810547
2021-04-12,0.0,CHIRPS-2.0-global-daily-tif-p05-crop,98.66454315185547,99.18871307373047,30.327224731445312,30.84276580810547
2021-04-13,0.0,CHIRPS-2.0-global-daily-tif-p05-crop,98.66454315185547,99.18871307373047,30.327224731445312,30.84276580810547
2021-04-14,1.3855990171432495,CHIRPS-2.0-global-daily-tif-p05-crop,98.66454315185547,99.18871307373047,30.327224731445312,30.84276580810547
2021-04-15,2.0452287197113037,CHIRPS-2.0-global-daily-tif-p05-crop,98.66454315185547,99.18871307373047,30.327224731445312,30.84276580810547
2021-04-16,0.0,CHIRPS-2.0-global-daily-tif-p05-crop,98.66454315185547,99.18871307373047,30.327224731445312,30.84276580810547
2021-04-17,0.0,CHIRPS-2.0-global-daily-tif-p05-crop,98.66454315185547,99.18871307373047,30.327224731445312,30.84276580810547
2021-04-18,0.0,CHIRPS-2.0-global-daily-tif-p05-crop,98.66454315185547,99.18871307373047,30.327224731445312,30.84276580810547
2021-04-19,0.0,CHIRPS-2.0-global-daily-tif-p05-crop,98.66454315185547,99.18871307373047,30.327224731445312,30.84276580810547
2021-04-20,0.0,CHIRPS-2.0-global-daily-tif-p05-crop,98.66454315185547,99.18871307373047,30.327224731445312,30.84276580810547
2021-04-21,0.0,CHIRPS-2.0-global-daily-tif-p05-crop,98.66454315185547,99.18871307373047,30.327224731445312,30.84276580810547
2021-04-22,0.028028393164277077,CHIRPS-2.0-global-daily-tif-p05-crop,98.66454315185547,99.18871307373047,30.327224731445312,30.84276580810547
2021-04-23,0.0,CHIRPS-2.0-global-daily-tif-p05-crop,98.66454315185547,99.18871307373047,30.327224731445312,30.84276580810547
2021-04-24,0.0,CHIRPS-2.0-global-daily-tif-p05-crop,98.66454315185547,99.18871307373047,30.327224731445312,30.84276580810547
2021-04-25,2.7071619033813477,CHIRPS-2.0-global-daily-tif-p05-crop,98.66454315185547,99.18871307373047,30.327224731445312,30.84276580810547
2021-04-26,4.39197301864624,CHIRPS-2.0-global-daily-tif-p05-crop,98.66454315185547,99.18871307373047,30.327224731445312,30.84276580810547
2021-04-27,0.0,CHIRPS-2.0-global-daily-tif-p05-crop,98.66454315185547,99.18871307373047,30.327224731445312,30.84276580810547
2021-04-28,0.0,CHIRPS-2.0-global-daily-tif-p05-crop,98.66454315185547,99.18871307373047,30.327224731445312,30.84276580810547
2021-04-29,0.0,CHIRPS-2.0-global-daily-tif-p05-crop,98.66454315185547,99.18871307373047,30.327224731445312,30.84276580810547
2021-04-30,0.0,CHIRPS-2.0-global-daily-tif-p05-crop,98.66454315185547,99.18871307373047,30.327224731445312,30.84276580810547
2021-05-01,0.03256198391318321,CHIRPS-2.0-global-daily-tif-p05-crop,98.66454315185547,99.18871307373047,30.327224731445312,30.84276580810547
2021-05-02,8.100415229797363,CHIRPS-2.0-global-daily-tif-p05-crop,98.66454315185547,99.18871307373047,30.327224731445312,30.84276580810547
2021-05-03,2.1250550746917725,CHIRPS-2.0-global-daily-tif-p05-crop,98.66454315185547,99.18871307373047,30.327224731445312,30.84276580810547
2021-05-04,0.7345492839813232,CHIRPS-2.0-global-daily-tif-p05-crop,98.66454315185547,99.18871307373047,30.327224731445312,30.84276580810547
2021-05-05,10.080842018127441,CHIRPS-2.0-global-daily-tif-p05-crop,98.66454315185547,99.18871307373047,30.327224731445312,30.84276580810547
2021-05-06,7.370782375335693,CHIRPS-2.0-global-daily-tif-p05-crop,98.66454315185547,99.18871307373047,30.327224731445312,30.84276580810547
2021-05-07,1.786128044128418,CHIRPS-2.0-global-daily-tif-p05-crop,98.66454315185547,99.18871307373047,30.327224731445312,30.84276580810547
2021-05-08,0.830403208732605,CHIRPS-2.0-global-daily-tif-p05-crop,98.66454315185547,99.18871307373047,30.327224731445312,30.84276580810547
2021-05-09,2.434046983718872,CHIRPS-2.0-global-daily-tif-p05-crop,98.66454315185547,99.18871307373047,30.327224731445312,30.84276580810547
2021-05-10,9.314157485961914,CHIRPS-2.0-global-daily-tif-p05-crop,98.66454315185547,99.18871307373047,30.327224731445312,30.84276580810547
2021-05-11,12.882153511047363,CHIRPS-2.0-global-daily-tif-p05-crop,98.66454315185547,99.18871307373047,30.327224731445312,30.84276580810547
2021-05-12,11.6195650100708,CHIRPS-2.0-global-daily-tif-p05-crop,98.66454315185547,99.18871307373047,30.327224731445312,30.84276580810547
2021-05-13,3.2850170135498047,CHIRPS-2.0-global-daily-tif-p05-crop,98.66454315185547,99.18871307373047,30.327224731445312,30.84276580810547
2021-05-14,0.04584990441799164,CHIRPS-2.0-global-daily-tif-p05-crop,98.66454315185547,99.18871307373047,30.327224731445312,30.84276580810547
2021-05-15,0.0,CHIRPS-2.0-global-daily-tif-p05-crop,98.66454315185547,99.18871307373047,30.327224731445312,30.84276580810547
2021-05-16,0.0,CHIRPS-2.0-global-daily-tif-p05-crop,98.66454315185547,99.18871307373047,30.327224731445312,30.84276580810547
2021-05-17,0.0,CHIRPS-2.0-global-daily-tif-p05-crop,98.66454315185547,99.18871307373047,30.327224731445312,30.84276580810547
2021-05-18,0.0,CHIRPS-2.0-global-daily-tif-p05-crop,98.66454315185547,99.18871307373047,30.327224731445312,30.84276580810547
2021-05-19,5.26910924911499,CHIRPS-2.0-global-daily-tif-p05-crop,98.66454315185547,99.18871307373047,30.327224731445312,30.84276580810547
2021-05-20,2.1806066036224365,CHIRPS-2.0-global-daily-tif-p05-crop,98.66454315185547,99.18871307373047,30.327224731445312,30.84276580810547
2021-05-21,2.347482919692993,CHIRPS-2.0-global-daily-tif-p05-crop,98.66454315185547,99.18871307373047,30.327224731445312,30.84276580810547
2021-05-22,0.0,CHIRPS-2.0-global-daily-tif-p05-crop,98.66454315185547,99.18871307373047,30.327224731445312,30.84276580810547
2021-05-23,0.0,CHIRPS-2.0-global-daily-tif-p05-crop,98.66454315185547,99.18871307373047,30.327224731445312,30.84276580810547
2021-05-24,0.0,CHIRPS-2.0-global-daily-tif-p05-crop,98.66454315185547,99.18871307373047,30.327224731445312,30.84276580810547
2021-05-25,0.0,CHIRPS-2.0-global-daily-tif-p05-crop,98.66454315185547,99.18871307373047,30.327224731445312,30.84276580810547
2021-05-26,0.0,CHIRPS-2.0-global-daily-tif-p05-crop,98.66454315185547,99.18871307373047,30.327224731445312,30.84276580810547
2021-05-27,0.0,CHIRPS-2.0-global-daily-tif-p05-crop,98.66454315185547,99.18871307373047,30.327224731445312,30.84276580810547
2021-05-28,0.24900992214679718,CHIRPS-2.0-global-daily-tif-p05-crop,98.66454315185547,99.18871307373047,30.327224731445312,30.84276580810547
2021-05-29,0.0,CHIRPS-2.0-global-daily-tif-p05-crop,98.66454315185547,99.18871307373047,30.327224731445312,30.84276580810547
2021-05-30,7.566640377044678,CHIRPS-2.0-global-daily-tif-p05-crop,98.66454315185547,99.18871307373047,30.327224731445312,30.84276580810547
2021-05-31,0.0,CHIRPS-2.0-global-daily-tif-p05-crop,98.66454315185547,99.18871307373047,30.327224731445312,30.84276580810547
2021-06-01,0.08979129046201706,CHIRPS-2.0-global-daily-tif-p05-crop,98.66454315185547,99.18871307373047,30.327224731445312,30.84276580810547
2021-06-02,0.0,CHIRPS-2.0-global-daily-tif-p05-crop,98.66454315185547,99.18871307373047,30.327224731445312,30.84276580810547
2021-06-03,0.0,CHIRPS-2.0-global-daily-tif-p05-crop,98.66454315185547,99.18871307373047,30.327224731445312,30.84276580810547
2021-06-04,0.0,CHIRPS-2.0-global-daily-tif-p05-crop,98.66454315185547,99.18871307373047,30.327224731445312,30.84276580810547
2021-06-05,0.0,CHIRPS-2.0-global-daily-tif-p05-crop,98.66454315185547,99.18871307373047,30.327224731445312,30.84276580810547
2021-06-06,9.24167537689209,CHIRPS-2.0-global-daily-tif-p05-crop,98.66454315185547,99.18871307373047,30.327224731445312,30.84276580810547
2021-06-07,2.0263264179229736,CHIRPS-2.0-global-daily-tif-p05-crop,98.66454315185547,99.18871307373047,30.327224731445312,30.84276580810547
2021-06-08,13.282917022705078,CHIRPS-2.0-global-daily-tif-p05-crop,98.66454315185547,99.18871307373047,30.327224731445312,30.84276580810547
2021-06-09,0.0,CHIRPS-2.0-global-daily-tif-p05-crop,98.66454315185547,99.18871307373047,30.327224731445312,30.84276580810547
2021-06-10,0.0,CHIRPS-2.0-global-daily-tif-p05-crop,98.66454315185547,99.18871307373047,30.327224731445312,30.84276580810547
2021-06-11,2.7497527599334717,CHIRPS-2.0-global-daily-tif-p05-crop,98.66454315185547,99.18871307373047,30.327224731445312,30.84276580810547
2021-06-12,6.988114356994629,CHIRPS-2.0-global-daily-tif-p05-crop,98.66454315185547,99.18871307373047,30.327224731445312,30.84276580810547
2021-06-13,0.0,CHIRPS-2.0-global-daily-tif-p05-crop,98.66454315185547,99.18871307373047,30.327224731445312,30.84276580810547
2021-06-14,0.04488459974527359,CHIRPS-2.0-global-daily-tif-p05-crop,98.66454315185547,99.18871307373047,30.327224731445312,30.84276580810547
2021-06-15,0.07215821743011475,CHIRPS-2.0-global-daily-tif-p05-crop,98.66454315185547,99.18871307373047,30.327224731445312,30.84276580810547
2021-06-16,0.0,CHIRPS-2.0-global-daily-tif-p05-crop,98.66454315185547,99.18871307373047,30.327224731445312,30.84276580810547
2021-06-17,10.330138206481934,CHIRPS-2.0-global-daily-tif-p05-crop,98.66454315185547,99.18871307373047,30.327224731445312,30.84276580810547
2021-06-18,0.8208621740341187,CHIRPS-2.0-global-daily-tif-p05-crop,98.66454315185547,99.18871307373047,30.327224731445312,30.84276580810547
2021-06-19,0.0,CHIRPS-2.0-global-daily-tif-p05-crop,98.66454315185547,99.18871307373047,30.327224731445312,30.84276580810547
2021-06-20,0.0,CHIRPS-2.0-global-daily-tif-p05-crop,98.66454315185547,99.18871307373047,30.327224731445312,30.84276580810547
2021-06-21,4.832442760467529,CHIRPS-2.0-global-daily-tif-p05-crop,98.66454315185547,99.18871307373047,30.327224731445312,30.84276580810547
2021-06-22,8.075671195983887,CHIRPS-2.0-global-daily-tif-p05-crop,98.66454315185547,99.18871307373047,30.327224731445312,30.84276580810547
2021-06-23,3.578864097595215,CHIRPS-2.0-global-daily-tif-p05-crop,98.66454315185547,99.18871307373047,30.327224731445312,30.84276580810547
2021-06-24,9.245589256286621,CHIRPS-2.0-global-daily-tif-p05-crop,98.66454315185547,99.18871307373047,30.327224731445312,30.84276580810547
2021-06-25,6.017671585083008,CHIRPS-2.0-global-daily-tif-p05-crop,98.66454315185547,99.18871307373047,30.327224731445312,30.84276580810547
2021-06-26,11.673149108886719,CHIRPS-2.0-global-daily-tif-p05-crop,98.66454315185547,99.18871307373047,30.327224731445312,30.84276580810547
2021-06-27,3.27530574798584,CHIRPS-2.0-global-daily-tif-p05-crop,98.66454315185547,99.18871307373047,30.327224731445312,30.84276580810547
2021-06-28,0.5202344059944153,CHIRPS-2.0-global-daily-tif-p05-crop,98.66454315185547,99.18871307373047,30.327224731445312,30.84276580810547
2021-06-29,5.733888149261475,CHIRPS-2.0-global-daily-tif-p05-crop,98.66454315185547,99.18871307373047,30.327224731445312,30.84276580810547
2021-06-30,6.058131217956543,CHIRPS-2.0-global-daily-tif-p05-crop,98.66454315185547,99.18871307373047,30.327224731445312,30.84276580810547
2021-07-01,6.166143417358398,CHIRPS-2.0-global-daily-tif-p05-crop,98.66454315185547,99.18871307373047,30.327224731445312,30.84276580810547
2021-07-02,0.0973169133067131,CHIRPS-2.0-global-daily-tif-p05-crop,98.66454315185547,99.18871307373047,30.327224731445312,30.84276580810547
2021-07-03,7.217437267303467,CHIRPS-2.0-global-daily-tif-p05-crop,98.66454315185547,99.18871307373047,30.327224731445312,30.84276580810547
2021-07-04,9.500926971435547,CHIRPS-2.0-global-daily-tif-p05-crop,98.66454315185547,99.18871307373047,30.327224731445312,30.84276580810547
2021-07-05,7.3814191818237305,CHIRPS-2.0-global-daily-tif-p05-crop,98.66454315185547,99.18871307373047,30.327224731445312,30.84276580810547
2021-07-06,4.168955326080322,CHIRPS-2.0-global-daily-tif-p05-crop,98.66454315185547,99.18871307373047,30.327224731445312,30.84276580810547
2021-07-07,10.523001670837402,CHIRPS-2.0-global-daily-tif-p05-crop,98.66454315185547,99.18871307373047,30.327224731445312,30.84276580810547
2021-07-08,13.47585391998291,CHIRPS-2.0-global-daily-tif-p05-crop,98.66454315185547,99.18871307373047,30.327224731445312,30.84276580810547
2021-07-09,17.26207733154297,CHIRPS-2.0-global-daily-tif-p05-crop,98.66454315185547,99.18871307373047,30.327224731445312,30.84276580810547
2021-07-10,1.711555004119873,CHIRPS-2.0-global-daily-tif-p05-crop,98.66454315185547,99.18871307373047,30.327224731445312,30.84276580810547
2021-07-11,0.0,CHIRPS-2.0-global-daily-tif-p05-crop,98.66454315185547,99.18871307373047,30.327224731445312,30.84276580810547
2021-07-12,0.0,CHIRPS-2.0-global-daily-tif-p05-crop,98.66454315185547,99.18871307373047,30.327224731445312,30.84276580810547
2021-07-13,4.678643226623535,CHIRPS-2.0-global-daily-tif-p05-crop,98.66454315185547,99.18871307373047,30.327224731445312,30.84276580810547
2021-07-14,13.013312339782715,CHIRPS-2.0-global-daily-tif-p05-crop,98.66454315185547,99.18871307373047,30.327224731445312,30.84276580810547
2021-07-15,6.252739429473877,CHIRPS-2.0-global-daily-tif-p05-crop,98.66454315185547,99.18871307373047,30.327224731445312,30.84276580810547
2021-07-16,1.9046720266342163,CHIRPS-2.0-global-daily-tif-p05-crop,98.66454315185547,99.18871307373047,30.327224731445312,30.84276580810547
2021-07-17,0.664064347743988,CHIRPS-2.0-global-daily-tif-p05-crop,98.66454315185547,99.18871307373047,30.327224731445312,30.84276580810547
2021-07-18,0.15409015119075775,CHIRPS-2.0-global-daily-tif-p05-crop,98.66454315185547,99.18871307373047,30.327224731445312,30.84276580810547
2021-07-19,0.0,CHIRPS-2.0-global-daily-tif-p05-crop,98.66454315185547,99.18871307373047,30.327224731445312,30.84276580810547
2021-07-20,0.8555197715759277,CHIRPS-2.0-global-daily-tif-p05-crop,98.66454315185547,99.18871307373047,30.327224731445312,30.84276580810547
2021-07-21,0.39932894706726074,CHIRPS-2.0-global-daily-tif-p05-crop,98.66454315185547,99.18871307373047,30.327224731445312,30.84276580810547
2021-07-22,0.0,CHIRPS-2.0-global-daily-tif-p05-crop,98.66454315185547,99.18871307373047,30.327224731445312,30.84276580810547
2021-07-23,0.0,CHIRPS-2.0-global-daily-tif-p05-crop,98.66454315185547,99.18871307373047,30.327224731445312,30.84276580810547
2021-07-24,0.0,CHIRPS-2.0-global-daily-tif-p05-crop,98.66454315185547,99.18871307373047,30.327224731445312,30.84276580810547
2021-07-25,0.0,CHIRPS-2.0-global-daily-tif-p05-crop,98.66454315185547,99.18871307373047,30.327224731445312,30.84276580810547
2021-07-26,21.493871688842773,CHIRPS-2.0-global-daily-tif-p05-crop,98.66454315185547,99.18871307373047,30.327224731445312,30.84276580810547
2021-07-27,0.0,CHIRPS-2.0-global-daily-tif-p05-crop,98.66454315185547,99.18871307373047,30.327224731445312,30.84276580810547
2021-07-28,0.0,CHIRPS-2.0-global-daily-tif-p05-crop,98.66454315185547,99.18871307373047,30.327224731445312,30.84276580810547
2021-07-29,0.0,CHIRPS-2.0-global-daily-tif-p05-crop,98.66454315185547,99.18871307373047,30.327224731445312,30.84276580810547
2021-07-30,0.0,CHIRPS-2.0-global-daily-tif-p05-crop,98.66454315185547,99.18871307373047,30.327224731445312,30.84276580810547
2021-07-31,0.0,CHIRPS-2.0-global-daily-tif-p05-crop,98.66454315185547,99.18871307373047,30.327224731445312,30.84276580810547
2021-08-01,0.0,CHIRPS-2.0-global-daily-tif-p05-crop,98.66454315185547,99.18871307373047,30.327224731445312,30.84276580810547
2021-08-02,0.3092997670173645,CHIRPS-2.0-global-daily-tif-p05-crop,98.66454315185547,99.18871307373047,30.327224731445312,30.84276580810547
2021-08-03,0.0,CHIRPS-2.0-global-daily-tif-p05-crop,98.66454315185547,99.18871307373047,30.327224731445312,30.84276580810547
2021-08-04,0.0,CHIRPS-2.0-global-daily-tif-p05-crop,98.66454315185547,99.18871307373047,30.327224731445312,30.84276580810547
2021-08-05,0.0,CHIRPS-2.0-global-daily-tif-p05-crop,98.66454315185547,99.18871307373047,30.327224731445312,30.84276580810547
2021-08-06,0.0,CHIRPS-2.0-global-daily-tif-p05-crop,98.66454315185547,99.18871307373047,30.327224731445312,30.84276580810547
2021-08-07,0.5055568218231201,CHIRPS-2.0-global-daily-tif-p05-crop,98.66454315185547,99.18871307373047,30.327224731445312,30.84276580810547
2021-08-08,6.804951190948486,CHIRPS-2.0-global-daily-tif-p05-crop,98.66454315185547,99.18871307373047,30.327224731445312,30.84276580810547
2021-08-09,9.707538604736328,CHIRPS-2.0-global-daily-tif-p05-crop,98.66454315185547,99.18871307373047,30.327224731445312,30.84276580810547
2021-08-10,12.384307861328125,CHIRPS-2.0-global-daily-tif-p05-crop,98.66454315185547,99.18871307373047,30.327224731445312,30.84276580810547
2021-08-11,18.065570831298828,CHIRPS-2.0-global-daily-tif-p05-crop,98.66454315185547,99.18871307373047,30.327224731445312,30.84276580810547
2021-08-12,14.798075675964355,CHIRPS-2.0-global-daily-tif-p05-crop,98.66454315185547,99.18871307373047,30.327224731445312,30.84276580810547
2021-08-13,8.63681697845459,CHIRPS-2.0-global-daily-tif-p05-crop,98.66454315185547,99.18871307373047,30.327224731445312,30.84276580810547
2021-08-14,1.9006743431091309,CHIRPS-2.0-global-daily-tif-p05-crop,98.66454315185547,99.18871307373047,30.327224731445312,30.84276580810547
2021-08-15,8.616354942321777,CHIRPS-2.0-global-daily-tif-p05-crop,98.66454315185547,99.18871307373047,30.327224731445312,30.84276580810547
2021-08-16,5.737238883972168,CHIRPS-2.0-global-daily-tif-p05-crop,98.66454315185547,99.18871307373047,30.327224731445312,30.84276580810547
2021-08-17,16.285444259643555,CHIRPS-2.0-global-daily-tif-p05-crop,98.66454315185547,99.18871307373047,30.327224731445312,30.84276580810547
2021-08-18,8.222772598266602,CHIRPS-2.0-global-daily-tif-p05-crop,98.66454315185547,99.18871307373047,30.327224731445312,30.84276580810547
2021-08-19,9.980142593383789,CHIRPS-2.0-global-daily-tif-p05-crop,98.66454315185547,99.18871307373047,30.327224731445312,30.84276580810547
2021-08-20,4.767307281494141,CHIRPS-2.0-global-daily-tif-p05-crop,98.66454315185547,99.18871307373047,30.327224731445312,30.84276580810547
2021-08-21,9.722105979919434,CHIRPS-2.0-global-daily-tif-p05-crop,98.66454315185547,99.18871307373047,30.327224731445312,30.84276580810547
2021-08-22,14.186155319213867,CHIRPS-2.0-global-daily-tif-p05-crop,98.66454315185547,99.18871307373047,30.327224731445312,30.84276580810547
2021-08-23,4.307151794433594,CHIRPS-2.0-global-daily-tif-p05-crop,98.66454315185547,99.18871307373047,30.327224731445312,30.84276580810547
2021-08-24,6.904491424560547,CHIRPS-2.0-global-daily-tif-p05-crop,98.66454315185547,99.18871307373047,30.327224731445312,30.84276580810547
2021-08-25,13.154391288757324,CHIRPS-2.0-global-daily-tif-p05-crop,98.66454315185547,99.18871307373047,30.327224731445312,30.84276580810547
2021-08-26,2.475691080093384,CHIRPS-2.0-global-daily-tif-p05-crop,98.66454315185547,99.18871307373047,30.327224731445312,30.84276580810547
2021-08-27,9.880705833435059,CHIRPS-2.0-global-daily-tif-p05-crop,98.66454315185547,99.18871307373047,30.327224731445312,30.84276580810547
2021-08-28,3.0615394115448,CHIRPS-2.0-global-daily-tif-p05-crop,98.66454315185547,99.18871307373047,30.327224731445312,30.84276580810547
2021-08-29,0.22247272729873657,CHIRPS-2.0-global-daily-tif-p05-crop,98.66454315185547,99.18871307373047,30.327224731445312,30.84276580810547
2021-08-30,9.368528366088867,CHIRPS-2.0-global-daily-tif-p05-crop,98.66454315185547,99.18871307373047,30.327224731445312,30.84276580810547
2021-08-31,5.728682041168213,CHIRPS-2.0-global-daily-tif-p05-crop,98.66454315185547,99.18871307373047,30.327224731445312,30.84276580810547
2021-09-01,1.6588200330734253,CHIRPS-2.0-global-daily-tif-p05-crop,98.66454315185547,99.18871307373047,30.327224731445312,30.84276580810547
2021-09-02,0.7986916303634644,CHIRPS-2.0-global-daily-tif-p05-crop,98.66454315185547,99.18871307373047,30.327224731445312,30.84276580810547
2021-09-03,13.271350860595703,CHIRPS-2.0-global-daily-tif-p05-crop,98.66454315185547,99.18871307373047,30.327224731445312,30.84276580810547
2021-09-04,11.528116226196289,CHIRPS-2.0-global-daily-tif-p05-crop,98.66454315185547,99.18871307373047,30.327224731445312,30.84276580810547
2021-09-05,6.46645450592041,CHIRPS-2.0-global-daily-tif-p05-crop,98.66454315185547,99.18871307373047,30.327224731445312,30.84276580810547
2021-09-06,5.321323394775391,CHIRPS-2.0-global-daily-tif-p05-crop,98.66454315185547,99.18871307373047,30.327224731445312,30.84276580810547
2021-09-07,0.0,CHIRPS-2.0-global-daily-tif-p05-crop,98.66454315185547,99.18871307373047,30.327224731445312,30.84276580810547
2021-09-08,0.0,CHIRPS-2.0-global-daily-tif-p05-crop,98.66454315185547,99.18871307373047,30.327224731445312,30.84276580810547
2021-09-09,0.0,CHIRPS-2.0-global-daily-tif-p05-crop,98.66454315185547,99.18871307373047,30.327224731445312,30.84276580810547
2021-09-10,6.148955821990967,CHIRPS-2.0-global-daily-tif-p05-crop,98.66454315185547,99.18871307373047,30.327224731445312,30.84276580810547
2021-09-11,0.0,CHIRPS-2.0-global-daily-tif-p05-crop,98.66454315185547,99.18871307373047,30.327224731445312,30.84276580810547
2021-09-12,0.2871270179748535,CHIRPS-2.0-global-daily-tif-p05-crop,98.66454315185547,99.18871307373047,30.327224731445312,30.84276580810547
2021-09-13,2.6969528198242188,CHIRPS-2.0-global-daily-tif-p05-crop,98.66454315185547,99.18871307373047,30.327224731445312,30.84276580810547
2021-09-14,0.0,CHIRPS-2.0-global-daily-tif-p05-crop,98.66454315185547,99.18871307373047,30.327224731445312,30.84276580810547
2021-09-15,0.0,CHIRPS-2.0-global-daily-tif-p05-crop,98.66454315185547,99.18871307373047,30.327224731445312,30.84276580810547
2021-09-16,0.0,CHIRPS-2.0-global-daily-tif-p05-crop,98.66454315185547,99.18871307373047,30.327224731445312,30.84276580810547
2021-09-17,11.189577102661133,CHIRPS-2.0-global-daily-tif-p05-crop,98.66454315185547,99.18871307373047,30.327224731445312,30.84276580810547
2021-09-18,1.131903052330017,CHIRPS-2.0-global-daily-tif-p05-crop,98.66454315185547,99.18871307373047,30.327224731445312,30.84276580810547
2021-09-19,0.0,CHIRPS-2.0-global-daily-tif-p05-crop,98.66454315185547,99.18871307373047,30.327224731445312,30.84276580810547
2021-09-20,0.0,CHIRPS-2.0-global-daily-tif-p05-crop,98.66454315185547,99.18871307373047,30.327224731445312,30.84276580810547
2021-09-21,0.0,CHIRPS-2.0-global-daily-tif-p05-crop,98.66454315185547,99.18871307373047,30.327224731445312,30.84276580810547
2021-09-22,0.0,CHIRPS-2.0-global-daily-tif-p05-crop,98.66454315185547,99.18871307373047,30.327224731445312,30.84276580810547
2021-09-23,0.0,CHIRPS-2.0-global-daily-tif-p05-crop,98.66454315185547,99.18871307373047,30.327224731445312,30.84276580810547
2021-09-24,2.1664066314697266,CHIRPS-2.0-global-daily-tif-p05-crop,98.66454315185547,99.18871307373047,30.327224731445312,30.84276580810547
2021-09-25,0.053180016577243805,CHIRPS-2.0-global-daily-tif-p05-crop,98.66454315185547,99.18871307373047,30.327224731445312,30.84276580810547
2021-09-26,0.0,CHIRPS-2.0-global-daily-tif-p05-crop,98.66454315185547,99.18871307373047,30.327224731445312,30.84276580810547
2021-09-27,0.0,CHIRPS-2.0-global-daily-tif-p05-crop,98.66454315185547,99.18871307373047,30.327224731445312,30.84276580810547
2021-09-28,0.0,CHIRPS-2.0-global-daily-tif-p05-crop,98.66454315185547,99.18871307373047,30.327224731445312,30.84276580810547
2021-09-29,0.0,CHIRPS-2.0-global-daily-tif-p05-crop,98.66454315185547,99.18871307373047,30.327224731445312,30.84276580810547
2021-09-30,0.0,CHIRPS-2.0-global-daily-tif-p05-crop,98.66454315185547,99.18871307373047,30.327224731445312,30.84276580810547
2021-10-01,0.0,CHIRPS-2.0-global-daily-tif-p05-crop,98.66454315185547,99.18871307373047,30.327224731445312,30.84276580810547
2021-10-02,0.0,CHIRPS-2.0-global-daily-tif-p05-crop,98.66454315185547,99.18871307373047,30.327224731445312,30.84276580810547
2021-10-03,0.0,CHIRPS-2.0-global-daily-tif-p05-crop,98.66454315185547,99.18871307373047,30.327224731445312,30.84276580810547
2021-10-04,0.48143166303634644,CHIRPS-2.0-global-daily-tif-p05-crop,98.66454315185547,99.18871307373047,30.327224731445312,30.84276580810547
2021-10-05,0.0,CHIRPS-2.0-global-daily-tif-p05-crop,98.66454315185547,99.18871307373047,30.327224731445312,30.84276580810547
2021-10-06,0.1709492802619934,CHIRPS-2.0-global-daily-tif-p05-crop,98.66454315185547,99.18871307373047,30.327224731445312,30.84276580810547
2021-10-07,0.0,CHIRPS-2.0-global-daily-tif-p05-crop,98.66454315185547,99.18871307373047,30.327224731445312,30.84276580810547
2021-10-08,0.0,CHIRPS-2.0-global-daily-tif-p05-crop,98.66454315185547,99.18871307373047,30.327224731445312,30.84276580810547
2021-10-09,0.0,CHIRPS-2.0-global-daily-tif-p05-crop,98.66454315185547,99.18871307373047,30.327224731445312,30.84276580810547
2021-10-10,0.0,CHIRPS-2.0-global-daily-tif-p05-crop,98.66454315185547,99.18871307373047,30.327224731445312,30.84276580810547
2021-10-11,0.0,CHIRPS-2.0-global-daily-tif-p05-crop,98.66454315185547,99.18871307373047,30.327224731445312,30.84276580810547
2021-10-12,0.0,CHIRPS-2.0-global-daily-tif-p05-crop,98.66454315185547,99.18871307373047,30.327224731445312,30.84276580810547
2021-10-13,0.0,CHIRPS-2.0-global-daily-tif-p05-crop,98.66454315185547,99.18871307373047,30.327224731445312,30.84276580810547
2021-10-14,0.0,CHIRPS-2.0-global-daily-tif-p05-crop,98.66454315185547,99.18871307373047,30.327224731445312,30.84276580810547
2021-10-15,0.0,CHIRPS-2.0-global-daily-tif-p05-crop,98.66454315185547,99.18871307373047,30.327224731445312,30.84276580810547
2021-10-16,0.10608051717281342,CHIRPS-2.0-global-daily-tif-p05-crop,98.66454315185547,99.18871307373047,30.327224731445312,30.84276580810547
2021-10-17,0.0,CHIRPS-2.0-global-daily-tif-p05-crop,98.66454315185547,99.18871307373047,30.327224731445312,30.84276580810547
2021-10-18,0.0,CHIRPS-2.0-global-daily-tif-p05-crop,98.66454315185547,99.18871307373047,30.327224731445312,30.84276580810547
2021-10-19,28.500932693481445,CHIRPS-2.0-global-daily-tif-p05-crop,98.66454315185547,99.18871307373047,30.327224731445312,30.84276580810547
2021-10-20,0.552441418170929,CHIRPS-2.0-global-daily-tif-p05-crop,98.66454315185547,99.18871307373047,30.327224731445312,30.84276580810547
2021-10-21,0.41835877299308777,CHIRPS-2.0-global-daily-tif-p05-crop,98.66454315185547,99.18871307373047,30.327224731445312,30.84276580810547
2021-10-22,0.0,CHIRPS-2.0-global-daily-tif-p05-crop,98.66454315185547,99.18871307373047,30.327224731445312,30.84276580810547
2021-10-23,0.0,CHIRPS-2.0-global-daily-tif-p05-crop,98.66454315185547,99.18871307373047,30.327224731445312,30.84276580810547
2021-10-24,0.0,CHIRPS-2.0-global-daily-tif-p05-crop,98.66454315185547,99.18871307373047,30.327224731445312,30.84276580810547
2021-10-25,0.0,CHIRPS-2.0-global-daily-tif-p05-crop,98.66454315185547,99.18871307373047,30.327224731445312,30.84276580810547
2021-10-26,0.0,CHIRPS-2.0-global-daily-tif-p05-crop,98.66454315185547,99.18871307373047,30.327224731445312,30.84276580810547
2021-10-27,0.0,CHIRPS-2.0-global-daily-tif-p05-crop,98.66454315185547,99.18871307373047,30.327224731445312,30.84276580810547
2021-10-28,0.0,CHIRPS-2.0-global-daily-tif-p05-crop,98.66454315185547,99.18871307373047,30.327224731445312,30.84276580810547
2021-10-29,0.0,CHIRPS-2.0-global-daily-tif-p05-crop,98.66454315185547,99.18871307373047,30.327224731445312,30.84276580810547
2021-10-30,0.0,CHIRPS-2.0-global-daily-tif-p05-crop,98.66454315185547,99.18871307373047,30.327224731445312,30.84276580810547
2021-10-31,0.3634525537490845,CHIRPS-2.0-global-daily-tif-p05-crop,98.66454315185547,99.18871307373047,30.327224731445312,30.84276580810547
2021-11-01,1.5651588439941406,CHIRPS-2.0-global-daily-tif-p05-crop,98.66454315185547,99.18871307373047,30.327224731445312,30.84276580810547
2021-11-02,0.0,CHIRPS-2.0-global-daily-tif-p05-crop,98.66454315185547,99.18871307373047,30.327224731445312,30.84276580810547
2021-11-03,0.0,CHIRPS-2.0-global-daily-tif-p05-crop,98.66454315185547,99.18871307373047,30.327224731445312,30.84276580810547
2021-11-04,0.0,CHIRPS-2.0-global-daily-tif-p05-crop,98.66454315185547,99.18871307373047,30.327224731445312,30.84276580810547
2021-11-05,0.0,CHIRPS-2.0-global-daily-tif-p05-crop,98.66454315185547,99.18871307373047,30.327224731445312,30.84276580810547
2021-11-06,0.0,CHIRPS-2.0-global-daily-tif-p05-crop,98.66454315185547,99.18871307373047,30.327224731445312,30.84276580810547
2021-11-07,0.44220104813575745,CHIRPS-2.0-global-daily-tif-p05-crop,98.66454315185547,99.18871307373047,30.327224731445312,30.84276580810547
2021-11-08,0.0,CHIRPS-2.0-global-daily-tif-p05-crop,98.66454315185547,99.18871307373047,30.327224731445312,30.84276580810547
2021-11-09,0.009265790693461895,CHIRPS-2.0-global-daily-tif-p05-crop,98.66454315185547,99.18871307373047,30.327224731445312,30.84276580810547
2021-11-10,0.0,CHIRPS-2.0-global-daily-tif-p05-crop,98.66454315185547,99.18871307373047,30.327224731445312,30.84276580810547
2021-11-11,0.0,CHIRPS-2.0-global-daily-tif-p05-crop,98.66454315185547,99.18871307373047,30.327224731445312,30.84276580810547
2021-11-12,0.0,CHIRPS-2.0-global-daily-tif-p05-crop,98.66454315185547,99.18871307373047,30.327224731445312,30.84276580810547
2021-11-13,0.0,CHIRPS-2.0-global-daily-tif-p05-crop,98.66454315185547,99.18871307373047,30.327224731445312,30.84276580810547
2021-11-14,0.0,CHIRPS-2.0-global-daily-tif-p05-crop,98.66454315185547,99.18871307373047,30.327224731445312,30.84276580810547
2021-11-15,0.0,CHIRPS-2.0-global-daily-tif-p05-crop,98.66454315185547,99.18871307373047,30.327224731445312,30.84276580810547
2021-11-16,0.0625835731625557,CHIRPS-2.0-global-daily-tif-p05-crop,98.66454315185547,99.18871307373047,30.327224731445312,30.84276580810547
2021-11-17,0.0,CHIRPS-2.0-global-daily-tif-p05-crop,98.66454315185547,99.18871307373047,30.327224731445312,30.84276580810547
2021-11-18,0.0,CHIRPS-2.0-global-daily-tif-p05-crop,98.66454315185547,99.18871307373047,30.327224731445312,30.84276580810547
2021-11-19,0.0,CHIRPS-2.0-global-daily-tif-p05-crop,98.66454315185547,99.18871307373047,30.327224731445312,30.84276580810547
2021-11-20,0.0,CHIRPS-2.0-global-daily-tif-p05-crop,98.66454315185547,99.18871307373047,30.327224731445312,30.84276580810547
2021-11-21,0.0,CHIRPS-2.0-global-daily-tif-p05-crop,98.66454315185547,99.18871307373047,30.327224731445312,30.84276580810547
2021-11-22,0.0,CHIRPS-2.0-global-daily-tif-p05-crop,98.66454315185547,99.18871307373047,30.327224731445312,30.84276580810547
2021-11-23,0.0,CHIRPS-2.0-global-daily-tif-p05-crop,98.66454315185547,99.18871307373047,30.327224731445312,30.84276580810547
2021-11-24,0.0,CHIRPS-2.0-global-daily-tif-p05-crop,98.66454315185547,99.18871307373047,30.327224731445312,30.84276580810547
2021-11-25,0.3024193346500397,CHIRPS-2.0-global-daily-tif-p05-crop,98.66454315185547,99.18871307373047,30.327224731445312,30.84276580810547
2021-11-26,0.0,CHIRPS-2.0-global-daily-tif-p05-crop,98.66454315185547,99.18871307373047,30.327224731445312,30.84276580810547
2021-11-27,0.0,CHIRPS-2.0-global-daily-tif-p05-crop,98.66454315185547,99.18871307373047,30.327224731445312,30.84276580810547
2021-11-28,0.0,CHIRPS-2.0-global-daily-tif-p05-crop,98.66454315185547,99.18871307373047,30.327224731445312,30.84276580810547
2021-11-29,0.0,CHIRPS-2.0-global-daily-tif-p05-crop,98.66454315185547,99.18871307373047,30.327224731445312,30.84276580810547
2021-11-30,0.0,CHIRPS-2.0-global-daily-tif-p05-crop,98.66454315185547,99.18871307373047,30.327224731445312,30.84276580810547
2021-12-01,0.0,CHIRPS-2.0-global-daily-tif-p05-crop,98.66454315185547,99.18871307373047,30.327224731445312,30.84276580810547
2021-12-02,0.0,CHIRPS-2.0-global-daily-tif-p05-crop,98.66454315185547,99.18871307373047,30.327224731445312,30.84276580810547
2021-12-03,0.0,CHIRPS-2.0-global-daily-tif-p05-crop,98.66454315185547,99.18871307373047,30.327224731445312,30.84276580810547
2021-12-04,0.0,CHIRPS-2.0-global-daily-tif-p05-crop,98.66454315185547,99.18871307373047,30.327224731445312,30.84276580810547
2021-12-05,0.0,CHIRPS-2.0-global-daily-tif-p05-crop,98.66454315185547,99.18871307373047,30.327224731445312,30.84276580810547
2021-12-06,0.0,CHIRPS-2.0-global-daily-tif-p05-crop,98.66454315185547,99.18871307373047,30.327224731445312,30.84276580810547
2021-12-07,0.0,CHIRPS-2.0-global-daily-tif-p05-crop,98.66454315185547,99.18871307373047,30.327224731445312,30.84276580810547
2021-12-08,0.0,CHIRPS-2.0-global-daily-tif-p05-crop,98.66454315185547,99.18871307373047,30.327224731445312,30.84276580810547
2021-12-09,0.0,CHIRPS-2.0-global-daily-tif-p05-crop,98.66454315185547,99.18871307373047,30.327224731445312,30.84276580810547
2021-12-10,0.0,CHIRPS-2.0-global-daily-tif-p05-crop,98.66454315185547,99.18871307373047,30.327224731445312,30.84276580810547
2021-12-11,0.0,CHIRPS-2.0-global-daily-tif-p05-crop,98.66454315185547,99.18871307373047,30.327224731445312,30.84276580810547
2021-12-12,0.0,CHIRPS-2.0-global-daily-tif-p05-crop,98.66454315185547,99.18871307373047,30.327224731445312,30.84276580810547
2021-12-13,0.0,CHIRPS-2.0-global-daily-tif-p05-crop,98.66454315185547,99.18871307373047,30.327224731445312,30.84276580810547
2021-12-14,0.0,CHIRPS-2.0-global-daily-tif-p05-crop,98.66454315185547,99.18871307373047,30.327224731445312,30.84276580810547
2021-12-15,0.0,CHIRPS-2.0-global-daily-tif-p05-crop,98.66454315185547,99.18871307373047,30.327224731445312,30.84276580810547
2021-12-16,0.0,CHIRPS-2.0-global-daily-tif-p05-crop,98.66454315185547,99.18871307373047,30.327224731445312,30.84276580810547
2021-12-17,0.0,CHIRPS-2.0-global-daily-tif-p05-crop,98.66454315185547,99.18871307373047,30.327224731445312,30.84276580810547
2021-12-18,0.0,CHIRPS-2.0-global-daily-tif-p05-crop,98.66454315185547,99.18871307373047,30.327224731445312,30.84276580810547
2021-12-19,0.0,CHIRPS-2.0-global-daily-tif-p05-crop,98.66454315185547,99.18871307373047,30.327224731445312,30.84276580810547
2021-12-20,0.0,CHIRPS-2.0-global-daily-tif-p05-crop,98.66454315185547,99.18871307373047,30.327224731445312,30.84276580810547
2021-12-21,0.0,CHIRPS-2.0-global-daily-tif-p05-crop,98.66454315185547,99.18871307373047,30.327224731445312,30.84276580810547
2021-12-22,0.0,CHIRPS-2.0-global-daily-tif-p05-crop,98.66454315185547,99.18871307373047,30.327224731445312,30.84276580810547
2021-12-23,0.0,CHIRPS-2.0-global-daily-tif-p05-crop,98.66454315185547,99.18871307373047,30.327224731445312,30.84276580810547
2021-12-24,0.0,CHIRPS-2.0-global-daily-tif-p05-crop,98.66454315185547,99.18871307373047,30.327224731445312,30.84276580810547
2021-12-25,0.0,CHIRPS-2.0-global-daily-tif-p05-crop,98.66454315185547,99.18871307373047,30.327224731445312,30.84276580810547
2021-12-26,0.26353126764297485,CHIRPS-2.0-global-daily-tif-p05-crop,98.66454315185547,99.18871307373047,30.327224731445312,30.84276580810547
2021-12-27,0.0,CHIRPS-2.0-global-daily-tif-p05-crop,98.66454315185547,99.18871307373047,30.327224731445312,30.84276580810547
2021-12-28,0.0,CHIRPS-2.0-global-daily-tif-p05-crop,98.66454315185547,99.18871307373047,30.327224731445312,30.84276580810547
2021-12-29,0.0,CHIRPS-2.0-global-daily-tif-p05-crop,98.66454315185547,99.18871307373047,30.327224731445312,30.84276580810547
2021-12-30,0.2356254607439041,CHIRPS-2.0-global-daily-tif-p05-crop,98.66454315185547,99.18871307373047,30.327224731445312,30.84276580810547
2021-12-31,0.0,CHIRPS-2.0-global-daily-tif-p05-crop,98.66454315185547,99.18871307373047,30.327224731445312,30.84276580810547
2022-01-01,0.0,CHIRPS-2.0-global-daily-tif-p05-crop,98.66454315185547,99.18871307373047,30.327224731445312,30.84276580810547
2022-01-02,0.11673559993505478,CHIRPS-2.0-global-daily-tif-p05-crop,98.66454315185547,99.18871307373047,30.327224731445312,30.84276580810547
2022-01-03,0.12229552865028381,CHIRPS-2.0-global-daily-tif-p05-crop,98.66454315185547,99.18871307373047,30.327224731445312,30.84276580810547
2022-01-04,0.0,CHIRPS-2.0-global-daily-tif-p05-crop,98.66454315185547,99.18871307373047,30.327224731445312,30.84276580810547
2022-01-05,0.10311415046453476,CHIRPS-2.0-global-daily-tif-p05-crop,98.66454315185547,99.18871307373047,30.327224731445312,30.84276580810547
2022-01-06,0.0,CHIRPS-2.0-global-daily-tif-p05-crop,98.66454315185547,99.18871307373047,30.327224731445312,30.84276580810547
2022-01-07,0.0,CHIRPS-2.0-global-daily-tif-p05-crop,98.66454315185547,99.18871307373047,30.327224731445312,30.84276580810547
2022-01-08,0.0,CHIRPS-2.0-global-daily-tif-p05-crop,98.66454315185547,99.18871307373047,30.327224731445312,30.84276580810547
2022-01-09,0.0,CHIRPS-2.0-global-daily-tif-p05-crop,98.66454315185547,99.18871307373047,30.327224731445312,30.84276580810547
2022-01-10,0.0,CHIRPS-2.0-global-daily-tif-p05-crop,98.66454315185547,99.18871307373047,30.327224731445312,30.84276580810547
2022-01-11,0.0,CHIRPS-2.0-global-daily-tif-p05-crop,98.66454315185547,99.18871307373047,30.327224731445312,30.84276580810547
2022-01-12,0.07761745899915695,CHIRPS-2.0-global-daily-tif-p05-crop,98.66454315185547,99.18871307373047,30.327224731445312,30.84276580810547
2022-01-13,0.18587499856948853,CHIRPS-2.0-global-daily-tif-p05-crop,98.66454315185547,99.18871307373047,30.327224731445312,30.84276580810547
2022-01-14,0.0,CHIRPS-2.0-global-daily-tif-p05-crop,98.66454315185547,99.18871307373047,30.327224731445312,30.84276580810547
2022-01-15,0.0,CHIRPS-2.0-global-daily-tif-p05-crop,98.66454315185547,99.18871307373047,30.327224731445312,30.84276580810547
2022-01-16,0.0,CHIRPS-2.0-global-daily-tif-p05-crop,98.66454315185547,99.18871307373047,30.327224731445312,30.84276580810547
2022-01-17,0.0,CHIRPS-2.0-global-daily-tif-p05-crop,98.66454315185547,99.18871307373047,30.327224731445312,30.84276580810547
2022-01-18,0.0,CHIRPS-2.0-global-daily-tif-p05-crop,98.66454315185547,99.18871307373047,30.327224731445312,30.84276580810547
2022-01-19,0.0,CHIRPS-2.0-global-daily-tif-p05-crop,98.66454315185547,99.18871307373047,30.327224731445312,30.84276580810547
2022-01-20,0.0,CHIRPS-2.0-global-daily-tif-p05-crop,98.66454315185547,99.18871307373047,30.327224731445312,30.84276580810547
2022-01-21,0.01373310200870037,CHIRPS-2.0-global-daily-tif-p05-crop,98.66454315185547,99.18871307373047,30.327224731445312,30.84276580810547
2022-01-22,0.0,CHIRPS-2.0-global-daily-tif-p05-crop,98.66454315185547,99.18871307373047,30.327224731445312,30.84276580810547
2022-01-23,0.0,CHIRPS-2.0-global-daily-tif-p05-crop,98.66454315185547,99.18871307373047,30.327224731445312,30.84276580810547
2022-01-24,0.0,CHIRPS-2.0-global-daily-tif-p05-crop,98.66454315185547,99.18871307373047,30.327224731445312,30.84276580810547
2022-01-25,0.0,CHIRPS-2.0-global-daily-tif-p05-crop,98.66454315185547,99.18871307373047,30.327224731445312,30.84276580810547
2022-01-26,0.0,CHIRPS-2.0-global-daily-tif-p05-crop,98.66454315185547,99.18871307373047,30.327224731445312,30.84276580810547
2022-01-27,0.0,CHIRPS-2.0-global-daily-tif-p05-crop,98.66454315185547,99.18871307373047,30.327224731445312,30.84276580810547
2022-01-28,0.162669375538826,CHIRPS-2.0-global-daily-tif-p05-crop,98.66454315185547,99.18871307373047,30.327224731445312,30.84276580810547
2022-01-29,0.013441910967230797,CHIRPS-2.0-global-daily-tif-p05-crop,98.66454315185547,99.18871307373047,30.327224731445312,30.84276580810547
2022-01-30,0.0056425523944199085,CHIRPS-2.0-global-daily-tif-p05-crop,98.66454315185547,99.18871307373047,30.327224731445312,30.84276580810547
2022-01-31,0.013844097964465618,CHIRPS-2.0-global-daily-tif-p05-crop,98.66454315185547,99.18871307373047,30.327224731445312,30.84276580810547
2022-02-01,0.07951594889163971,CHIRPS-2.0-global-daily-tif-p05-crop,98.66454315185547,99.18871307373047,30.327224731445312,30.84276580810547
2022-02-02,0.1959141194820404,CHIRPS-2.0-global-daily-tif-p05-crop,98.66454315185547,99.18871307373047,30.327224731445312,30.84276580810547
2022-02-03,0.0,CHIRPS-2.0-global-daily-tif-p05-crop,98.66454315185547,99.18871307373047,30.327224731445312,30.84276580810547
2022-02-04,0.0,CHIRPS-2.0-global-daily-tif-p05-crop,98.66454315185547,99.18871307373047,30.327224731445312,30.84276580810547
2022-02-05,0.0012472704984247684,CHIRPS-2.0-global-daily-tif-p05-crop,98.66454315185547,99.18871307373047,30.327224731445312,30.84276580810547
2022-02-06,0.0,CHIRPS-2.0-global-daily-tif-p05-crop,98.66454315185547,99.18871307373047,30.327224731445312,30.84276580810547
2022-02-07,0.09966566413640976,CHIRPS-2.0-global-daily-tif-p05-crop,98.66454315185547,99.18871307373047,30.327224731445312,30.84276580810547
2022-02-08,0.013094089925289154,CHIRPS-2.0-global-daily-tif-p05-crop,98.66454315185547,99.18871307373047,30.327224731445312,30.84276580810547
2022-02-09,0.0,CHIRPS-2.0-global-daily-tif-p05-crop,98.66454315185547,99.18871307373047,30.327224731445312,30.84276580810547
2022-02-10,0.0,CHIRPS-2.0-global-daily-tif-p05-crop,98.66454315185547,99.18871307373047,30.327224731445312,30.84276580810547
2022-02-11,0.003170508425682783,CHIRPS-2.0-global-daily-tif-p05-crop,98.66454315185547,99.18871307373047,30.327224731445312,30.84276580810547
2022-02-12,0.0,CHIRPS-2.0-global-daily-tif-p05-crop,98.66454315185547,99.18871307373047,30.327224731445312,30.84276580810547
2022-02-13,0.0,CHIRPS-2.0-global-daily-tif-p05-crop,98.66454315185547,99.18871307373047,30.327224731445312,30.84276580810547
2022-02-14,0.0,CHIRPS-2.0-global-daily-tif-p05-crop,98.66454315185547,99.18871307373047,30.327224731445312,30.84276580810547
2022-02-15,0.0,CHIRPS-2.0-global-daily-tif-p05-crop,98.66454315185547,99.18871307373047,30.327224731445312,30.84276580810547
2022-02-16,0.0,CHIRPS-2.0-global-daily-tif-p05-crop,98.66454315185547,99.18871307373047,30.327224731445312,30.84276580810547
2022-02-17,0.0,CHIRPS-2.0-global-daily-tif-p05-crop,98.66454315185547,99.18871307373047,30.327224731445312,30.84276580810547
2022-02-18,0.0,CHIRPS-2.0-global-daily-tif-p05-crop,98.66454315185547,99.18871307373047,30.327224731445312,30.84276580810547
2022-02-19,0.0,CHIRPS-2.0-global-daily-tif-p05-crop,98.66454315185547,99.18871307373047,30.327224731445312,30.84276580810547
2022-02-20,0.4699954092502594,CHIRPS-2.0-global-daily-tif-p05-crop,98.66454315185547,99.18871307373047,30.327224731445312,30.84276580810547
2022-02-21,0.5289890766143799,CHIRPS-2.0-global-daily-tif-p05-crop,98.66454315185547,99.18871307373047,30.327224731445312,30.84276580810547
2022-02-22,0.0,CHIRPS-2.0-global-daily-tif-p05-crop,98.66454315185547,99.18871307373047,30.327224731445312,30.84276580810547
2022-02-23,0.03170508146286011,CHIRPS-2.0-global-daily-tif-p05-crop,98.66454315185547,99.18871307373047,30.327224731445312,30.84276580810547
2022-02-24,0.5833394527435303,CHIRPS-2.0-global-daily-tif-p05-crop,98.66454315185547,99.18871307373047,30.327224731445312,30.84276580810547
2022-02-25,0.0,CHIRPS-2.0-global-daily-tif-p05-crop,98.66454315185547,99.18871307373047,30.327224731445312,30.84276580810547
2022-02-26,0.0,CHIRPS-2.0-global-daily-tif-p05-crop,98.66454315185547,99.18871307373047,30.327224731445312,30.84276580810547
2022-02-27,0.0,CHIRPS-2.0-global-daily-tif-p05-crop,98.66454315185547,99.18871307373047,30.327224731445312,30.84276580810547
2022-02-28,0.29132968187332153,CHIRPS-2.0-global-daily-tif-p05-crop,98.66454315185547,99.18871307373047,30.327224731445312,30.84276580810547
2022-03-01,0.0,CHIRPS-2.0-global-daily-tif-p05-crop,98.66454315185547,99.18871307373047,30.327224731445312,30.84276580810547
2022-03-02,0.0,CHIRPS-2.0-global-daily-tif-p05-crop,98.66454315185547,99.18871307373047,30.327224731445312,30.84276580810547
2022-03-03,0.0,CHIRPS-2.0-global-daily-tif-p05-crop,98.66454315185547,99.18871307373047,30.327224731445312,30.84276580810547
2022-03-04,0.0,CHIRPS-2.0-global-daily-tif-p05-crop,98.66454315185547,99.18871307373047,30.327224731445312,30.84276580810547
2022-03-05,0.0,CHIRPS-2.0-global-daily-tif-p05-crop,98.66454315185547,99.18871307373047,30.327224731445312,30.84276580810547
2022-03-06,0.0,CHIRPS-2.0-global-daily-tif-p05-crop,98.66454315185547,99.18871307373047,30.327224731445312,30.84276580810547
2022-03-07,0.0,CHIRPS-2.0-global-daily-tif-p05-crop,98.66454315185547,99.18871307373047,30.327224731445312,30.84276580810547
2022-03-08,0.0,CHIRPS-2.0-global-daily-tif-p05-crop,98.66454315185547,99.18871307373047,30.327224731445312,30.84276580810547
2022-03-09,0.0,CHIRPS-2.0-global-daily-tif-p05-crop,98.66454315185547,99.18871307373047,30.327224731445312,30.84276580810547
2022-03-10,0.0,CHIRPS-2.0-global-daily-tif-p05-crop,98.66454315185547,99.18871307373047,30.327224731445312,30.84276580810547
2022-03-11,0.0,CHIRPS-2.0-global-daily-tif-p05-crop,98.66454315185547,99.18871307373047,30.327224731445312,30.84276580810547
2022-03-12,0.0,CHIRPS-2.0-global-daily-tif-p05-crop,98.66454315185547,99.18871307373047,30.327224731445312,30.84276580810547
2022-03-13,0.0,CHIRPS-2.0-global-daily-tif-p05-crop,98.66454315185547,99.18871307373047,30.327224731445312,30.84276580810547
2022-03-14,0.0,CHIRPS-2.0-global-daily-tif-p05-crop,98.66454315185547,99.18871307373047,30.327224731445312,30.84276580810547
2022-03-15,0.3477382957935333,CHIRPS-2.0-global-daily-tif-p05-crop,98.66454315185547,99.18871307373047,30.327224731445312,30.84276580810547
2022-03-16,2.987894296646118,CHIRPS-2.0-global-daily-tif-p05-crop,98.66454315185547,99.18871307373047,30.327224731445312,30.84276580810547
2022-03-17,0.194234237074852,CHIRPS-2.0-global-daily-tif-p05-crop,98.66454315185547,99.18871307373047,30.327224731445312,30.84276580810547
2022-03-18,0.0,CHIRPS-2.0-global-daily-tif-p05-crop,98.66454315185547,99.18871307373047,30.327224731445312,30.84276580810547
2022-03-19,0.0,CHIRPS-2.0-global-daily-tif-p05-crop,98.66454315185547,99.18871307373047,30.327224731445312,30.84276580810547
2022-03-20,0.0,CHIRPS-2.0-global-daily-tif-p05-crop,98.66454315185547,99.18871307373047,30.327224731445312,30.84276580810547
2022-03-21,0.0,CHIRPS-2.0-global-daily-tif-p05-crop,98.66454315185547,99.18871307373047,30.327224731445312,30.84276580810547
2022-03-22,0.0,CHIRPS-2.0-global-daily-tif-p05-crop,98.66454315185547,99.18871307373047,30.327224731445312,30.84276580810547
2022-03-23,0.0,CHIRPS-2.0-global-daily-tif-p05-crop,98.66454315185547,99.18871307373047,30.327224731445312,30.84276580810547
2022-03-24,0.0,CHIRPS-2.0-global-daily-tif-p05-crop,98.66454315185547,99.18871307373047,30.327224731445312,30.84276580810547
2022-03-25,0.0,CHIRPS-2.0-global-daily-tif-p05-crop,98.66454315185547,99.18871307373047,30.327224731445312,30.84276580810547
2022-03-26,0.0,CHIRPS-2.0-global-daily-tif-p05-crop,98.66454315185547,99.18871307373047,30.327224731445312,30.84276580810547
2022-03-27,0.0,CHIRPS-2.0-global-daily-tif-p05-crop,98.66454315185547,99.18871307373047,30.327224731445312,30.84276580810547
2022-03-28,0.0,CHIRPS-2.0-global-daily-tif-p05-crop,98.66454315185547,99.18871307373047,30.327224731445312,30.84276580810547
2022-03-29,0.0,CHIRPS-2.0-global-daily-tif-p05-crop,98.66454315185547,99.18871307373047,30.327224731445312,30.84276580810547
2022-03-30,0.07899510115385056,CHIRPS-2.0-global-daily-tif-p05-crop,98.66454315185547,99.18871307373047,30.327224731445312,30.84276580810547
2022-03-31,8.178411483764648,CHIRPS-2.0-global-daily-tif-p05-crop,98.66454315185547,99.18871307373047,30.327224731445312,30.84276580810547
2022-04-01,2.650567054748535,CHIRPS-2.0-global-daily-tif-p05-crop,98.66454315185547,99.18871307373047,30.327224731445312,30.84276580810547
2022-04-02,0.0,CHIRPS-2.0-global-daily-tif-p05-crop,98.66454315185547,99.18871307373047,30.327224731445312,30.84276580810547
2022-04-03,10.531390190124512,CHIRPS-2.0-global-daily-tif-p05-crop,98.66454315185547,99.18871307373047,30.327224731445312,30.84276580810547
2022-04-04,11.988094329833984,CHIRPS-2.0-global-daily-tif-p05-crop,98.66454315185547,99.18871307373047,30.327224731445312,30.84276580810547
2022-04-05,6.717946529388428,CHIRPS-2.0-global-daily-tif-p05-crop,98.66454315185547,99.18871307373047,30.327224731445312,30.84276580810547
2022-04-06,0.0,CHIRPS-2.0-global-daily-tif-p05-crop,98.66454315185547,99.18871307373047,30.327224731445312,30.84276580810547
2022-04-07,0.22338151931762695,CHIRPS-2.0-global-daily-tif-p05-crop,98.66454315185547,99.18871307373047,30.327224731445312,30.84276580810547
2022-04-08,3.199589252471924,CHIRPS-2.0-global-daily-tif-p05-crop,98.66454315185547,99.18871307373047,30.327224731445312,30.84276580810547
2022-04-09,0.41276657581329346,CHIRPS-2.0-global-daily-tif-p05-crop,98.66454315185547,99.18871307373047,30.327224731445312,30.84276580810547
2022-04-10,2.564152479171753,CHIRPS-2.0-global-daily-tif-p05-crop,98.66454315185547,99.18871307373047,30.327224731445312,30.84276580810547
2022-04-11,4.105445384979248,CHIRPS-2.0-global-daily-tif-p05-crop,98.66454315185547,99.18871307373047,30.327224731445312,30.84276580810547
2022-04-12,3.9684135913848877,CHIRPS-2.0-global-daily-tif-p05-crop,98.66454315185547,99.18871307373047,30.327224731445312,30.84276580810547
2022-04-13,6.047449111938477,CHIRPS-2.0-global-daily-tif-p05-crop,98.66454315185547,99.18871307373047,30.327224731445312,30.84276580810547
2022-04-14,3.6031711101531982,CHIRPS-2.0-global-daily-tif-p05-crop,98.66454315185547,99.18871307373047,30.327224731445312,30.84276580810547
2022-04-15,0.32118937373161316,CHIRPS-2.0-global-daily-tif-p05-crop,98.66454315185547,99.18871307373047,30.327224731445312,30.84276580810547
2022-04-16,8.37993335723877,CHIRPS-2.0-global-daily-tif-p05-crop,98.66454315185547,99.18871307373047,30.327224731445312,30.84276580810547
2022-04-17,0.6162698268890381,CHIRPS-2.0-global-daily-tif-p05-crop,98.66454315185547,99.18871307373047,30.327224731445312,30.84276580810547
2022-04-18,0.07508891075849533,CHIRPS-2.0-global-daily-tif-p05-crop,98.66454315185547,99.18871307373047,30.327224731445312,30.84276580810547
2022-04-19,0.2891618013381958,CHIRPS-2.0-global-daily-tif-p05-crop,98.66454315185547,99.18871307373047,30.327224731445312,30.84276580810547
2022-04-20,0.0,CHIRPS-2.0-global-daily-tif-p05-crop,98.66454315185547,99.18871307373047,30.327224731445312,30.84276580810547
2022-04-21,0.0,CHIRPS-2.0-global-daily-tif-p05-crop,98.66454315185547,99.18871307373047,30.327224731445312,30.84276580810547
2022-04-22,0.0,CHIRPS-2.0-global-daily-tif-p05-crop,98.66454315185547,99.18871307373047,30.327224731445312,30.84276580810547
2022-04-23,0.0,CHIRPS-2.0-global-daily-tif-p05-crop,98.66454315185547,99.18871307373047,30.327224731445312,30.84276580810547
2022-04-24,2.9700896739959717,CHIRPS-2.0-global-daily-tif-p05-crop,98.66454315185547,99.18871307373047,30.327224731445312,30.84276580810547
2022-04-25,0.04584057256579399,CHIRPS-2.0-global-daily-tif-p05-crop,98.66454315185547,99.18871307373047,30.327224731445312,30.84276580810547
2022-04-26,0.0,CHIRPS-2.0-global-daily-tif-p05-crop,98.66454315185547,99.18871307373047,30.327224731445312,30.84276580810547
2022-04-27,0.9813088178634644,CHIRPS-2.0-global-daily-tif-p05-crop,98.66454315185547,99.18871307373047,30.327224731445312,30.84276580810547
2022-04-28,0.006057220511138439,CHIRPS-2.0-global-daily-tif-p05-crop,98.66454315185547,99.18871307373047,30.327224731445312,30.84276580810547
2022-04-29,1.948968529701233,CHIRPS-2.0-global-daily-tif-p05-crop,98.66454315185547,99.18871307373047,30.327224731445312,30.84276580810547
2022-04-30,1.9123491048812866,CHIRPS-2.0-global-daily-tif-p05-crop,98.66454315185547,99.18871307373047,30.327224731445312,30.84276580810547
2022-05-01,0.0,CHIRPS-2.0-global-daily-tif-p05-crop,98.66454315185547,99.18871307373047,30.327224731445312,30.84276580810547
2022-05-02,1.5567306280136108,CHIRPS-2.0-global-daily-tif-p05-crop,98.66454315185547,99.18871307373047,30.327224731445312,30.84276580810547
2022-05-03,6.998968601226807,CHIRPS-2.0-global-daily-tif-p05-crop,98.66454315185547,99.18871307373047,30.327224731445312,30.84276580810547
2022-05-04,0.0,CHIRPS-2.0-global-daily-tif-p05-crop,98.66454315185547,99.18871307373047,30.327224731445312,30.84276580810547
2022-05-05,0.0620916411280632,CHIRPS-2.0-global-daily-tif-p05-crop,98.66454315185547,99.18871307373047,30.327224731445312,30.84276580810547
2022-05-06,0.0,CHIRPS-2.0-global-daily-tif-p05-crop,98.66454315185547,99.18871307373047,30.327224731445312,30.84276580810547
2022-05-07,0.0,CHIRPS-2.0-global-daily-tif-p05-crop,98.66454315185547,99.18871307373047,30.327224731445312,30.84276580810547
2022-05-08,0.09234090894460678,CHIRPS-2.0-global-daily-tif-p05-crop,98.66454315185547,99.18871307373047,30.327224731445312,30.84276580810547
2022-05-09,0.0,CHIRPS-2.0-global-daily-tif-p05-crop,98.66454315185547,99.18871307373047,30.327224731445312,30.84276580810547
2022-05-10,4.979910850524902,CHIRPS-2.0-global-daily-tif-p05-crop,98.66454315185547,99.18871307373047,30.327224731445312,30.84276580810547
2022-05-11,0.500669538974762,CHIRPS-2.0-global-daily-tif-p05-crop,98.66454315185547,99.18871307373047,30.327224731445312,30.84276580810547
2022-05-12,0.0,CHIRPS-2.0-global-daily-tif-p05-crop,98.66454315185547,99.18871307373047,30.327224731445312,30.84276580810547
2022-05-13,0.0,CHIRPS-2.0-global-daily-tif-p05-crop,98.66454315185547,99.18871307373047,30.327224731445312,30.84276580810547
2022-05-14,0.6678380966186523,CHIRPS-2.0-global-daily-tif-p05-crop,98.66454315185547,99.18871307373047,30.327224731445312,30.84276580810547
2022-05-15,0.0,CHIRPS-2.0-global-daily-tif-p05-crop,98.66454315185547,99.18871307373047,30.327224731445312,30.84276580810547
2022-05-16,2.54242205619812,CHIRPS-2.0-global-daily-tif-p05-crop,98.66454315185547,99.18871307373047,30.327224731445312,30.84276580810547
2022-05-17,7.697261810302734,CHIRPS-2.0-global-daily-tif-p05-crop,98.66454315185547,99.18871307373047,30.327224731445312,30.84276580810547
2022-05-18,0.0,CHIRPS-2.0-global-daily-tif-p05-crop,98.66454315185547,99.18871307373047,30.327224731445312,30.84276580810547
2022-05-19,0.27152740955352783,CHIRPS-2.0-global-daily-tif-p05-crop,98.66454315185547,99.18871307373047,30.327224731445312,30.84276580810547
2022-05-20,0.0,CHIRPS-2.0-global-daily-tif-p05-crop,98.66454315185547,99.18871307373047,30.327224731445312,30.84276580810547
2022-05-21,5.807286262512207,CHIRPS-2.0-global-daily-tif-p05-crop,98.66454315185547,99.18871307373047,30.327224731445312,30.84276580810547
2022-05-22,0.0,CHIRPS-2.0-global-daily-tif-p05-crop,98.66454315185547,99.18871307373047,30.327224731445312,30.84276580810547
2022-05-23,0.0,CHIRPS-2.0-global-daily-tif-p05-crop,98.66454315185547,99.18871307373047,30.327224731445312,30.84276580810547
2022-05-24,0.0,CHIRPS-2.0-global-daily-tif-p05-crop,98.66454315185547,99.18871307373047,30.327224731445312,30.84276580810547
2022-05-25,0.0,CHIRPS-2.0-global-daily-tif-p05-crop,98.66454315185547,99.18871307373047,30.327224731445312,30.84276580810547
2022-05-26,11.747215270996094,CHIRPS-2.0-global-daily-tif-p05-crop,98.66454315185547,99.18871307373047,30.327224731445312,30.84276580810547
2022-05-27,5.037262916564941,CHIRPS-2.0-global-daily-tif-p05-crop,98.66454315185547,99.18871307373047,30.327224731445312,30.84276580810547
2022-05-28,4.7630438804626465,CHIRPS-2.0-global-daily-tif-p05-crop,98.66454315185547,99.18871307373047,30.327224731445312,30.84276580810547
2022-05-29,4.85561990737915,CHIRPS-2.0-global-daily-tif-p05-crop,98.66454315185547,99.18871307373047,30.327224731445312,30.84276580810547
2022-05-30,0.0,CHIRPS-2.0-global-daily-tif-p05-crop,98.66454315185547,99.18871307373047,30.327224731445312,30.84276580810547
2022-05-31,4.8642578125,CHIRPS-2.0-global-daily-tif-p05-crop,98.66454315185547,99.18871307373047,30.327224731445312,30.84276580810547
2022-06-01,0.0,CHIRPS-2.0-global-daily-tif-p05-crop,98.66454315185547,99.18871307373047,30.327224731445312,30.84276580810547
2022-06-02,0.4876783490180969,CHIRPS-2.0-global-daily-tif-p05-crop,98.66454315185547,99.18871307373047,30.327224731445312,30.84276580810547
2022-06-03,1.1504089832305908,CHIRPS-2.0-global-daily-tif-p05-crop,98.66454315185547,99.18871307373047,30.327224731445312,30.84276580810547
2022-06-04,0.050227921456098557,CHIRPS-2.0-global-daily-tif-p05-crop,98.66454315185547,99.18871307373047,30.327224731445312,30.84276580810547
2022-06-05,9.300941467285156,CHIRPS-2.0-global-daily-tif-p05-crop,98.66454315185547,99.18871307373047,30.327224731445312,30.84276580810547
2022-06-06,16.158824920654297,CHIRPS-2.0-global-daily-tif-p05-crop,98.66454315185547,99.18871307373047,30.327224731445312,30.84276580810547
2022-06-07,18.426340103149414,CHIRPS-2.0-global-daily-tif-p05-crop,98.66454315185547,99.18871307373047,30.327224731445312,30.84276580810547
2022-06-08,12.892008781433105,CHIRPS-2.0-global-daily-tif-p05-crop,98.66454315185547,99.18871307373047,30.327224731445312,30.84276580810547
2022-06-09,8.765240669250488,CHIRPS-2.0-global-daily-tif-p05-crop,98.66454315185547,99.18871307373047,30.327224731445312,30.84276580810547
2022-06-10,5.203797817230225,CHIRPS-2.0-global-daily-tif-p05-crop,98.66454315185547,99.18871307373047,30.327224731445312,30.84276580810547
2022-06-11,17.803760528564453,CHIRPS-2.0-global-daily-tif-p05-crop,98.66454315185547,99.18871307373047,30.327224731445312,30.84276580810547
2022-06-12,0.0,CHIRPS-2.0-global-daily-tif-p05-crop,98.66454315185547,99.18871307373047,30.327224731445312,30.84276580810547
2022-06-13,1.2437372207641602,CHIRPS-2.0-global-daily-tif-p05-crop,98.66454315185547,99.18871307373047,30.327224731445312,30.84276580810547
2022-06-14,1.9862644672393799,CHIRPS-2.0-global-daily-tif-p05-crop,98.66454315185547,99.18871307373047,30.327224731445312,30.84276580810547
2022-06-15,33.17451095581055,CHIRPS-2.0-global-daily-tif-p05-crop,98.66454315185547,99.18871307373047,30.327224731445312,30.84276580810547
2022-06-16,15.078798294067383,CHIRPS-2.0-global-daily-tif-p05-crop,98.66454315185547,99.18871307373047,30.327224731445312,30.84276580810547
2022-06-17,1.8937938213348389,CHIRPS-2.0-global-daily-tif-p05-crop,98.66454315185547,99.18871307373047,30.327224731445312,30.84276580810547
2022-06-18,0.9184619784355164,CHIRPS-2.0-global-daily-tif-p05-crop,98.66454315185547,99.18871307373047,30.327224731445312,30.84276580810547
2022-06-19,1.042493224143982,CHIRPS-2.0-global-daily-tif-p05-crop,98.66454315185547,99.18871307373047,30.327224731445312,30.84276580810547
2022-06-20,0.8611094951629639,CHIRPS-2.0-global-daily-tif-p05-crop,98.66454315185547,99.18871307373047,30.327224731445312,30.84276580810547
2022-06-21,10.145139694213867,CHIRPS-2.0-global-daily-tif-p05-crop,98.66454315185547,99.18871307373047,30.327224731445312,30.84276580810547
2022-06-22,6.49256706237793,CHIRPS-2.0-global-daily-tif-p05-crop,98.66454315185547,99.18871307373047,30.327224731445312,30.84276580810547
2022-06-23,0.14522415399551392,CHIRPS-2.0-global-daily-tif-p05-crop,98.66454315185547,99.18871307373047,30.327224731445312,30.84276580810547
2022-06-24,3.886706590652466,CHIRPS-2.0-global-daily-tif-p05-crop,98.66454315185547,99.18871307373047,30.327224731445312,30.84276580810547
2022-06-25,14.649214744567871,CHIRPS-2.0-global-daily-tif-p05-crop,98.66454315185547,99.18871307373047,30.327224731445312,30.84276580810547
2022-06-26,0.0,CHIRPS-2.0-global-daily-tif-p05-crop,98.66454315185547,99.18871307373047,30.327224731445312,30.84276580810547
2022-06-27,1.5213844776153564,CHIRPS-2.0-global-daily-tif-p05-crop,98.66454315185547,99.18871307373047,30.327224731445312,30.84276580810547
2022-06-28,0.0,CHIRPS-2.0-global-daily-tif-p05-crop,98.66454315185547,99.18871307373047,30.327224731445312,30.84276580810547
2022-06-29,0.5497037768363953,CHIRPS-2.0-global-daily-tif-p05-crop,98.66454315185547,99.18871307373047,30.327224731445312,30.84276580810547
2022-06-30,0.1562771499156952,CHIRPS-2.0-global-daily-tif-p05-crop,98.66454315185547,99.18871307373047,30.327224731445312,30.84276580810547
2022-07-01,0.0,CHIRPS-2.0-global-daily-tif-p05-crop,98.66454315185547,99.18871307373047,30.327224731445312,30.84276580810547
2022-07-02,0.0,CHIRPS-2.0-global-daily-tif-p05-crop,98.66454315185547,99.18871307373047,30.327224731445312,30.84276580810547
2022-07-03,0.0,CHIRPS-2.0-global-daily-tif-p05-crop,98.66454315185547,99.18871307373047,30.327224731445312,30.84276580810547
2022-07-04,0.0,CHIRPS-2.0-global-daily-tif-p05-crop,98.66454315185547,99.18871307373047,30.327224731445312,30.84276580810547
2022-07-05,0.0,CHIRPS-2.0-global-daily-tif-p05-crop,98.66454315185547,99.18871307373047,30.327224731445312,30.84276580810547
2022-07-06,0.0,CHIRPS-2.0-global-daily-tif-p05-crop,98.66454315185547,99.18871307373047,30.327224731445312,30.84276580810547
2022-07-07,0.0,CHIRPS-2.0-global-daily-tif-p05-crop,98.66454315185547,99.18871307373047,30.327224731445312,30.84276580810547
2022-07-08,0.0,CHIRPS-2.0-global-daily-tif-p05-crop,98.66454315185547,99.18871307373047,30.327224731445312,30.84276580810547
2022-07-09,0.0,CHIRPS-2.0-global-daily-tif-p05-crop,98.66454315185547,99.18871307373047,30.327224731445312,30.84276580810547
2022-07-10,0.5641424655914307,CHIRPS-2.0-global-daily-tif-p05-crop,98.66454315185547,99.18871307373047,30.327224731445312,30.84276580810547
2022-07-11,1.5770736932754517,CHIRPS-2.0-global-daily-tif-p05-crop,98.66454315185547,99.18871307373047,30.327224731445312,30.84276580810547
2022-07-12,9.195316314697266,CHIRPS-2.0-global-daily-tif-p05-crop,98.66454315185547,99.18871307373047,30.327224731445312,30.84276580810547
2022-07-13,0.050925113260746,CHIRPS-2.0-global-daily-tif-p05-crop,98.66454315185547,99.18871307373047,30.327224731445312,30.84276580810547
2022-07-14,0.0,CHIRPS-2.0-global-daily-tif-p05-crop,98.66454315185547,99.18871307373047,30.327224731445312,30.84276580810547
2022-07-15,0.0,CHIRPS-2.0-global-daily-tif-p05-crop,98.66454315185547,99.18871307373047,30.327224731445312,30.84276580810547
2022-07-16,0.0,CHIRPS-2.0-global-daily-tif-p05-crop,98.66454315185547,99.18871307373047,30.327224731445312,30.84276580810547
2022-07-17,0.16789032518863678,CHIRPS-2.0-global-daily-tif-p05-crop,98.66454315185547,99.18871307373047,30.327224731445312,30.84276580810547
2022-07-18,12.768265724182129,CHIRPS-2.0-global-daily-tif-p05-crop,98.66454315185547,99.18871307373047,30.327224731445312,30.84276580810547
2022-07-19,0.0,CHIRPS-2.0-global-daily-tif-p05-crop,98.66454315185547,99.18871307373047,30.327224731445312,30.84276580810547
2022-07-20,0.0,CHIRPS-2.0-global-daily-tif-p05-crop,98.66454315185547,99.18871307373047,30.327224731445312,30.84276580810547
2022-07-21,18.110715866088867,CHIRPS-2.0-global-daily-tif-p05-crop,98.66454315185547,99.18871307373047,30.327224731445312,30.84276580810547
2022-07-22,0.0,CHIRPS-2.0-global-daily-tif-p05-crop,98.66454315185547,99.18871307373047,30.327224731445312,30.84276580810547
2022-07-23,0.0,CHIRPS-2.0-global-daily-tif-p05-crop,98.66454315185547,99.18871307373047,30.327224731445312,30.84276580810547
2022-07-24,0.0,CHIRPS-2.0-global-daily-tif-p05-crop,98.66454315185547,99.18871307373047,30.327224731445312,30.84276580810547
2022-07-25,0.0,CHIRPS-2.0-global-daily-tif-p05-crop,98.66454315185547,99.18871307373047,30.327224731445312,30.84276580810547
2022-07-26,0.0,CHIRPS-2.0-global-daily-tif-p05-crop,98.66454315185547,99.18871307373047,30.327224731445312,30.84276580810547
